1738681202,267
1738681205,265
1738681208,282
1738681211,300
1738681211,None
1738681217,308
1738681220,312
1738681224,313
1738681226,310
1738681229,315
1738681232,308
1738681235,306
1738681238,306
1738681242,306
1738681245,301
1738681248,307
1738681251,301
1738681254,298
1738681257,304
1738681257,None
1738681263,295
1738681266,296
1738681269,308
1738681272,310
1738681275,296
1738681275,None
1738681281,302
1738681285,281
1738681285,None
1738681290,255
1738681293,265
1738681296,271
1738681299,263
1738681302,252
1738681305,262
1738681308,271
1738681312,269
1738681315,275
1738681318,310
1738681321,330
1738681324,326
1738681327,337
1738681330,323
1738681333,335
1738681337,324
1738681340,328
1738681342,344
1738681345,1013
1738681349,991
1738681352,981
1738681354,983
1738681358,980
1738681361,986
1738681364,974
1738681366,951
1738681370,939
1738681373,940
1738681376,929
1738681379,925
1738681382,930
1738681385,928
1738681388,932
1738681391,1191
1738681394,1187
1738681397,1171
1738681400,1186
1738681403,1049
1738681406,904
1738681409,913
1738681413,905
1738681415,906
1738681419,904
1738681422,906
1738681424,895
1738681428,907
1738681431,894
1738681434,899
1738681437,899
1738681440,884
1738681443,877
1738681446,880
1738681450,881
1738681452,875
1738681455,871
1738681458,879
1738681461,874
1738681465,866
1738681468,873
1738681470,872
1738681473,875
1738681477,872
1738681477,None
1738681477,None
1738681486,860
1738681489,873
1738681492,867
1738681495,859
1738681498,856
1738681501,865
1738681504,860
1738681507,858
1738681510,862
1738681513,866
1738681517,855
1738681519,857
1738681522,861
1738681525,861
1738681529,857
1738681531,865
1738681534,864
1738681537,858
1738681540,864
1738681544,869
1738681547,861
1738681550,1001
1738681553,1119
1738681556,1110
1738681559,1113
1738681559,None
1738681565,852
1738681568,857
1738681571,860
1738681574,860
1738681577,858
1738681580,861
1738681583,849
1738681586,863
1738681589,855
1738681592,863
1738681592,None
1738681598,858
1738681601,855
1738681605,856
1738681608,862
1738681611,860
1738681614,855
1738681616,851
1738681620,835
1738681623,850
1738681626,842
1738681629,842
1738681632,847
1738681635,847
1738681638,843
1738681641,409
1738681644,269
1738681647,262
1738681650,269
1738681653,257
1738681656,268
1738681660,263
1738681662,271
1738681666,266
1738681669,266
1738681672,264
1738681676,260
1738681678,272
1738681681,267
1738681684,261
1738681687,271
1738681690,265
1738681693,268
1738681696,268
1738681699,266
1738681702,269
1738681705,268
1738681708,265
1738681711,271
1738681714,264
1738681717,273
1738681721,261
1738681723,270
1738681727,263
1738681730,271
1738681733,267
1738681736,266
1738681739,265
1738681742,263
1738681745,272
1738681748,507
1738681751,526
1738681754,522
1738681757,519
1738681760,430
1738681763,338
1738681766,354
1738681769,353
1738681773,357
1738681775,360
1738681779,352
1738681782,351
1738681784,360
1738681788,351
1738681791,349
1738681794,361
1738681794,None
1738681800,358
1738681803,360
1738681806,362
1738681809,356
1738681812,353
1738681815,365
1738681818,353
1738681821,348
1738681824,360
1738681827,350
1738681831,348
1738681833,351
1738681837,352
1738681840,344
1738681842,349
1738681846,351
1738681849,347
1738681852,346
1738681855,345
1738681855,None
1738681861,348
1738681861,None
1738681868,346
1738681870,345
1738681873,343
1738681876,344
1738681880,341
1738681883,344
1738681885,341
1738681888,339
1738681888,None
1738681895,333
1738681897,335
1738681900,331
1738681904,329
1738681907,331
1738681910,325
1738681913,334
1738681913,None
1738681919,335
1738681922,287
1738681925,265
1738681928,263
1738681931,263
1738681934,266
1738681937,264
1738681940,325
1738681943,515
1738681946,521
1738681949,516
1738681953,340
1738681955,261
1738681959,268
1738681961,264
1738681964,266
1738681968,267
1738681971,262
1738681973,267
1738681977,259
1738681980,254
1738681983,260
1738681986,253
1738681986,None
1738681992,258
1738681995,252
1738681998,264
1738682001,252
1738682004,257
1738682008,261
1738682010,260
1738682013,262
1738682016,253
1738682020,259
1738682022,265
1738682026,256
1738682029,260
1738682032,267
1738682035,259
1738682038,258
1738682041,260
1738682045,257
1738682047,259
1738682050,259
1738682050,None
1738682050,None
1738682059,258
1738682062,265
1738682065,259
1738682068,262
1738682071,255
1738682074,264
1738682077,261
1738682080,261
1738682083,257
1738682086,259
1738682089,259
1738682093,262
1738682096,257
1738682099,261
1738682102,259
1738682105,261
1738682108,260
1738682111,266
1738682114,260
1738682117,265
1738682120,260
1738682123,266
1738682126,267
1738682129,267
1738682132,269
1738682135,267
1738682139,265
1738682141,268
1738682145,274
1738682148,266
1738682150,331
1738682150,None
1738682157,532
1738682160,520
1738682163,366
1738682167,265
1738682169,271
1738682172,266
1738682175,269
1738682179,263
1738682181,260
1738682184,260
1738682188,258
1738682190,256
1738682193,264
1738682196,254
1738682200,264
1738682202,256
1738682205,266
1738682209,257
1738682211,261
1738682215,256
1738682217,263
1738682221,266
1738682221,None
1738682227,261
1738682227,None
1738682233,259
1738682233,None
1738682239,254
1738682242,252
1738682245,271
1738682245,None
1738682251,259
1738682254,256
1738682258,264
1738682261,262
1738682263,261
1738682266,322
1738682270,516
1738682272,506
1738682275,515
1738682278,455
1738682282,261
1738682285,254
1738682288,263
1738682291,264
1738682294,257
1738682297,268
1738682300,262
1738682303,260
1738682303,None
1738682309,257
1738682312,257
1738682315,260
1738682319,260
1738682321,252
1738682324,262
1738682327,254
1738682327,None
1738682333,256
1738682337,259
1738682339,259
1738682342,259
1738682346,255
1738682349,257
1738682352,254
1738682355,255
1738682358,255
1738682361,251
1738682364,254
1738682367,254
1738682370,253
1738682373,253
1738682376,251
1738682379,256
1738682382,253
1738682385,256
1738682388,251
1738682391,255
1738682394,254
1738682397,251
1738682400,254
1738682403,253
1738682406,253
1738682409,258
1738682413,251
1738682416,258
1738682419,249
1738682422,247
1738682425,258
1738682428,252
1738682431,248
1738682434,258
1738682437,249
1738682440,250
1738682443,250
1738682446,259
1738682449,260
1738682452,264
1738682456,254
1738682458,254
1738682461,257
1738682465,264
1738682468,261
1738682471,262
1738682474,247
1738682477,262
1738682480,264
1738682483,256
1738682486,257
1738682489,261
1738682492,260
1738682495,254
1738682498,285
1738682501,302
1738682505,307
1738682507,306
1738682510,302
1738682513,307
1738682516,300
1738682519,304
1738682522,300
1738682526,302
1738682528,302
1738682531,297
1738682531,None
1738682538,291
1738682541,285
1738682544,281
1738682547,278
1738682547,None
1738682553,268
1738682556,482
1738682559,519
1738682562,522
1738682565,509
1738682568,358
1738682571,240
1738682574,251
1738682577,241
1738682580,240
1738682583,242
1738682587,245
1738682589,240
1738682593,244
1738682593,None
1738682599,244
1738682602,240
1738682605,244
1738682608,238
1738682611,240
1738682614,238
1738682617,240
1738682622,238
1738682624,234
1738682627,238
1738682630,228
1738682633,233
1738682636,231
1738682639,229
1738682642,234
1738682645,229
1738682648,235
1738682651,232
1738682654,235
1738682658,227
1738682661,231
1738682664,228
1738682667,233
1738682670,231
1738682673,343
1738682676,491
1738682676,None
1738682682,483
1738682685,299
1738682688,234
1738682691,239
1738682694,241
1738682697,238
1738682700,241
1738682703,245
1738682706,235
1738682709,243
1738682712,245
1738682715,242
1738682718,243
1738682721,248
1738682724,244
1738682727,244
1738682731,247
1738682734,244
1738682736,247
1738682739,248
1738682739,None
1738682746,245
1738682749,246
1738682753,245
1738682753,None
1738682758,247
1738682761,248
1738682764,249
1738682767,242
1738682770,243
1738682773,239
1738682776,247
1738682780,246
1738682782,246
1738682785,241
1738682788,243
1738682791,240
1738682795,244
1738682798,276
1738682801,277
1738682804,277
1738682807,270
1738682810,269
1738682813,263
1738682816,264
1738682819,265
1738682822,265
1738682825,269
1738682828,264
1738682831,275
1738682834,277
1738682837,281
1738682840,282
1738682844,277
1738682847,278
1738682849,264
1738682852,253
1738682855,255
1738682859,250
1738682862,257
1738682864,245
1738682864,None
1738682871,244
1738682873,256
1738682877,248
1738682880,250
1738682883,245
1738682886,277
1738682889,279
1738682892,280
1738682895,279
1738682898,268
1738682901,276
1738682904,268
1738682907,272
1738682911,267
1738682914,276
1738682916,272
1738682919,275
1738682922,269
1738682926,271
1738682926,None
1738682932,267
1738682935,275
1738682938,266
1738682941,277
1738682944,269
1738682947,274
1738682950,267
1738682953,275
1738682956,273
1738682959,273
1738682959,None
1738682965,532
1738682968,529
1738682968,None
1738682974,516
1738682977,248
1738682981,254
1738682984,251
1738682987,246
1738682990,259
1738682993,249
1738682993,None
1738682999,253
1738683002,250
1738683005,250
1738683008,252
1738683011,254
1738683014,245
1738683017,251
1738683020,253
1738683023,247
1738683026,255
1738683029,247
1738683032,375
1738683035,551
1738683038,549
1738683041,516
1738683044,344
1738683047,279
1738683050,275
1738683053,282
1738683056,279
1738683060,274
1738683063,279
1738683063,None
1738683069,257
1738683072,254
1738683075,249
1738683078,249
1738683081,254
1738683084,250
1738683087,250
1738683090,250
1738683094,253
1738683096,248
1738683099,259
1738683102,279
1738683105,277
1738683105,None
1738683111,283
1738683114,275
1738683117,278
1738683121,282
1738683124,286
1738683127,286
1738683129,287
1738683133,290
1738683136,282
1738683139,283
1738683142,279
1738683145,283
1738683148,285
1738683151,269
1738683154,270
1738683157,273
1738683160,252
1738683163,252
1738683166,254
1738683169,246
1738683172,250
1738683175,246
1738683178,250
1738683181,250
1738683184,253
1738683187,247
1738683190,248
1738683194,247
1738683196,250
1738683200,249
1738683203,248
1738683206,252
1738683209,249
1738683212,249
1738683215,249
1738683218,246
1738683221,250
1738683224,249
1738683227,249
1738683230,253
1738683233,246
1738683236,254
1738683239,245
1738683242,246
1738683242,None
1738683248,244
1738683251,250
1738683254,249
1738683258,249
1738683260,255
1738683264,248
1738683266,247
1738683270,246
1738683273,254
1738683276,249
1738683276,None
1738683282,238
1738683285,255
1738683288,251
1738683291,246
1738683294,246
1738683297,243
1738683300,246
1738683303,248
1738683307,256
1738683309,252
1738683312,249
1738683315,247
1738683319,246
1738683321,247
1738683325,247
1738683328,248
1738683331,247
1738683334,246
1738683337,244
1738683341,237
1738683343,246
1738683346,249
1738683349,251
1738683352,220
1738683355,220
1738683359,228
1738683361,234
1738683364,228
1738683367,226
1738683370,228
1738683373,232
1738683376,223
1738683380,222
1738683383,223
1738683383,None
1738683388,235
1738683392,225
1738683395,231
1738683398,226
1738683401,225
1738683404,233
1738683407,361
1738683407,None
1738683413,479
1738683416,479
1738683416,None
1738683422,254
1738683425,229
1738683428,225
1738683431,224
1738683434,231
1738683438,229
1738683440,231
1738683443,229
1738683447,229
1738683449,307
1738683452,489
1738683455,489
1738683459,486
1738683462,338
1738683465,227
1738683468,224
1738683471,234
1738683474,228
1738683477,226
1738683480,229
1738683483,231
1738683486,226
1738683489,230
1738683493,231
1738683495,229
1738683498,227
1738683501,237
1738683504,228
1738683507,225
1738683510,233
1738683513,228
1738683516,230
1738683520,226
1738683522,224
1738683525,236
1738683525,None
1738683532,217
1738683535,234
1738683538,226
1738683541,226
1738683544,225
1738683547,228
1738683550,229
1738683550,None
1738683556,226
1738683559,232
1738683562,225
1738683565,225
1738683568,236
1738683568,None
1738683574,225
1738683577,230
1738683580,228
1738683583,224
1738683586,229
1738683590,227
1738683593,221
1738683596,234
1738683599,223
1738683602,233
1738683604,226
1738683608,228
1738683611,229
1738683615,224
1738683617,228
1738683620,232
1738683623,223
1738683623,None
1738683629,227
1738683632,231
1738683636,228
1738683638,229
1738683641,227
1738683644,231
1738683647,228
1738683650,224
1738683653,230
1738683657,223
1738683660,231
1738683663,226
1738683666,225
1738683669,228
1738683672,230
1738683675,223
1738683678,231
1738683681,228
1738683681,None
1738683687,228
1738683690,224
1738683693,229
1738683696,228
1738683699,228
1738683702,226
1738683705,225
1738683705,None
1738683711,223
1738683714,258
1738683718,256
1738683721,255
1738683723,245
1738683727,247
1738683729,234
1738683733,222
1738683736,231
1738683739,223
1738683742,228
1738683745,228
1738683749,227
1738683751,227
1738683754,224
1738683757,232
1738683760,232
1738683763,227
1738683767,232
1738683769,229
1738683772,225
1738683776,229
1738683778,233
1738683782,229
1738683785,230
1738683787,233
1738683791,234
1738683794,229
1738683797,236
1738683800,242
1738683803,213
1738683806,160
1738683809,153
1738683812,148
1738683815,157
1738683818,151
1738683821,153
1738683824,152
1738683828,151
1738683828,None
1738683833,150
1738683836,157
1738683839,153
1738683842,147
1738683846,161
1738683846,None
1738683852,151
1738683854,153
1738683858,148
1738683861,157
1738683863,151
1738683867,150
1738683870,149
1738683873,167
1738683876,409
1738683879,412
1738683882,404
1738683885,387
1738683888,404
1738683891,394
1738683894,407
1738683897,232
1738683900,143
1738683903,149
1738683906,150
1738683909,147
1738683913,153
1738683915,144
1738683919,149
1738683922,157
1738683924,896
1738683928,1292
1738683931,1286
1738683934,1291
1738683937,1285
1738683940,1288
1738683943,1285
1738683946,1278
1738683949,1291
1738683952,1285
1738683955,1289
1738683958,1281
1738683961,1286
1738683965,1279
1738683967,1284
1738683971,1285
1738683974,1278
1738683977,1290
1738683980,1280
1738683983,1289
1738683986,1281
1738683989,1287
1738683992,1279
1738683995,1282
1738683998,1284
1738684001,1283
1738684004,1294
1738684007,1298
1738684010,1285
1738684014,1294
1738684016,1285
1738684019,1291
1738684022,1285
1738684025,1290
1738684028,1289
1738684031,1281
1738684035,1292
1738684037,1286
1738684041,1289
1738684043,1291
1738684047,1281
1738684050,1290
1738684053,1293
1738684056,1285
1738684056,None
1738684062,1292
1738684065,1286
1738684065,None
1738684065,None
1738684074,1283
1738684077,1291
1738684080,1287
1738684083,1283
1738684086,1284
1738684089,1283
1738684092,947
1738684095,197
1738684098,205
1738684101,198
1738684105,199
1738684105,None
1738684105,None
1738684113,199
1738684117,199
1738684120,203
1738684123,185
1738684126,152
1738684129,150
1738684132,141
1738684135,145
1738684138,156
1738684141,150
1738684144,149
1738684147,144
1738684150,152
1738684154,150
1738684157,146
1738684159,150
1738684163,155
1738684163,None
1738684169,144
1738684172,151
1738684175,161
1738684178,157
1738684181,157
1738684184,161
1738684187,157
1738684190,169
1738684190,None
1738684196,169
1738684199,164
1738684202,156
1738684205,163
1738684208,162
1738684211,157
1738684215,164
1738684217,162
1738684221,154
1738684223,168
1738684226,162
1738684230,157
1738684233,160
1738684236,153
1738684239,162
1738684242,288
1738684245,422
1738684248,591
1738684251,664
1738684254,604
1738684257,416
1738684260,142
1738684260,None
1738684266,143
1738684270,143
1738684272,147
1738684275,143
1738684279,139
1738684281,146
1738684284,144
1738684284,None
1738684291,149
1738684293,153
1738684297,144
1738684300,143
1738684303,137
1738684306,143
1738684309,145
1738684312,143
1738684315,143
1738684318,138
1738684321,143
1738684324,143
1738684324,None
1738684330,145
1738684333,138
1738684337,143
1738684339,174
1738684342,185
1738684346,189
1738684348,179
1738684351,176
1738684355,182
1738684357,176
1738684357,None
1738684364,193
1738684367,190
1738684370,186
1738684373,189
1738684376,177
1738684379,179
1738684382,178
1738684385,171
1738684388,151
1738684391,156
1738684394,153
1738684397,153
1738684400,158
1738684403,150
1738684407,159
1738684409,154
1738684412,145
1738684415,131
1738684418,139
1738684422,156
1738684424,141
1738684427,156
1738684431,170
1738684433,159
1738684437,160
1738684440,170
1738684443,165
1738684446,169
1738684449,160
1738684452,167
1738684455,175
1738684458,167
1738684461,157
1738684464,158
1738684467,167
1738684470,166
1738684473,164
1738684477,168
1738684479,162
1738684482,165
1738684485,167
1738684488,167
1738684491,152
1738684495,169
1738684497,163
1738684501,159
1738684503,164
1738684507,163
1738684510,162
1738684513,169
1738684516,167
1738684519,173
1738684522,165
1738684525,162
1738684528,169
1738684531,163
1738684531,None
1738684537,162
1738684540,166
1738684543,165
1738684546,167
1738684550,166
1738684552,166
1738684556,163
1738684559,161
1738684562,164
1738684562,None
1738684567,273
1738684571,426
1738684574,430
1738684578,425
1738684580,401
1738684583,158
1738684586,158
1738684589,160
1738684592,155
1738684595,158
1738684598,156
1738684601,156
1738684604,156
1738684607,152
1738684610,155
1738684614,152
1738684617,145
1738684621,151
1738684623,148
1738684626,148
1738684629,153
1738684629,None
1738684635,153
1738684638,148
1738684641,152
1738684644,149
1738684647,151
1738684650,147
1738684653,269
1738684656,406
1738684659,404
1738684663,411
1738684666,323
1738684666,None
1738684672,153
1738684675,146
1738684678,156
1738684681,152
1738684684,156
1738684687,145
1738684690,151
1738684693,152
1738684696,149
1738684699,150
1738684702,153
1738684705,148
1738684709,153
1738684711,146
1738684714,150
1738684717,148
1738684720,153
1738684724,145
1738684727,150
1738684729,149
1738684732,147
1738684736,143
1738684739,156
1738684742,153
1738684745,160
1738684748,149
1738684751,153
1738684754,157
1738684757,150
1738684760,160
1738684763,156
1738684766,152
1738684769,154
1738684772,155
1738684776,162
1738684779,152
1738684782,154
1738684785,154
1738684787,149
1738684791,162
1738684794,157
1738684797,152
1738684800,158
1738684803,155
1738684806,158
1738684809,152
1738684812,151
1738684812,None
1738684818,160
1738684821,159
1738684825,151
1738684827,151
1738684830,146
1738684833,145
1738684836,143
1738684839,144
1738684839,None
1738684845,150
1738684848,151
1738684852,145
1738684854,140
1738684857,155
1738684861,149
1738684864,144
1738684867,149
1738684869,150
1738684873,152
1738684876,147
1738684879,152
1738684882,125
1738684885,127
1738684888,119
1738684891,119
1738684894,122
1738684897,119
1738684900,124
1738684903,125
1738684907,117
1738684910,124
1738684912,116
1738684915,122
1738684919,121
1738684921,124
1738684924,118
1738684927,120
1738684931,122
1738684933,118
1738684937,116
1738684940,117
1738684943,111
1738684946,119
1738684949,110
1738684952,118
1738684955,108
1738684958,115
1738684961,115
1738684964,110
1738684967,115
1738684970,112
1738684973,108
1738684976,297
1738684979,371
1738684982,379
1738684986,377
1738684989,195
1738684991,123
1738684994,110
1738684997,113
1738685001,117
1738685004,118
1738685006,113
1738685010,117
1738685013,117
1738685016,106
1738685019,120
1738685022,113
1738685025,113
1738685028,117
1738685031,112
1738685035,114
1738685037,111
1738685040,115
1738685043,116
1738685046,111
1738685050,117
1738685053,114
1738685055,113
1738685058,113
1738685062,342
1738685064,371
1738685067,370
1738685071,362
1738685074,114
1738685077,108
1738685080,117
1738685083,114
1738685086,105
1738685089,116
1738685092,111
1738685095,109
1738685098,114
1738685101,115
1738685104,106
1738685107,111
1738685111,111
1738685113,109
1738685117,115
1738685120,112
1738685122,119
1738685126,111
1738685129,110
1738685131,115
1738685134,111
1738685138,111
1738685141,109
1738685143,110
1738685147,116
1738685150,111
1738685153,111
1738685156,113
1738685159,113
1738685162,109
1738685165,113
1738685168,113
1738685171,112
1738685174,117
1738685177,108
1738685180,113
1738685183,111
1738685187,113
1738685189,113
1738685192,113
1738685192,None
1738685199,105
1738685202,115
1738685204,104
1738685208,118
1738685211,112
1738685214,106
1738685217,117
1738685220,109
1738685223,113
1738685226,109
1738685229,112
1738685232,122
1738685235,129
1738685238,189
1738685241,220
1738685244,221
1738685247,211
1738685250,213
1738685254,210
1738685257,197
1738685260,204
1738685263,201
1738685266,206
1738685269,205
1738685272,200
1738685275,197
1738685278,184
1738685281,191
1738685284,193
1738685287,190
1738685290,189
1738685293,186
1738685296,181
1738685299,185
1738685302,186
1738685305,174
1738685308,188
1738685311,182
1738685314,179
1738685317,184
1738685320,179
1738685323,184
1738685327,180
1738685330,174
1738685332,185
1738685335,428
1738685338,444
1738685342,442
1738685345,370
1738685345,None
1738685351,178
1738685354,179
1738685357,178
1738685360,178
1738685363,176
1738685366,178
1738685369,179
1738685372,175
1738685375,180
1738685378,172
1738685381,182
1738685384,176
1738685387,174
1738685390,179
1738685390,None
1738685397,172
1738685400,182
1738685402,179
1738685405,174
1738685409,187
1738685412,181
1738685415,179
1738685418,176
1738685421,183
1738685424,178
1738685427,170
1738685430,174
1738685433,181
1738685436,330
1738685439,438
1738685442,435
1738685445,429
1738685448,288
1738685451,171
1738685454,180
1738685457,175
1738685460,178
1738685463,177
1738685466,177
1738685466,None
1738685473,180
1738685476,179
1738685479,181
1738685482,175
1738685485,182
1738685488,177
1738685488,None
1738685488,None
1738685497,180
1738685500,179
1738685503,174
1738685506,181
1738685509,173
1738685512,181
1738685515,175
1738685518,178
1738685518,None
1738685524,180
1738685527,179
1738685530,178
1738685533,177
1738685536,178
1738685539,182
1738685543,174
1738685546,171
1738685549,182
1738685552,177
1738685554,175
1738685558,182
1738685558,None
1738685558,None
1738685567,180
1738685570,182
1738685573,179
1738685576,169
1738685579,180
1738685582,182
1738685585,179
1738685588,169
1738685591,172
1738685594,176
1738685597,177
1738685597,None
1738685604,181
1738685606,170
1738685610,177
1738685613,180
1738685616,178
1738685619,171
1738685622,183
1738685625,175
1738685628,176
1738685631,181
1738685634,172
1738685637,174
1738685640,177
1738685643,175
1738685646,181
1738685646,None
1738685653,178
1738685655,170
1738685658,181
1738685662,172
1738685662,None
1738685667,175
1738685671,179
1738685671,None
1738685677,174
1738685680,175
1738685683,181
1738685686,172
1738685689,180
1738685692,174
1738685695,172
1738685698,184
1738685701,175
1738685704,170
1738685707,181
1738685711,177
1738685713,178
1738685717,171
1738685719,177
1738685723,176
1738685726,181
1738685729,330
1738685732,439
1738685735,444
1738685738,427
1738685741,248
1738685744,184
1738685747,180
1738685750,177
1738685753,169
1738685756,179
1738685759,180
1738685763,174
1738685765,178
1738685769,175
1738685772,174
1738685774,174
1738685778,182
1738685781,176
1738685784,171
1738685787,183
1738685790,177
1738685793,173
1738685796,179
1738685799,179
1738685802,176
1738685805,173
1738685808,181
1738685811,170
1738685814,181
1738685818,175
1738685820,178
1738685823,180
1738685826,176
1738685829,179
1738685832,182
1738685836,172
1738685839,180
1738685842,175
1738685845,178
1738685848,176
1738685851,170
1738685854,179
1738685857,175
1738685861,176
1738685863,174
1738685866,174
1738685866,None
1738685872,431
1738685875,440
1738685878,429
1738685882,436
1738685885,191
1738685887,180
1738685891,173
1738685893,178
1738685897,179
1738685899,179
1738685903,173
1738685906,180
1738685909,174
1738685912,181
1738685915,178
1738685918,175
1738685921,182
1738685924,180
1738685927,175
1738685930,178
1738685933,181
1738685937,171
1738685939,185
1738685942,174
1738685945,176
1738685949,178
1738685951,173
1738685955,179
1738685958,179
1738685961,176
1738685964,179
1738685967,182
1738685970,175
1738685973,177
1738685976,179
1738685976,None
1738685982,181
1738685985,179
1738685988,178
1738685991,174
1738685994,178
1738685997,180
1738686000,175
1738686004,177
1738686007,178
1738686010,174
1738686013,178
1738686016,175
1738686019,182
1738686023,175
1738686025,175
1738686028,179
1738686031,171
1738686034,183
1738686037,174
1738686040,178
1738686043,175
1738686046,177
1738686049,177
1738686052,176
1738686056,171
1738686059,178
1738686061,169
1738686065,178
1738686068,172
1738686071,180
1738686073,174
1738686077,174
1738686080,178
1738686083,168
1738686086,181
1738686086,None
1738686092,165
1738686096,174
1738686098,171
1738686102,171
1738686104,172
1738686107,178
1738686110,170
1738686113,180
1738686116,171
1738686119,396
1738686122,469
1738686125,463
1738686128,469
1738686132,268
1738686134,201
1738686137,208
1738686141,196
1738686143,204
1738686147,202
1738686150,209
1738686153,204
1738686156,203
1738686159,204
1738686162,204
1738686165,203
1738686168,205
1738686171,206
1738686174,204
1738686177,204
1738686180,207
1738686183,200
1738686187,204
1738686189,205
1738686192,199
1738686196,212
1738686199,199
1738686202,208
1738686205,203
1738686208,207
1738686211,204
1738686211,None
1738686211,None
1738686223,207
1738686224,213
1738686227,211
1738686227,None
1738686234,212
1738686237,209
1738686240,210
1738686243,210
1738686246,209
1738686249,213
1738686252,212
1738686255,204
1738686258,217
1738686261,207
1738686264,208
1738686267,211
1738686270,208
1738686273,198
1738686276,204
1738686280,209
1738686283,202
1738686285,193
1738686288,207
1738686292,204
1738686295,204
1738686298,200
1738686301,198
1738686304,202
1738686307,208
1738686310,202
1738686313,197
1738686316,209
1738686319,202
1738686322,204
1738686325,202
1738686328,202
1738686331,207
1738686335,196
1738686337,204
1738686337,None
1738686344,204
1738686347,197
1738686349,195
1738686353,208
1738686356,210
1738686359,206
1738686362,204
1738686365,208
1738686365,None
1738686371,459
1738686374,451
1738686377,461
1738686380,383
1738686383,206
1738686386,204
1738686389,206
1738686392,197
1738686396,198
1738686398,205
1738686401,207
1738686404,202
1738686404,None
1738686411,207
1738686414,202
1738686417,207
1738686420,195
1738686423,201
1738686426,205
1738686429,200
1738686432,198
1738686435,204
1738686438,195
1738686441,199
1738686444,200
1738686447,206
1738686450,198
1738686453,210
1738686457,203
1738686459,195
1738686462,201
1738686466,203
1738686468,202
1738686468,None
1738686475,194
1738686478,202
1738686480,202
1738686484,196
1738686487,214
1738686490,208
1738686493,213
1738686493,None
1738686499,208
1738686502,212
1738686505,209
1738686508,197
1738686508,None
1738686515,210
1738686517,209
1738686520,208
1738686523,208
1738686526,213
1738686529,199
1738686532,296
1738686535,463
1738686538,471
1738686542,467
1738686545,221
1738686548,210
1738686548,None
1738686554,216
1738686557,218
1738686560,218
1738686563,219
1738686566,213
1738686569,217
1738686572,219
1738686575,211
1738686578,224
1738686581,213
1738686584,221
1738686587,216
1738686591,213
1738686593,216
1738686596,214
1738686600,216
1738686603,217
1738686605,223
1738686609,213
1738686612,211
1738686614,216
1738686618,212
1738686621,222
1738686621,None
1738686627,212
1738686630,218
1738686633,218
1738686636,212
1738686639,216
1738686642,220
1738686645,211
1738686648,211
1738686651,219
1738686654,213
1738686657,223
1738686660,213
1738686663,217
1738686667,219
1738686669,215
1738686673,219
1738686676,213
1738686679,221
1738686682,212
1738686685,218
1738686688,210
1738686691,219
1738686694,216
1738686697,216
1738686700,218
1738686703,214
1738686706,217
1738686709,213
1738686713,219
1738686715,213
1738686718,218
1738686721,213
1738686725,218
1738686728,215
1738686731,218
1738686734,218
1738686737,225
1738686737,None
1738686743,469
1738686746,466
1738686749,462
1738686752,374
1738686755,218
1738686758,219
1738686761,211
1738686764,220
1738686767,223
1738686770,209
1738686773,220
1738686777,213
1738686779,207
1738686782,223
1738686786,215
1738686789,213
1738686791,212
1738686794,219
1738686798,215
1738686801,212
1738686804,214
1738686807,221
1738686810,209
1738686813,215
1738686816,216
1738686819,213
1738686822,215
1738686825,219
1738686828,214
1738686831,218
1738686834,205
1738686837,216
1738686840,218
1738686843,208
1738686847,221
1738686849,215
1738686853,208
1738686855,201
1738686858,199
1738686862,194
1738686865,194
1738686868,192
1738686871,191
1738686874,197
1738686877,188
1738686880,179
1738686883,196
1738686886,189
1738686889,186
1738686889,None
1738686895,184
1738686898,186
1738686901,185
1738686904,189
1738686907,184
1738686910,178
1738686913,189
1738686917,185
1738686920,182
1738686922,183
1738686926,183
1738686929,182
1738686932,180
1738686935,183
1738686938,190
1738686941,359
1738686944,440
1738686947,434
1738686950,367
1738686953,191
1738686956,191
1738686959,182
1738686962,182
1738686965,186
1738686968,188
1738686971,182
1738686971,None
1738686977,182
1738686980,179
1738686984,187
1738686987,181
1738686990,184
1738686993,181
1738686996,180
1738686999,180
1738687002,187
1738687005,180
1738687005,None
1738687011,181
1738687014,185
1738687017,182
1738687020,185
1738687023,180
1738687026,180
1738687029,184
1738687032,183
1738687035,185
1738687038,178
1738687041,189
1738687045,182
1738687047,184
1738687051,184
1738687053,185
1738687056,188
1738687060,186
1738687063,183
1738687066,186
1738687069,178
1738687072,190
1738687075,186
1738687078,180
1738687081,188
1738687084,182
1738687087,188
1738687090,183
1738687093,181
1738687096,186
1738687099,180
1738687103,189
1738687106,182
1738687109,184
1738687111,185
1738687115,180
1738687118,183
1738687121,180
1738687124,183
1738687127,184
1738687130,183
1738687133,185
1738687136,177
1738687139,186
1738687142,179
1738687145,189
1738687148,182
1738687151,184
1738687154,184
1738687157,182
1738687160,186
1738687163,184
1738687166,180
1738687170,189
1738687172,181
1738687172,None
1738687179,188
1738687182,178
1738687185,181
1738687188,183
1738687191,181
1738687194,178
1738687197,184
1738687200,186
1738687203,184
1738687206,176
1738687209,187
1738687212,182
1738687215,228
1738687218,438
1738687221,435
1738687224,432
1738687224,None
1738687224,None
1738687233,186
1738687236,180
1738687239,184
1738687242,185
1738687245,180
1738687249,189
1738687252,183
1738687255,182
1738687257,186
1738687261,181
1738687264,187
1738687267,181
1738687270,183
1738687270,None
1738687276,181
1738687279,188
1738687282,186
1738687285,182
1738687288,184
1738687291,177
1738687294,187
1738687297,178
1738687300,189
1738687303,179
1738687306,182
1738687310,186
1738687310,None
1738687316,183
1738687319,188
1738687322,183
1738687325,186
1738687328,388
1738687330,439
1738687334,432
1738687337,377
1738687337,None
1738687343,185
1738687346,179
1738687349,184
1738687352,184
1738687355,181
1738687358,184
1738687361,180
1738687364,185
1738687367,183
1738687367,None
1738687374,188
1738687376,183
1738687379,182
1738687383,185
1738687385,183
1738687389,185
1738687392,180
1738687394,185
1738687398,181
1738687401,178
1738687404,193
1738687407,182
1738687410,181
1738687413,187
1738687416,179
1738687419,188
1738687422,178
1738687425,186
1738687428,186
1738687431,174
1738687431,None
1738687438,183
1738687441,178
1738687444,190
1738687447,185
1738687450,186
1738687453,177
1738687456,183
1738687459,189
1738687461,180
1738687465,183
1738687468,187
1738687472,183
1738687474,185
1738687478,177
1738687480,184
1738687484,188
1738687486,177
1738687489,181
1738687492,186
1738687495,182
1738687498,175
1738687501,184
1738687504,183
1738687507,181
1738687511,180
1738687514,188
1738687516,185
1738687520,179
1738687523,186
1738687526,181
1738687529,179
1738687532,184
1738687535,185
1738687538,185
1738687541,181
1738687544,185
1738687547,186
1738687550,189
1738687553,179
1738687556,187
1738687560,184
1738687562,177
1738687566,131
1738687569,126
1738687571,127
1738687575,132
1738687577,122
1738687581,133
1738687584,126
1738687587,133
1738687590,132
1738687593,376
1738687596,378
1738687599,375
1738687602,380
1738687605,158
1738687609,131
1738687611,124
1738687614,135
1738687617,122
1738687621,131
1738687623,125
1738687626,130
1738687630,124
1738687633,124
1738687635,128
1738687639,116
1738687642,127
1738687645,119
1738687648,131
1738687651,120
1738687654,130
1738687657,125
1738687660,122
1738687660,None
1738687666,125
1738687669,124
1738687672,129
1738687675,120
1738687678,127
1738687681,126
1738687685,128
1738687687,128
1738687690,125
1738687693,127
1738687693,None
1738687699,121
1738687703,132
1738687706,123
1738687709,128
1738687712,129
1738687715,121
1738687718,132
1738687721,124
1738687724,124
1738687727,126
1738687730,129
1738687733,121
1738687736,126
1738687739,130
1738687742,124
1738687745,125
1738687748,135
1738687752,379
1738687754,375
1738687758,372
1738687761,379
1738687763,253
1738687763,None
1738687770,128
1738687773,130
1738687776,118
1738687779,126
1738687782,134
1738687785,128
1738687788,122
1738687788,None
1738687794,133
1738687797,124
1738687800,124
1738687804,130
1738687806,129
1738687809,128
1738687813,127
1738687816,131
1738687819,129
1738687822,131
1738687825,121
1738687825,None
1738687830,124
1738687834,129
1738687837,125
1738687837,None
1738687843,123
1738687846,123
1738687849,130
1738687852,122
1738687855,132
1738687858,121
1738687862,128
1738687864,122
1738687868,127
1738687870,125
1738687874,130
1738687877,122
1738687880,125
1738687883,126
1738687886,125
1738687889,128
1738687892,122
1738687895,130
1738687898,125
1738687901,125
1738687904,132
1738687907,125
1738687911,124
1738687913,124
1738687916,129
1738687919,122
1738687923,126
1738687926,131
1738687928,121
1738687932,134
1738687935,128
1738687938,121
1738687941,132
1738687944,125
1738687947,125
1738687950,126
1738687953,125
1738687956,126
1738687959,126
1738687962,130
1738687965,123
1738687968,130
1738687971,128
1738687974,119
1738687977,129
1738687980,124
1738687983,128
1738687986,127
1738687990,131
1738687993,124
1738687996,130
1738687998,129
1738688002,383
1738688005,376
1738688005,None
1738688011,331
1738688014,160
1738688017,129
1738688022,125
1738688024,123
1738688027,126
1738688030,128
1738688033,122
1738688036,133
1738688039,124
1738688042,121
1738688045,129
1738688048,126
1738688051,126
1738688054,127
1738688057,127
1738688061,128
1738688063,128
1738688066,121
1738688069,128
1738688073,126
1738688076,122
1738688079,129
1738688082,127
1738688085,126
1738688088,124
1738688091,130
1738688094,119
1738688097,126
1738688100,129
1738688104,123
1738688106,125
1738688109,130
1738688112,125
1738688115,126
1738688115,None
1738688122,124
1738688125,119
1738688127,112
1738688131,116
1738688134,117
1738688136,119
1738688139,120
1738688139,None
1738688146,121
1738688149,113
1738688152,119
1738688155,123
1738688158,111
1738688161,116
1738688164,124
1738688167,118
1738688167,None
1738688173,122
1738688176,118
1738688179,118
1738688182,117
1738688186,119
1738688189,120
1738688191,110
1738688195,118
1738688198,121
1738688201,113
1738688204,114
1738688204,None
1738688210,176
1738688213,367
1738688216,369
1738688219,371
1738688222,304
1738688225,115
1738688228,112
1738688231,123
1738688234,123
1738688237,111
1738688240,124
1738688243,117
1738688246,108
1738688249,120
1738688252,116
1738688255,116
1738688258,119
1738688262,123
1738688265,113
1738688268,120
1738688271,121
1738688274,110
1738688277,122
1738688280,126
1738688283,117
1738688286,113
1738688289,124
1738688292,117
1738688295,117
1738688298,114
1738688301,121
1738688304,120
1738688307,121
1738688310,117
1738688313,106
1738688316,125
1738688319,119
1738688322,118
1738688326,112
1738688328,119
1738688331,117
1738688335,118
1738688337,118
1738688341,112
1738688344,119
1738688347,124
1738688350,117
1738688353,112
1738688356,113
1738688359,121
1738688362,121
1738688365,116
1738688368,331
1738688372,365
1738688372,None
1738688372,None
1738688381,175
1738688383,110
1738688386,125
1738688390,120
1738688393,115
1738688396,118
1738688399,119
1738688402,116
1738688405,111
1738688408,123
1738688410,120
1738688414,116
1738688417,122
1738688420,116
1738688420,None
1738688426,120
1738688429,117
1738688432,114
1738688435,117
1738688438,117
1738688441,121
1738688444,110
1738688448,119
1738688451,126
1738688453,115
1738688456,113
1738688460,113
1738688463,116
1738688465,121
1738688469,122
1738688472,120
1738688475,115
1738688478,105
1738688481,122
1738688484,123
1738688487,116
1738688490,115
1738688493,113
1738688496,117
1738688499,120
1738688503,110
1738688505,119
1738688508,124
1738688512,113
1738688514,126
1738688517,117
1738688521,114
1738688521,None
1738688526,118
1738688530,114
1738688533,114
1738688535,111
1738688539,116
1738688542,110
1738688545,103
1738688548,115
1738688551,107
1738688554,109
1738688557,109
1738688560,110
1738688563,109
1738688566,113
1738688569,106
1738688569,None
1738688576,115
1738688579,107
1738688582,117
1738688585,114
1738688588,109
1738688588,None
1738688594,109
1738688597,110
1738688600,113
1738688603,117
1738688606,106
1738688609,112
1738688612,112
1738688615,104
1738688618,119
1738688622,109
1738688625,111
1738688627,115
1738688627,None
1738688633,259
1738688637,361
1738688640,365
1738688642,362
1738688642,None
1738688642,None
1738688652,107
1738688655,117
1738688658,110
1738688661,107
1738688664,105
1738688668,114
1738688671,108
1738688673,112
1738688677,111
1738688680,110
1738688683,113
1738688685,118
1738688689,110
1738688692,101
1738688694,114
1738688698,112
1738688701,108
1738688704,108
1738688707,110
1738688710,114
1738688713,119
1738688716,112
1738688719,108
1738688722,120
1738688725,112
1738688728,108
1738688731,111
1738688735,116
1738688737,112
1738688741,116
1738688743,113
1738688746,107
1738688749,115
1738688753,123
1738688756,139
1738688758,182
1738688762,213
1738688765,217
1738688768,212
1738688771,209
1738688774,204
1738688777,202
1738688780,296
1738688783,452
1738688786,452
1738688789,446
1738688792,434
1738688795,286
1738688798,192
1738688801,185
1738688805,181
1738688805,None
1738688811,181
1738688811,None
1738688817,176
1738688820,170
1738688823,181
1738688826,188
1738688829,181
1738688832,178
1738688835,176
1738688838,172
1738688841,174
1738688844,179
1738688847,177
1738688850,179
1738688853,177
1738688856,171
1738688859,175
1738688862,179
1738688866,175
1738688868,177
1738688872,182
1738688874,177
1738688878,189
1738688880,187
1738688883,187
1738688887,191
1738688889,189
1738688893,187
1738688896,191
1738688899,190
1738688899,None
1738688905,185
1738688908,193
1738688911,187
1738688914,191
1738688917,187
1738688920,191
1738688923,190
1738688926,190
1738688930,192
1738688932,183
1738688936,192
1738688938,190
1738688942,185
1738688944,190
1738688948,187
1738688951,188
1738688953,186
1738688957,185
1738688960,191
1738688962,188
1738688966,180
1738688969,189
1738688972,183
1738688975,184
1738688978,192
1738688981,186
1738688984,186
1738688984,None
1738688990,186
1738688993,189
1738688997,185
1738688999,177
1738689002,186
1738689005,195
1738689008,186
1738689011,182
1738689014,185
1738689017,193
1738689021,180
1738689024,177
1738689026,179
1738689029,183
1738689033,194
1738689036,194
1738689039,440
1738689042,439
1738689045,437
1738689048,351
1738689051,177
1738689054,183
1738689057,183
1738689060,189
1738689063,186
1738689063,None
1738689070,190
1738689070,None
1738689075,185
1738689078,182
1738689081,185
1738689084,187
1738689088,188
1738689090,183
1738689094,192
1738689097,180
1738689099,189
1738689102,188
1738689106,178
1738689109,190
1738689112,183
1738689115,183
1738689118,186
1738689121,186
1738689124,187
1738689127,182
1738689130,187
1738689133,182
1738689136,189
1738689139,185
1738689142,183
1738689145,185
1738689149,183
1738689151,184
1738689154,186
1738689157,182
1738689160,185
1738689164,186
1738689167,179
1738689169,189
1738689173,183
1738689176,184
1738689176,None
1738689182,186
1738689185,186
1738689188,178
1738689191,182
1738689195,189
1738689197,182
1738689200,183
1738689203,186
1738689206,182
1738689209,183
1738689212,185
1738689215,189
1738689218,340
1738689222,427
1738689225,438
1738689227,433
1738689231,328
1738689234,192
1738689237,183
1738689240,183
1738689243,186
1738689246,190
1738689249,183
1738689252,189
1738689255,186
1738689258,180
1738689262,189
1738689264,180
1738689268,189
1738689270,187
1738689273,184
1738689277,185
1738689279,189
1738689282,181
1738689286,193
1738689289,189
1738689292,183
1738689295,188
1738689299,183
1738689301,188
1738689304,186
1738689304,None
1738689310,182
1738689313,189
1738689316,185
1738689319,184
1738689322,191
1738689325,183
1738689328,187
1738689332,186
1738689334,183
1738689337,188
1738689340,185
1738689344,183
1738689346,187
1738689350,180
1738689353,185
1738689355,185
1738689359,183
1738689362,182
1738689365,190
1738689368,183
1738689371,186
1738689374,184
1738689377,184
1738689380,187
1738689383,180
1738689386,185
1738689390,180
1738689392,188
1738689396,177
1738689398,188
1738689402,181
1738689405,187
1738689408,185
1738689411,184
1738689414,182
1738689417,188
1738689420,181
1738689423,185
1738689426,195
1738689429,182
1738689429,None
1738689435,187
1738689438,185
1738689442,186
1738689444,187
1738689447,191
1738689451,185
1738689454,188
1738689457,189
1738689460,178
1738689463,294
1738689466,440
1738689469,437
1738689472,441
1738689475,206
1738689475,None
1738689482,179
1738689484,188
1738689487,188
1738689490,182
1738689494,177
1738689496,190
1738689500,184
1738689502,177
1738689505,189
1738689509,186
1738689512,186
1738689515,181
1738689518,186
1738689521,188
1738689524,182
1738689527,191
1738689530,189
1738689533,185
1738689536,189
1738689539,189
1738689542,187
1738689545,183
1738689548,185
1738689552,182
1738689554,184
1738689557,193
1738689560,183
1738689564,193
1738689566,186
1738689570,184
1738689573,187
1738689576,185
1738689579,186
1738689582,186
1738689585,179
1738689588,187
1738689591,186
1738689594,181
1738689597,186
1738689600,178
1738689603,189
1738689606,183
1738689609,181
1738689612,180
1738689616,186
1738689619,175
1738689621,183
1738689624,187
1738689628,427
1738689630,432
1738689630,None
1738689630,None
1738689640,180
1738689643,179
1738689646,183
1738689649,176
1738689652,181
1738689655,184
1738689658,174
1738689662,184
1738689664,180
1738689667,178
1738689671,173
1738689674,181
1738689676,180
1738689679,181
1738689682,177
1738689685,178
1738689689,185
1738689692,178
1738689695,176
1738689698,180
1738689701,173
1738689704,178
1738689707,180
1738689710,179
1738689713,180
1738689716,184
1738689719,174
1738689722,184
1738689725,177
1738689725,None
1738689731,182
1738689734,180
1738689738,184
1738689740,179
1738689744,184
1738689747,183
1738689750,176
1738689753,177
1738689756,176
1738689759,185
1738689762,177
1738689765,177
1738689768,179
1738689771,179
1738689774,172
1738689777,183
1738689780,177
1738689783,175
1738689786,182
1738689789,181
1738689793,180
1738689796,177
1738689798,176
1738689801,182
1738689804,183
1738689807,178
1738689811,171
1738689814,175
1738689817,180
1738689820,183
1738689823,179
1738689826,182
1738689829,393
1738689832,431
1738689835,442
1738689838,321
1738689841,177
1738689845,177
1738689847,185
1738689850,184
1738689853,173
1738689856,181
1738689860,181
1738689863,172
1738689865,184
1738689869,179
1738689869,None
1738689875,179
1738689875,None
1738689881,179
1738689884,177
1738689887,175
1738689890,182
1738689893,170
1738689896,184
1738689899,174
1738689903,183
1738689905,179
1738689909,179
1738689912,180
1738689914,175
1738689917,183
1738689921,178
1738689924,180
1738689927,176
1738689930,181
1738689933,174
1738689936,176
1738689939,180
1738689942,173
1738689945,182
1738689948,174
1738689951,182
1738689955,177
1738689957,175
1738689960,182
1738689963,181
1738689966,179
1738689969,178
1738689972,174
1738689975,181
1738689978,184
1738689982,174
1738689982,None
1738689987,178
1738689991,199
1738689993,370
1738689996,428
1738689999,423
1738690003,427
1738690006,340
1738690009,173
1738690012,183
1738690015,172
1738690018,180
1738690022,177
1738690024,175
1738690027,177
1738690030,177
1738690033,175
1738690036,178
1738690040,179
1738690043,179
1738690046,177
1738690049,177
1738690052,175
1738690055,173
1738690058,176
1738690061,183
1738690061,None
1738690067,184
1738690070,187
1738690073,189
1738690076,181
1738690079,187
1738690082,183
1738690085,183
1738690089,187
1738690091,181
1738690094,186
1738690097,178
1738690097,None
1738690104,180
1738690106,179
1738690110,177
1738690113,182
1738690116,179
1738690119,185
1738690122,182
1738690125,182
1738690128,183
1738690131,182
1738690134,182
1738690137,184
1738690140,177
1738690143,186
1738690143,None
1738690149,176
1738690152,191
1738690155,179
1738690158,186
1738690161,182
1738690165,180
1738690168,179
1738690171,184
1738690174,173
1738690177,188
1738690180,183
1738690183,174
1738690186,185
1738690189,175
1738690192,187
1738690195,181
1738690198,179
1738690201,184
1738690204,180
1738690207,184
1738690207,None
1738690213,176
1738690213,None
1738690219,180
1738690222,180
1738690226,183
1738690229,177
1738690232,180
1738690235,212
1738690237,388
1738690237,None
1738690244,445
1738690247,429
1738690250,174
1738690253,183
1738690256,179
1738690256,None
1738690262,180
1738690265,184
1738690268,182
1738690271,185
1738690274,176
1738690277,183
1738690281,179
1738690283,172
1738690287,192
1738690290,182
1738690292,179
1738690295,179
1738690299,181
1738690302,183
1738690306,179
1738690308,179
1738690311,182
1738690314,184
1738690317,180
1738690320,168
1738690323,190
1738690326,183
1738690329,177
1738690332,188
1738690335,175
1738690338,182
1738690342,186
1738690344,184
1738690348,172
1738690350,184
1738690350,None
1738690356,177
1738690359,181
1738690363,183
1738690366,181
1738690369,184
1738690371,177
1738690375,182
1738690378,178
1738690381,185
1738690384,179
1738690387,185
1738690390,181
1738690393,181
1738690396,184
1738690399,185
1738690402,189
1738690405,180
1738690408,187
1738690411,181
1738690414,182
1738690418,177
1738690418,None
1738690424,178
1738690427,183
1738690430,178
1738690432,180
1738690436,428
1738690439,427
1738690442,430
1738690445,429
1738690447,440
1738690451,349
1738690451,None
1738690457,194
1738690457,None
1738690463,206
1738690467,199
1738690469,198
1738690472,210
1738690475,195
1738690478,191
1738690481,186
1738690485,188
1738690487,189
1738690491,186
1738690494,197
1738690496,207
1738690500,217
1738690503,188
1738690506,192
1738690509,198
1738690513,194
1738690515,200
1738690518,190
1738690521,183
1738690524,196
1738690527,197
1738690530,190
1738690533,188
1738690536,186
1738690540,191
1738690543,189
1738690546,185
1738690549,182
1738690552,192
1738690555,188
1738690558,189
1738690561,184
1738690564,191
1738690567,186
1738690570,182
1738690573,193
1738690576,191
1738690579,182
1738690582,190
1738690586,186
1738690588,191
1738690591,188
1738690594,187
1738690598,184
1738690601,185
1738690603,182
1738690607,185
1738690610,179
1738690610,None
1738690616,177
1738690619,179
1738690622,178
1738690625,178
1738690628,180
1738690631,174
1738690634,176
1738690637,173
1738690640,177
1738690643,175
1738690646,177
1738690649,175
1738690652,174
1738690655,177
1738690658,282
1738690662,432
1738690665,426
1738690667,431
1738690671,248
1738690674,176
1738690677,176
1738690680,174
1738690683,176
1738690686,176
1738690689,174
1738690692,178
1738690695,174
1738690698,174
1738690701,178
1738690704,176
1738690707,174
1738690711,175
1738690713,179
1738690716,174
1738690716,None
1738690723,177
1738690726,176
1738690729,173
1738690732,177
1738690735,176
1738690738,174
1738690741,175
1738690744,176
1738690747,173
1738690750,178
1738690753,174
1738690756,176
1738690759,174
1738690762,175
1738690765,176
1738690768,177
1738690771,176
1738690774,177
1738690777,174
1738690780,178
1738690783,174
1738690787,178
1738690789,175
1738690793,178
1738690796,179
1738690798,177
1738690802,175
1738690805,174
1738690807,175
1738690811,276
1738690814,424
1738690817,423
1738690820,426
1738690823,422
1738690826,427
1738690830,173
1738690832,176
1738690835,175
1738690835,None
1738690842,174
1738690844,175
1738690848,188
1738690851,181
1738690854,178
1738690857,183
1738690860,181
1738690863,188
1738690866,179
1738690869,177
1738690872,193
1738690875,187
1738690878,185
1738690878,None
1738690884,186
1738690888,184
1738690890,184
1738690893,183
1738690896,186
1738690899,175
1738690899,None
1738690906,191
1738690909,183
1738690912,182
1738690915,183
1738690917,182
1738690921,186
1738690924,177
1738690927,184
1738690930,177
1738690933,178
1738690936,182
1738690939,177
1738690942,183
1738690945,180
1738690948,179
1738690951,179
1738690955,181
1738690957,174
1738690961,184
1738690963,181
1738690966,175
1738690970,183
1738690972,177
1738690976,176
1738690979,180
1738690982,175
1738690985,179
1738690988,180
1738690991,179
1738690994,180
1738690994,None
1738691000,184
1738691003,175
1738691006,184
1738691009,181
1738691009,None
1738691015,171
1738691018,183
1738691021,178
1738691024,173
1738691027,183
1738691030,180
1738691033,177
1738691037,181
1738691040,186
1738691043,178
1738691046,189
1738691049,178
1738691052,174
1738691055,184
1738691058,180
1738691061,180
1738691064,181
1738691067,185
1738691070,176
1738691074,183
1738691076,180
1738691079,179
1738691082,173
1738691085,181
1738691088,184
1738691091,179
1738691094,182
1738691097,183
1738691101,430
1738691104,427
1738691107,439
1738691107,None
1738691113,179
1738691116,179
1738691120,176
1738691122,180
1738691125,180
1738691128,171
1738691131,185
1738691135,183
1738691135,None
1738691141,182
1738691143,184
1738691143,None
1738691150,181
1738691150,None
1738691156,175
1738691159,190
1738691162,182
1738691165,180
1738691168,185
1738691171,182
1738691174,183
1738691177,169
1738691181,124
1738691183,127
1738691186,126
1738691186,None
1738691186,None
1738691195,124
1738691195,None
1738691201,123
1738691205,119
1738691208,121
1738691210,125
1738691213,126
1738691216,118
1738691220,133
1738691223,134
1738691226,367
1738691229,374
1738691232,375
1738691235,371
1738691238,360
1738691241,119
1738691244,119
1738691247,127
1738691250,125
1738691254,114
1738691256,121
1738691259,128
1738691262,124
1738691265,119
1738691268,123
1738691272,127
1738691275,114
1738691278,119
1738691281,129
1738691284,133
1738691287,122
1738691290,116
1738691293,125
1738691296,123
1738691299,126
1738691302,125
1738691305,124
1738691308,127
1738691311,120
1738691315,132
1738691317,125
1738691320,121
1738691323,126
1738691326,122
1738691329,121
1738691332,123
1738691336,119
1738691338,122
1738691341,130
1738691341,None
1738691348,128
1738691351,118
1738691351,None
1738691357,117
1738691357,None
1738691364,121
1738691366,122
1738691369,115
1738691372,120
1738691375,126
1738691379,117
1738691381,127
1738691384,123
1738691387,124
1738691390,123
1738691393,119
1738691396,123
1738691399,122
1738691403,120
1738691406,124
1738691409,119
1738691412,129
1738691415,120
1738691418,121
1738691421,124
1738691424,122
1738691427,122
1738691431,128
1738691433,115
1738691436,127
1738691439,117
1738691443,127
1738691443,None
1738691449,132
1738691452,129
1738691455,126
1738691458,125
1738691462,120
1738691464,127
1738691467,127
1738691470,117
1738691473,129
1738691476,118
1738691479,116
1738691483,122
1738691485,122
1738691488,120
1738691491,125
1738691494,128
1738691497,117
1738691501,130
1738691504,119
1738691507,120
1738691510,237
1738691513,366
1738691516,372
1738691519,383
1738691519,None
1738691525,117
1738691528,119
1738691531,129
1738691534,120
1738691537,122
1738691540,123
1738691543,123
1738691546,118
1738691546,None
1738691553,122
1738691556,125
1738691558,123
1738691562,116
1738691564,121
1738691567,122
1738691571,113
1738691574,119
1738691577,111
1738691580,115
1738691583,122
1738691586,121
1738691589,111
1738691592,109
1738691595,125
1738691598,118
1738691602,121
1738691604,113
1738691607,118
1738691611,124
1738691614,111
1738691617,121
1738691619,115
1738691619,None
1738691626,121
1738691629,116
1738691631,115
1738691635,119
1738691638,113
1738691641,121
1738691644,111
1738691647,118
1738691650,166
1738691653,364
1738691656,368
1738691659,364
1738691662,366
1738691666,264
1738691669,113
1738691671,102
1738691675,114
1738691678,104
1738691681,111
1738691683,110
1738691687,108
1738691690,113
1738691693,106
1738691696,106
1738691699,107
1738691702,107
1738691702,None
1738691708,102
1738691711,109
1738691714,107
1738691717,104
1738691717,None
1738691724,107
1738691727,116
1738691729,105
1738691732,109
1738691735,115
1738691738,98
1738691742,112
1738691745,108
1738691748,104
1738691748,None
1738691754,111
1738691757,106
1738691760,109
1738691763,110
1738691763,None
1738691769,112
1738691772,113
1738691775,112
1738691778,101
1738691781,104
1738691784,115
1738691787,106
1738691790,106
1738691793,112
1738691796,101
1738691799,111
1738691803,117
1738691805,111
1738691805,None
1738691811,112
1738691811,None
1738691818,109
1738691821,115
1738691821,None
1738691828,108
1738691828,None
1738691833,114
1738691836,103
1738691840,113
1738691843,108
1738691845,106
1738691848,110
1738691851,104
1738691854,99
1738691858,93
1738691860,93
1738691863,99
1738691866,93
1738691870,102
1738691873,97
1738691876,96
1738691879,96
1738691882,99
1738691885,99
1738691888,95
1738691891,105
1738691894,100
1738691897,107
1738691900,105
1738691903,105
1738691906,107
1738691909,104
1738691912,105
1738691915,101
1738691918,110
1738691921,132
1738691924,363
1738691928,354
1738691930,361
1738691933,278
1738691936,103
1738691939,106
1738691942,98
1738691946,108
1738691948,106
1738691952,101
1738691955,110
1738691958,100
1738691961,95
1738691964,97
1738691967,97
1738691970,98
1738691970,None
1738691976,105
1738691979,98
1738691982,95
1738691985,100
1738691988,99
1738691991,102
1738691994,101
1738691997,96
1738692000,104
1738692003,98
1738692007,101
1738692010,104
1738692013,103
1738692016,101
1738692016,None
1738692022,100
1738692025,104
1738692028,109
1738692031,106
1738692034,96
1738692037,119
1738692040,109
1738692043,105
1738692046,103
1738692049,110
1738692052,107
1738692055,114
1738692058,99
1738692061,100
1738692061,None
1738692067,108
1738692070,110
1738692074,111
1738692077,108
1738692080,106
1738692083,110
1738692083,None
1738692089,103
1738692092,99
1738692095,117
1738692095,None
1738692101,106
1738692101,None
1738692107,354
1738692110,357
1738692113,360
1738692116,348
1738692119,197
1738692122,115
1738692125,104
1738692128,106
1738692132,115
1738692135,103
1738692138,98
1738692141,112
1738692144,118
1738692147,103
1738692150,102
1738692153,100
1738692156,96
1738692159,112
1738692162,98
1738692165,110
1738692168,96
1738692171,110
1738692174,110
1738692177,98
1738692180,105
1738692180,None
1738692187,97
1738692189,101
1738692193,103
1738692196,102
1738692199,113
1738692199,None
1738692205,97
1738692208,104
1738692211,119
1738692214,108
1738692217,101
1738692220,104
1738692223,111
1738692226,98
1738692229,108
1738692232,99
1738692232,None
1738692239,114
1738692241,106
1738692245,111
1738692248,110
1738692251,98
1738692254,105
1738692257,105
1738692260,108
1738692263,96
1738692266,104
1738692269,108
1738692272,92
1738692275,111
1738692278,109
1738692278,None
1738692284,214
1738692287,296
1738692290,289
1738692294,283
1738692297,293
1738692300,288
1738692302,284
1738692306,451
1738692308,534
1738692311,536
1738692315,533
1738692318,473
1738692320,275
1738692324,289
1738692327,300
1738692330,299
1738692333,369
1738692336,370
1738692339,370
1738692342,362
1738692345,365
1738692348,355
1738692351,355
1738692355,353
1738692357,361
1738692360,360
1738692363,351
1738692367,337
1738692370,338
1738692373,350
1738692376,346
1738692379,339
1738692379,None
1738692385,341
1738692388,339
1738692391,331
1738692394,334
1738692397,336
1738692400,341
1738692400,None
1738692406,341
1738692409,334
1738692412,336
1738692415,328
1738692419,335
1738692422,325
1738692424,326
1738692428,342
1738692431,327
1738692434,336
1738692437,327
1738692440,328
1738692443,336
1738692446,336
1738692449,325
1738692452,336
1738692455,335
1738692458,338
1738692461,328
1738692464,333
1738692467,327
1738692471,331
1738692473,341
1738692476,324
1738692480,334
1738692482,328
1738692485,321
1738692489,336
1738692492,324
1738692495,330
1738692498,323
1738692501,335
1738692504,333
1738692507,578
1738692510,586
1738692513,591
1738692516,485
1738692519,323
1738692522,335
1738692525,323
1738692528,331
1738692528,None
1738692535,335
1738692537,329
1738692541,323
1738692543,329
1738692547,328
1738692550,335
1738692552,333
1738692556,326
1738692559,317
1738692562,331
1738692565,335
1738692569,321
1738692571,339
1738692574,328
1738692577,335
1738692580,331
1738692583,335
1738692586,336
1738692589,328
1738692592,341
1738692596,332
1738692599,327
1738692602,334
1738692604,329
1738692608,324
1738692611,342
1738692614,332
1738692617,328
1738692620,331
1738692623,338
1738692626,333
1738692629,342
1738692629,None
1738692635,336
1738692639,333
1738692641,328
1738692641,None
1738692647,329
1738692651,331
1738692653,336
1738692657,334
1738692657,None
1738692663,337
1738692666,335
1738692669,334
1738692672,335
1738692675,329
1738692678,324
1738692681,336
1738692684,333
1738692687,319
1738692691,332
1738692693,332
1738692696,327
1738692696,None
1738692702,337
1738692705,329
1738692709,328
1738692711,322
1738692715,335
1738692718,332
1738692721,326
1738692724,332
1738692727,334
1738692730,326
1738692733,324
1738692736,334
1738692739,335
1738692742,333
1738692745,326
1738692745,None
1738692751,338
1738692754,332
1738692757,338
1738692760,336
1738692763,333
1738692767,596
1738692767,None
1738692773,596
1738692775,595
1738692779,330
1738692782,330
1738692785,335
1738692788,328
1738692791,327
1738692794,337
1738692797,325
1738692800,334
1738692800,None
1738692806,336
1738692809,328
1738692812,336
1738692815,328
1738692818,330
1738692821,336
1738692825,333
1738692827,333
1738692831,332
1738692831,None
1738692836,334
1738692839,327
1738692843,340
1738692846,378
1738692849,589
1738692852,591
1738692855,587
1738692858,406
1738692861,329
1738692864,329
1738692867,331
1738692870,339
1738692873,324
1738692876,337
1738692879,334
1738692882,333
1738692885,323
1738692888,336
1738692891,337
1738692894,332
1738692897,327
1738692900,329
1738692903,335
1738692907,325
1738692909,324
1738692913,336
1738692916,336
1738692916,None
1738692916,None
1738692925,324
1738692925,None
1738692931,334
1738692934,330
1738692937,328
1738692940,329
1738692943,327
1738692946,331
1738692949,325
1738692952,324
1738692955,329
1738692955,None
1738692961,336
1738692965,335
1738692967,331
1738692971,324
1738692973,333
1738692973,None
1738692980,331
1738692983,325
1738692986,326
1738692989,329
1738692992,324
1738692995,332
1738692998,333
1738693001,329
1738693004,327
1738693007,331
1738693007,None
1738693014,332
1738693016,333
1738693019,331
1738693022,328
1738693026,333
1738693028,328
1738693032,348
1738693035,339
1738693038,325
1738693041,333
1738693044,334
1738693047,333
1738693050,333
1738693053,338
1738693056,340
1738693059,333
1738693062,319
1738693065,319
1738693065,None
1738693065,None
1738693074,324
1738693078,331
1738693080,330
1738693083,330
1738693086,324
1738693090,335
1738693093,334
1738693093,None
1738693098,331
1738693098,None
1738693105,332
1738693107,323
1738693110,336
1738693114,328
1738693117,326
1738693120,336
1738693123,330
1738693126,326
1738693129,333
1738693132,336
1738693135,328
1738693138,327
1738693142,338
1738693144,338
1738693147,335
1738693150,340
1738693153,338
1738693157,344
1738693160,334
1738693162,338
1738693166,338
1738693169,328
1738693172,338
1738693175,337
1738693178,335
1738693181,341
1738693184,340
1738693187,335
1738693190,341
1738693193,581
1738693193,None
1738693199,596
1738693202,588
1738693205,391
1738693205,None
1738693212,338
1738693214,327
1738693218,324
1738693220,449
1738693224,586
1738693227,596
1738693230,588
1738693233,516
1738693236,323
1738693239,328
1738693242,324
1738693242,None
1738693248,331
1738693251,327
1738693254,325
1738693257,324
1738693260,330
1738693263,325
1738693266,327
1738693266,None
1738693272,316
1738693275,330
1738693279,330
1738693281,327
1738693285,331
1738693287,325
1738693287,None
1738693293,326
1738693296,330
1738693299,322
1738693303,336
1738693305,325
1738693308,328
1738693312,326
1738693315,330
1738693318,333
1738693321,326
1738693324,324
1738693327,329
1738693330,327
1738693333,330
1738693336,322
1738693339,327
1738693342,325
1738693345,329
1738693348,325
1738693351,320
1738693354,326
1738693357,323
1738693357,None
1738693363,330
1738693366,320
1738693370,324
1738693372,329
1738693375,324
1738693378,322
1738693381,318
1738693384,319
1738693387,328
1738693391,326
1738693393,325
1738693396,328
1738693400,320
1738693403,337
1738693406,327
1738693409,322
1738693412,327
1738693415,328
1738693415,None
1738693422,181
1738693424,171
1738693427,162
1738693431,164
1738693433,173
1738693436,171
1738693439,168
1738693442,169
1738693446,173
1738693448,173
1738693451,166
1738693455,169
1738693458,174
1738693461,165
1738693464,167
1738693467,170
1738693470,171
1738693473,164
1738693476,173
1738693479,169
1738693482,165
1738693485,168
1738693488,164
1738693491,174
1738693494,163
1738693498,165
1738693498,None
1738693503,163
1738693507,170
1738693507,None
1738693513,166
1738693516,173
1738693519,168
1738693522,169
1738693525,168
1738693528,175
1738693531,171
1738693534,168
1738693537,171
1738693540,165
1738693543,166
1738693547,159
1738693549,164
1738693553,168
1738693556,168
1738693558,167
1738693561,167
1738693565,170
1738693568,165
1738693571,170
1738693574,176
1738693577,423
1738693580,431
1738693583,424
1738693586,428
1738693589,242
1738693592,168
1738693596,171
1738693598,167
1738693601,162
1738693605,172
1738693607,169
1738693611,161
1738693613,172
1738693616,169
1738693619,169
1738693623,164
1738693623,None
1738693629,159
1738693632,164
1738693635,175
1738693638,157
1738693641,175
1738693644,165
1738693647,162
1738693647,None
1738693654,172
1738693656,167
1738693656,None
1738693662,164
1738693665,174
1738693668,168
1738693671,163
1738693674,170
1738693677,284
1738693680,435
1738693683,426
1738693687,432
1738693690,164
1738693693,166
1738693696,171
1738693699,160
1738693702,169
1738693705,159
1738693708,165
1738693711,165
1738693714,171
1738693717,166
1738693720,167
1738693723,172
1738693726,165
1738693729,169
1738693732,162
1738693735,169
1738693738,163
1738693738,None
1738693745,163
1738693748,161
1738693751,165
1738693754,166
1738693757,167
1738693760,170
1738693762,165
1738693762,None
1738693769,174
1738693772,169
1738693775,158
1738693778,165
1738693781,171
1738693784,163
1738693787,163
1738693790,165
1738693793,163
1738693796,156
1738693799,162
1738693803,164
1738693806,164
1738693809,167
1738693811,163
1738693815,166
1738693818,161
1738693821,168
1738693824,169
1738693827,162
1738693830,172
1738693833,172
1738693836,156
1738693839,168
1738693842,163
1738693845,161
1738693848,162
1738693851,166
1738693854,169
1738693858,169
1738693860,167
1738693863,162
1738693867,155
1738693869,170
1738693873,171
1738693876,166
1738693879,162
1738693882,162
1738693885,166
1738693888,162
1738693891,161
1738693894,159
1738693897,160
1738693900,166
1738693904,172
1738693906,164
1738693910,166
1738693912,167
1738693916,171
1738693916,None
1738693916,None
1738693925,173
1738693928,169
1738693928,None
1738693928,None
1738693937,167
1738693940,167
1738693943,167
1738693946,169
1738693949,165
1738693952,162
1738693955,165
1738693958,158
1738693961,158
1738693964,167
1738693968,159
1738693970,161
1738693974,163
1738693974,None
1738693980,158
1738693983,171
1738693983,None
1738693989,162
1738693992,172
1738693992,None
1738693998,162
1738693998,None
1738694004,161
1738694007,161
1738694010,169
1738694013,162
1738694016,273
1738694019,427
1738694023,416
1738694026,420
1738694029,322
1738694032,163
1738694035,170
1738694038,171
1738694041,174
1738694044,176
1738694047,169
1738694050,174
1738694053,176
1738694056,166
1738694059,168
1738694062,176
1738694065,178
1738694068,170
1738694071,174
1738694074,167
1738694077,168
1738694080,171
1738694084,359
1738694086,431
1738694089,430
1738694093,319
1738694096,176
1738694099,166
1738694102,171
1738694105,177
1738694108,174
1738694111,168
1738694114,179
1738694117,168
1738694120,171
1738694123,179
1738694126,176
1738694129,176
1738694132,167
1738694136,175
1738694138,180
1738694142,169
1738694145,171
1738694148,180
1738694150,171
1738694154,179
1738694157,172
1738694160,171
1738694163,176
1738694166,178
1738694169,173
1738694172,167
1738694175,181
1738694178,172
1738694178,None
1738694184,171
1738694187,174
1738694190,170
1738694193,179
1738694196,169
1738694199,163
1738694202,174
1738694206,177
1738694208,175
1738694211,164
1738694215,174
1738694218,175
1738694221,165
1738694224,172
1738694227,167
1738694230,173
1738694233,177
1738694236,173
1738694239,164
1738694242,167
1738694245,175
1738694248,171
1738694251,173
1738694254,168
1738694257,178
1738694260,170
1738694263,167
1738694266,170
1738694270,182
1738694272,171
1738694276,167
1738694279,176
1738694282,173
1738694285,172
1738694288,177
1738694291,173
1738694294,174
1738694297,170
1738694300,169
1738694303,177
1738694306,166
1738694309,174
1738694312,174
1738694315,176
1738694318,172
1738694321,174
1738694325,175
1738694325,None
1738694330,179
1738694334,166
1738694336,181
1738694339,167
1738694342,175
1738694346,175
1738694349,170
1738694352,172
1738694355,173
1738694358,166
1738694358,None
1738694364,179
1738694367,168
1738694370,166
1738694373,177
1738694376,170
1738694379,173
1738694382,167
1738694385,173
1738694388,179
1738694391,167
1738694394,177
1738694397,325
1738694400,425
1738694404,430
1738694407,429
1738694409,430
1738694409,None
1738694416,181
1738694419,177
1738694422,179
1738694425,170
1738694428,166
1738694431,175
1738694434,163
1738694434,None
1738694440,173
1738694443,173
1738694446,170
1738694449,179
1738694452,169
1738694455,179
1738694458,175
1738694461,170
1738694464,178
1738694467,166
1738694470,177
1738694473,313
1738694476,429
1738694479,437
1738694482,432
1738694486,169
1738694489,173
1738694492,175
1738694495,167
1738694498,179
1738694501,174
1738694504,170
1738694507,178
1738694510,169
1738694513,173
1738694516,174
1738694519,176
1738694523,174
1738694525,175
1738694529,178
1738694531,171
1738694534,180
1738694538,171
1738694541,175
1738694544,174
1738694546,174
1738694550,174
1738694553,170
1738694556,171
1738694558,178
1738694562,169
1738694565,173
1738694568,173
1738694571,170
1738694574,179
1738694574,None
1738694580,180
1738694580,None
1738694586,178
1738694589,173
1738694592,175
1738694595,179
1738694598,175
1738694601,182
1738694604,165
1738694608,183
1738694610,169
1738694613,182
1738694616,179
1738694620,168
1738694623,182
1738694625,183
1738694629,175
1738694632,173
1738694635,183
1738694638,179
1738694641,180
1738694644,168
1738694648,179
1738694650,177
1738694653,158
1738694656,120
1738694659,119
1738694662,117
1738694666,124
1738694669,115
1738694672,118
1738694675,114
1738694677,108
1738694681,122
1738694684,113
1738694687,120
1738694690,116
1738694693,120
1738694696,114
1738694699,123
1738694702,114
1738694705,123
1738694708,121
1738694711,121
1738694714,123
1738694717,115
1738694720,114
1738694724,116
1738694726,118
1738694729,116
1738694729,None
1738694735,120
1738694739,113
1738694742,122
1738694745,118
1738694748,120
1738694751,112
1738694753,118
1738694757,122
1738694760,114
1738694763,110
1738694766,125
1738694769,114
1738694772,117
1738694776,124
1738694778,118
1738694778,None
1738694778,None
1738694787,120
1738694791,125
1738694793,122
1738694797,108
1738694800,110
1738694803,125
1738694806,120
1738694809,117
1738694812,115
1738694815,123
1738694818,113
1738694821,117
1738694821,None
1738694827,117
1738694830,114
1738694833,115
1738694836,119
1738694839,110
1738694842,125
1738694846,117
1738694848,120
1738694852,115
1738694854,115
1738694857,303
1738694860,375
1738694863,379
1738694866,431
1738694870,467
1738694873,390
1738694875,381
1738694879,178
1738694882,122
1738694885,116
1738694888,118
1738694891,121
1738694894,113
1738694897,125
1738694900,114
1738694903,121
1738694906,117
1738694906,None
1738694912,117
1738694912,None
1738694918,112
1738694921,120
1738694921,None
1738694927,112
1738694931,127
1738694933,120
1738694936,112
1738694940,123
1738694943,116
1738694946,114
1738694949,121
1738694952,121
1738694955,113
1738694978,116
1738694981,118
1738694984,111
1738694987,121
1738694990,112
1738694993,116
1738694996,120
1738694999,111
1738695002,120
1738695005,118
1738695008,120
1738695011,118
1738695014,121
1738695018,107
1738695020,120
1738695023,116
1738695027,114
1738695030,118
1738695032,115
1738695035,121
1738695039,119
1738695042,119
1738695045,111
1738695048,117
1738695051,107
1738695054,119
1738695057,117
1738695060,117
1738695064,121
1738695067,116
1738695069,118
1738695073,119
1738695076,114
1738695079,119
1738695082,109
1738695085,128
1738695088,120
1738695088,None
1738695094,121
1738695097,118
1738695100,119
1738695103,113
1738695106,119
1738695109,118
1738695112,109
1738695115,123
1738695118,118
1738695121,114
1738695125,120
1738695127,117
1738695131,119
1738695134,113
1738695137,124
1738695140,117
1738695143,113
1738695146,122
1738695149,112
1738695152,112
1738695155,109
1738695158,111
1738695161,102
1738695164,111
1738695167,111
1738695170,103
1738695173,104
1738695176,104
1738695179,111
1738695182,104
1738695185,104
1738695188,110
1738695192,111
1738695194,101
1738695198,111
1738695201,104
1738695204,99
1738695204,None
1738695210,258
1738695213,261
1738695213,None
1738695219,264
1738695223,261
1738695225,270
1738695228,264
1738695228,None
1738695235,269
1738695237,263
1738695241,486
1738695243,520
1738695246,519
1738695250,513
1738695252,514
1738695256,294
1738695259,265
1738695262,251
1738695265,272
1738695268,263
1738695271,328
1738695274,523
1738695274,None
1738695280,526
1738695283,311
1738695286,263
1738695289,266
1738695293,254
1738695295,263
1738695298,255
1738695301,255
1738695305,263
1738695307,257
1738695311,262
1738695314,262
1738695317,254
1738695319,255
1738695323,260
1738695326,258
1738695329,265
1738695332,258
1738695335,251
1738695338,261
1738695341,260
1738695345,262
1738695347,255
1738695351,258
1738695353,265
1738695356,258
1738695360,255
1738695363,263
1738695365,262
1738695369,256
1738695369,None
1738695375,265
1738695378,263
1738695381,263
1738695384,259
1738695387,253
1738695390,254
1738695393,269
1738695396,262
1738695399,259
1738695402,255
1738695405,254
1738695405,None
1738695412,261
1738695414,257
1738695418,256
1738695421,253
1738695424,264
1738695427,265
1738695430,250
1738695433,263
1738695433,None
1738695439,263
1738695442,264
1738695445,268
1738695448,260
1738695451,271
1738695454,263
1738695457,269
1738695460,267
1738695463,268
1738695467,267
1738695469,264
1738695473,268
1738695476,271
1738695479,264
1738695482,271
1738695485,264
1738695488,274
1738695491,268
1738695494,275
1738695497,268
1738695500,258
1738695503,261
1738695506,257
1738695509,262
1738695512,259
1738695515,264
1738695518,255
1738695521,261
1738695521,None
1738695527,254
1738695531,257
1738695533,255
1738695536,263
1738695540,256
1738695543,263
1738695546,261
1738695546,None
1738695552,268
1738695555,260
1738695558,256
1738695561,256
1738695564,259
1738695567,261
1738695570,263
1738695570,None
1738695576,256
1738695579,248
1738695582,259
1738695586,264
1738695589,260
1738695589,None
1738695594,268
1738695598,253
1738695601,257
1738695604,268
1738695606,262
1738695610,251
1738695613,266
1738695616,258
1738695619,262
1738695622,262
1738695625,261
1738695628,255
1738695631,261
1738695631,None
1738695637,259
1738695640,261
1738695643,258
1738695646,263
1738695649,451
1738695652,515
1738695652,None
1738695659,421
1738695661,260
1738695665,261
1738695668,265
1738695671,258
1738695674,259
1738695677,263
1738695680,264
1738695683,261
1738695686,261
1738695689,258
1738695692,261
1738695695,260
1738695698,250
1738695701,267
1738695704,262
1738695707,253
1738695707,None
1738695714,264
1738695716,264
1738695720,257
1738695722,262
1738695725,264
1738695729,251
1738695729,None
1738695734,259
1738695738,257
1738695738,None
1738695744,453
1738695747,508
1738695750,513
1738695753,506
1738695756,456
1738695759,256
1738695762,262
1738695764,267
1738695768,257
1738695771,261
1738695774,255
1738695777,256
1738695780,260
1738695783,261
1738695786,258
1738695789,263
1738695789,None
1738695795,263
1738695798,256
1738695798,None
1738695798,None
1738695808,270
1738695810,266
1738695813,316
1738695817,358
1738695819,369
1738695822,370
1738695826,363
1738695829,355
1738695829,None
1738695835,350
1738695838,348
1738695841,348
1738695844,351
1738695847,339
1738695851,343
1738695853,335
1738695856,346
1738695856,None
1738695862,335
1738695865,332
1738695868,335
1738695871,325
1738695875,328
1738695877,328
1738695880,323
1738695884,331
1738695887,328
1738695889,328
1738695893,328
1738695896,330
1738695899,333
1738695902,316
1738695905,331
1738695908,333
1738695911,327
1738695914,326
1738695917,324
1738695917,None
1738695924,331
1738695926,343
1738695930,325
1738695933,335
1738695935,339
1738695939,330
1738695942,330
1738695945,335
1738695948,331
1738695948,None
1738695955,332
1738695957,329
1738695960,328
1738695963,333
1738695966,327
1738695969,335
1738695972,329
1738695975,335
1738695978,332
1738695981,332
1738695984,336
1738695987,331
1738695990,338
1738695994,327
1738695996,329
1738695999,337
1738696002,330
1738696006,342
1738696009,334
1738696012,331
1738696015,338
1738696018,341
1738696021,325
1738696024,339
1738696027,335
1738696030,330
1738696033,340
1738696036,332
1738696039,334
1738696042,331
1738696045,332
1738696048,468
1738696051,591
1738696054,597
1738696057,582
1738696060,495
1738696063,334
1738696066,331
1738696069,334
1738696072,336
1738696076,328
1738696079,330
1738696082,336
1738696085,331
1738696088,321
1738696091,340
1738696094,333
1738696097,333
1738696100,327
1738696103,327
1738696106,333
1738696109,335
1738696109,None
1738696115,335
1738696118,325
1738696122,338
1738696125,334
1738696128,336
1738696130,337
1738696134,375
1738696137,581
1738696140,581
1738696143,574
1738696146,362
1738696149,328
1738696152,341
1738696155,332
1738696158,337
1738696161,334
1738696164,333
1738696167,336
1738696170,334
1738696173,334
1738696176,330
1738696179,335
1738696182,326
1738696185,341
1738696188,325
1738696191,338
1738696194,325
1738696198,332
1738696201,333
1738696204,333
1738696207,334
1738696210,325
1738696213,336
1738696216,331
1738696219,332
1738696219,None
1738696225,328
1738696228,334
1738696232,331
1738696234,331
1738696237,334
1738696237,None
1738696243,326
1738696247,340
1738696250,333
1738696252,330
1738696256,335
1738696259,332
1738696262,330
1738696265,334
1738696268,327
1738696271,336
1738696274,328
1738696277,331
1738696280,337
1738696283,332
1738696286,320
1738696289,339
1738696289,None
1738696295,333
1738696298,330
1738696301,332
1738696305,328
1738696308,333
1738696311,325
1738696313,339
1738696316,336
1738696320,324
1738696322,326
1738696322,None
1738696329,331
1738696332,326
1738696335,337
1738696338,329
1738696341,328
1738696344,330
1738696347,330
1738696350,336
1738696353,325
1738696356,332
1738696359,337
1738696362,326
1738696362,None
1738696368,337
1738696371,332
1738696375,324
1738696378,333
1738696381,335
1738696383,331
1738696386,335
1738696390,334
1738696393,334
1738696396,337
1738696399,248
1738696402,187
1738696405,183
1738696408,172
1738696411,188
1738696414,177
1738696417,179
1738696420,178
1738696423,179
1738696426,185
1738696429,175
1738696432,179
1738696435,184
1738696438,175
1738696441,177
1738696444,188
1738696447,182
1738696451,174
1738696454,180
1738696457,174
1738696460,177
1738696463,180
1738696466,178
1738696469,178
1738696472,309
1738696475,424
1738696478,429
1738696481,421
1738696484,409
1738696488,186
1738696490,180
1738696493,322
1738696496,433
1738696500,428
1738696502,429
1738696505,237
1738696509,178
1738696511,181
1738696515,174
1738696517,169
1738696520,183
1738696524,170
1738696524,None
1738696530,174
1738696530,None
1738696536,177
1738696539,177
1738696542,173
1738696545,175
1738696549,171
1738696551,172
1738696554,177
1738696557,172
1738696560,176
1738696563,180
1738696566,170
1738696569,179
1738696572,176
1738696575,169
1738696575,None
1738696582,174
1738696584,178
1738696588,175
1738696591,177
1738696594,181
1738696597,173
1738696600,163
1738696603,185
1738696606,177
1738696609,171
1738696612,171
1738696615,172
1738696618,181
1738696621,172
1738696624,177
1738696628,172
1738696630,164
1738696633,171
1738696636,182
1738696639,175
1738696642,172
1738696646,171
1738696649,174
1738696652,167
1738696655,170
1738696658,174
1738696661,178
1738696664,166
1738696667,177
1738696670,168
1738696673,176
1738696676,171
1738696679,175
1738696682,173
1738696686,171
1738696688,173
1738696692,172
1738696692,None
1738696697,173
1738696700,173
1738696704,170
1738696707,177
1738696709,166
1738696713,175
1738696713,None
1738696713,None
1738696722,168
1738696725,172
1738696728,170
1738696730,171
1738696734,173
1738696737,169
1738696740,175
1738696743,168
1738696743,None
1738696749,169
1738696752,170
1738696755,170
1738696758,168
1738696758,None
1738696765,172
1738696767,168
1738696767,None
1738696773,171
1738696776,166
1738696779,167
1738696782,177
1738696785,171
1738696785,None
1738696791,162
1738696795,165
1738696798,168
1738696801,173
1738696804,171
1738696807,176
1738696810,172
1738696813,163
1738696816,161
1738696819,177
1738696822,173
1738696825,170
1738696828,170
1738696831,170
1738696834,171
1738696837,169
1738696840,165
1738696844,172
1738696847,167
1738696847,None
1738696847,None
1738696856,170
1738696859,169
1738696862,167
1738696865,176
1738696868,165
1738696871,223
1738696874,419
1738696878,421
1738696880,419
1738696883,297
1738696886,173
1738696889,175
1738696893,330
1738696895,431
1738696899,424
1738696901,429
1738696905,214
1738696908,173
1738696911,176
1738696914,174
1738696914,None
1738696920,175
1738696923,173
1738696926,169
1738696929,173
1738696932,171
1738696935,161
1738696939,177
1738696941,173
1738696944,166
1738696947,171
1738696950,172
1738696954,169
1738696954,None
1738696960,169
1738696962,173
1738696966,169
1738696969,162
1738696972,173
1738696975,175
1738696978,171
1738696981,175
1738696984,170
1738696987,172
1738696990,177
1738696993,164
1738696996,173
1738696999,172
1738696999,None
1738697006,178
1738697008,174
1738697011,168
1738697014,171
1738697017,174
1738697022,172
1738697024,168
1738697027,171
1738697031,169
1738697034,169
1738697036,176
1738697039,172
1738697042,165
1738697045,181
1738697048,168
1738697052,174
1738697054,173
1738697057,166
1738697060,171
1738697063,169
1738697063,None
1738697070,172
1738697073,164
1738697075,162
1738697078,178
1738697078,None
1738697085,164
1738697088,169
1738697091,174
1738697094,170
1738697097,176
1738697097,None
1738697103,178
1738697103,None
1738697109,164
1738697113,179
1738697115,169
1738697118,169
1738697122,172
1738697125,173
1738697128,166
1738697130,170
1738697134,174
1738697134,None
1738697140,173
1738697143,172
1738697146,169
1738697149,164
1738697152,172
1738697155,171
1738697158,171
1738697161,165
1738697164,167
1738697167,175
1738697170,165
1738697173,176
1738697177,174
1738697180,161
1738697182,172
1738697185,171
1738697188,173
1738697191,165
1738697194,171
1738697198,169
1738697201,163
1738697204,179
1738697206,172
1738697209,166
1738697213,170
1738697216,173
1738697219,171
1738697222,318
1738697225,412
1738697228,413
1738697231,414
1738697234,425
1738697237,417
1738697240,206
1738697240,None
1738697240,None
1738697249,172
1738697252,172
1738697255,167
1738697258,175
1738697261,166
1738697264,173
1738697267,178
1738697270,171
1738697274,168
1738697274,None
1738697280,165
1738697283,167
1738697285,173
1738697289,167
1738697292,171
1738697295,177
1738697298,173
1738697301,397
1738697304,427
1738697307,418
1738697310,348
1738697313,166
1738697316,166
1738697316,None
1738697322,176
1738697325,170
1738697328,175
1738697331,174
1738697334,166
1738697337,169
1738697341,175
1738697341,None
1738697347,161
1738697349,174
1738697353,171
1738697356,169
1738697359,171
1738697359,None
1738697365,171
1738697368,175
1738697368,None
1738697374,175
1738697377,182
1738697377,None
1738697383,170
1738697386,174
1738697389,185
1738697392,178
1738697395,173
1738697399,177
1738697401,179
1738697405,168
1738697407,181
1738697407,None
1738697414,176
1738697417,182
1738697420,176
1738697423,169
1738697426,177
1738697429,179
1738697432,174
1738697435,173
1738697438,172
1738697442,176
1738697444,174
1738697447,179
1738697451,170
1738697454,175
1738697457,185
1738697459,178
1738697463,188
1738697466,186
1738697469,179
1738697472,188
1738697475,186
1738697478,182
1738697481,180
1738697484,189
1738697487,181
1738697490,182
1738697493,185
1738697496,178
1738697500,176
1738697502,182
1738697505,175
1738697509,179
1738697511,180
1738697514,176
1738697517,174
1738697521,181
1738697523,179
1738697523,None
1738697529,173
1738697533,181
1738697536,180
1738697539,177
1738697542,170
1738697545,181
1738697548,172
1738697551,172
1738697554,173
1738697557,178
1738697561,173
1738697564,177
1738697566,173
1738697570,179
1738697570,None
1738697575,168
1738697578,184
1738697581,181
1738697585,169
1738697587,185
1738697591,178
1738697594,177
1738697597,180
1738697600,179
1738697603,176
1738697606,179
1738697609,172
1738697612,176
1738697615,178
1738697618,173
1738697621,185
1738697624,178
1738697628,180
1738697628,None
1738697633,179
1738697637,179
1738697639,176
1738697642,176
1738697646,183
1738697649,177
1738697652,171
1738697655,181
1738697658,173
1738697661,175
1738697664,179
1738697667,174
1738697670,178
1738697673,174
1738697676,216
1738697679,432
1738697683,428
1738697685,427
1738697688,334
1738697692,177
1738697694,166
1738697697,180
1738697700,175
1738697703,171
1738697703,None
1738697710,179
1738697713,175
1738697716,170
1738697719,174
1738697722,181
1738697725,182
1738697728,186
1738697728,None
1738697734,180
1738697737,190
1738697740,186
1738697743,307
1738697746,439
1738697749,438
1738697752,437
1738697755,345
1738697758,184
1738697761,192
1738697764,185
1738697768,180
1738697771,195
1738697774,185
1738697777,182
1738697779,193
1738697782,188
1738697785,186
1738697789,182
1738697792,180
1738697795,172
1738697798,178
1738697801,181
1738697804,171
1738697807,184
1738697810,178
1738697813,176
1738697816,182
1738697819,175
1738697819,None
1738697825,178
1738697828,177
1738697831,178
1738697835,176
1738697838,179
1738697840,172
1738697843,176
1738697846,174
1738697850,172
1738697852,176
1738697856,177
1738697859,178
1738697862,176
1738697865,181
1738697868,181
1738697871,174
1738697874,177
1738697877,175
1738697877,None
1738697877,None
1738697886,179
1738697889,175
1738697889,None
1738697896,183
1738697899,177
1738697902,170
1738697905,174
1738697908,177
1738697911,175
1738697914,174
1738697917,174
1738697920,177
1738697923,182
1738697926,171
1738697926,None
1738697926,None
1738697935,175
1738697939,179
1738697941,173
1738697944,181
1738697947,175
1738697950,177
1738697954,176
1738697957,178
1738697960,175
1738697963,175
1738697966,178
1738697966,None
1738697966,None
1738697975,180
1738697978,180
1738697981,179
1738697984,180
1738697987,179
1738697990,177
1738697993,186
1738697996,178
1738697999,174
1738698002,188
1738698006,176
1738698008,179
1738698008,None
1738698015,121
1738698015,None
1738698021,119
1738698024,118
1738698027,125
1738698030,131
1738698033,123
1738698036,115
1738698039,114
1738698042,121
1738698045,128
1738698048,119
1738698048,None
1738698054,119
1738698057,112
1738698060,123
1738698063,133
1738698066,122
1738698069,121
1738698069,None
1738698075,370
1738698079,375
1738698081,372
1738698085,201
1738698088,111
1738698091,122
1738698094,120
1738698097,116
1738698100,122
1738698103,118
1738698106,122
1738698109,122
1738698112,122
1738698115,205
1738698118,372
1738698121,366
1738698124,376
1738698127,369
1738698131,213
1738698134,122
1738698134,None
1738698140,121
1738698143,121
1738698145,117
1738698149,121
1738698152,114
1738698155,124
1738698158,114
1738698161,117
1738698164,121
1738698167,113
1738698170,116
1738698173,121
1738698177,120
1738698179,118
1738698182,124
1738698185,161
1738698188,262
1738698191,279
1738698194,277
1738698197,276
1738698200,275
1738698203,278
1738698206,277
1738698209,280
1738698212,269
1738698216,267
1738698219,279
1738698222,274
1738698224,271
1738698228,266
1738698231,274
1738698231,None
1738698237,270
1738698240,275
1738698243,265
1738698243,None
1738698249,278
1738698252,273
1738698255,266
1738698258,278
1738698258,None
1738698265,273
1738698267,268
1738698267,None
1738698273,270
1738698276,270
1738698279,270
1738698283,278
1738698285,273
1738698288,268
1738698292,269
1738698295,276
1738698298,273
1738698301,278
1738698304,271
1738698307,270
1738698310,275
1738698313,277
1738698316,275
1738698319,264
1738698322,275
1738698325,277
1738698328,271
1738698328,None
1738698334,272
1738698337,274
1738698341,278
1738698343,271
1738698343,None
1738698350,269
1738698353,278
1738698356,273
1738698359,274
1738698362,274
1738698365,268
1738698368,272
1738698371,279
1738698374,274
1738698374,None
1738698380,270
1738698383,276
1738698386,268
1738698390,273
1738698392,271
1738698395,272
1738698398,267
1738698402,267
1738698402,None
1738698407,267
1738698411,265
1738698414,274
1738698417,262
1738698420,263
1738698423,271
1738698426,268
1738698429,264
1738698432,263
1738698435,268
1738698438,270
1738698441,274
1738698444,267
1738698447,344
1738698450,530
1738698453,522
1738698456,516
1738698459,350
1738698462,269
1738698462,None
1738698468,276
1738698472,266
1738698475,269
1738698478,272
1738698480,260
1738698484,279
1738698487,270
1738698490,265
1738698493,273
1738698496,269
1738698499,270
1738698502,272
1738698505,272
1738698508,271
1738698511,264
1738698514,275
1738698514,None
1738698520,261
1738698523,280
1738698526,269
1738698530,268
1738698532,423
1738698536,515
1738698539,518
1738698541,517
1738698544,463
1738698548,258
1738698551,257
1738698554,266
1738698557,257
1738698560,260
1738698563,263
1738698566,260
1738698569,260
1738698572,258
1738698575,259
1738698578,256
1738698581,251
1738698584,269
1738698588,262
1738698591,253
1738698591,None
1738698597,256
1738698600,257
1738698603,266
1738698605,257
1738698609,249
1738698612,249
1738698615,269
1738698618,262
1738698621,259
1738698624,258
1738698627,257
1738698627,None
1738698633,264
1738698636,257
1738698640,258
1738698642,246
1738698645,258
1738698648,265
1738698651,258
1738698654,255
1738698657,255
1738698660,261
1738698664,259
1738698666,256
1738698670,261
1738698673,265
1738698676,256
1738698679,262
1738698682,261
1738698685,255
1738698688,262
1738698691,257
1738698694,264
1738698697,260
1738698700,261
1738698703,266
1738698706,256
1738698709,255
1738698713,271
1738698715,267
1738698718,262
1738698722,260
1738698726,269
1738698727,267
1738698731,265
1738698734,263
1738698737,265
1738698740,268
1738698743,273
1738698746,262
1738698749,258
1738698752,272
1738698755,263
1738698758,267
1738698761,270
1738698764,266
1738698767,268
1738698770,257
1738698773,257
1738698776,263
1738698779,259
1738698782,246
1738698785,262
1738698789,262
1738698792,256
1738698794,262
1738698797,253
1738698801,264
1738698804,266
1738698807,259
1738698810,250
1738698813,255
1738698816,263
1738698819,261
1738698822,260
1738698825,256
1738698828,259
1738698831,454
1738698834,519
1738698837,509
1738698840,450
1738698843,259
1738698846,264
1738698849,260
1738698853,264
1738698856,256
1738698859,262
1738698862,265
1738698864,254
1738698868,257
1738698871,262
1738698873,258
1738698877,259
1738698881,262
1738698883,263
1738698886,256
1738698889,261
1738698892,260
1738698892,None
1738698898,261
1738698901,258
1738698904,261
1738698907,262
1738698910,261
1738698913,261
1738698916,267
1738698919,251
1738698923,267
1738698925,264
1738698928,262
1738698931,262
1738698931,None
1738698938,258
1738698941,264
1738698944,254
1738698947,264
1738698947,None
1738698953,473
1738698956,510
1738698959,505
1738698962,510
1738698965,362
1738698968,256
1738698971,272
1738698975,262
1738698977,252
1738698980,256
1738698984,261
1738698986,260
1738698989,262
1738698993,262
1738698996,251
1738698999,254
1738699002,271
1738699002,None
1738699008,261
1738699011,262
1738699014,259
1738699014,None
1738699020,263
1738699023,256
1738699026,261
1738699029,267
1738699032,262
1738699035,257
1738699039,264
1738699042,261
1738699044,268
1738699047,254
1738699050,259
1738699050,None
1738699050,None
1738699059,251
1738699063,263
1738699066,261
1738699069,259
1738699072,260
1738699075,259
1738699078,252
1738699081,249
1738699084,270
1738699087,263
1738699090,260
1738699093,263
1738699096,253
1738699099,254
1738699102,263
1738699105,264
1738699105,None
1738699112,257
1738699115,267
1738699118,264
1738699121,260
1738699124,267
1738699127,263
1738699130,260
1738699133,267
1738699136,260
1738699139,260
1738699141,266
1738699141,None
1738699148,265
1738699151,262
1738699154,261
1738699157,262
1738699160,259
1738699163,256
1738699166,269
1738699169,262
1738699173,262
1738699175,258
1738699175,None
1738699175,None
1738699184,274
1738699187,290
1738699190,331
1738699194,351
1738699197,374
1738699199,376
1738699203,361
1738699206,349
1738699206,None
1738699212,354
1738699215,344
1738699218,353
1738699221,339
1738699224,345
1738699227,576
1738699230,597
1738699234,591
1738699236,574
1738699240,334
1738699243,332
1738699245,336
1738699249,334
1738699252,330
1738699255,337
1738699258,328
1738699261,336
1738699264,332
1738699267,330
1738699270,334
1738699273,330
1738699276,324
1738699279,333
1738699282,327
1738699285,320
1738699288,329
1738699291,324
1738699294,330
1738699297,326
1738699300,319
1738699304,327
1738699307,324
1738699309,329
1738699313,320
1738699316,326
1738699319,328
1738699322,323
1738699324,319
1738699328,334
1738699331,324
1738699334,322
1738699337,330
1738699340,327
1738699343,328
1738699346,316
1738699349,322
1738699352,332
1738699355,326
1738699358,320
1738699362,327
1738699364,324
1738699368,476
1738699370,569
1738699374,574
1738699377,520
1738699379,350
1738699383,172
1738699386,183
1738699389,173
1738699392,172
1738699395,176
1738699398,169
1738699398,None
1738699404,175
1738699407,173
1738699410,178
1738699413,177
1738699416,170
1738699419,180
1738699422,169
1738699425,177
1738699429,174
1738699431,174
1738699434,174
1738699437,166
1738699440,177
1738699443,175
1738699447,169
1738699450,175
1738699453,174
1738699456,177
1738699459,174
1738699462,173
1738699465,175
1738699468,167
1738699471,179
1738699474,166
1738699477,177
1738699477,None
1738699483,177
1738699486,170
1738699489,173
1738699492,178
1738699495,173
1738699499,175
1738699501,167
1738699504,175
1738699507,172
1738699510,176
1738699510,None
1738699517,167
1738699517,None
1738699522,172
1738699522,None
1738699529,177
1738699532,174
1738699535,173
1738699538,168
1738699541,172
1738699544,172
1738699547,176
1738699550,175
1738699553,177
1738699556,174
1738699559,161
1738699562,171
1738699565,176
1738699569,176
1738699569,None
1738699575,174
1738699577,162
1738699580,165
1738699584,175
1738699586,173
1738699590,171
1738699593,168
1738699596,171
1738699599,172
1738699602,172
1738699602,None
1738699608,166
1738699611,176
1738699614,172
1738699617,165
1738699620,173
1738699623,169
1738699626,170
1738699629,212
1738699632,390
1738699635,423
1738699638,433
1738699642,427
1738699644,210
1738699647,174
1738699651,168
1738699653,176
1738699657,174
1738699660,170
1738699662,172
1738699666,177
1738699669,168
1738699672,179
1738699675,168
1738699678,174
1738699681,172
1738699684,178
1738699687,173
1738699690,172
1738699693,175
1738699696,170
1738699699,174
1738699702,174
1738699705,170
1738699708,179
1738699711,170
1738699714,175
1738699718,172
1738699721,173
1738699724,169
1738699727,171
1738699730,167
1738699733,167
1738699736,173
1738699739,169
1738699742,169
1738699745,173
1738699748,169
1738699751,172
1738699754,175
1738699757,173
1738699760,231
1738699763,420
1738699766,426
1738699769,428
1738699772,355
1738699775,176
1738699779,173
1738699779,None
1738699785,174
1738699788,174
1738699791,172
1738699794,174
1738699797,165
1738699800,177
1738699803,174
1738699806,167
1738699809,170
1738699812,178
1738699815,169
1738699818,175
1738699821,166
1738699821,None
1738699827,177
1738699830,173
1738699833,170
1738699836,174
1738699839,165
1738699839,None
1738699845,171
1738699849,178
1738699851,170
1738699855,169
1738699858,171
1738699861,176
1738699864,178
1738699867,176
1738699870,168
1738699873,175
1738699876,175
1738699879,166
1738699882,169
1738699885,170
1738699888,174
1738699888,None
1738699894,167
1738699897,176
1738699900,169
1738699903,167
1738699906,177
1738699909,171
1738699913,171
1738699916,171
1738699919,167
1738699921,179
1738699925,168
1738699928,179
1738699931,176
1738699934,167
1738699936,181
1738699940,176
1738699940,None
1738699946,171
1738699949,179
1738699952,176
1738699955,179
1738699958,165
1738699961,177
1738699964,181
1738699967,175
1738699970,172
1738699973,177
1738699977,170
1738699979,171
1738699982,170
1738699985,172
1738699989,176
1738699992,166
1738699995,180
1738699998,173
1738700001,166
1738700004,172
1738700007,168
1738700010,173
1738700013,172
1738700016,172
1738700019,166
1738700022,172
1738700025,169
1738700025,None
1738700032,164
1738700035,163
1738700037,172
1738700040,169
1738700043,172
1738700047,171
1738700049,174
1738700049,None
1738700056,175
1738700058,170
1738700062,168
1738700064,232
1738700068,426
1738700071,426
1738700074,428
1738700077,401
1738700079,168
1738700083,169
1738700086,165
1738700089,171
1738700089,None
1738700095,165
1738700095,None
1738700102,178
1738700104,175
1738700107,168
1738700107,None
1738700114,169
1738700117,170
1738700119,174
1738700123,170
1738700126,162
1738700129,171
1738700132,174
1738700135,171
1738700138,387
1738700141,418
1738700144,421
1738700147,413
1738700150,294
1738700153,163
1738700157,173
1738700159,168
1738700163,160
1738700166,174
1738700169,169
1738700172,166
1738700175,169
1738700175,None
1738700181,170
1738700184,175
1738700187,166
1738700190,172
1738700193,171
1738700196,164
1738700199,172
1738700202,163
1738700205,169
1738700209,163
1738700212,163
1738700214,170
1738700217,172
1738700221,172
1738700223,169
1738700226,178
1738700229,172
1738700232,161
1738700236,176
1738700239,168
1738700243,170
1738700245,165
1738700247,169
1738700251,174
1738700253,163
1738700253,None
1738700260,177
1738700263,170
1738700266,169
1738700269,172
1738700272,179
1738700275,178
1738700278,173
1738700281,179
1738700284,172
1738700287,169
1738700290,177
1738700293,183
1738700296,177
1738700299,176
1738700303,169
1738700306,171
1738700309,176
1738700311,175
1738700315,180
1738700317,178
1738700321,169
1738700324,165
1738700327,180
1738700330,166
1738700333,167
1738700336,176
1738700339,170
1738700343,168
1738700345,165
1738700348,168
1738700351,162
1738700354,174
1738700358,175
1738700358,None
1738700364,177
1738700367,168
1738700367,None
1738700373,171
1738700375,171
1738700379,167
1738700381,167
1738700385,170
1738700388,161
1738700391,172
1738700394,163
1738700397,166
1738700400,167
1738700403,168
1738700406,163
1738700406,None
1738700412,173
1738700415,161
1738700418,173
1738700421,166
1738700425,161
1738700428,167
1738700431,164
1738700434,169
1738700437,162
1738700440,162
1738700443,172
1738700446,169
1738700449,166
1738700452,157
1738700455,170
1738700458,171
1738700461,166
1738700464,173
1738700467,161
1738700470,165
1738700473,177
1738700477,167
1738700477,None
1738700482,159
1738700486,171
1738700489,171
1738700491,175
1738700495,163
1738700498,164
1738700500,176
1738700504,165
1738700507,169
1738700510,166
1738700513,164
1738700516,169
1738700519,208
1738700522,421
1738700525,423
1738700528,427
1738700532,194
1738700534,171
1738700534,None
1738700540,170
1738700544,167
1738700546,167
1738700550,169
1738700553,167
1738700556,168
1738700559,167
1738700562,193
1738700565,424
1738700568,411
1738700571,422
1738700574,413
1738700577,183
1738700580,168
1738700583,163
1738700586,164
1738700589,167
1738700592,168
1738700595,160
1738700598,169
1738700601,164
1738700605,161
1738700607,165
1738700611,170
1738700613,166
1738700617,164
1738700620,167
1738700623,167
1738700626,159
1738700629,167
1738700632,164
1738700635,160
1738700638,170
1738700641,161
1738700644,166
1738700647,166
1738700651,165
1738700653,165
1738700656,170
1738700659,159
1738700662,169
1738700665,166
1738700668,160
1738700671,169
1738700675,164
1738700677,168
1738700681,164
1738700684,169
1738700686,163
1738700690,160
1738700693,168
1738700696,159
1738700699,166
1738700702,167
1738700705,159
1738700708,170
1738700711,166
1738700714,161
1738700717,164
1738700717,None
1738700724,167
1738700727,165
1738700730,160
1738700733,168
1738700736,162
1738700739,169
1738700742,165
1738700745,161
1738700748,163
1738700751,162
1738700754,166
1738700757,168
1738700760,164
1738700763,164
1738700763,None
1738700769,171
1738700773,161
1738700775,170
1738700778,166
1738700781,168
1738700784,161
1738700787,167
1738700787,None
1738700794,175
1738700796,169
1738700799,176
1738700802,172
1738700805,167
1738700805,None
1738700811,163
1738700815,181
1738700818,170
1738700821,167
1738700824,174
1738700827,174
1738700830,168
1738700833,173
1738700836,168
1738700839,166
1738700842,176
1738700845,164
1738700848,170
1738700851,172
1738700855,163
1738700857,162
1738700860,165
1738700863,164
1738700866,167
1738700870,164
1738700873,160
1738700875,162
1738700879,173
1738700882,169
1738700884,168
1738700887,164
1738700891,169
1738700894,173
1738700897,170
1738700900,373
1738700900,None
1738700906,422
1738700909,427
1738700912,220
1738700912,None
1738700919,173
1738700921,172
1738700925,170
1738700927,175
1738700931,171
1738700933,172
1738700936,174
1738700940,170
1738700940,None
1738700946,167
1738700949,170
1738700952,169
1738700955,346
1738700958,420
1738700961,418
1738700964,392
1738700967,169
1738700970,176
1738700973,170
1738700976,172
1738700979,174
1738700982,176
1738700985,175
1738700988,177
1738700991,178
1738700995,170
1738700998,176
1738701000,170
1738701004,172
1738701006,179
1738701010,174
1738701013,176
1738701016,173
1738701019,172
1738701022,179
1738701022,None
1738701028,169
1738701031,175
1738701034,176
1738701037,174
1738701040,177
1738701043,174
1738701046,178
1738701049,186
1738701052,175
1738701055,179
1738701059,182
1738701062,173
1738701065,183
1738701068,186
1738701071,181
1738701074,176
1738701077,184
1738701080,181
1738701083,178
1738701086,182
1738701089,183
1738701092,176
1738701095,182
1738701098,172
1738701101,173
1738701104,174
1738701107,168
1738701110,177
1738701113,171
1738701113,None
1738701120,173
1738701122,176
1738701125,169
1738701129,179
1738701132,171
1738701134,172
1738701138,175
1738701141,173
1738701144,174
1738701147,176
1738701150,173
1738701153,169
1738701156,172
1738701156,None
1738701162,174
1738701165,332
1738701168,333
1738701171,321
1738701174,321
1738701178,326
1738701180,318
1738701184,333
1738701187,319
1738701190,324
1738701192,331
1738701196,318
1738701198,328
1738701202,324
1738701205,319
1738701207,326
1738701207,None
1738701214,325
1738701217,320
1738701220,327
1738701223,325
1738701226,320
1738701229,317
1738701232,330
1738701235,329
1738701238,324
1738701241,328
1738701244,318
1738701248,322
1738701248,None
1738701253,330
1738701253,None
1738701260,325
1738701263,328
1738701266,319
1738701269,322
1738701269,None
1738701275,325
1738701278,323
1738701278,None
1738701284,323
1738701287,321
1738701290,548
1738701294,575
1738701296,576
1738701299,572
1738701302,648
1738701306,574
1738701308,574
1738701308,None
1738701314,327
1738701317,327
1738701321,326
1738701323,333
1738701327,326
1738701329,329
1738701333,330
1738701336,326
1738701339,328
1738701343,326
1738701345,322
1738701348,330
1738701351,322
1738701354,332
1738701357,332
1738701360,329
1738701363,324
1738701366,329
1738701370,331
1738701373,330
1738701375,309
1738701379,265
1738701382,268
1738701385,275
1738701388,273
1738701390,274
1738701394,263
1738701397,273
1738701400,276
1738701403,271
1738701406,274
1738701409,267
1738701412,274
1738701415,275
1738701418,273
1738701421,262
1738701424,281
1738701427,274
1738701430,273
1738701433,274
1738701436,268
1738701439,266
1738701443,274
1738701445,266
1738701448,270
1738701452,271
1738701455,268
1738701458,272
1738701461,263
1738701464,273
1738701466,269
1738701470,266
1738701473,263
1738701476,267
1738701479,269
1738701482,271
1738701485,267
1738701488,276
1738701491,269
1738701495,269
1738701498,272
1738701500,270
1738701503,270
1738701507,271
1738701510,264
1738701513,271
1738701516,262
1738701519,272
1738701522,265
1738701525,270
1738701528,265
1738701531,263
1738701531,None
1738701537,267
1738701540,264
1738701543,269
1738701543,None
1738701549,261
1738701549,None
1738701555,266
1738701558,259
1738701561,260
1738701565,269
1738701568,262
1738701571,266
1738701574,270
1738701576,271
1738701580,275
1738701583,266
1738701586,263
1738701589,275
1738701592,270
1738701592,None
1738701598,274
1738701601,268
1738701604,273
1738701607,266
1738701610,277
1738701613,274
1738701616,270
1738701619,271
1738701622,272
1738701625,274
1738701628,282
1738701631,283
1738701634,281
1738701638,275
1738701641,284
1738701644,272
1738701646,286
1738701650,278
1738701653,278
1738701656,281
1738701659,394
1738701662,536
1738701665,527
1738701668,534
1738701671,285
1738701674,277
1738701677,352
1738701680,526
1738701683,524
1738701686,517
1738701690,353
1738701692,269
1738701696,269
1738701696,None
1738701702,260
1738701705,273
1738701708,269
1738701710,266
1738701714,269
1738701717,272
1738701720,264
1738701723,268
1738701726,266
1738701726,None
1738701732,269
1738701735,260
1738701735,None
1738701741,269
1738701744,260
1738701747,268
1738701750,270
1738701753,268
1738701756,269
1738701759,273
1738701762,269
1738701766,258
1738701769,270
1738701772,281
1738701775,271
1738701778,272
1738701781,270
1738701784,270
1738701787,274
1738701790,267
1738701793,263
1738701796,276
1738701796,None
1738701803,272
1738701805,277
1738701808,270
1738701811,272
1738701814,274
1738701817,270
1738701820,271
1738701823,266
1738701827,276
1738701830,266
1738701832,270
1738701835,266
1738701838,267
1738701842,267
1738701845,270
1738701848,263
1738701851,273
1738701854,270
1738701857,268
1738701860,268
1738701863,271
1738701866,269
1738701869,271
1738701869,None
1738701876,274
1738701878,266
1738701878,None
1738701885,270
1738701887,270
1738701891,272
1738701893,276
1738701897,271
1738701900,277
1738701903,273
1738701903,None
1738701903,None
1738701903,None
1738701903,None
1738701918,267
1738701921,254
1738701924,260
1738701927,266
1738701930,272
1738701933,265
1738701936,256
1738701940,260
1738701942,262
1738701942,None
1738701949,270
1738701952,270
1738701955,263
1738701958,257
1738701961,268
1738701964,263
1738701967,264
1738701970,264
1738701974,269
1738701976,261
1738701979,272
1738701982,265
1738701985,269
1738701988,265
1738701992,261
1738701995,269
1738701998,260
1738702001,268
1738702004,262
1738702006,272
1738702010,262
1738702013,265
1738702015,264
1738702019,267
1738702022,260
1738702025,267
1738702028,513
1738702031,526
1738702034,521
1738702037,476
1738702040,259
1738702043,263
1738702046,271
1738702046,None
1738702053,383
1738702055,519
1738702058,526
1738702062,524
1738702065,461
1738702068,265
1738702071,274
1738702074,274
1738702077,275
1738702080,271
1738702083,264
1738702086,274
1738702089,269
1738702092,269
1738702095,272
1738702098,263
1738702101,265
1738702101,None
1738702107,264
1738702111,253
1738702113,264
1738702116,267
1738702120,260
1738702122,258
1738702125,261
1738702128,266
1738702132,262
1738702135,259
1738702137,266
1738702140,260
1738702144,257
1738702147,263
1738702150,261
1738702153,258
1738702156,263
1738702156,None
1738702162,256
1738702165,252
1738702168,266
1738702171,263
1738702174,258
1738702177,259
1738702180,261
1738702184,265
1738702186,268
1738702190,260
1738702193,259
1738702195,268
1738702199,265
1738702199,None
1738702205,264
1738702208,265
1738702211,255
1738702214,261
1738702217,269
1738702220,272
1738702223,265
1738702226,259
1738702229,267
1738702232,256
1738702236,263
1738702238,266
1738702241,264
1738702244,262
1738702248,254
1738702251,267
1738702255,266
1738702257,273
1738702260,270
1738702263,274
1738702266,273
1738702269,265
1738702272,276
1738702272,None
1738702278,276
1738702281,269
1738702284,268
1738702287,270
1738702290,273
1738702293,263
1738702296,273
1738702299,260
1738702302,272
1738702306,272
1738702308,262
1738702312,267
1738702314,262
1738702318,265
1738702321,264
1738702324,259
1738702327,267
1738702330,261
1738702333,267
1738702336,268
1738702339,257
1738702342,260
1738702345,264
1738702348,255
1738702352,263
1738702354,248
1738702357,103
1738702360,111
1738702363,109
1738702366,110
1738702366,None
1738702372,115
1738702376,109
1738702379,98
1738702382,109
1738702385,112
1738702388,105
1738702390,112
1738702394,105
1738702397,111
1738702400,115
1738702403,104
1738702406,99
1738702409,338
1738702412,367
1738702415,362
1738702419,273
1738702422,107
1738702424,100
1738702427,105
1738702431,106
1738702433,112
1738702436,109
1738702439,116
1738702443,362
1738702445,367
1738702449,361
1738702452,364
1738702455,228
1738702458,120
1738702461,111
1738702464,105
1738702467,124
1738702470,113
1738702473,111
1738702476,120
1738702479,118
1738702482,111
1738702485,115
1738702488,115
1738702491,109
1738702495,120
1738702497,112
1738702501,114
1738702504,118
1738702506,123
1738702510,126
1738702512,134
1738702515,130
1738702519,134
1738702519,None
1738702525,154
1738702525,None
1738702531,143
1738702534,147
1738702537,139
1738702540,141
1738702543,146
1738702546,139
1738702549,139
1738702552,143
1738702555,146
1738702558,141
1738702561,154
1738702564,152
1738702567,193
1738702570,230
1738702573,246
1738702576,250
1738702579,249
1738702583,229
1738702585,231
1738702588,239
1738702592,221
1738702595,218
1738702597,229
1738702600,215
1738702604,217
1738702607,212
1738702610,216
1738702612,216
1738702616,209
1738702619,206
1738702622,199
1738702625,217
1738702625,None
1738702631,200
1738702634,203
1738702634,None
1738702640,207
1738702643,215
1738702647,203
1738702650,195
1738702653,212
1738702656,213
1738702659,206
1738702662,206
1738702665,203
1738702668,208
1738702671,210
1738702674,209
1738702677,200
1738702680,213
1738702683,207
1738702686,205
1738702689,200
1738702692,209
1738702695,206
1738702699,207
1738702701,201
1738702704,195
1738702708,210
1738702710,208
1738702714,201
1738702714,None
1738702714,None
1738702723,203
1738702726,198
1738702729,197
1738702732,197
1738702735,201
1738702738,200
1738702741,190
1738702744,204
1738702747,199
1738702750,201
1738702753,199
1738702753,None
1738702759,197
1738702762,199
1738702766,194
1738702768,197
1738702771,202
1738702775,195
1738702777,204
1738702781,198
1738702784,197
1738702787,199
1738702790,200
1738702790,None
1738702796,204
1738702799,197
1738702802,193
1738702805,200
1738702808,200
1738702811,196
1738702814,203
1738702817,200
1738702820,194
1738702823,200
1738702826,203
1738702829,195
1738702833,201
1738702836,192
1738702838,195
1738702842,198
1738702844,203
1738702848,204
1738702848,None
1738702854,558
1738702856,697
1738702859,681
1738702863,447
1738702866,325
1738702869,205
1738702872,201
1738702875,194
1738702878,210
1738702881,198
1738702884,208
1738702887,204
1738702890,210
1738702894,211
1738702896,206
1738702899,214
1738702902,210
1738702905,209
1738702909,207
1738702911,208
1738702915,208
1738702918,210
1738702921,204
1738702924,203
1738702927,210
1738702930,205
1738702930,None
1738702937,210
1738702939,210
1738702942,207
1738702945,207
1738702948,213
1738702951,208
1738702954,201
1738702957,216
1738702960,206
1738702963,206
1738702967,209
1738702970,206
1738702972,211
1738702976,195
1738702978,182
1738702982,175
1738702985,162
1738702988,175
1738702991,173
1738702991,None
1738702997,177
1738703000,163
1738703003,172
1738703006,177
1738703006,None
1738703012,175
1738703015,174
1738703018,164
1738703022,171
1738703025,180
1738703028,173
1738703031,177
1738703034,167
1738703037,166
1738703040,179
1738703043,173
1738703046,167
1738703049,172
1738703052,173
1738703055,170
1738703058,170
1738703061,172
1738703064,177
1738703067,174
1738703070,185
1738703073,174
1738703076,180
1738703080,176
1738703080,None
1738703085,180
1738703088,178
1738703092,175
1738703095,183
1738703098,177
1738703101,175
1738703104,187
1738703107,178
1738703110,178
1738703113,179
1738703116,182
1738703119,177
1738703122,181
1738703126,170
1738703128,178
1738703131,168
1738703134,178
1738703137,175
1738703141,175
1738703143,176
1738703147,172
1738703150,176
1738703153,168
1738703156,179
1738703159,171
1738703162,173
1738703165,170
1738703168,171
1738703171,173
1738703171,None
1738703177,173
1738703180,164
1738703183,182
1738703186,174
1738703189,173
1738703192,177
1738703195,169
1738703199,178
1738703201,174
1738703205,438
1738703208,683
1738703211,684
1738703214,682
1738703216,522
1738703220,173
1738703223,177
1738703226,174
1738703229,182
1738703232,171
1738703235,166
1738703238,178
1738703241,173
1738703244,166
1738703247,170
1738703250,173
1738703254,170
1738703256,167
1738703260,171
1738703260,None
1738703266,169
1738703269,177
1738703272,169
1738703272,None
1738703278,175
1738703281,174
1738703284,177
1738703287,178
1738703290,169
1738703293,175
1738703296,171
1738703299,175
1738703303,169
1738703305,174
1738703308,173
1738703311,173
1738703314,175
1738703317,173
1738703320,176
1738703324,179
1738703327,175
1738703330,169
1738703333,172
1738703336,175
1738703339,165
1738703342,174
1738703345,173
1738703349,163
1738703351,176
1738703354,173
1738703357,171
1738703360,173
1738703363,162
1738703366,166
1738703370,170
1738703373,174
1738703376,169
1738703376,None
1738703382,166
1738703385,171
1738703388,176
1738703391,168
1738703391,None
1738703397,170
1738703400,161
1738703403,174
1738703406,175
1738703410,170
1738703412,171
1738703416,163
1738703418,166
1738703421,173
1738703424,173
1738703427,170
1738703430,170
1738703433,173
1738703437,164
1738703440,171
1738703443,170
1738703446,175
1738703449,164
1738703452,170
1738703455,170
1738703458,163
1738703461,170
1738703464,166
1738703467,166
1738703470,169
1738703473,170
1738703473,None
1738703479,173
1738703482,173
1738703485,162
1738703488,174
1738703491,164
1738703494,169
1738703498,171
1738703500,165
1738703504,169
1738703507,170
1738703510,170
1738703513,168
1738703516,160
1738703519,166
1738703522,170
1738703525,163
1738703528,166
1738703531,164
1738703534,165
1738703537,164
1738703540,169
1738703543,167
1738703546,158
1738703549,166
1738703552,169
1738703555,163
1738703555,None
1738703562,167
1738703565,168
1738703568,169
1738703571,162
1738703574,171
1738703577,169
1738703577,None
1738703583,169
1738703586,166
1738703589,162
1738703592,165
1738703595,167
1738703598,162
1738703601,241
1738703604,420
1738703607,407
1738703611,420
1738703613,171
1738703613,None
1738703619,421
1738703622,415
1738703625,374
1738703628,166
1738703631,168
1738703634,159
1738703637,164
1738703640,166
1738703643,169
1738703646,165
1738703649,165
1738703652,155
1738703656,166
1738703659,167
1738703662,165
1738703665,170
1738703668,165
1738703671,159
1738703674,166
1738703676,172
1738703680,164
1738703683,157
1738703686,170
1738703689,169
1738703692,166
1738703695,167
1738703695,None
1738703701,162
1738703704,169
1738703707,163
1738703710,171
1738703714,163
1738703717,169
1738703720,163
1738703722,163
1738703726,165
1738703729,167
1738703731,165
1738703734,169
1738703738,160
1738703741,170
1738703743,165
1738703747,167
1738703750,168
1738703753,164
1738703756,159
1738703760,166
1738703763,164
1738703765,164
1738703769,157
1738703771,164
1738703774,169
1738703777,165
1738703781,159
1738703784,163
1738703786,161
1738703790,164
1738703792,168
1738703795,167
1738703799,166
1738703802,178
1738703805,174
1738703808,173
1738703811,161
1738703814,175
1738703814,None
1738703820,174
1738703823,170
1738703826,172
1738703829,175
1738703829,None
1738703835,171
1738703839,173
1738703841,169
1738703845,175
1738703847,168
1738703851,168
1738703854,171
1738703854,None
1738703860,168
1738703863,165
1738703866,164
1738703869,158
1738703872,169
1738703875,163
1738703878,165
1738703881,166
1738703884,165
1738703887,163
1738703890,169
1738703893,161
1738703896,163
1738703899,167
1738703902,164
1738703905,167
1738703908,167
1738703911,162
1738703914,168
1738703917,164
1738703917,None
1738703924,166
1738703927,172
1738703930,169
1738703933,167
1738703936,160
1738703936,None
1738703942,169
1738703945,173
1738703948,167
1738703951,167
1738703954,387
1738703958,423
1738703960,414
1738703964,411
1738703967,417
1738703970,164
1738703973,170
1738703976,163
1738703979,171
1738703982,168
1738703985,157
1738703989,172
1738703991,168
1738703994,161
1738703997,168
1738704000,169
1738704003,167
1738704006,161
1738704009,346
1738704012,431
1738704012,None
1738704018,407
1738704021,165
1738704024,169
1738704027,165
1738704031,175
1738704034,164
1738704036,175
1738704040,179
1738704043,165
1738704046,181
1738704049,175
1738704052,173
1738704055,173
1738704058,175
1738704062,170
1738704064,172
1738704067,175
1738704071,163
1738704073,177
1738704077,171
1738704079,170
1738704083,169
1738704086,176
1738704089,166
1738704092,171
1738704095,174
1738704098,181
1738704100,215
1738704104,219
1738704107,215
1738704110,214
1738704113,222
1738704116,216
1738704119,210
1738704122,217
1738704125,222
1738704128,218
1738704131,212
1738704134,218
1738704137,217
1738704140,205
1738704143,346
1738704147,351
1738704149,361
1738704149,None
1738704156,340
1738704159,345
1738704162,336
1738704165,329
1738704168,329
1738704171,329
1738704174,318
1738704177,325
1738704180,317
1738704183,314
1738704186,321
1738704189,318
1738704192,314
1738704192,None
1738704198,320
1738704201,315
1738704204,313
1738704208,314
1738704211,320
1738704211,None
1738704216,313
1738704220,314
1738704223,318
1738704226,315
1738704229,314
1738704232,320
1738704235,312
1738704238,309
1738704241,320
1738704244,315
1738704247,316
1738704250,318
1738704250,None
1738704256,320
1738704259,313
1738704262,324
1738704265,321
1738704265,None
1738704271,325
1738704271,None
1738704277,321
1738704277,None
1738704277,None
1738704287,328
1738704290,323
1738704293,320
1738704296,327
1738704299,324
1738704302,320
1738704302,None
1738704308,327
1738704311,319
1738704314,325
1738704317,328
1738704320,326
1738704324,330
1738704326,324
1738704330,322
1738704333,314
1738704335,326
1738704339,333
1738704342,322
1738704345,322
1738704348,329
1738704351,318
1738704354,314
1738704357,321
1738704357,None
1738704363,325
1738704366,324
1738704370,316
1738704372,329
1738704375,322
1738704378,323
1738704382,320
1738704385,324
1738704388,322
1738704391,319
1738704394,325
1738704394,None
1738704400,578
1738704403,576
1738704407,572
1738704409,416
1738704412,320
1738704415,324
1738704418,325
1738704421,324
1738704425,319
1738704427,326
1738704431,476
1738704434,566
1738704434,None
1738704439,569
1738704443,571
1738704446,400
1738704449,322
1738704453,314
1738704455,331
1738704455,None
1738704461,322
1738704464,322
1738704464,None
1738704470,321
1738704473,324
1738704477,317
1738704479,326
1738704482,324
1738704485,315
1738704488,319
1738704491,329
1738704494,321
1738704498,321
1738704501,317
1738704503,322
1738704506,320
1738704510,330
1738704513,325
1738704517,320
1738704519,319
1738704522,325
1738704525,321
1738704528,313
1738704531,326
1738704534,322
1738704537,320
1738704540,323
1738704543,325
1738704546,313
1738704549,323
1738704553,330
1738704555,322
1738704558,316
1738704561,327
1738704565,321
1738704568,324
1738704571,322
1738704574,319
1738704574,None
1738704580,319
1738704583,326
1738704586,324
1738704589,322
1738704592,325
1738704595,317
1738704598,321
1738704601,316
1738704605,316
1738704607,321
1738704610,323
1738704613,315
1738704616,324
1738704619,320
1738704622,324
1738704626,314
1738704629,320
1738704632,318
1738704635,324
1738704638,317
1738704641,321
1738704644,322
1738704647,319
1738704650,321
1738704653,319
1738704656,320
1738704660,319
1738704662,322
1738704666,319
1738704666,None
1738704671,322
1738704674,324
1738704678,318
1738704680,314
1738704684,266
1738704687,274
1738704690,265
1738704693,264
1738704696,262
1738704699,261
1738704702,258
1738704705,263
1738704708,256
1738704711,261
1738704714,265
1738704717,265
1738704717,None
1738704723,271
1738704726,266
1738704729,268
1738704733,280
1738704736,268
1738704739,270
1738704742,268
1738704745,267
1738704748,265
1738704751,262
1738704754,265
1738704757,270
1738704760,269
1738704763,267
1738704766,263
1738704769,276
1738704772,264
1738704775,265
1738704775,None
1738704781,264
1738704784,269
1738704788,275
1738704791,513
1738704794,518
1738704797,517
1738704800,526
1738704800,None
1738704806,267
1738704809,266
1738704812,265
1738704815,264
1738704818,266
1738704821,268
1738704824,264
1738704827,271
1738704830,265
1738704833,265
1738704837,253
1738704839,267
1738704843,273
1738704845,267
1738704848,267
1738704852,264
1738704854,266
1738704858,440
1738704861,519
1738704864,513
1738704867,516
1738704870,323
1738704873,274
1738704876,267
1738704879,266
1738704882,270
1738704885,267
1738704888,270
1738704891,275
1738704894,264
1738704898,268
1738704901,275
1738704903,270
1738704906,264
1738704910,267
1738704913,271
1738704916,265
1738704916,None
1738704922,262
1738704925,271
1738704928,276
1738704931,270
1738704934,261
1738704937,271
1738704940,273
1738704943,269
1738704943,None
1738704949,270
1738704952,274
1738704955,265
1738704958,271
1738704961,276
1738704964,263
1738704967,266
1738704970,270
1738704973,266
1738704973,None
1738704980,270
1738704983,273
1738704985,262
1738704989,264
1738704992,274
1738704995,266
1738704998,268
1738705001,271
1738705004,266
1738705007,266
1738705010,264
1738705013,276
1738705016,269
1738705019,267
1738705022,270
1738705025,274
1738705028,271
1738705031,269
1738705034,274
1738705037,264
1738705040,258
1738705044,269
1738705047,276
1738705049,274
1738705049,None
1738705049,None
1738705059,275
1738705062,262
1738705065,272
1738705068,278
1738705071,267
1738705075,265
1738705077,262
1738705080,272
1738705083,273
1738705086,269
1738705089,262
1738705092,277
1738705095,266
1738705099,265
1738705101,267
1738705105,267
1738705108,270
1738705110,258
1738705114,272
1738705117,269
1738705120,263
1738705123,273
1738705126,268
1738705129,270
1738705132,267
1738705136,265
1738705138,272
1738705141,261
1738705144,273
1738705148,270
1738705151,265
1738705153,267
1738705156,269
1738705160,274
1738705163,265
1738705163,None
1738705169,274
1738705172,268
1738705175,259
1738705178,268
1738705181,274
1738705184,267
1738705187,263
1738705190,269
1738705190,None
1738705197,273
1738705199,267
1738705202,268
1738705206,270
1738705208,268
1738705211,259
1738705214,260
1738705217,318
1738705220,515
1738705224,511
1738705227,502
1738705230,504
1738705233,273
1738705236,267
1738705239,470
1738705242,509
1738705245,511
1738705248,498
1738705248,None
1738705254,266
1738705257,266
1738705261,271
1738705263,272
1738705266,259
1738705269,257
1738705273,263
1738705275,267
1738705279,261
1738705282,263
1738705284,259
1738705287,263
1738705291,267
1738705294,265
1738705297,268
1738705300,259
1738705300,None
1738705306,267
1738705309,259
1738705312,267
1738705315,270
1738705318,265
1738705321,265
1738705324,271
1738705327,265
1738705330,271
1738705334,137
1738705337,117
1738705339,111
1738705343,106
1738705345,103
1738705349,112
1738705352,115
1738705354,140
1738705358,154
1738705361,150
1738705364,154
1738705367,154
1738705370,148
1738705373,148
1738705376,148
1738705376,None
1738705382,154
1738705385,153
1738705388,148
1738705391,147
1738705394,157
1738705397,146
1738705400,144
1738705403,135
1738705403,None
1738705409,131
1738705413,129
1738705415,118
1738705419,117
1738705422,121
1738705425,112
1738705428,98
1738705431,113
1738705434,105
1738705437,100
1738705440,95
1738705443,99
1738705446,103
1738705449,100
1738705452,99
1738705455,95
1738705458,103
1738705461,101
1738705464,99
1738705467,93
1738705470,100
1738705474,102
1738705474,None
1738705480,98
1738705483,97
1738705486,103
1738705489,97
1738705492,98
1738705495,93
1738705498,103
1738705501,102
1738705505,105
1738705507,104
1738705510,108
1738705513,109
1738705516,108
1738705519,103
1738705523,115
1738705525,108
1738705529,109
1738705532,122
1738705532,None
1738705538,114
1738705541,114
1738705544,116
1738705547,114
1738705550,119
1738705553,119
1738705556,103
1738705559,113
1738705562,123
1738705565,115
1738705568,114
1738705572,113
1738705574,118
1738705578,117
1738705580,121
1738705583,119
1738705586,106
1738705590,124
1738705592,125
1738705595,113
1738705598,111
1738705602,114
1738705605,115
1738705608,113
1738705611,113
1738705614,101
1738705617,303
1738705620,617
1738705623,613
1738705626,610
1738705629,496
1738705632,109
1738705635,105
1738705638,113
1738705641,102
1738705645,106
1738705648,113
1738705650,110
1738705653,102
1738705657,109
1738705660,108
1738705663,102
1738705666,107
1738705669,106
1738705672,110
1738705675,105
1738705678,116
1738705681,109
1738705684,113
1738705687,115
1738705691,107
1738705691,None
1738705696,111
1738705699,111
1738705703,114
1738705705,110
1738705708,111
1738705712,108
1738705715,120
1738705717,115
1738705721,106
1738705724,112
1738705727,117
1738705730,115
1738705730,None
1738705736,115
1738705739,105
1738705742,110
1738705745,118
1738705748,105
1738705751,107
1738705754,117
1738705754,None
1738705760,113
1738705763,115
1738705766,112
1738705769,106
1738705772,106
1738705776,115
1738705776,None
1738705782,112
1738705785,110
1738705788,104
1738705791,115
1738705793,111
1738705797,111
1738705800,109
1738705803,113
1738705806,115
1738705809,105
1738705812,116
1738705816,111
1738705818,110
1738705821,111
1738705824,116
1738705827,113
1738705827,None
1738705833,117
1738705836,106
1738705839,105
1738705842,125
1738705846,110
1738705846,None
1738705852,110
1738705855,113
1738705855,None
1738705861,112
1738705864,108
1738705867,117
1738705870,111
1738705873,112
1738705876,118
1738705879,113
1738705882,111
1738705885,110
1738705888,112
1738705891,119
1738705894,120
1738705897,150
1738705900,192
1738705903,221
1738705906,221
1738705909,213
1738705912,212
1738705915,196
1738705918,194
1738705921,207
1738705924,200
1738705928,198
1738705931,199
1738705934,194
1738705934,None
1738705940,189
1738705943,192
1738705946,192
1738705949,178
1738705952,184
1738705955,186
1738705958,179
1738705958,None
1738705964,180
1738705967,183
1738705970,175
1738705973,178
1738705976,183
1738705979,177
1738705983,175
1738705986,411
1738705988,427
1738705992,427
1738705995,421
1738705998,305
1738705998,None
1738706004,187
1738706007,178
1738706010,177
1738706010,None
1738706016,176
1738706019,167
1738706023,285
1738706025,427
1738706028,430
1738706031,430
1738706035,278
1738706038,182
1738706041,171
1738706043,166
1738706047,170
1738706050,172
1738706053,176
1738706056,167
1738706059,181
1738706062,171
1738706065,168
1738706068,179
1738706071,173
1738706074,172
1738706077,170
1738706080,173
1738706083,174
1738706086,170
1738706090,169
1738706092,177
1738706095,172
1738706098,168
1738706101,166
1738706105,171
1738706108,171
1738706111,177
1738706114,171
1738706117,163
1738706120,175
1738706123,179
1738706126,173
1738706129,174
1738706129,None
1738706135,173
1738706138,174
1738706141,174
1738706144,161
1738706147,180
1738706151,174
1738706153,170
1738706157,178
1738706159,174
1738706159,None
1738706166,175
1738706169,177
1738706172,165
1738706175,175
1738706178,171
1738706181,166
1738706184,171
1738706187,167
1738706190,174
1738706193,170
1738706196,184
1738706199,177
1738706202,167
1738706205,177
1738706209,173
1738706211,171
1738706214,175
1738706217,183
1738706220,184
1738706224,169
1738706226,184
1738706230,178
1738706233,193
1738706236,193
1738706236,None
1738706242,190
1738706242,None
1738706248,184
1738706251,196
1738706254,178
1738706257,190
1738706260,186
1738706263,185
1738706266,187
1738706269,187
1738706272,184
1738706276,191
1738706278,185
1738706278,None
1738706285,187
1738706288,192
1738706291,186
1738706294,188
1738706297,190
1738706300,189
1738706303,190
1738706303,None
1738706309,184
1738706312,195
1738706315,187
1738706315,None
1738706322,190
1738706324,187
1738706327,189
1738706331,182
1738706334,194
1738706337,190
1738706339,182
1738706343,190
1738706347,185
1738706349,189
1738706352,184
1738706355,192
1738706358,190
1738706361,181
1738706364,192
1738706367,187
1738706370,183
1738706373,187
1738706376,185
1738706379,191
1738706383,184
1738706385,187
1738706388,188
1738706391,185
1738706395,184
1738706397,188
1738706401,187
1738706403,196
1738706407,438
1738706407,None
1738706413,439
1738706416,391
1738706419,192
1738706422,184
1738706425,188
1738706429,188
1738706431,186
1738706434,187
1738706437,187
1738706440,190
1738706444,190
1738706446,183
1738706449,190
1738706452,183
1738706456,190
1738706459,185
1738706462,409
1738706465,438
1738706468,435
1738706468,None
1738706475,194
1738706477,189
1738706480,189
1738706483,187
1738706486,180
1738706489,190
1738706492,200
1738706495,191
1738706495,None
1738706502,184
1738706505,193
1738706507,184
1738706511,180
1738706513,183
1738706513,None
1738706520,185
1738706523,178
1738706526,187
1738706529,183
1738706532,183
1738706535,186
1738706538,186
1738706541,191
1738706544,183
1738706547,191
1738706550,185
1738706553,182
1738706553,None
1738706559,185
1738706562,186
1738706565,189
1738706569,183
1738706571,188
1738706575,180
1738706577,188
1738706580,183
1738706584,193
1738706584,None
1738706589,188
1738706592,184
1738706596,185
1738706599,186
1738706602,186
1738706605,183
1738706608,190
1738706611,185
1738706614,176
1738706617,189
1738706621,190
1738706623,186
1738706626,182
1738706629,187
1738706632,185
1738706635,176
1738706635,None
1738706641,165
1738706644,171
1738706647,181
1738706651,178
1738706653,176
1738706657,173
1738706660,172
1738706663,180
1738706666,173
1738706669,173
1738706672,175
1738706675,181
1738706678,173
1738706681,169
1738706684,177
1738706687,184
1738706690,172
1738706690,None
1738706697,173
1738706700,172
1738706703,174
1738706705,178
1738706709,172
1738706712,167
1738706714,172
1738706718,176
1738706720,174
1738706724,173
1738706727,177
1738706730,172
1738706734,164
1738706736,169
1738706739,183
1738706742,313
1738706745,412
1738706748,411
1738706751,410
1738706754,411
1738706757,187
1738706760,166
1738706763,165
1738706766,174
1738706770,169
1738706772,164
1738706775,169
1738706779,176
1738706779,None
1738706784,165
1738706788,175
1738706791,164
1738706791,None
1738706797,165
1738706800,176
1738706803,170
1738706806,171
1738706809,166
1738706813,177
1738706815,176
1738706818,166
1738706821,171
1738706824,170
1738706827,162
1738706830,171
1738706833,167
1738706837,160
1738706840,177
1738706843,163
1738706845,164
1738706848,167
1738706852,223
1738706855,417
1738706858,411
1738706861,417
1738706864,260
1738706867,166
1738706870,168
1738706873,168
1738706876,164
1738706879,158
1738706882,174
1738706885,168
1738706888,163
1738706891,165
1738706895,167
1738706897,161
1738706901,163
1738706903,160
1738706907,166
1738706910,163
1738706913,151
1738706916,167
1738706919,159
1738706922,155
1738706925,160
1738706928,158
1738706931,163
1738706934,161
1738706937,162
1738706937,None
1738706943,167
1738706946,164
1738706949,166
1738706952,159
1738706956,161
1738706958,160
1738706961,167
1738706964,163
1738706967,163
1738706970,161
1738706974,163
1738706977,169
1738706980,167
1738706983,162
1738706985,169
1738706989,164
1738706992,160
1738706995,168
1738706998,163
1738707001,161
1738707004,163
1738707007,164
1738707010,167
1738707013,172
1738707016,162
1738707016,None
1738707022,161
1738707026,167
1738707029,166
1738707031,164
1738707035,175
1738707035,None
1738707035,None
1738707043,166
1738707047,172
1738707050,174
1738707053,172
1738707056,166
1738707059,172
1738707062,163
1738707065,173
1738707068,167
1738707068,None
1738707074,165
1738707078,160
1738707080,170
1738707083,168
1738707086,159
1738707089,168
1738707092,168
1738707095,161
1738707099,171
1738707102,161
1738707102,None
1738707107,169
1738707110,164
1738707114,161
1738707116,168
1738707120,221
1738707123,315
1738707126,324
1738707128,323
1738707132,316
1738707135,324
1738707138,316
1738707141,316
1738707144,321
1738707147,324
1738707150,314
1738707153,321
1738707156,387
1738707159,566
1738707162,557
1738707162,None
1738707169,560
1738707171,526
1738707175,317
1738707178,318
1738707181,312
1738707184,323
1738707187,315
1738707190,321
1738707193,317
1738707196,314
1738707199,314
1738707202,311
1738707205,313
1738707209,318
1738707211,315
1738707214,320
1738707217,309
1738707220,319
1738707223,313
1738707226,314
1738707229,450
1738707232,562
1738707236,561
1738707239,564
1738707242,371
1738707245,310
1738707248,317
1738707251,318
1738707254,309
1738707257,316
1738707260,321
1738707263,316
1738707266,320
1738707269,307
1738707272,318
1738707275,322
1738707278,318
1738707281,305
1738707284,323
1738707287,318
1738707290,313
1738707290,None
1738707296,317
1738707296,None
1738707302,317
1738707305,309
1738707308,319
1738707312,315
1738707315,316
1738707318,320
1738707321,313
1738707324,317
1738707327,314
1738707330,316
1738707333,312
1738707336,321
1738707336,None
1738707343,314
1738707345,322
1738707348,311
1738707351,314
1738707354,311
1738707358,315
1738707360,310
1738707364,315
1738707367,321
1738707370,310
1738707373,313
1738707375,317
1738707379,318
1738707382,312
1738707385,316
1738707388,317
1738707388,None
1738707394,317
1738707397,320
1738707400,312
1738707403,310
1738707406,322
1738707409,320
1738707412,318
1738707415,318
1738707418,321
1738707418,None
1738707425,323
1738707427,311
1738707431,325
1738707434,315
1738707436,312
1738707440,321
1738707443,315
1738707446,317
1738707449,317
1738707453,319
1738707455,310
1738707458,319
1738707461,319
1738707464,313
1738707467,322
1738707470,320
1738707473,314
1738707476,316
1738707479,318
1738707482,320
1738707486,317
1738707488,327
1738707492,326
1738707495,321
1738707498,329
1738707501,328
1738707504,320
1738707507,327
1738707510,324
1738707513,325
1738707516,324
1738707519,327
1738707522,322
1738707525,330
1738707528,318
1738707531,332
1738707534,324
1738707537,320
1738707541,324
1738707543,326
1738707546,321
1738707550,325
1738707553,322
1738707556,322
1738707559,330
1738707562,320
1738707565,327
1738707568,323
1738707571,323
1738707574,324
1738707577,323
1738707577,None
1738707583,319
1738707587,332
1738707589,321
1738707589,None
1738707595,320
1738707598,322
1738707601,324
1738707605,327
1738707607,325
1738707610,332
1738707614,323
1738707614,None
1738707620,578
1738707622,570
1738707626,574
1738707629,532
1738707632,324
1738707635,327
1738707638,319
1738707641,325
1738707644,560
1738707647,563
1738707650,565
1738707653,561
1738707656,559
1738707659,325
1738707663,325
1738707665,321
1738707668,334
1738707671,324
1738707674,319
1738707678,321
1738707680,327
1738707683,327
1738707687,320
1738707690,314
1738707693,323
1738707696,335
1738707699,326
1738707702,322
1738707705,323
1738707708,326
1738707711,326
1738707714,328
1738707717,320
1738707720,331
1738707723,331
1738707726,326
1738707729,324
1738707732,331
1738707736,328
1738707738,325
1738707741,328
1738707745,331
1738707747,328
1738707751,320
1738707754,332
1738707757,326
1738707760,320
1738707763,323
1738707766,329
1738707769,331
1738707772,324
1738707775,326
1738707778,326
1738707781,317
1738707784,331
1738707788,322
1738707791,325
1738707793,331
1738707797,327
1738707800,326
1738707802,333
1738707806,335
1738707809,330
1738707812,334
1738707815,323
1738707818,329
1738707821,324
1738707821,None
1738707827,329
1738707830,331
1738707833,331
1738707836,330
1738707839,335
1738707842,329
1738707845,327
1738707849,333
1738707851,327
1738707854,334
1738707857,328
1738707860,331
1738707864,329
1738707867,327
1738707870,328
1738707870,None
1738707876,322
1738707879,333
1738707881,327
1738707885,330
1738707888,330
1738707891,326
1738707894,326
1738707897,325
1738707897,None
1738707903,332
1738707906,341
1738707909,330
1738707912,337
1738707915,332
1738707918,339
1738707921,331
1738707925,338
1738707927,340
1738707930,347
1738707933,345
1738707936,343
1738707940,343
1738707942,339
1738707945,346
1738707948,339
1738707952,337
1738707954,345
1738707958,342
1738707960,339
1738707963,328
1738707966,290
1738707970,283
1738707973,275
1738707976,291
1738707979,284
1738707982,285
1738707985,289
1738707988,541
1738707991,536
1738707995,547
1738707997,537
1738708000,287
1738708003,283
1738708007,276
1738708009,281
1738708012,277
1738708015,279
1738708018,276
1738708021,280
1738708024,277
1738708027,280
1738708027,None
1738708034,281
1738708036,281
1738708040,288
1738708043,486
1738708043,None
1738708049,528
1738708052,533
1738708055,366
1738708058,284
1738708061,276
1738708065,287
1738708067,279
1738708070,278
1738708073,282
1738708077,282
1738708080,282
1738708080,None
1738708085,530
1738708089,530
1738708092,536
1738708095,527
1738708098,526
1738708101,531
1738708104,528
1738708107,533
1738708110,528
1738708113,521
1738708116,527
1738708119,522
1738708122,523
1738708126,533
1738708128,526
1738708131,518
1738708135,525
1738708138,519
1738708141,523
1738708141,None
1738708147,534
1738708150,527
1738708153,523
1738708156,525
1738708159,524
1738708162,523
1738708165,524
1738708169,520
1738708171,525
1738708174,521
1738708177,525
1738708180,519
1738708183,520
1738708186,524
1738708189,520
1738708193,524
1738708196,520
1738708198,521
1738708202,518
1738708205,523
1738708208,519
1738708211,527
1738708214,521
1738708217,526
1738708220,525
1738708223,529
1738708226,529
1738708229,525
1738708232,526
1738708236,537
1738708238,528
1738708242,530
1738708244,537
1738708247,533
1738708250,537
1738708253,538
1738708257,543
1738708257,None
1738708262,539
1738708262,None
1738708269,537
1738708271,544
1738708275,287
1738708278,284
1738708281,288
1738708284,289
1738708287,284
1738708287,None
1738708294,283
1738708296,282
1738708299,286
1738708302,279
1738708305,289
1738708308,281
1738708311,195
1738708314,128
1738708317,128
1738708320,121
1738708324,120
1738708326,118
1738708330,119
1738708333,119
1738708335,123
1738708338,117
1738708342,115
1738708345,119
1738708348,115
1738708351,124
1738708354,127
1738708354,None
1738708360,122
1738708363,123
1738708366,119
1738708366,None
1738708372,114
1738708375,120
1738708378,117
1738708378,None
1738708384,120
1738708388,115
1738708391,115
1738708394,124
1738708397,121
1738708400,117
1738708403,112
1738708406,123
1738708409,121
1738708412,115
1738708415,122
1738708418,119
1738708421,129
1738708424,119
1738708427,121
1738708430,130
1738708433,129
1738708437,126
1738708439,123
1738708442,146
1738708446,140
1738708449,143
1738708451,140
1738708454,507
1738708458,637
1738708458,None
1738708464,634
1738708467,380
1738708470,142
1738708473,140
1738708476,139
1738708479,137
1738708482,142
1738708482,None
1738708489,142
1738708491,136
1738708494,139
1738708497,138
1738708501,138
1738708504,139
1738708506,134
1738708510,139
1738708513,136
1738708515,142
1738708519,133
1738708522,142
1738708525,136
1738708528,141
1738708531,137
1738708534,134
1738708537,139
1738708540,145
1738708540,None
1738708546,143
1738708549,142
1738708552,134
1738708555,142
1738708558,135
1738708561,144
1738708564,138
1738708568,136
1738708571,132
1738708574,130
1738708576,133
1738708580,127
1738708582,133
1738708585,134
1738708589,131
1738708591,134
1738708595,130
1738708598,131
1738708601,131
1738708604,132
1738708607,125
1738708610,130
1738708613,117
1738708616,114
1738708619,105
1738708622,117
1738708625,108
1738708628,120
1738708631,112
1738708634,118
1738708634,None
1738708640,110
1738708643,109
1738708647,116
1738708650,105
1738708653,115
1738708656,114
1738708659,107
1738708662,111
1738708665,109
1738708668,114
1738708671,102
1738708674,111
1738708677,112
1738708680,109
1738708683,108
1738708686,100
1738708690,116
1738708693,116
1738708695,110
1738708699,111
1738708702,108
1738708705,116
1738708705,None
1738708711,115
1738708714,107
1738708717,120
1738708720,109
1738708723,116
1738708726,111
1738708729,117
1738708732,113
1738708735,110
1738708735,None
1738708741,113
1738708744,113
1738708748,115
1738708750,112
1738708753,118
1738708756,107
1738708759,120
1738708762,109
1738708765,117
1738708768,111
1738708771,109
1738708775,116
1738708778,110
1738708780,112
1738708784,117
1738708786,105
1738708790,116
1738708793,114
1738708793,None
1738708799,113
1738708802,112
1738708805,111
1738708805,None
1738708811,112
1738708814,111
1738708817,106
1738708820,330
1738708823,365
1738708826,367
1738708830,367
1738708832,427
1738708836,365
1738708838,364
1738708842,360
1738708842,None
1738708848,107
1738708851,114
1738708851,None
1738708857,121
1738708857,None
1738708863,118
1738708866,112
1738708869,111
1738708872,114
1738708875,115
1738708879,109
1738708881,114
1738708884,105
1738708887,120
1738708891,110
1738708893,110
1738708897,114
1738708897,None
1738708903,113
1738708906,106
1738708909,115
1738708912,116
1738708915,106
1738708918,114
1738708921,112
1738708924,113
1738708928,110
1738708931,112
1738708933,109
1738708933,None
1738708933,None
1738708942,117
1738708942,None
1738708948,116
1738708951,114
1738708955,113
1738708957,117
1738708960,116
1738708964,112
1738708966,108
1738708970,117
1738708973,108
1738708976,124
1738708979,115
1738708982,110
1738708985,112
1738708988,110
1738708988,None
1738708994,110
1738708997,111
1738709000,114
1738709003,110
1738709006,109
1738709006,None
1738709013,110
1738709015,117
1738709018,116
1738709021,117
1738709025,121
1738709028,114
1738709031,121
1738709034,116
1738709037,119
1738709037,None
1738709043,115
1738709043,None
1738709049,118
1738709052,117
1738709055,120
1738709058,116
1738709061,123
1738709065,121
1738709067,119
1738709070,120
1738709074,122
1738709076,125
1738709079,119
1738709083,120
1738709086,126
1738709089,120
1738709092,123
1738709095,124
1738709098,116
1738709101,126
1738709104,120
1738709107,124
1738709110,116
1738709113,123
1738709116,119
1738709119,114
1738709122,127
1738709125,120
1738709128,114
1738709131,125
1738709134,120
1738709137,117
1738709140,121
1738709143,123
1738709146,116
1738709150,117
1738709152,118
1738709156,118
1738709159,123
1738709162,122
1738709165,119
1738709168,122
1738709171,117
1738709174,117
1738709177,118
1738709180,114
1738709183,123
1738709186,127
1738709189,126
1738709192,392
1738709195,483
1738709195,None
1738709195,None
1738709204,285
1738709207,219
1738709210,258
1738709210,None
1738709216,466
1738709219,467
1738709222,455
1738709226,200
1738709228,195
1738709232,201
1738709235,188
1738709237,194
1738709240,185
1738709244,193
1738709247,185
1738709250,181
1738709253,184
1738709256,182
1738709256,None
1738709262,184
1738709265,176
1738709268,187
1738709271,174
1738709275,183
1738709277,175
1738709280,180
1738709283,182
1738709287,178
1738709290,179
1738709292,177
1738709296,180
1738709300,173
1738709300,None
1738709305,178
1738709308,177
1738709311,176
1738709314,182
1738709317,180
1738709320,183
1738709323,172
1738709326,180
1738709329,176
1738709332,184
1738709335,178
1738709335,None
1738709341,181
1738709344,180
1738709348,177
1738709351,183
1738709354,174
1738709357,178
1738709360,173
1738709360,None
1738709366,175
1738709369,172
1738709372,179
1738709372,None
1738709378,176
1738709381,166
1738709384,180
1738709384,None
1738709390,177
1738709393,176
1738709396,176
1738709399,180
1738709402,173
1738709406,173
1738709409,182
1738709412,176
1738709415,175
1738709418,183
1738709421,175
1738709424,178
1738709427,173
1738709430,182
1738709433,177
1738709436,170
1738709439,186
1738709442,175
1738709445,174
1738709448,178
1738709451,177
1738709454,165
1738709458,180
1738709461,167
1738709463,180
1738709467,173
1738709469,181
1738709472,176
1738709476,173
1738709479,173
1738709482,173
1738709485,172
1738709488,174
1738709488,None
1738709494,180
1738709497,172
1738709500,182
1738709503,174
1738709506,177
1738709509,177
1738709512,171
1738709515,174
1738709518,179
1738709522,166
1738709525,186
1738709527,179
1738709530,177
1738709530,None
1738709536,174
1738709540,173
1738709543,178
1738709546,169
1738709549,174
1738709552,185
1738709555,181
1738709558,174
1738709561,173
1738709564,386
1738709567,435
1738709570,438
1738709573,418
1738709576,182
1738709580,172
1738709582,170
1738709585,183
1738709588,174
1738709592,178
1738709595,177
1738709597,175
1738709601,174
1738709604,178
1738709607,177
1738709610,176
1738709613,177
1738709616,180
1738709619,172
1738709623,184
1738709625,263
1738709628,420
1738709631,430
1738709634,427
1738709637,426
1738709640,270
1738709644,175
1738709646,179
1738709649,178
1738709653,175
1738709655,179
1738709658,172
1738709661,195
1738709665,197
1738709667,198
1738709670,200
1738709674,197
1738709676,200
1738709680,218
1738709683,214
1738709686,218
1738709689,218
1738709692,206
1738709695,221
1738709698,215
1738709701,215
1738709704,219
1738709707,212
1738709710,219
1738709713,220
1738709716,214
1738709719,222
1738709722,214
1738709726,220
1738709729,212
1738709732,216
1738709735,212
1738709738,218
1738709741,212
1738709744,213
1738709747,208
1738709750,207
1738709754,201
1738709756,210
1738709759,207
1738709762,209
1738709765,210
1738709768,206
1738709772,204
1738709775,208
1738709778,203
1738709781,204
1738709784,205
1738709786,206
1738709790,211
1738709793,199
1738709796,203
1738709799,211
1738709799,None
1738709805,196
1738709808,216
1738709811,207
1738709814,206
1738709817,200
1738709820,207
1738709823,210
1738709826,203
1738709830,210
1738709832,208
1738709836,202
1738709839,211
1738709842,205
1738709844,213
1738709848,203
1738709851,206
1738709854,205
1738709857,203
1738709860,208
1738709863,208
1738709866,205
1738709869,209
1738709872,200
1738709875,211
1738709878,206
1738709881,208
1738709884,208
1738709887,206
1738709890,207
1738709894,219
1738709896,217
1738709900,217
1738709903,213
1738709906,219
1738709909,211
1738709912,217
1738709915,212
1738709918,215
1738709921,209
1738709924,212
1738709927,216
1738709930,216
1738709933,213
1738709937,213
1738709939,218
1738709942,205
1738709945,219
1738709945,None
1738709952,473
1738709952,None
1738709958,476
1738709960,336
1738709964,208
1738709967,216
1738709970,214
1738709973,215
1738709976,209
1738709979,205
1738709982,208
1738709985,206
1738709988,209
1738709991,208
1738709994,208
1738709997,211
1738710001,209
1738710003,211
1738710007,206
1738710009,211
1738710012,206
1738710016,211
1738710018,206
1738710022,211
1738710025,213
1738710028,209
1738710031,210
1738710031,None
1738710037,213
1738710040,204
1738710043,200
1738710046,214
1738710049,206
1738710052,206
1738710055,206
1738710058,208
1738710058,None
1738710065,463
1738710068,456
1738710071,458
1738710073,448
1738710076,457
1738710080,252
1738710083,209
1738710086,206
1738710089,212
1738710092,207
1738710095,194
1738710098,203
1738710101,215
1738710104,205
1738710107,200
1738710110,202
1738710113,205
1738710116,203
1738710120,205
1738710120,None
1738710126,207
1738710128,207
1738710132,204
1738710135,202
1738710138,216
1738710141,207
1738710144,208
1738710147,210
1738710150,209
1738710153,205
1738710153,None
1738710160,203
1738710162,204
1738710162,None
1738710169,202
1738710171,207
1738710175,208
1738710177,203
1738710181,202
1738710184,208
1738710187,210
1738710189,200
1738710193,209
1738710196,205
1738710198,201
1738710202,210
1738710205,203
1738710208,202
1738710211,206
1738710214,207
1738710216,197
1738710220,205
1738710223,200
1738710226,206
1738710229,204
1738710232,207
1738710235,210
1738710238,202
1738710241,206
1738710244,206
1738710248,204
1738710251,209
1738710253,198
1738710256,211
1738710260,199
1738710263,208
1738710266,200
1738710266,None
1738710272,203
1738710275,200
1738710278,205
1738710281,203
1738710284,207
1738710287,198
1738710290,209
1738710293,203
1738710296,200
1738710299,208
1738710302,201
1738710305,199
1738710308,200
1738710311,199
1738710315,201
1738710318,200
1738710320,210
1738710324,200
1738710327,316
1738710330,451
1738710333,467
1738710336,468
1738710339,466
1738710342,254
1738710345,203
1738710348,201
1738710351,196
1738710354,208
1738710357,208
1738710361,196
1738710363,204
1738710367,205
1738710370,203
1738710372,202
1738710372,None
1738710378,205
1738710382,199
1738710384,205
1738710388,193
1738710391,209
1738710394,203
1738710397,201
1738710400,203
1738710403,203
1738710406,196
1738710409,205
1738710412,199
1738710415,204
1738710418,199
1738710422,196
1738710424,197
1738710427,204
1738710430,198
1738710434,201
1738710436,202
1738710440,198
1738710443,206
1738710446,200
1738710449,203
1738710452,199
1738710455,198
1738710458,203
1738710461,197
1738710464,201
1738710467,199
1738710470,200
1738710470,None
1738710476,198
1738710479,202
1738710482,197
1738710486,204
1738710488,202
1738710491,198
1738710491,None
1738710491,None
1738710501,205
1738710504,202
1738710507,203
1738710510,203
1738710513,205
1738710516,202
1738710519,209
1738710522,202
1738710525,197
1738710528,212
1738710531,232
1738710534,396
1738710534,None
1738710540,443
1738710543,197
1738710547,201
1738710549,201
1738710549,None
1738710555,191
1738710558,198
1738710561,205
1738710565,197
1738710567,197
1738710571,203
1738710574,200
1738710577,199
1738710580,203
1738710583,199
1738710586,204
1738710589,197
1738710592,206
1738710595,197
1738710598,206
1738710601,197
1738710604,203
1738710608,202
1738710610,203
1738710613,201
1738710616,206
1738710620,198
1738710623,210
1738710626,199
1738710629,200
1738710632,199
1738710634,198
1738710638,197
1738710641,202
1738710644,206
1738710647,195
1738710650,205
1738710653,211
1738710657,199
1738710659,201
1738710662,199
1738710665,209
1738710668,204
1738710671,205
1738710674,208
1738710674,None
1738710680,219
1738710683,222
1738710686,209
1738710686,None
1738710692,212
1738710695,218
1738710698,204
1738710701,200
1738710705,214
1738710707,207
1738710711,202
1738710714,207
1738710716,211
1738710720,212
1738710723,204
1738710726,210
1738710729,203
1738710733,213
1738710735,209
1738710738,210
1738710741,208
1738710744,206
1738710747,208
1738710750,210
1738710753,209
1738710756,206
1738710759,217
1738710762,204
1738710765,439
1738710768,465
1738710772,472
1738710774,370
1738710777,211
1738710781,209
1738710785,205
1738710786,205
1738710790,212
1738710793,205
1738710796,345
1738710799,469
1738710802,462
1738710805,467
1738710808,269
1738710811,212
1738710814,210
1738710817,213
1738710820,209
1738710823,206
1738710826,207
1738710829,203
1738710832,210
1738710836,204
1738710839,206
1738710842,205
1738710845,213
1738710848,210
1738710851,205
1738710853,215
1738710857,205
1738710860,215
1738710863,210
1738710866,213
1738710869,212
1738710872,210
1738710875,208
1738710878,214
1738710881,212
1738710884,212
1738710887,213
1738710890,203
1738710893,215
1738710896,206
1738710900,216
1738710902,209
1738710905,215
1738710908,215
1738710911,213
1738710915,218
1738710918,211
1738710921,210
1738710923,219
1738710927,213
1738710930,217
1738710933,211
1738710936,210
1738710939,189
1738710942,176
1738710945,182
1738710948,176
1738710951,177
1738710954,180
1738710958,180
1738710960,177
1738710963,177
1738710967,184
1738710970,184
1738710970,None
1738710976,180
1738710979,170
1738710979,None
1738710985,177
1738710988,179
1738710991,184
1738710994,179
1738710997,174
1738711001,180
1738711003,184
1738711006,179
1738711009,173
1738711012,183
1738711015,176
1738711018,177
1738711021,178
1738711024,180
1738711027,177
1738711030,171
1738711034,187
1738711036,179
1738711039,178
1738711043,174
1738711046,178
1738711048,178
1738711051,179
1738711055,171
1738711059,174
1738711059,None
1738711064,185
1738711067,175
1738711070,171
1738711074,181
1738711076,178
1738711079,178
1738711082,175
1738711085,179
1738711088,181
1738711091,174
1738711094,184
1738711094,None
1738711101,178
1738711104,176
1738711107,179
1738711110,179
1738711113,178
1738711116,172
1738711119,181
1738711119,None
1738711125,437
1738711128,437
1738711131,438
1738711134,226
1738711138,174
1738711140,179
1738711143,221
1738711146,435
1738711146,None
1738711153,433
1738711155,437
1738711159,323
1738711162,202
1738711165,195
1738711168,200
1738711171,200
1738711174,205
1738711177,206
1738711180,227
1738711183,216
1738711186,217
1738711189,213
1738711192,218
1738711195,215
1738711198,217
1738711202,213
1738711204,214
1738711207,216
1738711210,219
1738711213,216
1738711216,217
1738711219,217
1738711222,207
1738711226,223
1738711229,217
1738711232,217
1738711235,215
1738711238,219
1738711241,197
1738711244,158
1738711247,150
1738711250,153
1738711253,151
1738711256,152
1738711259,153
1738711262,149
1738711265,155
1738711269,155
1738711269,None
1738711275,157
1738711278,146
1738711280,154
1738711283,151
1738711287,152
1738711289,151
1738711292,154
1738711296,153
1738711299,154
1738711302,149
1738711305,153
1738711308,145
1738711311,151
1738711314,155
1738711317,153
1738711320,152
1738711323,152
1738711326,152
1738711329,155
1738711333,146
1738711335,156
1738711338,147
1738711342,153
1738711344,149
1738711344,None
1738711351,149
1738711354,145
1738711357,156
1738711360,151
1738711362,142
1738711365,154
1738711369,149
1738711373,151
1738711373,None
1738711378,148
1738711381,148
1738711384,154
1738711387,143
1738711387,None
1738711394,161
1738711397,155
1738711399,155
1738711402,160
1738711402,None
1738711408,156
1738711412,164
1738711414,163
1738711417,166
1738711417,None
1738711424,164
1738711424,None
1738711430,159
1738711433,167
1738711436,160
1738711439,166
1738711442,164
1738711445,158
1738711448,165
1738711451,164
1738711454,164
1738711457,163
1738711460,163
1738711463,164
1738711466,162
1738711470,160
1738711473,162
1738711475,162
1738711478,160
1738711481,168
1738711484,158
1738711488,162
1738711491,162
1738711494,162
1738711497,166
1738711500,162
1738711503,167
1738711506,162
1738711509,159
1738711512,161
1738711515,163
1738711518,155
1738711521,163
1738711524,160
1738711527,163
1738711530,160
1738711534,160
1738711537,159
1738711540,255
1738711543,429
1738711546,421
1738711549,424
1738711552,240
1738711555,164
1738711558,152
1738711561,160
1738711561,None
1738711567,162
1738711567,None
1738711574,155
1738711576,163
1738711579,158
1738711582,158
1738711585,161
1738711588,154
1738711591,158
1738711594,194
1738711598,410
1738711600,420
1738711604,413
1738711607,284
1738711610,159
1738711614,156
1738711616,162
1738711619,161
1738711622,153
1738711625,159
1738711628,155
1738711631,161
1738711634,159
1738711634,None
1738711640,158
1738711643,155
1738711647,156
1738711649,160
1738711652,159
1738711656,150
1738711659,156
1738711662,158
1738711665,156
1738711667,162
1738711670,157
1738711674,164
1738711677,157
1738711680,163
1738711683,159
1738711686,161
1738711689,164
1738711692,157
1738711695,164
1738711698,155
1738711702,166
1738711704,157
1738711707,158
1738711710,158
1738711713,156
1738711716,158
1738711720,151
1738711722,161
1738711726,156
1738711729,160
1738711732,149
1738711735,159
1738711738,159
1738711741,147
1738711744,161
1738711747,154
1738711750,158
1738711753,155
1738711756,151
1738711760,157
1738711763,157
1738711765,156
1738711769,159
1738711771,153
1738711775,162
1738711777,151
1738711781,165
1738711784,156
1738711787,161
1738711789,155
1738711793,165
1738711796,155
1738711799,158
1738711802,157
1738711805,155
1738711808,158
1738711811,159
1738711814,153
1738711817,162
1738711820,158
1738711824,154
1738711827,163
1738711830,153
1738711833,161
1738711835,160
1738711839,154
1738711842,155
1738711844,157
1738711848,158
1738711850,153
1738711854,161
1738711857,145
1738711860,140
1738711863,147
1738711866,157
1738711869,149
1738711872,147
1738711875,146
1738711878,139
1738711881,154
1738711884,153
1738711887,150
1738711890,147
1738711893,153
1738711896,155
1738711899,146
1738711902,153
1738711905,148
1738711905,None
1738711911,152
1738711914,149
1738711917,155
1738711920,149
1738711920,None
1738711927,151
1738711930,150
1738711933,151
1738711936,150
1738711939,341
1738711942,404
1738711945,403
1738711948,392
1738711951,150
1738711951,None
1738711957,407
1738711960,402
1738711963,400
1738711966,400
1738711970,314
1738711972,147
1738711972,None
1738711978,154
1738711982,144
1738711985,160
1738711988,145
1738711991,150
1738711994,146
1738711997,143
1738712000,152
1738712003,146
1738712006,155
1738712009,146
1738712012,152
1738712015,151
1738712019,153
1738712021,151
1738712025,145
1738712027,155
1738712030,153
1738712033,154
1738712037,148
1738712040,154
1738712042,145
1738712046,148
1738712049,148
1738712052,149
1738712055,148
1738712058,150
1738712061,143
1738712064,145
1738712067,150
1738712071,147
1738712073,139
1738712076,151
1738712079,149
1738712082,144
1738712085,149
1738712088,148
1738712092,149
1738712095,145
1738712098,151
1738712101,150
1738712104,147
1738712106,148
1738712110,156
1738712113,153
1738712116,143
1738712119,154
1738712122,155
1738712125,148
1738712128,157
1738712131,148
1738712134,121
1738712137,117
1738712141,116
1738712143,120
1738712146,116
1738712149,123
1738712153,107
1738712153,None
1738712159,115
1738712162,121
1738712165,114
1738712168,118
1738712170,119
1738712174,117
1738712177,119
1738712180,114
1738712183,122
1738712186,117
1738712189,118
1738712192,116
1738712195,117
1738712198,114
1738712201,114
1738712205,113
1738712207,111
1738712210,116
1738712214,122
1738712216,121
1738712219,124
1738712219,None
1738712226,117
1738712229,116
1738712232,120
1738712235,119
1738712238,115
1738712241,121
1738712244,120
1738712247,119
1738712250,105
1738712253,121
1738712256,120
1738712256,None
1738712262,112
1738712265,116
1738712269,116
1738712269,None
1738712274,117
1738712278,116
1738712281,118
1738712284,114
1738712287,114
1738712290,114
1738712292,111
1738712296,120
1738712299,114
1738712302,116
1738712305,119
1738712308,115
1738712308,None
1738712314,113
1738712317,120
1738712320,116
1738712323,119
1738712323,None
1738712330,116
1738712332,349
1738712335,375
1738712338,380
1738712342,355
1738712345,120
1738712347,116
1738712351,125
1738712354,112
1738712357,120
1738712360,116
1738712363,114
1738712366,117
1738712369,116
1738712372,123
1738712375,107
1738712378,123
1738712381,113
1738712384,112
1738712387,117
1738712390,114
1738712394,117
1738712394,None
1738712401,117
1738712402,110
1738712406,122
1738712409,113
1738712412,117
1738712415,116
1738712418,113
1738712421,119
1738712424,114
1738712427,122
1738712430,113
1738712433,115
1738712436,123
1738712439,214
1738712443,359
1738712446,371
1738712448,372
1738712452,235
1738712454,116
1738712454,None
1738712461,114
1738712464,120
1738712467,132
1738712470,126
1738712473,160
1738712476,210
1738712479,230
1738712482,224
1738712485,221
1738712488,209
1738712491,211
1738712494,211
1738712497,200
1738712500,210
1738712503,204
1738712506,205
1738712510,206
1738712512,195
1738712515,197
1738712518,191
1738712521,185
1738712524,191
1738712528,183
1738712531,185
1738712534,183
1738712534,None
1738712540,190
1738712543,182
1738712546,185
1738712549,181
1738712553,179
1738712555,189
1738712555,None
1738712561,180
1738712564,179
1738712567,182
1738712570,184
1738712573,182
1738712577,183
1738712580,186
1738712583,182
1738712586,182
1738712589,180
1738712592,186
1738712595,176
1738712598,188
1738712601,181
1738712604,185
1738712607,178
1738712610,182
1738712613,180
1738712616,181
1738712620,176
1738712622,188
1738712625,176
1738712628,177
1738712631,185
1738712634,179
1738712637,183
1738712641,179
1738712643,182
1738712646,180
1738712646,None
1738712653,181
1738712653,None
1738712659,187
1738712659,None
1738712665,176
1738712668,192
1738712671,180
1738712674,181
1738712677,186
1738712680,182
1738712683,173
1738712686,184
1738712689,184
1738712693,178
1738712693,None
1738712699,179
1738712702,183
1738712705,180
1738712707,181
1738712711,178
1738712714,182
1738712717,181
1738712720,181
1738712723,180
1738712726,375
1738712729,436
1738712732,437
1738712735,439
1738712738,267
1738712741,185
1738712741,None
1738712747,172
1738712750,182
1738712753,186
1738712756,184
1738712760,175
1738712762,191
1738712765,184
1738712768,181
1738712772,179
1738712775,185
1738712778,178
1738712781,187
1738712784,178
1738712787,176
1738712790,195
1738712790,None
1738712796,177
1738712799,186
1738712802,179
1738712806,184
1738712808,179
1738712812,180
1738712814,186
1738712817,174
1738712821,184
1738712823,180
1738712823,None
1738712830,196
1738712833,435
1738712835,432
1738712839,435
1738712842,438
1738712845,231
1738712848,187
1738712848,None
1738712855,189
1738712858,179
1738712860,179
1738712863,183
1738712866,182
1738712869,177
1738712872,182
1738712875,180
1738712879,181
1738712881,180
1738712885,181
1738712888,178
1738712891,181
1738712894,184
1738712897,183
1738712900,184
1738712903,179
1738712906,185
1738712909,178
1738712909,None
1738712909,None
1738712918,182
1738712921,177
1738712924,184
1738712928,181
1738712931,185
1738712933,177
1738712937,181
1738712937,None
1738712942,178
1738712946,177
1738712949,174
1738712952,181
1738712955,179
1738712958,168
1738712961,178
1738712964,171
1738712967,164
1738712970,178
1738712974,170
1738712976,168
1738712979,177
1738712982,171
1738712986,170
1738712988,167
1738712991,174
1738712995,170
1738712997,165
1738713001,176
1738713004,173
1738713004,None
1738713010,166
1738713013,173
1738713016,174
1738713019,178
1738713022,175
1738713025,169
1738713028,168
1738713031,180
1738713034,181
1738713037,172
1738713040,177
1738713044,170
1738713046,177
1738713050,179
1738713053,176
1738713056,173
1738713058,184
1738713062,175
1738713065,181
1738713068,180
1738713071,178
1738713074,183
1738713077,179
1738713080,183
1738713083,178
1738713086,184
1738713089,176
1738713092,185
1738713095,183
1738713098,181
1738713101,179
1738713104,182
1738713107,177
1738713110,177
1738713114,181
1738713116,175
1738713119,179
1738713122,179
1738713126,179
1738713126,None
1738713131,181
1738713134,174
1738713138,184
1738713141,181
1738713144,173
1738713146,326
1738713150,436
1738713153,439
1738713156,440
1738713159,356
1738713162,178
1738713165,178
1738713168,181
1738713168,None
1738713174,186
1738713177,178
1738713180,178
1738713183,179
1738713186,180
1738713189,182
1738713192,177
1738713195,184
1738713198,179
1738713201,176
1738713205,183
1738713207,177
1738713211,181
1738713214,180
1738713217,178
1738713220,184
1738713223,196
1738713226,362
1738713229,430
1738713232,439
1738713235,431
1738713238,431
1738713241,192
1738713244,181
1738713247,183
1738713250,183
1738713253,181
1738713256,184
1738713259,177
1738713262,182
1738713265,172
1738713268,183
1738713272,178
1738713274,181
1738713277,185
1738713280,183
1738713284,185
1738713287,178
1738713290,185
1738713293,178
1738713296,188
1738713299,176
1738713302,182
1738713305,175
1738713308,179
1738713311,182
1738713314,180
1738713317,176
1738713320,180
1738713323,170
1738713323,None
1738713329,167
1738713333,178
1738713336,170
1738713338,175
1738713341,169
1738713345,170
1738713348,174
1738713351,167
1738713354,177
1738713357,164
1738713360,175
1738713360,None
1738713366,169
1738713369,176
1738713372,170
1738713375,171
1738713378,170
1738713381,174
1738713384,161
1738713388,178
1738713391,176
1738713393,165
1738713397,167
1738713399,176
1738713403,169
1738713405,171
1738713409,177
1738713411,174
1738713414,167
1738713417,173
1738713420,171
1738713424,169
1738713427,168
1738713430,167
1738713433,173
1738713436,170
1738713439,174
1738713442,170
1738713442,None
1738713448,170
1738713448,None
1738713454,167
1738713457,182
1738713460,170
1738713463,172
1738713466,173
1738713466,None
1738713466,None
1738713476,174
1738713479,171
1738713482,174
1738713485,169
1738713488,175
1738713491,170
1738713494,172
1738713497,165
1738713500,174
1738713503,168
1738713503,None
1738713509,173
1738713509,None
1738713515,168
1738713518,170
1738713522,177
1738713524,169
1738713527,163
1738713531,177
1738713533,169
1738713536,167
1738713536,None
1738713543,171
1738713546,168
1738713549,175
1738713552,168
1738713555,170
1738713558,171
1738713561,173
1738713564,163
1738713567,389
1738713570,439
1738713574,427
1738713577,407
1738713579,172
1738713582,170
1738713586,168
1738713589,170
1738713592,172
1738713592,None
1738713598,172
1738713601,172
1738713604,179
1738713607,167
1738713610,173
1738713613,169
1738713616,168
1738713619,167
1738713622,171
1738713625,170
1738713628,168
1738713632,170
1738713635,166
1738713638,173
1738713641,166
1738713644,173
1738713647,171
1738713650,171
1738713653,172
1738713656,166
1738713659,324
1738713662,441
1738713665,431
1738713669,429
1738713671,430
1738713671,None
1738713678,172
1738713680,175
1738713684,169
1738713687,162
1738713690,178
1738713692,171
1738713692,None
1738713699,172
1738713699,None
1738713705,173
1738713705,None
1738713711,178
1738713711,None
1738713717,171
1738713720,178
1738713723,171
1738713726,178
1738713729,169
1738713732,183
1738713732,None
1738713738,174
1738713741,172
1738713745,165
1738713748,172
1738713751,172
1738713754,174
1738713757,170
1738713760,169
1738713763,173
1738713766,167
1738713769,172
1738713772,172
1738713775,170
1738713778,174
1738713781,172
1738713781,None
1738713787,170
1738713790,170
1738713794,163
1738713796,178
1738713800,169
1738713803,166
1738713805,172
1738713808,170
1738713812,170
1738713815,172
1738713818,171
1738713821,172
1738713824,169
1738713827,172
1738713830,166
1738713833,176
1738713836,177
1738713839,167
1738713842,180
1738713846,170
1738713849,170
1738713851,171
1738713854,172
1738713854,None
1738713860,175
1738713863,176
1738713866,168
1738713869,174
1738713872,177
1738713875,164
1738713879,179
1738713881,170
1738713881,None
1738713887,173
1738713891,170
1738713894,171
1738713897,175
1738713899,165
1738713903,171
1738713906,173
1738713909,176
1738713912,167
1738713915,169
1738713918,169
1738713921,173
1738713924,170
1738713927,175
1738713930,174
1738713933,162
1738713936,176
1738713939,171
1738713943,164
1738713946,172
1738713949,167
1738713952,171
1738713954,171
1738713958,178
1738713961,179
1738713964,182
1738713967,342
1738713970,444
1738713973,435
1738713976,439
1738713979,217
1738713982,186
1738713985,181
1738713988,179
1738713992,178
1738713994,181
1738713994,None
1738714001,184
1738714003,187
1738714006,176
1738714009,181
1738714012,186
1738714015,180
1738714019,181
1738714022,182
1738714025,177
1738714028,179
1738714031,182
1738714034,187
1738714036,185
1738714040,175
1738714043,184
1738714043,None
1738714049,191
1738714052,177
1738714056,178
1738714059,180
1738714061,178
1738714064,181
1738714067,177
1738714070,184
1738714073,172
1738714076,183
1738714080,178
1738714083,180
1738714086,179
1738714088,179
1738714092,179
1738714092,None
1738714098,182
1738714101,172
1738714104,184
1738714107,170
1738714110,187
1738714113,179
1738714116,276
1738714119,439
1738714122,436
1738714125,430
1738714128,438
1738714128,None
1738714128,None
1738714138,175
1738714140,181
1738714144,178
1738714146,175
1738714149,178
1738714152,175
1738714155,184
1738714159,176
1738714162,184
1738714165,181
1738714168,178
1738714171,179
1738714174,171
1738714177,176
1738714180,176
1738714183,173
1738714183,None
1738714189,175
1738714193,171
1738714196,177
1738714199,172
1738714202,170
1738714205,188
1738714208,177
1738714211,180
1738714213,182
1738714217,178
1738714220,175
1738714222,177
1738714226,193
1738714229,174
1738714232,173
1738714235,168
1738714238,175
1738714241,170
1738714244,172
1738714247,174
1738714250,178
1738714253,169
1738714257,175
1738714259,168
1738714263,179
1738714265,168
1738714268,183
1738714271,174
1738714275,177
1738714275,None
1738714275,None
1738714284,180
1738714287,178
1738714290,184
1738714293,177
1738714296,183
1738714296,None
1738714302,186
1738714305,183
1738714308,183
1738714311,189
1738714314,179
1738714317,191
1738714320,191
1738714323,304
1738714326,453
1738714329,441
1738714332,448
1738714335,448
1738714338,221
1738714342,186
1738714345,183
1738714348,182
1738714348,None
1738714354,176
1738714357,184
1738714361,176
1738714363,180
1738714366,176
1738714369,180
1738714372,179
1738714376,179
1738714378,176
1738714382,173
1738714384,175
1738714387,174
1738714387,None
1738714394,174
1738714397,174
1738714400,173
1738714403,169
1738714406,176
1738714409,176
1738714412,167
1738714415,176
1738714418,176
1738714421,177
1738714424,171
1738714427,170
1738714430,175
1738714434,173
1738714436,177
1738714439,170
1738714443,176
1738714445,174
1738714449,175
1738714452,174
1738714455,173
1738714458,176
1738714461,167
1738714464,180
1738714467,176
1738714470,171
1738714473,182
1738714476,173
1738714479,184
1738714482,180
1738714485,177
1738714488,207
1738714492,199
1738714494,199
1738714494,None
1738714500,211
1738714504,201
1738714507,203
1738714510,206
1738714513,201
1738714516,200
1738714519,187
1738714522,175
1738714525,178
1738714528,163
1738714531,124
1738714534,123
1738714537,128
1738714540,126
1738714543,125
1738714546,130
1738714549,121
1738714552,128
1738714556,125
1738714559,123
1738714562,125
1738714565,123
1738714568,126
1738714571,124
1738714574,119
1738714577,167
1738714580,382
1738714583,385
1738714586,382
1738714589,382
1738714589,None
1738714595,121
1738714598,121
1738714601,123
1738714604,124
1738714607,119
1738714610,126
1738714613,120
1738714617,131
1738714620,121
1738714623,128
1738714626,124
1738714628,122
1738714632,124
1738714635,195
1738714638,386
1738714641,391
1738714644,383
1738714647,142
1738714650,121
1738714653,131
1738714656,121
1738714659,120
1738714663,122
1738714666,114
1738714666,None
1738714672,115
1738714674,124
1738714678,113
1738714680,119
1738714684,118
1738714687,125
1738714690,117
1738714693,127
1738714696,132
1738714699,136
1738714702,145
1738714705,128
1738714708,129
1738714711,128
1738714714,123
1738714717,126
1738714720,120
1738714723,127
1738714727,121
1738714727,None
1738714732,131
1738714736,144
1738714738,137
1738714742,134
1738714745,147
1738714748,131
1738714751,126
1738714754,144
1738714757,132
1738714760,127
1738714763,126
1738714766,125
1738714766,None
1738714772,132
1738714775,131
1738714778,122
1738714781,134
1738714784,126
1738714787,128
1738714790,126
1738714794,129
1738714796,130
1738714800,126
1738714802,134
1738714806,127
1738714809,130
1738714812,119
1738714815,115
1738714818,116
1738714821,121
1738714824,160
1738714827,159
1738714830,162
1738714833,156
1738714836,155
1738714836,None
1738714842,156
1738714845,164
1738714848,150
1738714851,133
1738714855,133
1738714857,129
1738714860,132
1738714864,130
1738714867,133
1738714869,131
1738714869,None
1738714876,136
1738714876,None
1738714882,125
1738714885,109
1738714888,124
1738714891,119
1738714894,123
1738714897,147
1738714900,137
1738714904,124
1738714906,130
1738714910,129
1738714912,181
1738714916,168
1738714918,186
1738714922,181
1738714925,170
1738714927,190
1738714931,170
1738714934,187
1738714937,174
1738714940,165
1738714943,141
1738714946,156
1738714949,149
1738714952,147
1738714955,169
1738714958,396
1738714961,430
1738714965,420
1738714967,416
1738714970,153
1738714973,146
1738714976,139
1738714980,149
1738714982,143
1738714986,226
1738714989,402
1738714992,401
1738714995,420
1738714998,421
1738715001,193
1738715004,199
1738715007,202
1738715011,194
1738715013,201
1738715016,188
1738715019,205
1738715023,190
1738715025,196
1738715028,193
1738715031,204
1738715034,194
1738715037,194
1738715040,197
1738715043,200
1738715047,197
1738715050,175
1738715053,168
1738715056,182
1738715059,192
1738715062,194
1738715065,124
1738715068,217
1738715071,182
1738715074,162
1738715077,209
1738715080,186
1738715083,189
1738715087,170
1738715087,None
1738715092,170
1738715095,139
1738715098,196
1738715101,207
1738715105,136
1738715108,186
1738715111,211
1738715113,167
1738715117,139
1738715120,211
1738715123,286
1738715126,207
1738715126,None
1738715132,209
1738715135,260
1738715139,268
1738715141,267
1738715144,222
1738715147,262
1738715150,219
1738715153,247
1738715156,223
1738715159,229
1738715162,227
1738715165,246
1738715168,246
1738715171,238
1738715174,171
1738715174,None
1738715180,234
1738715184,242
1738715187,235
1738715190,239
1738715193,264
1738715196,275
1738715199,1241
1738715202,1335
1738715205,1335
1738715208,1112
1738715211,1355
1738715214,1317
1738715217,1387
1738715220,1312
1738715223,1397
1738715226,1311
1738715229,1398
1738715232,1389
1738715235,1396
1738715238,1391
1738715241,1317
1738715244,1387
1738715247,1322
1738715251,1367
1738715254,1336
1738715257,1337
1738715260,1327
1738715263,1374
1738715266,1321
1738715269,1376
1738715272,1312
1738715275,1372
1738715278,1288
1738715281,1230
1738715284,1240
1738715288,1245
1738715290,1319
1738715293,1372
1738715297,1319
1738715299,1373
1738715303,1316
1738715306,1374
1738715309,1310
1738715312,1366
1738715315,1303
1738715318,1369
1738715318,None
1738715324,1272
1738715327,1295
1738715330,1321
1738715333,1295
1738715333,None
1738715333,None
1738715342,1333
1738715342,None
1738715349,1328
1738715351,1322
1738715354,1496
1738715357,1600
1738715361,1600
1738715363,1568
1738715367,1293
1738715369,1306
1738715373,1302
1738715376,1292
1738715376,None
1738715382,1288
1738715384,1431
1738715388,1486
1738715391,1478
1738715395,1487
1738715398,1315
1738715400,1218
1738715403,1220
1738715406,1232
1738715409,1276
1738715412,1242
1738715415,1214
1738715418,1216
1738715418,None
1738715424,1231
1738715427,1222
1738715431,1204
1738715434,1211
1738715436,1211
1738715440,1204
1738715443,1204
1738715445,1197
1738715449,1200
1738715452,1204
1738715455,1195
1738715458,1244
1738715461,1275
1738715464,1248
1738715467,1256
1738715470,1226
1738715473,1230
1738715477,1222
1738715479,1227
1738715483,1271
1738715485,1251
1738715488,1229
1738715492,1219
1738715495,1228
1738715498,1216
1738715501,1219
1738715504,1223
1738715504,None
1738715510,1324
1738715513,1270
1738715516,1256
1738715518,1262
1738715522,1224
1738715525,1235
1738715528,1254
1738715531,1249
1738715534,1246
1738715538,1334
1738715540,1388
1738715543,1407
1738715546,1412
1738715549,1390
1738715552,1363
1738715555,1351
1738715558,1332
1738715562,1345
1738715565,1346
1738715567,1339
1738715570,1360
1738715574,1357
1738715577,1359
1738715580,1363
1738715583,1436
1738715586,1480
1738715589,1486
1738715589,None
1738715595,1489
1738715598,1466
1738715598,None
1738715598,None
1738715607,1445
1738715610,1438
1738715613,1473
1738715616,1470
1738715619,1455
1738715623,1326
1738715625,1320
1738715628,1317
1738715631,1315
1738715635,1326
1738715638,1363
1738715641,1347
1738715644,1340
1738715647,1273
1738715650,798
1738715654,784
1738715656,785
1738715659,793
1738715662,798
1738715665,780
1738715665,None
1738715671,779
1738715674,781
1738715677,776
1738715677,None
1738715684,782
1738715687,773
1738715690,780
1738715693,775
1738715696,776
1738715699,783
1738715702,781
1738715705,805
1738715708,785
1738715711,777
1738715714,788
1738715717,786
1738715720,787
1738715723,782
1738715726,790
1738715729,780
1738715729,None
1738715729,None
1738715738,1028
1738715741,1038
1738715744,1042
1738715747,1041
1738715750,818
1738715754,779
1738715757,785
1738715759,785
1738715764,787
1738715766,779
1738715770,787
1738715772,908
1738715775,1036
1738715778,1027
1738715781,1023
1738715784,1033
1738715787,833
1738715790,784
1738715793,223
1738715796,221
1738715799,216
1738715802,196
1738715805,194
1738715809,206
1738715811,200
1738715814,200
1738715817,199
1738715817,None
1738715823,193
1738715826,195
1738715829,191
1738715832,206
1738715835,218
1738715839,214
1738715842,203
1738715845,199
1738715848,194
1738715851,204
1738715854,217
1738715857,198
1738715860,246
1738715863,558
1738715866,1709
1738715869,1746
1738715872,1738
1738715875,1712
1738715879,1658
1738715881,1661
1738715884,1647
1738715887,1673
1738715890,1638
1738715893,1602
1738715896,1660
1738715901,1679
1738715903,1657
1738715906,1676
1738715909,810
1738715912,292
1738715915,284
1738715918,285
1738715921,269
1738715924,260
1738715927,260
1738715927,None
1738715933,254
1738715936,256
1738715936,None
1738715942,251
1738715946,262
1738715949,273
1738715952,254
1738715955,264
1738715958,248
1738715960,239
1738715964,281
1738715966,267
1738715970,235
1738715972,235
1738715976,237
1738715979,276
1738715981,277
1738715985,277
1738715985,None
1738715985,None
1738715994,245
1738715997,266
1738716000,243
1738716003,262
1738716006,246
1738716009,255
1738716012,250
1738716015,261
1738716018,264
1738716021,260
1738716024,249
1738716028,254
1738716030,257
1738716033,262
1738716037,250
1738716037,None
1738716037,None
1738716046,206
1738716049,191
1738716052,253
1738716055,257
1738716058,259
1738716061,260
1738716064,257
1738716067,251
1738716071,258
1738716073,253
1738716077,240
1738716079,234
1738716082,204
1738716085,189
1738716088,188
1738716091,193
1738716095,193
1738716098,278
1738716101,433
1738716104,442
1738716107,452
1738716110,391
1738716113,210
1738716116,190
1738716119,196
1738716122,228
1738716125,201
1738716128,203
1738716131,197
1738716134,186
1738716134,None
1738716141,194
1738716143,186
1738716146,187
1738716150,193
1738716153,192
1738716156,186
1738716159,185
1738716162,190
1738716165,191
1738716168,249
1738716168,None
1738716174,230
1738716177,236
1738716180,232
1738716183,267
1738716186,233
1738716189,214
1738716192,229
1738716195,315
1738716198,299
1738716201,252
1738716201,None
1738716207,455
1738716207,None
1738716207,None
1738716216,661
1738716216,None
1738716223,417
1738716226,390
1738716229,371
1738716232,362
1738716235,332
1738716238,340
1738716241,336
1738716244,349
1738716247,350
1738716250,345
1738716253,361
1738716256,328
1738716260,311
1738716262,313
1738716265,315
1738716268,307
1738716272,316
1738716274,306
1738716278,316
1738716280,312
1738716284,307
1738716286,313
1738716290,305
1738716293,309
1738716296,311
1738716299,311
1738716302,316
1738716305,300
1738716308,317
1738716311,332
1738716314,313
1738716318,295
1738716320,307
1738716320,None
1738716320,None
1738716330,306
1738716332,315
1738716336,318
1738716339,307
1738716342,315
1738716345,318
1738716348,300
1738716351,316
1738716354,317
1738716357,308
1738716360,308
1738716360,None
1738716366,309
1738716369,320
1738716369,None
1738716375,326
1738716375,None
1738716382,337
1738716384,331
1738716387,322
1738716390,335
1738716393,327
1738716397,316
1738716400,307
1738716402,307
1738716406,305
1738716409,309
1738716412,305
1738716415,308
1738716418,304
1738716418,None
1738716424,302
1738716427,306
1738716430,302
1738716433,303
1738716436,302
1738716439,314
1738716442,338
1738716445,352
1738716448,349
1738716448,None
1738716455,359
1738716457,340
1738716460,323
1738716464,323
1738716464,None
1738716470,327
1738716470,None
1738716476,320
1738716479,327
1738716483,327
1738716484,332
1738716488,322
1738716491,334
1738716494,321
1738716497,328
1738716500,327
1738716503,321
1738716506,360
1738716509,584
1738716512,588
1738716515,578
1738716519,485
1738716521,326
1738716524,269
1738716527,184
1738716531,189
1738716534,182
1738716536,183
1738716540,230
1738716542,245
1738716542,None
1738716549,190
1738716552,187
1738716555,197
1738716558,200
1738716561,221
1738716564,210
1738716567,200
1738716570,215
1738716573,218
1738716576,199
1738716580,213
1738716582,225
1738716586,207
1738716588,391
1738716591,464
1738716594,465
1738716597,466
1738716600,202
1738716603,225
1738716603,None
1738716610,199
1738716612,201
1738716616,214
1738716618,207
1738716622,209
1738716624,215
1738716628,217
1738716631,214
1738716634,219
1738716637,213
1738716640,230
1738716643,190
1738716643,None
1738716649,194
1738716652,216
1738716655,199
1738716658,211
1738716661,207
1738716664,206
1738716667,215
1738716670,218
1738716673,224
1738716676,217
1738716679,217
1738716683,221
1738716685,206
1738716689,219
1738716691,201
1738716695,203
1738716697,203
1738716701,194
1738716704,185
1738716707,186
1738716710,185
1738716713,176
1738716716,189
1738716716,None
1738716722,181
1738716725,182
1738716728,180
1738716731,189
1738716734,185
1738716737,176
1738716740,185
1738716744,176
1738716746,182
1738716749,177
1738716752,182
1738716755,181
1738716759,183
1738716761,186
1738716765,180
1738716768,181
1738716771,179
1738716774,177
1738716777,185
1738716780,177
1738716783,185
1738716783,None
1738716783,None
1738716792,176
1738716795,181
1738716798,182
1738716798,None
1738716804,186
1738716807,180
1738716811,178
1738716813,183
1738716816,184
1738716820,181
1738716823,181
1738716826,175
1738716828,189
1738716832,181
1738716835,183
1738716838,190
1738716841,182
1738716844,184
1738716847,179
1738716850,186
1738716854,175
1738716854,None
1738716859,184
1738716862,173
1738716862,None
1738716869,182
1738716871,178
1738716874,184
1738716877,178
1738716881,178
1738716881,None
1738716887,343
1738716890,444
1738716893,433
1738716896,402
1738716899,174
1738716902,188
1738716905,174
1738716908,186
1738716911,170
1738716914,181
1738716917,174
1738716920,176
1738716924,176
1738716926,176
1738716929,178
1738716933,180
1738716935,181
1738716938,173
1738716942,307
1738716945,428
1738716947,439
1738716947,None
1738716954,433
1738716957,411
1738716960,179
1738716963,175
1738716966,181
1738716969,180
1738716972,177
1738716975,184
1738716978,174
1738716981,179
1738716984,181
1738716987,175
1738716990,175
1738716994,180
1738716994,None
1738717000,181
1738717002,170
1738717005,175
1738717009,182
1738717012,171
1738717014,180
1738717018,173
1738717021,172
1738717023,177
1738717027,177
1738717030,173
1738717033,174
1738717036,178
1738717039,172
1738717042,179
1738717045,174
1738717048,169
1738717051,183
1738717054,174
1738717057,170
1738717060,182
1738717064,179
1738717066,179
1738717066,None
1738717072,181
1738717075,174
1738717078,182
1738717082,175
1738717085,181
1738717088,178
1738717091,172
1738717094,183
1738717097,178
1738717100,173
1738717103,178
1738717106,178
1738717109,182
1738717112,175
1738717115,183
1738717118,172
1738717118,None
1738717124,175
1738717128,175
1738717130,183
1738717133,252
1738717137,840
1738717140,1600
1738717143,1595
1738717143,None
1738717149,1633
1738717152,1649
1738717155,1679
1738717158,1674
1738717162,1663
1738717164,1671
1738717167,1674
1738717170,1667
1738717173,1672
1738717176,1675
1738717180,1669
1738717183,1657
1738717186,1682
1738717189,1669
1738717191,1667
1738717195,1664
1738717198,1663
1738717201,455
1738717204,259
1738717207,259
1738717210,261
1738717214,248
1738717216,255
1738717219,262
1738717219,None
1738717225,251
1738717228,261
1738717231,257
1738717234,321
1738717238,519
1738717241,517
1738717244,521
1738717247,347
1738717250,262
1738717253,257
1738717256,264
1738717259,259
1738717262,252
1738717265,258
1738717268,252
1738717271,263
1738717274,256
1738717277,263
1738717280,256
1738717283,257
1738717287,259
1738717289,254
1738717292,262
1738717296,255
1738717298,255
1738717302,254
1738717304,250
1738717308,260
1738717311,255
1738717314,250
1738717317,251
1738717320,263
1738717323,254
1738717326,255
1738717329,256
1738717333,260
1738717336,258
1738717339,257
1738717341,246
1738717344,246
1738717347,251
1738717350,246
1738717353,240
1738717356,257
1738717360,246
1738717362,241
1738717362,None
1738717369,246
1738717372,244
1738717375,249
1738717378,250
1738717381,250
1738717384,251
1738717387,242
1738717390,250
1738717393,243
1738717396,254
1738717399,239
1738717402,253
1738717405,241
1738717408,250
1738717412,246
1738717415,247
1738717418,245
1738717420,246
1738717424,247
1738717427,248
1738717430,248
1738717433,249
1738717436,254
1738717439,239
1738717442,255
1738717445,248
1738717448,242
1738717451,250
1738717455,452
1738717457,504
1738717460,505
1738717463,503
1738717466,405
1738717470,247
1738717473,245
1738717475,255
1738717479,256
1738717482,247
1738717485,267
1738717488,251
1738717491,246
1738717491,None
1738717497,248
1738717500,247
1738717503,243
1738717506,249
1738717509,248
1738717512,253
1738717512,None
1738717518,268
1738717521,257
1738717524,245
1738717527,256
1738717530,259
1738717533,257
1738717536,259
1738717539,269
1738717539,None
1738717546,258
1738717546,None
1738717552,435
1738717554,518
1738717558,515
1738717561,520
1738717564,518
1738717567,520
1738717570,530
1738717573,529
1738717577,532
1738717579,530
1738717582,526
1738717585,519
1738717588,527
1738717591,554
1738717594,530
1738717598,511
1738717598,None
1738717604,515
1738717604,None
1738717610,471
1738717613,287
1738717616,287
1738717619,283
1738717619,None
1738717625,286
1738717628,284
1738717631,284
1738717634,284
1738717637,283
1738717641,279
1738717643,264
1738717646,268
1738717650,264
1738717650,None
1738717656,268
1738717658,264
1738717662,292
1738717665,269
1738717668,277
1738717668,None
1738717674,272
1738717677,280
1738717680,275
1738717684,278
1738717686,285
1738717689,317
1738717692,320
1738717695,311
1738717698,307
1738717701,310
1738717701,None
1738717707,257
1738717710,271
1738717714,275
1738717716,273
1738717720,268
1738717722,265
1738717725,296
1738717729,309
1738717732,305
1738717735,303
1738717738,309
1738717741,301
1738717744,311
1738717747,295
1738717750,310
1738717753,276
1738717756,280
1738717759,281
1738717762,280
1738717765,276
1738717768,274
1738717771,271
1738717774,256
1738717778,256
1738717780,255
1738717784,255
1738717786,256
1738717789,257
1738717793,258
1738717795,263
1738717799,253
1738717801,264
1738717805,311
1738717808,510
1738717811,518
1738717814,550
1738717816,556
1738717820,405
1738717823,307
1738717826,300
1738717829,330
1738717832,347
1738717835,349
1738717838,333
1738717838,None
1738717844,345
1738717847,338
1738717850,335
1738717853,350
1738717857,348
1738717859,330
1738717863,332
1738717866,341
1738717868,343
1738717872,326
1738717875,362
1738717878,358
1738717881,569
1738717884,595
1738717887,602
1738717890,581
1738717893,567
1738717896,377
1738717899,334
1738717903,311
1738717905,374
1738717908,378
1738717911,387
1738717914,371
1738717917,420
1738717920,409
1738717923,369
1738717927,427
1738717930,388
1738717933,366
1738717936,376
1738717939,385
1738717942,385
1738717945,420
1738717945,None
1738717951,391
1738717954,413
1738717957,368
1738717960,330
1738717963,292
1738717966,296
1738717969,290
1738717972,281
1738717975,285
1738717979,294
1738717981,291
1738717984,292
1738717988,289
1738717991,391
1738717993,392
1738717997,372
1738718000,406
1738718002,397
1738718006,376
1738718009,423
1738718012,365
1738718015,425
1738718015,None
1738718021,383
1738718024,384
1738718027,353
1738718030,392
1738718033,365
1738718036,354
1738718040,362
1738718042,351
1738718042,None
1738718048,373
1738718052,402
1738718054,419
1738718054,None
1738718061,408
1738718064,417
1738718066,374
1738718070,417
1738718073,432
1738718076,376
1738718079,410
1738718082,404
1738718085,372
1738718088,424
1738718091,353
1738718094,316
1738718094,None
1738718100,309
1738718100,None
1738718107,365
1738718109,374
1738718112,407
1738718116,339
1738718118,315
1738718122,338
1738718124,332
1738718128,366
1738718131,300
1738718134,228
1738718137,258
1738718140,313
1738718143,311
1738718146,305
1738718146,None
1738718146,None
1738718155,312
1738718158,280
1738718161,313
1738718161,None
1738718168,304
1738718170,300
1738718174,309
1738718176,287
1738718179,312
1738718179,None
1738718179,None
1738718189,297
1738718192,307
1738718194,291
1738718198,233
1738718201,229
1738718204,232
1738718207,228
1738718210,230
1738718213,230
1738718217,221
1738718219,260
1738718222,249
1738718225,459
1738718228,487
1738718231,481
1738718235,498
1738718238,390
1738718240,228
1738718243,231
1738718246,224
1738718250,230
1738718252,233
1738718256,367
1738718256,None
1738718262,492
1738718265,478
1738718268,220
1738718271,298
1738718274,286
1738718277,264
1738718280,270
1738718283,253
1738718286,238
1738718289,240
1738718292,254
1738718295,264
1738718298,256
1738718298,None
1738718304,236
1738718307,241
1738718311,240
1738718314,242
1738718316,255
1738718320,339
1738718323,324
1738718323,None
1738718329,283
1738718329,None
1738718335,277
1738718338,387
1738718341,438
1738718344,455
1738718348,453
1738718350,438
1738718353,419
1738718356,410
1738718360,377
1738718360,None
1738718366,381
1738718369,379
1738718371,395
1738718375,386
1738718378,394
1738718381,399
1738718384,399
1738718388,408
1738718390,413
1738718393,416
1738718396,412
1738718399,402
1738718402,374
1738718405,374
1738718408,383
1738718408,None
1738718414,375
1738718414,None
1738718420,356
1738718423,259
1738718427,213
1738718430,221
1738718433,216
1738718433,None
1738718439,270
1738718442,231
1738718445,240
1738718448,239
1738718451,230
1738718454,228
1738718457,240
1738718457,None
1738718463,234
1738718466,231
1738718469,227
1738718472,223
1738718475,234
1738718478,228
1738718481,228
1738718484,232
1738718484,None
1738718490,231
1738718494,227
1738718497,231
1738718499,232
1738718502,227
1738718506,231
1738718509,229
1738718511,241
1738718515,240
1738718518,233
1738718521,229
1738718524,238
1738718527,234
1738718530,481
1738718534,495
1738718536,502
1738718539,495
1738718542,348
1738718545,231
1738718548,238
1738718551,232
1738718554,234
1738718554,None
1738718560,230
1738718563,233
1738718566,234
1738718566,None
1738718573,233
1738718573,None
1738718579,238
1738718582,228
1738718585,231
1738718585,None
1738718591,234
1738718594,236
1738718597,234
1738718600,227
1738718603,233
1738718603,None
1738718609,230
1738718612,233
1738718615,233
1738718619,238
1738718622,226
1738718624,222
1738718628,248
1738718631,293
1738718634,323
1738718637,361
1738718639,334
1738718644,289
1738718646,293
1738718646,None
1738718652,291
1738718655,302
1738718658,227
1738718661,237
1738718664,316
1738718664,None
1738718670,490
1738718673,480
1738718676,480
1738718679,420
1738718683,222
1738718686,245
1738718689,283
1738718689,None
1738718695,264
1738718697,306
1738718701,270
1738718704,287
1738718707,266
1738718710,289
1738718713,288
1738718716,293
1738718716,None
1738718722,277
1738718725,268
1738718728,275
1738718731,289
1738718734,298
1738718737,293
1738718741,287
1738718744,282
1738718747,288
1738718750,293
1738718753,296
1738718756,277
1738718759,287
1738718762,278
1738718765,279
1738718768,268
1738718771,297
1738718774,268
1738718777,283
1738718780,251
1738718783,294
1738718786,257
1738718789,285
1738718792,292
1738718792,None
1738718798,286
1738718802,252
1738718805,292
1738718808,256
1738718810,277
1738718814,260
1738718814,None
1738718820,266
1738718823,286
1738718826,267
1738718829,389
1738718832,1265
1738718835,1705
1738718838,1655
1738718841,1629
1738718845,1692
1738718847,1696
1738718850,1693
1738718850,None
1738718856,1691
1738718860,1684
1738718863,592
1738718865,270
1738718868,261
1738718872,245
1738718875,214
1738718878,219
1738718881,217
1738718884,218
1738718888,209
1738718890,212
1738718890,None
1738718896,211
1738718899,231
1738718902,240
1738718905,241
1738718908,214
1738718911,218
1738718915,243
1738718917,221
1738718920,472
1738718923,482
1738718926,483
1738718930,367
1738718932,209
1738718935,221
1738718939,219
1738718941,220
1738718945,246
1738718948,254
1738718951,244
1738718954,244
1738718957,304
1738718960,292
1738718963,263
1738718966,259
1738718969,272
1738718972,294
1738718975,263
1738718978,232
1738718981,263
1738718985,350
1738718987,306
1738718991,278
1738718994,282
1738718997,273
1738718997,None
1738719003,399
1738719006,414
1738719009,447
1738719012,437
1738719015,413
1738719018,390
1738719021,373
1738719024,364
1738719027,355
1738719030,361
1738719033,370
1738719036,372
1738719039,375
1738719042,380
1738719045,350
1738719048,335
1738719051,339
1738719055,338
1738719058,341
1738719060,339
1738719064,330
1738719067,342
1738719070,331
1738719073,334
1738719076,332
1738719076,None
1738719082,331
1738719082,None
1738719088,336
1738719092,335
1738719094,335
1738719097,335
1738719100,329
1738719103,340
1738719106,329
1738719109,335
1738719113,332
1738719116,334
1738719116,None
1738719122,329
1738719125,331
1738719128,327
1738719131,332
1738719134,336
1738719137,325
1738719140,444
1738719143,588
1738719146,577
1738719149,588
1738719152,421
1738719155,328
1738719158,330
1738719161,336
1738719164,334
1738719167,333
1738719170,328
1738719173,332
1738719176,321
1738719179,335
1738719183,327
1738719186,325
1738719188,330
1738719191,327
1738719195,331
1738719198,329
1738719200,325
1738719204,330
1738719207,327
1738719210,324
1738719213,329
1738719216,321
1738719219,327
1738719222,321
1738719225,333
1738719228,340
1738719231,366
1738719234,372
1738719237,377
1738719240,380
1738719243,386
1738719243,None
1738719249,347
1738719253,352
1738719256,353
1738719259,349
1738719262,352
1738719265,349
1738719265,None
1738719271,351
1738719274,350
1738719277,353
1738719280,504
1738719283,611
1738719286,616
1738719289,609
1738719292,515
1738719295,350
1738719298,352
1738719302,350
1738719304,346
1738719304,None
1738719310,349
1738719313,288
1738719316,210
1738719319,213
1738719322,208
1738719326,216
1738719328,252
1738719331,248
1738719335,210
1738719338,219
1738719341,214
1738719344,223
1738719347,219
1738719350,220
1738719353,237
1738719356,237
1738719359,226
1738719362,233
1738719365,231
1738719365,None
1738719371,237
1738719374,244
1738719377,233
1738719380,245
1738719383,257
1738719387,311
1738719389,333
1738719392,334
1738719396,337
1738719399,320
1738719402,326
1738719405,328
1738719408,321
1738719410,316
1738719414,339
1738719417,332
1738719420,321
1738719423,311
1738719426,321
1738719429,324
1738719429,None
1738719435,304
1738719438,301
1738719441,302
1738719444,302
1738719447,282
1738719450,271
1738719453,286
1738719457,282
1738719459,274
1738719462,277
1738719466,278
1738719466,None
1738719472,272
1738719475,275
1738719477,274
1738719481,271
1738719484,282
1738719487,387
1738719490,526
1738719493,539
1738719496,528
1738719499,413
1738719502,274
1738719505,271
1738719508,272
1738719511,271
1738719514,275
1738719514,None
1738719520,276
1738719523,272
1738719526,281
1738719529,269
1738719532,265
1738719536,277
1738719538,277
1738719542,266
1738719544,274
1738719548,273
1738719551,273
1738719551,None
1738719557,279
1738719560,271
1738719563,265
1738719566,281
1738719569,271
1738719572,264
1738719572,None
1738719578,271
1738719581,270
1738719584,274
1738719587,272
1738719590,266
1738719593,270
1738719596,267
1738719600,276
1738719603,272
1738719606,271
1738719609,279
1738719612,269
1738719615,277
1738719618,274
1738719621,272
1738719624,268
1738719627,270
1738719631,274
1738719633,265
1738719636,267
1738719639,273
1738719642,270
1738719645,258
1738719649,274
1738719652,266
1738719655,264
1738719657,268
1738719660,270
1738719664,269
1738719667,273
1738719670,264
1738719673,265
1738719676,275
1738719679,277
1738719681,270
1738719685,263
1738719688,269
1738719691,270
1738719694,268
1738719697,278
1738719700,266
1738719703,270
1738719706,535
1738719709,533
1738719712,522
1738719715,434
1738719718,274
1738719718,None
1738719725,276
1738719727,269
1738719731,277
1738719734,267
1738719737,265
1738719740,272
1738719743,266
1738719743,None
1738719749,261
1738719752,271
1738719755,265
1738719758,274
1738719761,271
1738719764,271
1738719764,None
1738719770,269
1738719773,273
1738719776,269
1738719779,267
1738719782,268
1738719786,271
1738719788,299
1738719791,306
1738719795,292
1738719797,300
1738719800,296
1738719804,280
1738719807,277
1738719810,272
1738719813,272
1738719816,270
1738719819,272
1738719822,272
1738719825,276
1738719828,270
1738719828,None
1738719835,268
1738719837,279
1738719840,270
1738719844,276
1738719846,268
1738719850,276
1738719853,271
1738719855,270
1738719859,492
1738719862,526
1738719865,528
1738719868,524
1738719871,525
1738719874,342
1738719874,None
1738719880,273
1738719883,270
1738719886,273
1738719890,276
1738719892,268
1738719895,272
1738719898,277
1738719901,268
1738719905,280
1738719908,269
1738719911,276
1738719913,277
1738719917,268
1738719920,277
1738719923,270
1738719926,278
1738719929,273
1738719932,271
1738719935,273
1738719938,273
1738719941,279
1738719944,270
1738719947,283
1738719950,274
1738719953,279
1738719957,270
1738719959,285
1738719963,266
1738719966,277
1738719969,274
1738719972,277
1738719975,275
1738719978,276
1738719981,274
1738719984,277
1738719987,279
1738719990,274
1738719993,270
1738719996,276
1738719999,272
1738719999,None
1738720006,275
1738720006,None
1738720011,278
1738720014,270
1738720018,275
1738720020,275
1738720023,274
1738720026,270
1738720030,275
1738720033,280
1738720035,268
1738720039,274
1738720042,277
1738720045,268
1738720045,None
1738720051,272
1738720054,266
1738720057,281
1738720061,272
1738720063,273
1738720066,276
1738720070,275
1738720072,276
1738720075,278
1738720078,276
1738720082,278
1738720084,269
1738720088,272
1738720091,281
1738720093,273
1738720096,397
1738720100,539
1738720103,529
1738720106,531
1738720109,316
1738720112,271
1738720115,271
1738720118,275
1738720121,272
1738720124,274
1738720127,275
1738720130,264
1738720133,277
1738720136,270
1738720139,273
1738720143,266
1738720145,263
1738720149,281
1738720152,271
1738720155,271
1738720158,272
1738720161,265
1738720163,268
1738720167,270
1738720170,269
1738720173,273
1738720176,270
1738720179,269
1738720182,273
1738720185,273
1738720185,None
1738720191,274
1738720194,280
1738720197,270
1738720200,273
1738720204,270
1738720206,274
1738720209,274
1738720212,273
1738720216,269
1738720216,None
1738720221,278
1738720225,277
1738720228,277
1738720231,263
1738720234,279
1738720237,272
1738720240,278
1738720243,271
1738720246,266
1738720249,273
1738720252,269
1738720255,272
1738720258,269
1738720258,None
1738720264,270
1738720264,None
1738720270,266
1738720274,267
1738720277,272
1738720279,276
1738720283,267
1738720286,270
1738720289,272
1738720292,274
1738720295,270
1738720297,263
1738720301,278
1738720304,273
1738720306,268
1738720310,269
1738720313,273
1738720313,None
1738720319,344
1738720322,511
1738720325,523
1738720329,526
1738720331,531
1738720334,376
1738720337,275
1738720340,271
1738720343,269
1738720346,278
1738720349,273
1738720352,270
1738720355,274
1738720358,273
1738720361,271
1738720365,271
1738720368,273
1738720371,265
1738720374,276
1738720377,268
1738720380,266
1738720383,276
1738720386,260
1738720389,272
1738720392,268
1738720395,264
1738720398,269
1738720401,263
1738720404,264
1738720408,270
1738720411,262
1738720414,276
1738720417,272
1738720420,272
1738720420,None
1738720426,269
1738720429,273
1738720432,262
1738720432,None
1738720438,263
1738720441,276
1738720444,266
1738720447,274
1738720450,272
1738720453,266
1738720456,268
1738720459,267
1738720462,265
1738720465,269
1738720469,264
1738720472,270
1738720474,264
1738720478,265
1738720481,273
1738720484,349
1738720487,539
1738720490,530
1738720493,536
1738720496,413
1738720499,264
1738720502,269
1738720505,263
1738720508,269
1738720511,262
1738720514,267
1738720517,262
1738720520,266
1738720523,267
1738720526,263
1738720530,272
1738720533,265
1738720536,260
1738720539,274
1738720542,266
1738720545,260
1738720548,267
1738720548,None
1738720554,270
1738720557,263
1738720560,265
1738720563,272
1738720566,270
1738720569,262
1738720572,273
1738720575,268
1738720578,267
1738720581,271
1738720584,260
1738720587,266
1738720587,None
1738720593,259
1738720597,262
1738720600,267
1738720603,267
1738720606,262
1738720609,270
1738720611,271
1738720615,259
1738720618,269
1738720621,269
1738720624,264
1738720627,273
1738720630,268
1738720633,266
1738720636,268
1738720639,272
1738720642,264
1738720645,274
1738720648,261
1738720651,268
1738720654,267
1738720658,258
1738720660,269
1738720664,265
1738720666,265
1738720666,None
1738720673,266
1738720676,266
1738720676,None
1738720682,270
1738720685,266
1738720688,272
1738720691,263
1738720694,268
1738720697,265
1738720700,268
1738720703,267
1738720706,267
1738720709,266
1738720712,261
1738720715,268
1738720718,261
1738720721,259
1738720724,316
1738720728,517
1738720730,530
1738720733,524
1738720737,523
1738720740,262
1738720743,262
1738720746,271
1738720749,268
1738720752,266
1738720755,264
1738720758,264
1738720761,276
1738720761,None
1738720767,264
1738720770,265
1738720774,274
1738720777,258
1738720779,263
1738720782,268
1738720785,274
1738720789,269
1738720792,267
1738720795,255
1738720798,271
1738720801,270
1738720804,270
1738720807,264
1738720810,267
1738720813,263
1738720816,264
1738720819,268
1738720819,None
1738720825,258
1738720829,252
1738720831,269
1738720834,265
1738720838,266
1738720841,258
1738720843,263
1738720847,262
1738720850,261
1738720853,263
1738720856,265
1738720859,257
1738720862,273
1738720865,269
1738720868,263
1738720871,270
1738720874,259
1738720877,273
1738720880,272
1738720883,273
1738720883,None
1738720889,300
1738720892,531
1738720895,541
1738720899,537
1738720901,401
1738720905,282
1738720907,277
1738720910,273
1738720913,271
1738720917,271
1738720919,275
1738720923,282
1738720926,273
1738720928,279
1738720932,270
1738720935,278
1738720938,279
1738720941,275
1738720941,None
1738720947,270
1738720947,None
1738720953,270
1738720956,273
1738720959,277
1738720959,None
1738720965,272
1738720965,None
1738720971,279
1738720974,275
1738720978,269
1738720980,277
1738720983,269
1738720986,262
1738720990,271
1738720993,273
1738720996,275
1738720999,262
1738721002,246
1738721005,214
1738721008,206
1738721008,None
1738721014,209
1738721017,199
1738721020,177
1738721023,175
1738721027,175
1738721030,178
1738721033,182
1738721036,182
1738721039,181
1738721041,180
1738721045,184
1738721048,170
1738721051,182
1738721054,185
1738721057,177
1738721060,182
1738721063,188
1738721063,None
1738721069,171
1738721072,176
1738721076,179
1738721078,176
1738721081,178
1738721084,172
1738721087,183
1738721087,None
1738721094,182
1738721098,174
1738721099,169
1738721103,180
1738721106,176
1738721108,176
1738721108,None
1738721115,212
1738721118,432
1738721121,442
1738721124,439
1738721127,428
1738721130,350
1738721133,172
1738721136,171
1738721139,179
1738721142,173
1738721145,172
1738721148,174
1738721152,181
1738721155,167
1738721158,179
1738721161,173
1738721163,165
1738721167,183
1738721170,172
1738721173,174
1738721176,176
1738721179,176
1738721182,169
1738721185,176
1738721188,183
1738721191,174
1738721194,173
1738721197,179
1738721200,174
1738721203,174
1738721206,179
1738721209,175
1738721212,177
1738721216,174
1738721218,182
1738721221,174
1738721224,171
1738721228,186
1738721230,178
1738721234,176
1738721236,179
1738721239,177
1738721243,167
1738721246,177
1738721249,177
1738721252,175
1738721255,181
1738721258,171
1738721261,182
1738721264,174
1738721267,173
1738721270,178
1738721273,179
1738721276,168
1738721279,176
1738721282,181
1738721285,172
1738721288,179
1738721291,186
1738721294,177
1738721298,174
1738721301,178
1738721304,206
1738721306,442
1738721306,None
1738721312,448
1738721315,332
1738721318,185
1738721322,176
1738721325,167
1738721328,184
1738721331,179
1738721334,180
1738721337,174
1738721340,185
1738721343,177
1738721346,180
1738721349,173
1738721352,177
1738721356,180
1738721358,169
1738721361,178
1738721361,None
1738721367,174
1738721371,184
1738721374,175
1738721376,180
1738721380,175
1738721383,182
1738721386,181
1738721389,171
1738721392,180
1738721395,173
1738721398,185
1738721401,172
1738721404,186
1738721407,177
1738721410,183
1738721413,182
1738721416,180
1738721416,None
1738721422,180
1738721425,181
1738721429,170
1738721431,182
1738721434,180
1738721437,169
1738721437,None
1738721437,None
1738721446,184
1738721450,182
1738721453,181
1738721455,177
1738721459,181
1738721462,159
1738721465,116
1738721468,118
1738721471,124
1738721474,128
1738721477,122
1738721480,122
1738721483,117
1738721487,126
1738721489,126
1738721492,125
1738721495,123
1738721498,121
1738721501,128
1738721504,124
1738721507,120
1738721510,119
1738721513,114
1738721517,123
1738721520,131
1738721523,128
1738721526,123
1738721528,120
1738721528,None
1738721528,None
1738721538,125
1738721540,124
1738721544,117
1738721547,132
1738721550,119
1738721553,128
1738721556,123
1738721556,None
1738721562,124
1738721562,None
1738721568,377
1738721571,377
1738721574,380
1738721577,371
1738721580,175
1738721583,114
1738721586,128
1738721589,115
1738721593,121
1738721595,119
1738721598,121
1738721602,119
1738721604,122
1738721608,121
1738721611,119
1738721613,123
1738721617,114
1738721619,125
1738721622,112
1738721622,None
1738721629,122
1738721632,112
1738721635,126
1738721638,117
1738721641,119
1738721644,122
1738721647,121
1738721650,124
1738721650,None
1738721656,120
1738721656,None
1738721662,129
1738721665,118
1738721669,112
1738721671,129
1738721674,129
1738721677,123
1738721681,123
1738721684,123
1738721686,121
1738721689,120
1738721692,126
1738721696,119
1738721699,129
1738721702,121
1738721705,143
1738721705,None
1738721711,385
1738721711,None
1738721717,418
1738721720,159
1738721723,147
1738721726,145
1738721729,130
1738721732,127
1738721735,120
1738721738,127
1738721741,118
1738721744,130
1738721747,123
1738721750,123
1738721753,120
1738721756,126
1738721760,122
1738721762,117
1738721765,125
1738721768,120
1738721771,123
1738721774,118
1738721778,126
1738721781,120
1738721783,127
1738721787,124
1738721790,126
1738721793,125
1738721796,126
1738721796,None
1738721802,152
1738721805,149
1738721808,147
1738721811,145
1738721815,151
1738721817,132
1738721820,119
1738721823,129
1738721826,140
1738721829,152
1738721833,152
1738721836,152
1738721836,None
1738721842,133
1738721845,130
1738721848,123
1738721851,120
1738721854,133
1738721857,126
1738721860,125
1738721863,125
1738721863,None
1738721869,118
1738721872,127
1738721875,124
1738721879,127
1738721881,112
1738721885,128
1738721885,None
1738721891,121
1738721894,116
1738721897,123
1738721900,120
1738721903,123
1738721906,114
1738721909,125
1738721912,120
1738721915,118
1738721918,122
1738721921,114
1738721924,122
1738721927,120
1738721931,120
1738721933,134
1738721936,153
1738721939,142
1738721942,148
1738721945,141
1738721949,157
1738721951,147
1738721954,149
1738721957,143
1738721960,309
1738721964,396
1738721966,398
1738721970,401
1738721973,183
1738721976,156
1738721979,151
1738721982,145
1738721985,156
1738721988,154
1738721991,145
1738721994,142
1738721997,149
1738722001,154
1738722003,142
1738722007,152
1738722009,141
1738722012,141
1738722012,None
1738722018,145
1738722021,146
1738722021,None
1738722028,155
1738722031,143
1738722034,151
1738722037,152
1738722040,146
1738722043,156
1738722046,147
1738722049,148
1738722052,146
1738722055,148
1738722058,150
1738722061,141
1738722065,150
1738722067,121
1738722070,139
1738722074,154
1738722074,None
1738722080,138
1738722082,134
1738722086,136
1738722089,112
1738722091,106
1738722095,119
1738722098,113
1738722101,116
1738722104,104
1738722107,118
1738722107,None
1738722113,110
1738722116,115
1738722119,317
1738722123,372
1738722125,381
1738722129,298
1738722131,118
1738722134,121
1738722137,114
1738722140,107
1738722143,114
1738722146,114
1738722150,118
1738722152,107
1738722156,119
1738722159,115
1738722162,107
1738722165,121
1738722168,112
1738722171,110
1738722174,116
1738722174,None
1738722180,117
1738722183,106
1738722186,117
1738722186,None
1738722192,111
1738722195,123
1738722198,108
1738722202,115
1738722202,None
1738722207,109
1738722211,115
1738722213,111
1738722216,115
1738722219,110
1738722223,113
1738722226,110
1738722229,113
1738722232,109
1738722235,109
1738722238,113
1738722241,113
1738722244,115
1738722247,111
1738722250,116
1738722253,113
1738722256,102
1738722259,113
1738722262,116
1738722265,109
1738722268,113
1738722271,110
1738722275,109
1738722277,115
1738722281,118
1738722283,121
1738722286,115
1738722290,102
1738722293,111
1738722296,117
1738722299,120
1738722302,114
1738722302,None
1738722308,109
1738722311,113
1738722314,120
1738722317,115
1738722320,109
1738722323,114
1738722326,371
1738722329,374
1738722332,371
1738722335,365
1738722338,373
1738722341,182
1738722344,102
1738722348,122
1738722350,111
1738722353,107
1738722356,122
1738722360,115
1738722362,110
1738722366,111
1738722369,112
1738722372,118
1738722375,105
1738722378,122
1738722381,115
1738722381,None
1738722387,119
1738722390,117
1738722393,111
1738722396,111
1738722400,109
1738722402,115
1738722405,114
1738722408,130
1738722411,138
1738722411,None
1738722418,145
1738722422,132
1738722424,130
1738722427,134
1738722430,110
1738722433,119
1738722436,116
1738722439,114
1738722442,119
1738722445,113
1738722445,None
1738722451,116
1738722454,153
1738722454,None
1738722460,126
1738722464,136
1738722466,133
1738722470,131
1738722473,129
1738722476,127
1738722479,122
1738722482,132
1738722485,133
1738722488,132
1738722491,129
1738722494,142
1738722497,235
1738722500,392
1738722503,403
1738722506,401
1738722509,305
1738722512,138
1738722515,139
1738722519,132
1738722522,135
1738722522,None
1738722527,109
1738722531,121
1738722534,113
1738722537,122
1738722540,110
1738722543,119
1738722546,119
1738722549,119
1738722552,114
1738722555,112
1738722558,111
1738722561,103
1738722564,112
1738722567,111
1738722570,106
1738722573,111
1738722576,109
1738722579,117
1738722583,139
1738722586,122
1738722588,129
1738722592,126
1738722592,None
1738722598,126
1738722601,132
1738722604,126
1738722607,133
1738722610,129
1738722613,124
1738722617,126
1738722619,120
1738722622,126
1738722622,None
1738722628,122
1738722632,123
1738722634,130
1738722638,123
1738722641,123
1738722644,121
1738722646,130
1738722650,125
1738722653,116
1738722656,123
1738722659,122
1738722662,119
1738722665,120
1738722668,121
1738722671,113
1738722674,123
1738722678,113
1738722680,121
1738722683,114
1738722683,None
1738722689,122
1738722693,130
1738722696,183
1738722699,203
1738722702,209
1738722706,217
1738722708,206
1738722711,209
1738722714,228
1738722717,342
1738722720,1477
1738722723,1624
1738722726,1617
1738722730,1615
1738722733,1609
1738722733,None
1738722738,1607
1738722741,1606
1738722744,1596
1738722747,1607
1738722751,1591
1738722753,1604
1738722757,1596
1738722760,1594
1738722763,1601
1738722766,1595
1738722769,1596
1738722772,1596
1738722775,1593
1738722778,1593
1738722781,1099
1738722784,181
1738722787,177
1738722790,201
1738722793,348
1738722796,442
1738722799,432
1738722802,428
1738722805,182
1738722808,184
1738722811,188
1738722815,182
1738722817,184
1738722817,None
1738722824,184
1738722827,181
1738722829,188
1738722833,177
1738722836,185
1738722836,None
1738722842,174
1738722845,187
1738722848,182
1738722851,183
1738722854,179
1738722857,181
1738722857,None
1738722863,180
1738722866,182
1738722869,186
1738722873,179
1738722875,185
1738722878,182
1738722878,None
1738722885,192
1738722887,236
1738722891,459
1738722894,453
1738722894,None
1738722900,447
1738722903,316
1738722906,182
1738722909,173
1738722912,173
1738722915,176
1738722918,172
1738722921,175
1738722924,172
1738722927,176
1738722930,176
1738722933,172
1738722936,206
1738722940,204
1738722942,211
1738722946,208
1738722949,209
1738722951,212
1738722955,226
1738722958,216
1738722960,213
1738722964,204
1738722967,204
1738722967,None
1738722973,224
1738722976,232
1738722979,222
1738722982,224
1738722986,227
1738722988,221
1738722991,225
1738722994,215
1738722997,210
1738723001,214
1738723003,181
1738723006,193
1738723010,180
1738723013,187
1738723016,186
1738723018,182
1738723022,185
1738723025,184
1738723027,196
1738723031,183
1738723034,192
1738723037,177
1738723040,176
1738723043,170
1738723046,186
1738723049,177
1738723052,172
1738723055,180
1738723058,176
1738723061,177
1738723065,179
1738723068,173
1738723068,None
1738723074,176
1738723077,175
1738723079,180
1738723083,172
1738723083,None
1738723089,175
1738723092,176
1738723095,180
1738723098,179
1738723101,178
1738723104,181
1738723107,179
1738723110,280
1738723114,451
1738723116,442
1738723119,449
1738723122,438
1738723126,281
1738723128,181
1738723128,None
1738723134,187
1738723138,183
1738723141,187
1738723144,180
1738723147,184
1738723151,295
1738723153,443
1738723156,442
1738723159,447
1738723162,407
1738723165,241
1738723168,182
1738723171,176
1738723174,180
1738723177,182
1738723180,176
1738723183,175
1738723187,178
1738723189,178
1738723193,183
1738723196,171
1738723198,186
1738723202,180
1738723205,176
1738723208,179
1738723211,180
1738723214,179
1738723217,177
1738723220,174
1738723223,181
1738723227,178
1738723229,173
1738723232,177
1738723236,180
1738723238,178
1738723241,174
1738723245,170
1738723247,175
1738723250,174
1738723253,179
1738723257,178
1738723260,177
1738723262,176
1738723266,176
1738723269,176
1738723272,176
1738723275,178
1738723278,178
1738723281,182
1738723281,None
1738723287,184
1738723290,173
1738723293,182
1738723297,178
1738723299,174
1738723303,177
1738723305,174
1738723308,180
1738723311,177
1738723314,176
1738723318,179
1738723321,173
1738723324,171
1738723327,183
1738723330,181
1738723333,185
1738723333,None
1738723339,180
1738723342,185
1738723345,174
1738723348,173
1738723351,179
1738723354,173
1738723357,172
1738723360,181
1738723363,175
1738723366,184
1738723369,179
1738723372,174
1738723376,181
1738723379,178
1738723379,None
1738723385,180
1738723388,183
1738723391,173
1738723394,173
1738723397,187
1738723400,171
1738723403,179
1738723407,177
1738723409,177
1738723412,182
1738723415,180
1738723418,174
1738723422,180
1738723424,168
1738723427,175
1738723430,183
1738723430,None
1738723437,435
1738723440,441
1738723443,431
1738723446,377
1738723449,179
1738723452,170
1738723455,178
1738723458,178
1738723458,None
1738723464,175
1738723467,181
1738723470,176
1738723473,181
1738723476,170
1738723479,176
1738723482,181
1738723485,184
1738723488,175
1738723491,169
1738723494,172
1738723497,182
1738723500,175
1738723504,171
1738723506,183
1738723509,179
1738723513,179
1738723516,176
1738723518,179
1738723522,185
1738723525,179
1738723527,181
1738723527,None
1738723534,174
1738723537,180
1738723540,173
1738723543,180
1738723546,179
1738723549,177
1738723552,179
1738723556,180
1738723558,182
1738723561,288
1738723564,436
1738723567,440
1738723571,432
1738723574,385
1738723576,213
1738723580,165
1738723582,183
1738723586,175
1738723589,167
1738723591,176
1738723595,181
1738723598,169
1738723598,None
1738723604,168
1738723607,177
1738723607,None
1738723613,179
1738723616,176
1738723619,168
1738723622,167
1738723625,180
1738723628,179
1738723632,175
1738723634,174
1738723637,172
1738723640,181
1738723643,179
1738723646,181
1738723649,180
1738723653,178
1738723656,174
1738723659,170
1738723662,185
1738723665,171
1738723668,180
1738723671,174
1738723674,174
1738723677,177
1738723680,175
1738723683,174
1738723686,173
1738723690,170
1738723692,177
1738723695,175
1738723699,172
1738723701,179
1738723705,170
1738723708,174
1738723711,180
1738723714,170
1738723717,171
1738723720,177
1738723723,171
1738723727,174
1738723729,180
1738723732,175
1738723735,172
1738723735,None
1738723741,170
1738723744,174
1738723747,179
1738723750,175
1738723753,166
1738723756,180
1738723759,175
1738723762,235
1738723765,441
1738723769,444
1738723772,432
1738723775,238
1738723778,171
1738723781,174
1738723784,172
1738723787,174
1738723790,171
1738723792,176
1738723796,170
1738723799,177
1738723802,176
1738723805,170
1738723808,171
1738723811,167
1738723814,174
1738723818,173
1738723820,172
1738723824,172
1738723826,172
1738723829,176
1738723832,169
1738723835,177
1738723835,None
1738723842,177
1738723845,161
1738723848,173
1738723851,169
1738723854,179
1738723854,None
1738723860,174
1738723863,167
1738723867,168
1738723869,172
1738723872,172
1738723875,166
1738723878,173
1738723882,168
1738723884,171
1738723884,None
1738723884,None
1738723893,168
1738723897,175
1738723900,169
1738723903,171
1738723906,168
1738723909,173
1738723912,172
1738723915,178
1738723918,167
1738723921,173
1738723924,178
1738723927,181
1738723930,179
1738723933,163
1738723936,173
1738723939,175
1738723942,171
1738723946,171
1738723946,None
1738723951,172
1738723954,173
1738723958,171
1738723960,175
1738723963,168
1738723966,429
1738723970,432
1738723973,435
1738723976,423
1738723979,341
1738723982,165
1738723985,173
1738723988,166
1738723988,None
1738723994,168
1738723997,168
1738724000,171
1738724003,174
1738724006,169
1738724009,171
1738724012,171
1738724015,171
1738724019,172
1738724023,170
1738724025,172
1738724028,175
1738724031,167
1738724034,172
1738724034,None
1738724040,165
1738724043,165
1738724046,181
1738724049,173
1738724053,162
1738724055,172
1738724058,174
1738724061,171
1738724064,168
1738724067,172
1738724071,172
1738724073,171
1738724073,None
1738724073,None
1738724082,169
1738724086,172
1738724089,174
1738724092,166
1738724095,166
1738724098,179
1738724101,169
1738724104,170
1738724104,None
1738724110,166
1738724114,168
1738724114,None
1738724119,426
1738724123,436
1738724125,440
1738724128,436
1738724132,205
1738724134,171
1738724138,171
1738724141,163
1738724144,172
1738724147,167
1738724150,178
1738724153,169
1738724156,179
1738724156,None
1738724162,168
1738724162,None
1738724168,171
1738724171,169
1738724174,172
1738724177,169
1738724181,170
1738724183,170
1738724187,172
1738724190,166
1738724192,172
1738724196,171
1738724199,161
1738724202,179
1738724205,172
1738724208,163
1738724211,172
1738724214,172
1738724217,169
1738724220,176
1738724224,165
1738724226,166
1738724229,172
1738724233,173
1738724235,171
1738724238,167
1738724242,160
1738724244,170
1738724247,181
1738724250,170
1738724253,163
1738724257,164
1738724257,None
1738724262,171
1738724266,172
1738724269,171
1738724271,172
1738724275,172
1738724278,172
1738724281,174
1738724284,167
1738724287,168
1738724290,165
1738724293,173
1738724296,169
1738724299,166
1738724302,174
1738724306,167
1738724309,168
1738724311,166
1738724315,176
1738724317,168
1738724321,167
1738724324,170
1738724327,172
1738724330,163
1738724333,173
1738724336,166
1738724336,None
1738724336,None
1738724345,169
1738724348,171
1738724351,163
1738724354,171
1738724354,None
1738724360,163
1738724363,176
1738724366,168
1738724370,172
1738724372,167
1738724375,173
1738724378,172
1738724381,167
1738724385,169
1738724388,172
1738724388,None
1738724393,163
1738724397,160
1738724400,177
1738724403,166
1738724406,164
1738724409,166
1738724412,175
1738724415,165
1738724418,163
1738724421,169
1738724424,171
1738724427,358
1738724430,424
1738724434,426
1738724436,421
1738724439,229
1738724442,168
1738724446,183
1738724448,169
1738724452,185
1738724455,169
1738724458,182
1738724461,174
1738724464,181
1738724467,176
1738724470,177
1738724473,181
1738724476,180
1738724479,175
1738724482,184
1738724485,173
1738724488,181
1738724488,None
1738724494,187
1738724494,None
1738724500,182
1738724503,173
1738724507,178
1738724510,174
1738724512,174
1738724516,178
1738724519,176
1738724522,169
1738724525,177
1738724528,177
1738724531,169
1738724534,392
1738724537,447
1738724540,439
1738724543,371
1738724546,177
1738724549,172
1738724552,179
1738724556,171
1738724558,174
1738724558,None
1738724564,183
1738724567,172
1738724570,182
1738724574,176
1738724574,None
1738724574,None
1738724583,171
1738724586,182
1738724589,174
1738724592,172
1738724595,174
1738724598,174
1738724601,177
1738724604,178
1738724607,181
1738724610,171
1738724613,184
1738724616,169
1738724620,181
1738724623,176
1738724626,170
1738724629,180
1738724632,171
1738724634,179
1738724638,174
1738724641,176
1738724644,174
1738724647,180
1738724650,172
1738724653,181
1738724656,172
1738724659,183
1738724659,None
1738724665,180
1738724669,173
1738724671,176
1738724674,176
1738724677,176
1738724681,176
1738724683,182
1738724686,175
1738724689,171
1738724693,182
1738724696,174
1738724699,172
1738724702,178
1738724705,178
1738724708,177
1738724711,178
1738724714,180
1738724717,169
1738724720,173
1738724723,178
1738724726,172
1738724729,174
1738724732,175
1738724735,178
1738724738,168
1738724742,175
1738724745,179
1738724747,169
1738724751,175
1738724754,179
1738724757,170
1738724759,180
1738724763,176
1738724763,None
1738724769,176
1738724772,178
1738724776,174
1738724778,181
1738724781,173
1738724784,172
1738724787,182
1738724790,171
1738724793,177
1738724796,172
1738724800,175
1738724802,179
1738724805,176
1738724808,173
1738724812,172
1738724814,180
1738724817,171
1738724821,298
1738724824,440
1738724827,432
1738724830,438
1738724833,313
1738724836,177
1738724839,176
1738724842,175
1738724845,173
1738724848,185
1738724851,169
1738724854,182
1738724857,177
1738724860,174
1738724863,179
1738724866,175
1738724869,172
1738724872,179
1738724875,182
1738724879,172
1738724881,177
1738724885,177
1738724888,175
1738724890,174
1738724894,174
1738724896,168
1738724900,174
1738724903,174
1738724906,181
1738724909,178
1738724912,174
1738724915,169
1738724918,206
1738724921,451
1738724924,440
1738724927,436
1738724930,400
1738724933,178
1738724936,169
1738724940,171
1738724942,182
1738724946,178
1738724949,168
1738724951,175
1738724951,None
1738724958,176
1738724960,174
1738724964,174
1738724967,180
1738724970,171
1738724973,176
1738724976,181
1738724979,171
1738724982,172
1738724985,185
1738724988,176
1738724991,177
1738724994,180
1738724998,182
1738725001,183
1738725003,169
1738725007,176
1738725010,185
1738725012,181
1738725015,171
1738725019,181
1738725022,181
1738725025,180
1738725028,177
1738725031,181
1738725034,180
1738725037,169
1738725040,160
1738725043,120
1738725047,115
1738725050,124
1738725052,120
1738725055,118
1738725058,118
1738725058,None
1738725064,121
1738725067,125
1738725070,122
1738725074,106
1738725076,122
1738725079,123
1738725083,115
1738725085,117
1738725089,115
1738725092,124
1738725095,117
1738725098,119
1738725100,115
1738725104,121
1738725107,123
1738725110,109
1738725113,118
1738725116,124
1738725119,121
1738725122,115
1738725122,None
1738725128,119
1738725131,124
1738725134,116
1738725137,119
1738725141,120
1738725141,None
1738725146,122
1738725150,117
1738725153,123
1738725155,117
1738725159,115
1738725161,121
1738725165,119
1738725168,113
1738725171,122
1738725174,113
1738725177,124
1738725180,118
1738725183,120
1738725186,121
1738725189,119
1738725192,119
1738725195,119
1738725198,114
1738725201,121
1738725204,110
1738725207,118
1738725210,117
1738725214,219
1738725216,377
1738725220,380
1738725222,380
1738725225,382
1738725228,157
1738725232,124
1738725234,110
1738725237,123
1738725240,122
1738725243,121
1738725247,117
1738725250,119
1738725253,118
1738725256,117
1738725259,117
1738725262,117
1738725265,121
1738725268,121
1738725271,115
1738725274,126
1738725277,113
1738725277,None
1738725283,118
1738725286,114
1738725289,120
1738725294,119
1738725296,122
1738725298,116
1738725302,121
1738725305,125
1738725308,121
1738725310,110
1738725314,120
1738725314,None
1738725320,117
1738725320,None
1738725326,120
1738725329,116
1738725332,118
1738725335,126
1738725338,116
1738725341,111
1738725344,122
1738725347,119
1738725350,114
1738725354,213
1738725357,388
1738725360,386
1738725363,392
1738725366,226
1738725369,121
1738725372,125
1738725375,112
1738725378,125
1738725381,119
1738725384,114
1738725387,123
1738725390,123
1738725393,121
1738725396,126
1738725399,114
1738725402,117
1738725406,126
1738725408,121
1738725411,119
1738725414,119
1738725417,123
1738725421,119
1738725423,118
1738725426,122
1738725430,117
1738725433,120
1738725436,123
1738725439,125
1738725441,114
1738725445,123
1738725448,127
1738725451,187
1738725454,160
1738725457,159
1738725457,None
1738725463,154
1738725466,147
1738725466,None
1738725472,153
1738725475,158
1738725478,156
1738725482,163
1738725484,161
1738725487,176
1738725491,172
1738725493,174
1738725498,178
1738725500,172
1738725503,177
1738725506,166
1738725509,172
1738725512,166
1738725515,164
1738725518,166
1738725521,169
1738725521,None
1738725527,173
1738725530,163
1738725533,173
1738725536,164
1738725539,170
1738725543,158
1738725545,168
1738725548,162
1738725552,155
1738725555,162
1738725558,156
1738725561,167
1738725564,159
1738725567,167
1738725570,159
1738725573,159
1738725576,155
1738725579,161
1738725582,157
1738725585,159
1738725588,166
1738725591,154
1738725594,165
1738725597,159
1738725600,158
1738725603,159
1738725606,154
1738725606,None
1738725612,160
1738725616,158
1738725619,151
1738725622,157
1738725625,161
1738725628,155
1738725631,158
1738725634,162
1738725637,152
1738725640,161
1738725643,153
1738725646,162
1738725649,232
1738725652,414
1738725655,407
1738725658,403
1738725661,393
1738725664,148
1738725667,155
1738725670,145
1738725674,156
1738725677,148
1738725680,146
1738725683,155
1738725686,148
1738725689,148
1738725692,152
1738725695,155
1738725698,193
1738725701,194
1738725704,195
1738725707,190
1738725710,198
1738725713,198
1738725716,195
1738725719,191
1738725723,198
1738725725,196
1738725728,191
1738725732,194
1738725734,193
1738725738,183
1738725741,182
1738725743,173
1738725747,204
1738725750,427
1738725753,426
1738725756,422
1738725759,416
1738725762,378
1738725765,146
1738725768,149
1738725771,147
1738725775,149
1738725777,145
1738725781,154
1738725783,161
1738725786,157
1738725789,148
1738725793,138
1738725796,143
1738725799,143
1738725802,140
1738725805,145
1738725808,142
1738725811,150
1738725814,149
1738725817,141
1738725823,138
1738725824,139
1738725828,144
1738725830,146
1738725833,141
1738725837,145
1738725839,144
1738725839,None
1738725845,146
1738725849,154
1738725852,150
1738725855,155
1738725857,156
1738725861,153
1738725864,158
1738725867,151
1738725870,163
1738725873,158
1738725876,165
1738725879,160
1738725882,161
1738725885,163
1738725888,159
1738725891,158
1738725895,159
1738725897,156
1738725901,162
1738725904,164
1738725907,154
1738725910,164
1738725912,157
1738725916,156
1738725919,163
1738725922,155
1738725925,158
1738725928,149
1738725931,157
1738725931,None
1738725937,152
1738725940,146
1738725944,156
1738725946,150
1738725949,144
1738725953,156
1738725955,154
1738725958,147
1738725962,147
1738725965,150
1738725968,149
1738725971,146
1738725974,146
1738725977,156
1738725980,150
1738725983,140
1738725986,154
1738725989,146
1738725992,148
1738725995,148
1738725998,147
1738726003,150
1738726004,144
1738726007,152
1738726010,142
1738726013,154
1738726016,145
1738726019,152
1738726023,152
1738726026,154
1738726028,152
1738726032,149
1738726034,152
1738726037,152
1738726041,154
1738726044,149
1738726047,156
1738726050,156
1738726053,149
1738726056,156
1738726059,152
1738726062,159
1738726065,147
1738726069,155
1738726071,152
1738726074,154
1738726077,151
1738726077,None
1738726084,208
1738726087,413
1738726090,700
1738726093,715
1738726096,707
1738726099,523
1738726102,308
1738726102,None
1738726108,201
1738726111,191
1738726114,187
1738726117,205
1738726120,190
1738726123,183
1738726126,174
1738726129,182
1738726132,169
1738726135,159
1738726135,None
1738726142,145
1738726145,166
1738726148,174
1738726151,189
1738726154,183
1738726157,182
1738726160,180
1738726163,180
1738726166,178
1738726169,179
1738726172,177
1738726175,181
1738726179,192
1738726181,229
1738726184,257
1738726187,293
1738726187,None
1738726194,271
1738726196,265
1738726200,272
1738726203,268
1738726206,269
1738726209,256
1738726212,255
1738726215,249
1738726218,236
1738726221,243
1738726224,244
1738726227,235
1738726230,231
1738726233,240
1738726236,232
1738726240,232
1738726242,228
1738726245,224
1738726249,231
1738726252,230
1738726254,225
1738726257,226
1738726261,226
1738726264,227
1738726267,223
1738726270,231
1738726274,231
1738726276,218
1738726279,220
1738726282,215
1738726285,223
1738726288,238
1738726291,228
1738726294,222
1738726297,217
1738726300,218
1738726303,231
1738726306,217
1738726309,215
1738726312,217
1738726315,217
1738726318,224
1738726321,252
1738726325,261
1738726327,256
1738726331,249
1738726334,238
1738726336,245
1738726340,240
1738726343,245
1738726346,241
1738726349,237
1738726352,219
1738726355,216
1738726355,None
1738726361,216
1738726364,211
1738726364,None
1738726370,216
1738726373,226
1738726376,241
1738726379,216
1738726382,218
1738726386,218
1738726388,213
1738726388,None
1738726394,217
1738726398,217
1738726401,219
1738726404,229
1738726407,221
1738726410,222
1738726413,224
1738726415,230
1738726419,232
1738726422,221
1738726425,225
1738726428,224
1738726431,227
1738726434,226
1738726437,221
1738726440,214
1738726443,229
1738726447,220
1738726450,435
1738726452,501
1738726455,497
1738726459,477
1738726461,376
1738726465,240
1738726468,1003
1738726471,1358
1738726474,1361
1738726477,1356
1738726477,None
1738726483,1447
1738726486,1629
1738726489,1623
1738726492,1620
1738726495,1445
1738726498,1351
1738726501,1350
1738726505,1352
1738726507,1361
1738726510,1353
1738726514,1347
1738726517,1363
1738726520,1354
1738726523,1352
1738726526,1361
1738726529,1365
1738726532,1359
1738726535,1360
1738726537,1364
1738726542,1354
1738726544,1360
1738726547,1360
1738726550,1360
1738726553,1355
1738726556,1360
1738726559,1353
1738726562,1348
1738726565,1360
1738726568,1354
1738726571,1355
1738726575,1355
1738726578,1357
1738726580,1344
1738726584,1351
1738726587,1351
1738726590,1339
1738726593,1357
1738726596,1355
1738726599,1352
1738726602,1349
1738726605,1349
1738726608,1353
1738726611,1354
1738726614,1356
1738726617,1359
1738726620,1347
1738726623,1359
1738726626,1353
1738726629,1345
1738726633,1359
1738726636,1350
1738726639,1347
1738726642,1359
1738726645,1352
1738726648,1355
1738726651,1351
1738726654,1252
1738726657,1054
1738726660,1055
1738726663,629
1738726666,239
1738726669,237
1738726672,241
1738726675,241
1738726678,231
1738726681,236
1738726681,None
1738726688,1139
1738726691,1353
1738726694,1361
1738726696,1355
1738726700,1354
1738726703,1355
1738726706,1358
1738726709,1029
1738726712,208
1738726715,215
1738726718,214
1738726722,213
1738726724,205
1738726727,208
1738726727,None
1738726727,None
1738726737,209
1738726739,212
1738726742,211
1738726745,209
1738726748,213
1738726751,276
1738726754,484
1738726758,585
1738726758,None
1738726764,361
1738726767,344
1738726770,332
1738726773,338
1738726776,218
1738726779,221
1738726782,215
1738726785,214
1738726788,215
1738726792,230
1738726794,262
1738726797,306
1738726800,324
1738726803,228
1738726807,232
1738726809,210
1738726813,223
1738726816,212
1738726818,236
1738726822,230
1738726825,249
1738726827,231
1738726831,262
1738726831,None
1738726837,241
1738726840,226
1738726843,251
1738726846,230
1738726849,214
1738726853,253
1738726855,253
1738726858,226
1738726861,225
1738726864,242
1738726867,466
1738726871,506
1738726873,485
1738726876,501
1738726880,235
1738726882,251
1738726886,224
1738726889,230
1738726892,236
1738726895,250
1738726895,None
1738726901,479
1738726904,485
1738726907,505
1738726910,495
1738726913,316
1738726916,234
1738726919,223
1738726922,227
1738726925,227
1738726928,243
1738726931,221
1738726934,246
1738726938,224
1738726941,245
1738726944,219
1738726947,233
1738726950,216
1738726953,222
1738726956,212
1738726959,221
1738726962,237
1738726965,241
1738726968,218
1738726971,234
1738726974,214
1738726977,220
1738726980,233
1738726983,218
1738726986,233
1738726989,217
1738726992,240
1738726995,223
1738726998,227
1738727002,221
1738727005,226
1738727008,224
1738727011,229
1738727014,223
1738727017,225
1738727020,229
1738727023,213
1738727026,224
1738727029,217
1738727029,None
1738727035,202
1738727038,196
1738727042,203
1738727044,192
1738727048,205
1738727050,195
1738727054,203
1738727057,212
1738727059,212
1738727063,219
1738727066,213
1738727069,213
1738727072,209
1738727075,216
1738727079,218
1738727081,210
1738727084,220
1738727087,215
1738727090,213
1738727093,212
1738727096,216
1738727099,214
1738727102,219
1738727106,211
1738727109,220
1738727112,221
1738727112,None
1738727118,205
1738727121,212
1738727123,225
1738727123,None
1738727130,208
1738727133,213
1738727136,215
1738727139,211
1738727143,214
1738727143,None
1738727143,None
1738727151,218
1738727151,None
1738727157,220
1738727160,211
1738727163,215
1738727166,213
1738727170,208
1738727172,218
1738727176,211
1738727179,210
1738727181,214
1738727184,221
1738727188,205
1738727191,216
1738727194,214
1738727197,209
1738727200,219
1738727203,212
1738727207,219
1738727209,212
1738727212,218
1738727215,213
1738727218,224
1738727221,239
1738727224,240
1738727227,236
1738727227,None
1738727233,226
1738727236,210
1738727240,220
1738727242,213
1738727245,258
1738727248,474
1738727251,476
1738727255,473
1738727258,314
1738727261,215
1738727264,210
1738727267,220
1738727270,211
1738727273,214
1738727277,220
1738727279,211
1738727282,209
1738727285,214
1738727285,None
1738727292,222
1738727294,222
1738727297,209
1738727301,211
1738727303,220
1738727306,215
1738727310,207
1738727313,221
1738727316,214
1738727319,211
1738727322,218
1738727325,212
1738727328,211
1738727331,217
1738727334,210
1738727337,223
1738727340,208
1738727343,216
1738727346,210
1738727350,219
1738727352,274
1738727355,473
1738727358,471
1738727362,473
1738727365,473
1738727368,258
1738727371,216
1738727374,214
1738727377,213
1738727380,211
1738727383,219
1738727386,212
1738727389,219
1738727392,212
1738727395,212
1738727398,245
1738727401,258
1738727405,245
1738727407,241
1738727411,251
1738727413,241
1738727416,244
1738727420,236
1738727422,235
1738727426,219
1738727429,212
1738727432,218
1738727435,213
1738727438,212
1738727441,234
1738727444,217
1738727447,208
1738727450,213
1738727453,214
1738727456,208
1738727459,215
1738727462,214
1738727465,213
1738727468,226
1738727471,212
1738727474,213
1738727477,212
1738727480,210
1738727484,213
1738727486,214
1738727489,208
1738727492,214
1738727495,214
1738727495,None
1738727502,213
1738727505,213
1738727507,207
1738727511,218
1738727514,217
1738727517,206
1738727520,223
1738727523,214
1738727526,211
1738727529,220
1738727532,207
1738727535,193
1738727538,189
1738727542,197
1738727544,200
1738727548,296
1738727550,1116
1738727553,1952
1738727557,2729
1738727559,2717
1738727563,2491
1738727566,2371
1738727569,2722
1738727572,2712
1738727575,2706
1738727578,2710
1738727581,2704
1738727581,None
1738727587,1295
1738727590,1299
1738727593,1301
1738727596,1291
1738727599,1299
1738727602,1297
1738727602,None
1738727608,1299
1738727608,None
1738727615,1298
1738727617,1293
1738727623,1307
1738727624,1303
1738727627,1310
1738727631,1539
1738727633,1560
1738727636,1565
1738727639,1448
1738727642,1296
1738727642,None
1738727649,1299
1738727652,1301
1738727654,1300
1738727658,1293
1738727661,1297
1738727664,1294
1738727667,1293
1738727670,1295
1738727673,1282
1738727673,None
1738727679,1296
1738727682,1290
1738727685,1295
1738727689,1305
1738727691,1303
1738727694,1300
1738727697,1298
1738727701,1306
1738727703,1301
1738727706,1303
1738727709,1295
1738727712,1301
1738727716,1307
1738727718,1304
1738727721,1288
1738727724,1299
1738727728,1307
1738727730,1299
1738727734,1304
1738727734,None
1738727740,1327
1738727743,1301
1738727746,919
1738727749,466
1738727752,464
1738727755,466
1738727758,455
1738727758,None
1738727764,216
1738727767,219
1738727770,224
1738727773,215
1738727776,213
1738727780,217
1738727782,215
1738727785,218
1738727789,220
1738727792,214
1738727795,212
1738727798,218
1738727801,220
1738727804,216
1738727807,216
1738727810,211
1738727813,217
1738727816,214
1738727819,215
1738727822,218
1738727825,211
1738727828,216
1738727831,215
1738727835,210
1738727837,217
1738727840,214
1738727844,219
1738727846,207
1738727849,218
1738727852,213
1738727856,208
1738727859,212
1738727862,214
1738727865,204
1738727868,208
1738727871,214
1738727874,202
1738727877,204
1738727880,215
1738727883,206
1738727886,217
1738727890,209
1738727892,210
1738727895,214
1738727898,206
1738727901,214
1738727904,210
1738727904,None
1738727911,206
1738727913,212
1738727916,206
1738727920,201
1738727923,212
1738727926,207
1738727929,202
1738727932,217
1738727935,208
1738727938,210
1738727941,210
1738727944,208
1738727947,213
1738727950,202
1738727953,210
1738727956,216
1738727959,203
1738727962,210
1738727965,215
1738727965,None
1738727971,208
1738727974,208
1738727977,206
1738727981,209
1738727983,200
1738727987,213
1738727990,360
1738727993,470
1738727996,468
1738727999,474
1738728002,267
1738728005,206
1738728008,209
1738728011,204
1738728014,199
1738728017,207
1738728020,212
1738728020,None
1738728026,198
1738728029,210
1738728033,206
1738728033,None
1738728038,208
1738728041,202
1738728044,204
1738728047,203
1738728050,205
1738728054,208
1738728056,202
1738728059,194
1738728062,203
1738728065,208
1738728069,207
1738728072,203
1738728075,202
1738728077,211
1738728081,197
1738728083,196
1738728087,202
1738728090,208
1738728093,205
1738728096,201
1738728099,196
1738728102,210
1738728105,205
1738728108,210
1738728111,204
1738728114,205
1738728117,212
1738728120,370
1738728123,465
1738728126,461
1738728129,455
1738728133,259
1738728135,204
1738728138,203
1738728138,None
1738728145,209
1738728148,198
1738728150,211
1738728154,205
1738728156,206
1738728160,209
1738728160,None
1738728166,204
1738728169,202
1738728172,210
1738728172,None
1738728178,228
1738728181,217
1738728185,237
1738728187,226
1738728190,234
1738728190,None
1738728197,234
1738728199,236
1738728203,232
1738728205,211
1738728209,208
1738728212,211
1738728215,224
1738728218,238
1738728221,226
1738728224,222
1738728227,216
1738728230,179
1738728233,149
1738728236,152
1738728239,141
1738728242,151
1738728245,153
1738728248,151
1738728251,151
1738728254,138
1738728258,152
1738728261,155
1738728264,152
1738728267,146
1738728270,150
1738728273,166
1738728276,186
1738728279,181
1738728282,181
1738728285,171
1738728288,175
1738728291,187
1738728294,173
1738728297,174
1738728301,168
1738728303,175
1738728306,172
1738728309,158
1738728313,152
1738728315,151
1738728318,155
1738728321,150
1738728324,163
1738728327,154
1738728331,168
1738728334,173
1738728336,179
1738728339,179
1738728342,180
1738728346,198
1738728349,194
1738728352,196
1738728355,193
1738728358,187
1738728361,175
1738728364,185
1738728367,156
1738728370,173
1738728373,159
1738728376,161
1738728379,169
1738728382,151
1738728386,154
1738728388,150
1738728391,422
1738728395,418
1738728397,399
1738728401,351
1738728403,139
1738728406,158
1738728410,167
1738728413,172
1738728413,None
1738728419,169
1738728422,174
1738728425,166
1738728428,171
1738728431,172
1738728434,168
1738728437,170
1738728440,167
1738728443,169
1738728446,167
1738728449,167
1738728452,172
1738728455,164
1738728459,170
1738728461,166
1738728464,163
1738728467,171
1738728471,165
1738728474,167
1738728477,171
1738728480,166
1738728482,168
1738728486,170
1738728489,166
1738728492,169
1738728495,169
1738728498,169
1738728501,167
1738728504,174
1738728507,173
1738728510,169
1738728510,None
1738728516,172
1738728519,173
1738728522,167
1738728525,346
1738728528,434
1738728528,None
1738728534,435
1738728537,300
1738728540,163
1738728544,173
1738728547,166
1738728549,170
1738728553,167
1738728555,163
1738728559,172
1738728561,164
1738728565,171
1738728568,169
1738728571,170
1738728574,166
1738728577,171
1738728580,166
1738728580,None
1738728586,173
1738728586,None
1738728592,169
1738728595,170
1738728598,169
1738728601,167
1738728604,172
1738728607,169
1738728610,171
1738728613,176
1738728616,165
1738728620,175
1738728622,171
1738728626,178
1738728628,179
1738728628,None
1738728635,183
1738728638,180
1738728641,180
1738728644,181
1738728647,171
1738728650,173
1738728653,166
1738728656,175
1738728656,None
1738728663,171
1738728665,172
1738728668,169
1738728672,172
1738728674,167
1738728678,170
1738728680,171
1738728684,165
1738728686,176
1738728689,164
1738728693,174
1738728696,164
1738728699,168
1738728702,166
1738728705,166
1738728708,168
1738728711,165
1738728714,158
1738728717,171
1738728721,161
1738728724,166
1738728726,163
1738728729,169
1738728733,168
1738728736,168
1738728739,155
1738728741,161
1738728745,165
1738728748,159
1738728751,157
1738728754,166
1738728757,165
1738728760,162
1738728763,162
1738728766,161
1738728769,165
1738728772,162
1738728775,154
1738728778,166
1738728782,430
1738728784,429
1738728787,431
1738728790,378
1738728794,162
1738728796,166
1738728799,170
1738728802,158
1738728802,None
1738728809,167
1738728812,158
1738728815,177
1738728818,165
1738728821,163
1738728824,167
1738728827,163
1738728830,167
1738728833,168
1738728836,170
1738728839,159
1738728842,159
1738728845,170
1738728848,166
1738728851,146
1738728854,156
1738728857,158
1738728861,154
1738728861,None
1738728867,153
1738728870,135
1738728873,126
1738728876,116
1738728876,None
1738728882,124
1738728885,121
1738728888,121
1738728891,124
1738728894,127
1738728897,129
1738728900,124
1738728903,132
1738728906,125
1738728909,256
1738728912,377
1738728915,385
1738728919,381
1738728922,218
1738728925,120
1738728928,130
1738728931,128
1738728934,121
1738728936,127
1738728939,133
1738728943,125
1738728946,118
1738728949,127
1738728952,127
1738728955,125
1738728958,118
1738728961,123
1738728964,126
1738728967,117
1738728970,112
1738728973,129
1738728976,133
1738728980,124
1738728983,123
1738728985,115
1738728989,126
1738728991,128
1738728995,123
1738728998,124
1738729001,116
1738729004,128
1738729007,124
1738729010,116
1738729013,130
1738729016,122
1738729019,121
1738729019,None
1738729025,118
1738729029,118
1738729031,119
1738729034,122
1738729037,120
1738729040,129
1738729043,122
1738729047,121
1738729049,123
1738729052,122
1738729052,None
1738729059,125
1738729062,124
1738729065,123
1738729068,127
1738729071,121
1738729074,130
1738729077,118
1738729077,None
1738729083,115
1738729087,123
1738729090,121
1738729092,118
1738729095,119
1738729098,123
1738729101,123
1738729104,119
1738729107,119
1738729110,115
1738729114,121
1738729116,117
1738729120,126
1738729123,119
1738729126,119
1738729129,118
1738729132,123
1738729135,125
1738729138,130
1738729141,118
1738729144,125
1738729147,132
1738729150,126
1738729154,111
1738729156,121
1738729156,None
1738729162,126
1738729166,121
1738729168,119
1738729171,129
1738729175,125
1738729178,113
1738729181,113
1738729184,115
1738729187,129
1738729189,129
1738729193,115
1738729196,109
1738729199,117
1738729202,106
1738729205,115
1738729208,119
1738729211,230
1738729214,373
1738729217,377
1738729220,378
1738729224,168
1738729226,111
1738729230,117
1738729233,118
1738729235,112
1738729235,None
1738729242,114
1738729245,114
1738729245,None
1738729251,109
1738729254,117
1738729257,108
1738729260,115
1738729263,114
1738729266,113
1738729270,114
1738729273,114
1738729275,114
1738729279,112
1738729281,120
1738729284,111
1738729288,116
1738729290,113
1738729293,109
1738729297,112
1738729300,118
1738729303,110
1738729306,112
1738729309,115
1738729312,112
1738729315,111
1738729318,112
1738729321,374
1738729324,378
1738729327,368
1738729330,317
1738729334,118
1738729336,115
1738729339,108
1738729342,115
1738729346,111
1738729348,119
1738729352,105
1738729352,None
1738729358,114
1738729361,113
1738729361,None
1738729367,116
1738729370,112
1738729373,121
1738729376,111
1738729379,113
1738729382,115
1738729385,104
1738729388,119
1738729391,118
1738729394,113
1738729397,117
1738729400,111
1738729403,110
1738729407,113
1738729409,116
1738729413,112
1738729416,119
1738729419,107
1738729422,120
1738729425,112
1738729428,107
1738729431,124
1738729434,114
1738729434,None
1738729440,216
1738729443,217
1738729446,224
1738729449,212
1738729452,201
1738729455,206
1738729458,201
1738729461,206
1738729461,None
1738729468,203
1738729470,195
1738729473,194
1738729476,194
1738729480,191
1738729483,183
1738729486,192
1738729489,182
1738729492,186
1738729495,182
1738729498,176
1738729501,187
1738729504,183
1738729507,180
1738729511,180
1738729513,183
1738729516,175
1738729516,None
1738729522,177
1738729526,174
1738729528,181
1738729531,184
1738729535,176
1738729538,174
1738729541,184
1738729544,184
1738729547,191
1738729550,182
1738729553,191
1738729556,194
1738729559,178
1738729562,194
1738729565,176
1738729568,185
1738729572,191
1738729574,188
1738729578,181
1738729581,212
1738729583,451
1738729586,439
1738729590,452
1738729593,437
1738729596,179
1738729596,None
1738729602,183
1738729605,189
1738729608,183
1738729611,188
1738729614,189
1738729617,186
1738729620,181
1738729623,185
1738729626,183
1738729629,197
1738729632,185
1738729635,188
1738729638,186
1738729642,190
1738729645,189
1738729648,186
1738729651,186
1738729654,191
1738729657,184
1738729660,186
1738729663,188
1738729666,185
1738729669,193
1738729672,190
1738729675,190
1738729679,187
1738729681,184
1738729684,182
1738729687,187
1738729690,184
1738729693,190
1738729696,317
1738729700,443
1738729703,447
1738729705,436
1738729708,421
1738729712,184
1738729714,181
1738729718,185
1738729721,185
1738729721,None
1738729721,None
1738729730,182
1738729733,177
1738729736,187
1738729739,184
1738729742,185
1738729745,184
1738729748,189
1738729751,190
1738729755,183
1738729757,182
1738729760,194
1738729764,179
1738729766,172
1738729770,182
1738729773,182
1738729776,179
1738729779,179
1738729779,None
1738729785,183
1738729785,None
1738729791,176
1738729794,180
1738729797,190
1738729800,186
1738729803,175
1738729807,180
1738729809,182
1738729812,182
1738729815,182
1738729818,175
1738729821,182
1738729825,186
1738729825,None
1738729831,182
1738729834,182
1738729837,172
1738729840,181
1738729842,179
1738729846,184
1738729849,179
1738729849,None
1738729855,179
1738729858,175
1738729861,187
1738729864,173
1738729867,178
1738729870,182
1738729873,175
1738729876,175
1738729876,None
1738729882,180
1738729885,175
1738729888,182
1738729891,170
1738729894,186
1738729898,185
1738729898,None
1738729904,183
1738729907,183
1738729910,182
1738729913,175
1738729916,181
1738729919,182
1738729922,178
1738729925,178
1738729928,187
1738729928,None
1738729934,175
1738729937,181
1738729940,180
1738729943,178
1738729947,176
1738729950,182
1738729952,182
1738729956,173
1738729959,188
1738729962,185
1738729965,178
1738729968,182
1738729971,181
1738729974,184
1738729977,170
1738729977,None
1738729983,184
1738729986,179
1738729989,173
1738729992,181
1738729995,180
1738729998,177
1738730002,178
1738730004,185
1738730007,168
1738730010,175
1738730014,230
1738730016,450
1738730020,441
1738730023,438
1738730026,438
1738730029,224
1738730032,175
1738730032,None
1738730038,181
1738730041,182
1738730044,176
1738730047,182
1738730047,None
1738730053,180
1738730056,183
1738730059,176
1738730062,180
1738730065,178
1738730069,182
1738730071,174
1738730074,182
1738730077,181
1738730080,173
1738730083,184
1738730087,176
1738730089,174
1738730092,184
1738730096,179
1738730098,177
1738730101,174
1738730104,183
1738730107,182
1738730111,169
1738730114,184
1738730117,200
1738730120,429
1738730123,435
1738730123,None
1738730129,436
1738730132,311
1738730135,180
1738730138,185
1738730141,178
1738730144,177
1738730147,179
1738730150,173
1738730153,174
1738730157,176
1738730159,178
1738730159,None
1738730165,180
1738730169,187
1738730171,175
1738730175,177
1738730178,186
1738730178,None
1738730184,179
1738730187,177
1738730190,183
1738730193,181
1738730196,183
1738730199,178
1738730202,175
1738730205,184
1738730208,179
1738730211,175
1738730214,182
1738730217,181
1738730220,180
1738730224,178
1738730226,185
1738730229,176
1738730232,183
1738730236,171
1738730239,179
1738730242,176
1738730245,179
1738730248,176
1738730250,173
1738730253,178
1738730257,171
1738730260,181
1738730263,173
1738730266,181
1738730269,176
1738730272,178
1738730275,172
1738730278,173
1738730281,172
1738730284,176
1738730287,180
1738730291,168
1738730293,181
1738730296,172
1738730299,163
1738730302,175
1738730302,None
1738730309,173
1738730311,160
1738730315,171
1738730318,171
1738730320,164
1738730324,172
1738730324,None
1738730330,164
1738730333,164
1738730333,None
1738730339,170
1738730342,169
1738730345,168
1738730348,169
1738730351,171
1738730354,169
1738730357,175
1738730360,172
1738730363,169
1738730367,174
1738730370,165
1738730372,172
1738730375,170
1738730378,170
1738730378,None
1738730385,168
1738730388,174
1738730391,161
1738730394,171
1738730397,171
1738730400,165
1738730403,166
1738730406,175
1738730409,172
1738730412,171
1738730415,158
1738730418,174
1738730421,178
1738730424,163
1738730427,170
1738730430,160
1738730433,167
1738730436,173
1738730440,170
1738730440,None
1738730445,165
1738730448,170
1738730452,176
1738730455,172
1738730458,172
1738730461,243
1738730464,431
1738730467,430
1738730470,426
1738730473,304
1738730476,171
1738730479,173
1738730482,166
1738730485,173
1738730488,165
1738730491,162
1738730494,166
1738730497,176
1738730500,171
1738730504,166
1738730507,167
1738730509,163
1738730513,171
1738730516,169
1738730519,161
1738730522,172
1738730525,173
1738730525,None
1738730525,None
1738730534,420
1738730537,414
1738730540,425
1738730543,277
1738730546,172
1738730549,163
1738730549,None
1738730555,167
1738730558,170
1738730558,None
1738730564,166
1738730567,170
1738730571,168
1738730573,173
1738730576,164
1738730580,174
1738730582,168
1738730586,168
1738730589,165
1738730592,163
1738730595,170
1738730598,161
1738730601,173
1738730604,161
1738730607,166
1738730610,167
1738730613,166
1738730616,168
1738730619,160
1738730622,167
1738730625,172
1738730628,168
1738730631,174
1738730631,None
1738730637,170
1738730641,167
1738730644,169
1738730646,171
1738730650,170
1738730653,160
1738730656,176
1738730659,168
1738730662,163
1738730662,None
1738730668,165
1738730671,168
1738730674,169
1738730677,171
1738730680,163
1738730684,174
1738730684,None
1738730689,174
1738730689,None
1738730695,165
1738730698,168
1738730701,166
1738730704,164
1738730707,162
1738730710,171
1738730714,158
1738730716,173
1738730719,164
1738730723,172
1738730723,None
1738730729,167
1738730732,173
1738730735,170
1738730738,175
1738730741,173
1738730744,167
1738730747,170
1738730750,174
1738730753,172
1738730753,None
1738730753,None
1738730762,168
1738730765,168
1738730768,170
1738730771,166
1738730775,167
1738730777,168
1738730780,167
1738730783,167
1738730786,165
1738730789,166
1738730793,165
1738730796,169
1738730799,161
1738730802,170
1738730805,172
1738730808,166
1738730811,177
1738730814,168
1738730817,160
1738730820,170
1738730823,167
1738730827,172
1738730829,160
1738730832,165
1738730835,176
1738730838,161
1738730841,172
1738730841,None
1738730848,165
1738730850,172
1738730853,167
1738730857,169
1738730860,174
1738730863,163
1738730866,172
1738730869,168
1738730872,165
1738730875,165
1738730878,165
1738730881,176
1738730884,167
1738730887,221
1738730890,426
1738730893,417
1738730896,425
1738730899,424
1738730902,206
1738730905,173
1738730909,425
1738730912,426
1738730915,430
1738730918,373
1738730921,161
1738730924,169
1738730924,None
1738730930,170
1738730933,165
1738730933,None
1738730939,170
1738730942,170
1738730945,169
1738730948,165
1738730951,169
1738730954,161
1738730957,170
1738730960,166
1738730963,171
1738730966,163
1738730966,None
1738730966,None
1738730976,168
1738730976,None
1738730976,None
1738730985,170
1738730988,162
1738730991,175
1738730994,167
1738730997,175
1738731000,175
1738731003,177
1738731006,174
1738731009,174
1738731013,182
1738731015,176
1738731019,175
1738731022,185
1738731025,176
1738731028,176
1738731031,174
1738731034,180
1738731037,179
1738731040,174
1738731043,180
1738731046,175
1738731049,188
1738731052,175
1738731055,179
1738731058,175
1738731061,174
1738731064,177
1738731067,176
1738731070,173
1738731073,168
1738731076,179
1738731079,175
1738731083,171
1738731085,176
1738731089,176
1738731091,175
1738731095,177
1738731098,166
1738731100,177
1738731104,173
1738731107,165
1738731110,174
1738731113,187
1738731116,182
1738731119,182
1738731122,175
1738731125,166
1738731128,181
1738731131,184
1738731134,177
1738731138,181
1738731140,179
1738731143,188
1738731143,None
1738731150,175
1738731152,168
1738731155,176
1738731158,184
1738731161,171
1738731164,180
1738731164,None
1738731171,167
1738731174,174
1738731177,176
1738731180,176
1738731183,172
1738731186,170
1738731189,167
1738731192,174
1738731196,159
1738731198,168
1738731201,163
1738731204,170
1738731207,162
1738731211,168
1738731211,None
1738731217,168
1738731219,166
1738731223,170
1738731225,169
1738731229,191
1738731232,184
1738731235,180
1738731238,181
1738731241,179
1738731244,184
1738731247,189
1738731250,180
1738731253,184
1738731256,245
1738731259,437
1738731262,430
1738731265,433
1738731269,435
1738731272,431
1738731274,433
1738731277,435
1738731280,433
1738731284,435
1738731284,None
1738731290,430
1738731293,436
1738731296,596
1738731299,691
1738731302,689
1738731306,689
1738731309,681
1738731311,443
1738731314,430
1738731317,421
1738731320,425
1738731324,432
1738731327,432
1738731330,432
1738731333,428
1738731333,None
1738731339,423
1738731342,432
1738731345,432
1738731348,427
1738731351,428
1738731354,425
1738731357,434
1738731360,433
1738731363,429
1738731366,426
1738731369,437
1738731372,428
1738731375,430
1738731378,431
1738731381,433
1738731384,438
1738731387,427
1738731390,432
1738731393,438
1738731396,429
1738731399,435
1738731402,428
1738731405,436
1738731409,434
1738731412,434
1738731415,430
1738731415,None
1738731421,430
1738731424,435
1738731427,234
1738731430,175
1738731433,174
1738731436,189
1738731440,175
1738731442,174
1738731445,170
1738731448,173
1738731452,176
1738731454,171
1738731457,173
1738731461,175
1738731463,173
1738731466,177
1738731470,176
1738731473,167
1738731476,179
1738731479,177
1738731482,179
1738731485,180
1738731485,None
1738731491,184
1738731494,181
1738731497,179
1738731500,179
1738731503,183
1738731506,172
1738731509,190
1738731512,204
1738731515,222
1738731518,214
1738731522,219
1738731524,360
1738731528,481
1738731530,482
1738731533,483
1738731536,480
1738731539,292
1738731543,214
1738731546,222
1738731549,214
1738731552,191
1738731555,179
1738731555,None
1738731561,177
1738731564,190
1738731567,175
1738731570,186
1738731573,182
1738731576,175
1738731579,178
1738731579,None
1738731585,122
1738731588,118
1738731591,120
1738731591,None
1738731598,123
1738731601,117
1738731604,121
1738731607,117
1738731610,117
1738731613,117
1738731616,117
1738731619,115
1738731622,110
1738731625,119
1738731628,112
1738731631,120
1738731634,117
1738731637,116
1738731640,116
1738731643,115
1738731646,114
1738731650,121
1738731653,117
1738731656,110
1738731659,118
1738731662,108
1738731665,121
1738731668,112
1738731671,112
1738731674,112
1738731677,115
1738731680,118
1738731683,121
1738731686,117
1738731689,105
1738731692,124
1738731696,125
1738731698,120
1738731701,121
1738731704,130
1738731707,130
1738731711,123
1738731714,124
1738731717,118
1738731720,121
1738731723,127
1738731726,129
1738731729,127
1738731732,126
1738731735,127
1738731738,122
1738731741,216
1738731741,None
1738731747,385
1738731750,382
1738731753,373
1738731757,208
1738731759,126
1738731762,122
1738731766,113
1738731769,124
1738731771,121
1738731774,118
1738731778,127
1738731778,None
1738731784,126
1738731784,None
1738731790,121
1738731793,128
1738731796,117
1738731799,126
1738731802,116
1738731805,128
1738731808,114
1738731811,124
1738731814,115
1738731817,117
1738731820,121
1738731823,117
1738731826,117
1738731829,119
1738731832,113
1738731836,114
1738731838,111
1738731842,120
1738731845,110
1738731848,110
1738731851,120
1738731854,124
1738731857,111
1738731857,None
1738731863,123
1738731866,113
1738731869,112
1738731872,134
1738731875,119
1738731879,117
1738731881,120
1738731885,127
1738731887,122
1738731890,123
1738731894,113
1738731897,111
1738731900,124
1738731903,127
1738731906,119
1738731909,119
1738731912,114
1738731915,130
1738731918,131
1738731921,123
1738731924,128
1738731927,365
1738731930,386
1738731933,384
1738731933,None
1738731939,282
1738731943,126
1738731946,120
1738731948,117
1738731952,121
1738731955,118
1738731958,123
1738731961,126
1738731964,117
1738731967,122
1738731970,120
1738731973,115
1738731976,120
1738731979,114
1738731982,122
1738731985,119
1738731988,115
1738731991,118
1738731994,120
1738731997,117
1738732001,122
1738732003,117
1738732007,122
1738732010,115
1738732013,125
1738732016,118
1738732019,111
1738732022,124
1738732025,117
1738732028,123
1738732028,None
1738732034,123
1738732037,123
1738732037,None
1738732043,115
1738732046,127
1738732049,121
1738732052,124
1738732052,None
1738732059,128
1738732062,120
1738732065,123
1738732067,121
1738732070,122
1738732074,122
1738732077,119
1738732080,120
1738732083,125
1738732086,119
1738732089,111
1738732092,129
1738732095,121
1738732098,118
1738732098,None
1738732104,113
1738732107,120
1738732110,120
1738732113,120
1738732116,122
1738732119,112
1738732123,122
1738732126,128
1738732128,121
1738732131,117
1738732135,120
1738732138,122
1738732141,121
1738732144,124
1738732147,113
1738732150,116
1738732153,125
1738732156,119
1738732159,107
1738732162,112
1738732166,107
1738732168,154
1738732171,370
1738732174,366
1738732178,370
1738732180,366
1738732184,190
1738732186,116
1738732190,116
1738732193,115
1738732196,108
1738732199,118
1738732201,113
1738732205,109
1738732208,111
1738732211,109
1738732214,105
1738732217,110
1738732220,105
1738732223,112
1738732227,108
1738732227,None
1738732233,112
1738732235,114
1738732238,115
1738732242,110
1738732245,107
1738732247,100
1738732251,113
1738732253,107
1738732256,110
1738732260,104
1738732263,108
1738732265,110
1738732269,108
1738732272,115
1738732275,113
1738732278,102
1738732281,114
1738732284,103
1738732287,107
1738732290,110
1738732293,140
1738732297,375
1738732299,370
1738732303,375
1738732303,None
1738732309,116
1738732311,108
1738732311,None
1738732318,112
1738732321,113
1738732324,110
1738732327,115
1738732330,116
1738732333,110
1738732336,104
1738732339,116
1738732342,109
1738732345,114
1738732348,111
1738732351,117
1738732354,113
1738732357,113
1738732360,103
1738732360,None
1738732366,105
1738732369,113
1738732369,None
1738732376,109
1738732378,111
1738732382,111
1738732382,None
1738732382,None
1738732391,105
1738732394,111
1738732397,111
1738732400,110
1738732403,110
1738732407,110
1738732409,109
1738732412,115
1738732415,108
1738732418,113
1738732421,114
1738732424,111
1738732427,113
1738732430,114
1738732434,109
1738732437,119
1738732440,109
1738732443,109
1738732446,113
1738732449,123
1738732452,109
1738732455,112
1738732458,113
1738732461,110
1738732464,115
1738732467,118
1738732470,115
1738732473,111
1738732476,109
1738732479,100
1738732482,100
1738732485,110
1738732488,119
1738732491,112
1738732494,107
1738732497,111
1738732501,107
1738732504,110
1738732506,113
1738732510,109
1738732513,104
1738732513,None
1738732519,108
1738732522,107
1738732525,107
1738732528,107
1738732528,None
1738732534,113
1738732537,102
1738732540,118
1738732543,104
1738732546,116
1738732549,105
1738732552,114
1738732555,106
1738732558,109
1738732561,106
1738732565,110
1738732568,108
1738732571,108
1738732574,113
1738732577,110
1738732579,120
1738732583,109
1738732586,110
1738732589,108
1738732592,102
1738732595,331
1738732598,366
1738732601,364
1738732604,365
1738732607,365
1738732610,111
1738732613,109
1738732616,104
1738732619,99
1738732622,99
1738732626,110
1738732628,104
1738732631,111
1738732634,104
1738732637,98
1738732641,107
1738732644,107
1738732647,102
1738732650,102
1738732653,104
1738732656,101
1738732659,104
1738732659,None
1738732665,102
1738732668,107
1738732671,91
1738732674,100
1738732677,108
1738732677,None
1738732684,94
1738732686,104
1738732689,300
1738732692,359
1738732695,361
1738732699,356
1738732702,95
1738732702,None
1738732708,96
1738732711,104
1738732714,100
1738732717,104
1738732720,100
1738732723,103
1738732726,102
1738732729,106
1738732732,107
1738732735,100
1738732738,104
1738732741,102
1738732744,104
1738732748,107
1738732751,102
1738732754,100
1738732754,None
1738732760,102
1738732763,99
1738732766,102
1738732769,96
1738732772,111
1738732775,100
1738732778,102
1738732781,111
1738732784,142
1738732787,174
1738732790,206
1738732793,211
1738732793,None
1738732799,200
1738732802,188
1738732805,197
1738732809,196
1738732809,None
1738732815,187
1738732817,189
1738732820,183
1738732824,181
1738732827,188
1738732830,179
1738732833,171
1738732836,178
1738732840,171
1738732840,None
1738732845,170
1738732848,172
1738732851,175
1738732854,164
1738732857,171
1738732860,169
1738732863,160
1738732866,169
1738732869,169
1738732869,None
1738732875,175
1738732878,175
1738732881,174
1738732884,170
1738732884,None
1738732891,180
1738732894,173
1738732896,181
1738732900,176
1738732903,178
1738732906,181
1738732909,181
1738732912,182
1738732915,184
1738732915,None
1738732921,169
1738732924,182
1738732927,181
1738732930,177
1738732933,177
1738732936,176
1738732939,171
1738732942,174
1738732945,178
1738732949,171
1738732952,174
1738732955,173
1738732958,174
1738732961,169
1738732964,177
1738732967,170
1738732970,177
1738732973,177
1738732976,170
1738732980,174
1738732982,177
1738732985,170
1738732988,176
1738732991,168
1738732994,172
1738732997,179
1738733000,171
1738733003,175
1738733007,174
1738733009,173
1738733012,172
1738733016,177
1738733018,179
1738733022,168
1738733024,182
1738733027,176
1738733031,173
1738733034,179
1738733036,174
1738733040,172
1738733043,178
1738733046,180
1738733049,177
1738733052,177
1738733055,170
1738733058,181
1738733061,168
1738733064,181
1738733067,170
1738733070,169
1738733073,321
1738733077,532
1738733079,691
1738733083,681
1738733086,452
1738733088,428
1738733092,275
1738733095,177
1738733098,170
1738733101,172
1738733104,168
1738733107,178
1738733110,175
1738733113,173
1738733113,None
1738733119,170
1738733122,179
1738733125,179
1738733128,168
1738733131,164
1738733134,178
1738733138,170
1738733141,173
1738733143,173
1738733147,174
1738733150,177
1738733150,None
1738733156,169
1738733159,179
1738733162,177
1738733165,171
1738733168,181
1738733171,174
1738733174,183
1738733177,174
1738733180,175
1738733183,171
1738733186,177
1738733190,177
1738733192,176
1738733195,169
1738733198,173
1738733201,169
1738733204,176
1738733207,167
1738733210,175
1738733213,171
1738733216,173
1738733219,173
1738733223,173
1738733225,172
1738733229,179
1738733232,167
1738733234,167
1738733238,181
1738733241,172
1738733244,168
1738733247,179
1738733250,173
1738733253,171
1738733256,173
1738733259,168
1738733262,175
1738733265,178
1738733268,171
1738733271,174
1738733274,184
1738733277,171
1738733280,169
1738733284,174
1738733287,170
1738733290,172
1738733292,177
1738733296,173
1738733296,None
1738733296,None
1738733305,176
1738733308,173
1738733311,174
1738733314,169
1738733317,177
1738733320,171
1738733323,172
1738733326,170
1738733329,170
1738733332,174
1738733335,176
1738733338,176
1738733341,184
1738733344,170
1738733347,181
1738733350,177
1738733354,175
1738733356,176
1738733360,171
1738733363,175
1738733366,177
1738733369,177
1738733372,168
1738733375,177
1738733378,172
1738733381,173
1738733384,177
1738733387,165
1738733390,177
1738733393,177
1738733396,171
1738733399,174
1738733402,169
1738733405,169
1738733408,175
1738733411,177
1738733415,171
1738733417,178
1738733421,164
1738733424,182
1738733426,176
1738733426,None
1738733433,175
1738733436,171
1738733439,173
1738733442,174
1738733445,177
1738733448,170
1738733451,178
1738733451,None
1738733457,170
1738733460,177
1738733463,174
1738733466,175
1738733470,173
1738733472,177
1738733475,168
1738733479,173
1738733482,181
1738733482,None
1738733488,168
1738733491,175
1738733494,177
1738733497,170
1738733500,426
1738733503,427
1738733503,None
1738733509,394
1738733512,178
1738733515,176
1738733515,None
1738733521,437
1738733524,433
1738733527,434
1738733530,402
1738733533,178
1738733536,182
1738733540,178
1738733542,171
1738733545,167
1738733549,174
1738733551,174
1738733555,174
1738733557,176
1738733561,172
1738733564,177
1738733567,172
1738733570,171
1738733573,174
1738733576,170
1738733579,179
1738733582,168
1738733582,None
1738733588,177
1738733591,174
1738733594,173
1738733598,171
1738733600,168
1738733603,174
1738733606,167
1738733610,179
1738733613,167
1738733616,175
1738733619,169
1738733622,177
1738733625,166
1738733628,172
1738733631,178
1738733634,168
1738733637,178
1738733640,176
1738733643,169
1738733647,170
1738733649,173
1738733652,172
1738733656,171
1738733658,169
1738733661,175
1738733665,161
1738733668,169
1738733671,173
1738733673,167
1738733677,170
1738733680,175
1738733683,165
1738733686,168
1738733689,168
1738733692,168
1738733695,171
1738733698,170
1738733701,176
1738733704,165
1738733707,177
1738733710,166
1738733713,172
1738733716,168
1738733719,168
1738733722,172
1738733725,163
1738733729,163
1738733731,170
1738733734,160
1738733738,171
1738733738,None
1738733743,167
1738733747,172
1738733750,164
1738733753,169
1738733756,167
1738733759,170
1738733759,None
1738733765,169
1738733768,167
1738733771,173
1738733774,173
1738733777,165
1738733780,159
1738733783,171
1738733787,179
1738733790,169
1738733792,170
1738733796,168
1738733799,175
1738733802,161
1738733805,165
1738733808,172
1738733811,177
1738733814,165
1738733818,157
1738733820,168
1738733823,170
1738733826,168
1738733829,164
1738733833,168
1738733835,169
1738733838,174
1738733841,162
1738733844,163
1738733847,176
1738733851,170
1738733853,162
1738733856,167
1738733860,170
1738733862,173
1738733866,164
1738733869,166
1738733872,172
1738733875,165
1738733878,169
1738733878,None
1738733878,None
1738733887,431
1738733890,429
1738733893,191
1738733896,168
1738733899,168
1738733902,170
1738733905,167
1738733908,166
1738733911,172
1738733914,166
1738733917,163
1738733920,168
1738733924,166
1738733927,168
1738733930,175
1738733933,165
1738733936,171
1738733939,171
1738733942,164
1738733945,170
1738733948,170
1738733951,167
1738733955,166
1738733957,162
1738733960,175
1738733963,170
1738733966,159
1738733970,173
1738733973,349
1738733975,420
1738733978,426
1738733982,431
1738733985,244
1738733988,168
1738733991,166
1738733994,172
1738733997,161
1738734000,170
1738734003,164
1738734006,173
1738734009,167
1738734012,169
1738734015,171
1738734018,160
1738734021,171
1738734024,167
1738734027,162
1738734030,175
1738734030,None
1738734036,162
1738734039,168
1738734043,169
1738734046,169
1738734049,163
1738734052,170
1738734055,165
1738734058,161
1738734061,158
1738734064,170
1738734067,169
1738734070,167
1738734073,161
1738734076,169
1738734076,None
1738734082,158
1738734085,172
1738734089,184
1738734091,170
1738734094,162
1738734098,180
1738734101,179
1738734104,166
1738734106,169
1738734110,170
1738734113,174
1738734116,173
1738734119,175
1738734122,179
1738734125,178
1738734128,166
1738734131,172
1738734134,169
1738734137,165
1738734140,169
1738734143,176
1738734146,177
1738734149,167
1738734152,170
1738734156,164
1738734158,172
1738734161,166
1738734164,171
1738734168,168
1738734171,171
1738734174,167
1738734177,170
1738734180,171
1738734183,173
1738734183,None
1738734189,170
1738734192,165
1738734195,173
1738734198,166
1738734201,170
1738734205,163
1738734205,None
1738734210,166
1738734214,165
1738734214,None
1738734219,162
1738734223,170
1738734225,165
1738734229,163
1738734232,177
1738734235,166
1738734238,162
1738734241,175
1738734244,168
1738734247,172
1738734250,170
1738734253,166
1738734256,170
1738734259,175
1738734262,166
1738734265,161
1738734268,158
1738734272,173
1738734274,172
1738734277,167
1738734280,166
1738734283,382
1738734287,433
1738734290,437
1738734293,430
1738734296,283
1738734299,166
1738734302,170
1738734305,165
1738734308,163
1738734311,169
1738734311,None
1738734317,169
1738734320,167
1738734323,170
1738734326,165
1738734329,173
1738734329,None
1738734335,172
1738734338,166
1738734341,168
1738734345,168
1738734347,171
1738734350,169
1738734353,168
1738734357,167
1738734360,208
1738734363,430
1738734366,435
1738734369,426
1738734372,434
1738734375,174
1738734378,166
1738734381,169
1738734384,158
1738734387,179
1738734390,173
1738734393,173
1738734396,171
1738734396,None
1738734402,177
1738734405,169
1738734408,174
1738734412,183
1738734414,176
1738734418,163
1738734421,179
1738734423,173
1738734427,170
1738734430,173
1738734433,175
1738734436,176
1738734439,172
1738734442,178
1738734442,None
1738734448,173
1738734451,174
1738734454,171
1738734457,176
1738734460,172
1738734463,175
1738734467,178
1738734469,177
1738734472,177
1738734476,180
1738734479,170
1738734481,182
1738734481,None
1738734488,175
1738734490,174
1738734494,172
1738734497,171
1738734497,None
1738734503,170
1738734506,178
1738734509,165
1738734512,176
1738734515,172
1738734518,175
1738734521,174
1738734524,170
1738734527,172
1738734531,173
1738734533,175
1738734536,170
1738734536,None
1738734542,172
1738734545,179
1738734549,172
1738734551,173
1738734555,173
1738734558,182
1738734558,None
1738734558,None
1738734567,178
1738734570,180
1738734573,170
1738734576,176
1738734579,167
1738734582,174
1738734585,180
1738734589,174
1738734591,182
1738734594,171
1738734597,176
1738734600,183
1738734603,178
1738734606,166
1738734609,173
1738734612,177
1738734615,171
1738734619,173
1738734622,176
1738734625,168
1738734628,169
1738734631,173
1738734634,176
1738734637,186
1738734640,169
1738734644,164
1738734646,163
1738734649,176
1738734652,177
1738734655,171
1738734659,176
1738734659,None
1738734665,172
1738734667,178
1738734671,176
1738734674,165
1738734677,183
1738734679,176
1738734682,169
1738734685,181
1738734688,177
1738734692,172
1738734695,174
1738734698,174
1738734701,181
1738734704,169
1738734707,178
1738734710,182
1738734713,176
1738734716,167
1738734719,181
1738734722,176
1738734725,174
1738734728,173
1738734731,176
1738734734,175
1738734737,213
1738734741,428
1738734744,432
1738734747,440
1738734749,307
1738734753,177
1738734756,182
1738734759,298
1738734762,419
1738734765,423
1738734768,428
1738734771,271
1738734774,169
1738734777,171
1738734780,164
1738734783,168
1738734786,172
1738734790,171
1738734792,164
1738734795,172
1738734798,173
1738734802,172
1738734805,173
1738734808,166
1738734811,173
1738734813,166
1738734817,171
1738734820,164
1738734823,171
1738734826,166
1738734829,174
1738734832,167
1738734835,166
1738734838,169
1738734841,168
1738734844,172
1738734847,170
1738734851,167
1738734854,173
1738734856,171
1738734859,181
1738734862,170
1738734865,169
1738734868,164
1738734871,164
1738734875,201
1738734878,200
1738734881,193
1738734884,190
1738734886,186
1738734890,196
1738734893,198
1738734896,195
1738734899,192
1738734899,None
1738734905,171
1738734908,172
1738734911,174
1738734914,176
1738734917,209
1738734920,347
1738734923,1546
1738734926,1607
1738734929,1613
1738734932,1607
1738734935,1608
1738734938,1608
1738734938,None
1738734945,1547
1738734947,1551
1738734951,1547
1738734953,1555
1738734957,1544
1738734959,1556
1738734962,1557
1738734965,1552
1738734969,1548
1738734972,1545
1738734975,1549
1738734978,136
1738734981,139
1738734984,127
1738734987,135
1738734990,126
1738734993,130
1738734996,128
1738734999,130
1738735002,125
1738735005,124
1738735008,126
1738735011,114
1738735014,130
1738735017,123
1738735017,None
1738735024,123
1738735027,120
1738735030,125
1738735033,115
1738735036,116
1738735039,121
1738735042,120
1738735045,109
1738735048,124
1738735051,271
1738735054,370
1738735057,367
1738735060,373
1738735063,368
1738735066,106
1738735069,107
1738735072,112
1738735075,113
1738735078,105
1738735081,107
1738735084,112
1738735087,112
1738735091,107
1738735093,112
1738735097,110
1738735100,108
1738735103,106
1738735106,111
1738735109,111
1738735112,102
1738735115,109
1738735118,111
1738735121,104
1738735121,None
1738735128,106
1738735130,110
1738735133,104
1738735136,103
1738735140,111
1738735142,106
1738735146,109
1738735148,105
1738735148,None
1738735155,155
1738735158,364
1738735160,372
1738735164,366
1738735167,368
1738735170,219
1738735173,109
1738735177,110
1738735179,112
1738735182,109
1738735185,108
1738735188,112
1738735192,117
1738735195,107
1738735198,121
1738735201,114
1738735204,113
1738735207,118
1738735210,121
1738735213,121
1738735216,125
1738735219,120
1738735219,None
1738735225,130
1738735228,130
1738735231,126
1738735234,120
1738735237,131
1738735240,127
1738735243,128
1738735246,127
1738735250,126
1738735252,130
1738735255,121
1738735258,132
1738735261,121
1738735265,130
1738735267,119
1738735271,124
1738735274,119
1738735277,116
1738735280,121
1738735283,114
1738735286,123
1738735289,114
1738735292,114
1738735295,122
1738735298,117
1738735301,119
1738735304,113
1738735307,111
1738735310,119
1738735314,121
1738735316,108
1738735319,121
1738735323,121
1738735326,118
1738735326,None
1738735332,123
1738735335,115
1738735337,115
1738735340,117
1738735344,120
1738735347,113
1738735350,118
1738735353,130
1738735353,None
1738735359,109
1738735362,123
1738735365,117
1738735368,119
1738735372,126
1738735374,301
1738735377,387
1738735380,377
1738735383,370
1738735386,139
1738735389,120
1738735389,None
1738735395,111
1738735398,119
1738735402,120
1738735405,116
1738735408,118
1738735411,123
1738735414,112
1738735414,None
1738735420,122
1738735423,122
1738735426,113
1738735429,112
1738735433,124
1738735435,122
1738735438,118
1738735441,117
1738735444,122
1738735447,121
1738735450,116
1738735453,124
1738735457,117
1738735457,None
1738735463,124
1738735466,110
1738735468,124
1738735471,118
1738735475,119
1738735478,121
1738735481,119
1738735484,115
1738735487,120
1738735490,117
1738735493,114
1738735496,124
1738735499,109
1738735502,118
1738735505,114
1738735508,118
1738735511,115
1738735515,117
1738735518,118
1738735521,116
1738735524,113
1738735527,108
1738735530,119
1738735533,104
1738735536,120
1738735539,111
1738735542,109
1738735545,105
1738735549,106
1738735551,101
1738735554,103
1738735557,111
1738735560,104
1738735564,99
1738735564,None
1738735570,110
1738735573,102
1738735576,109
1738735579,110
1738735582,99
1738735584,96
1738735588,110
1738735591,112
1738735594,106
1738735597,104
1738735600,105
1738735603,102
1738735606,105
1738735609,110
1738735612,103
1738735615,113
1738735618,105
1738735621,105
1738735625,354
1738735628,358
1738735630,363
1738735634,253
1738735637,103
1738735639,109
1738735643,104
1738735643,None
1738735649,103
1738735652,112
1738735655,108
1738735658,107
1738735661,104
1738735665,104
1738735667,104
1738735670,103
1738735673,111
1738735676,99
1738735680,109
1738735683,108
1738735685,104
1738735689,103
1738735691,114
1738735695,103
1738735698,113
1738735701,106
1738735704,368
1738735707,1213
1738735710,1274
1738735713,1413
1738735716,2589
1738735719,2911
1738735719,None
1738735725,2731
1738735728,2661
1738735731,2662
1738735734,2655
1738735737,2651
1738735740,2629
1738735743,2624
1738735746,2627
1738735750,2637
1738735750,None
1738735756,2632
1738735759,2626
1738735762,2626
1738735762,None
1738735768,2627
1738735771,2629
1738735774,2627
1738735777,2632
1738735779,1333
1738735783,1212
1738735786,1210
1738735789,1225
1738735792,1201
1738735795,1213
1738735798,1210
1738735801,1209
1738735804,1212
1738735807,1211
1738735810,1211
1738735814,1209
1738735816,1211
1738735819,1197
1738735823,1212
1738735826,170
1738735829,120
1738735832,115
1738735835,128
1738735838,120
1738735841,119
1738735844,118
1738735847,125
1738735850,121
1738735853,122
1738735856,123
1738735856,None
1738735862,147
1738735866,121
1738735868,123
1738735871,131
1738735871,None
1738735878,123
1738735880,130
1738735883,123
1738735887,123
1738735890,126
1738735893,123
1738735896,124
1738735899,124
1738735902,130
1738735905,120
1738735908,122
1738735911,128
1738735914,116
1738735917,133
1738735920,117
1738735923,133
1738735926,126
1738735930,132
1738735933,123
1738735935,129
1738735938,125
1738735942,122
1738735944,123
1738735948,121
1738735951,123
1738735954,126
1738735957,123
1738735960,217
1738735962,379
1738735966,386
1738735969,380
1738735972,355
1738735975,127
1738735979,124
1738735981,129
1738735981,None
1738735987,118
1738735990,119
1738735993,115
1738735993,None
1738735999,197
1738736003,232
1738736005,229
1738736005,None
1738736011,235
1738736014,298
1738736017,327
1738736021,318
1738736024,330
1738736027,318
1738736030,314
1738736033,312
1738736036,309
1738736039,305
1738736042,313
1738736045,303
1738736048,306
1738736050,313
1738736054,309
1738736057,301
1738736060,294
1738736063,299
1738736066,301
1738736069,292
1738736072,295
1738736075,285
1738736078,293
1738736081,294
1738736081,None
1738736087,295
1738736091,289
1738736093,293
1738736097,288
1738736100,289
1738736102,288
1738736106,286
1738736109,292
1738736112,283
1738736115,291
1738736118,288
1738736121,293
1738736124,283
1738736127,292
1738736130,285
1738736133,291
1738736136,291
1738736136,None
1738736142,382
1738736145,557
1738736149,545
1738736151,548
1738736155,498
1738736158,287
1738736161,279
1738736164,305
1738736167,292
1738736170,285
1738736173,287
1738736173,None
1738736179,289
1738736182,287
1738736185,294
1738736189,280
1738736191,272
1738736194,289
1738736197,291
1738736200,284
1738736203,280
1738736206,279
1738736210,283
1738736213,285
1738736216,274
1738736218,280
1738736222,283
1738736225,283
1738736229,284
1738736229,None
1738736234,276
1738736237,284
1738736240,281
1738736243,284
1738736246,288
1738736249,284
1738736252,288
1738736255,281
1738736255,None
1738736262,276
1738736264,282
1738736267,283
1738736271,272
1738736274,287
1738736277,279
1738736280,280
1738736283,281
1738736286,283
1738736289,278
1738736292,281
1738736295,274
1738736298,284
1738736301,271
1738736304,284
1738736307,275
1738736310,278
1738736313,276
1738736317,276
1738736319,281
1738736322,284
1738736326,280
1738736329,283
1738736331,273
1738736335,284
1738736337,275
1738736340,275
1738736344,281
1738736346,375
1738736350,532
1738736353,530
1738736356,528
1738736359,354
1738736359,None
1738736365,275
1738736368,289
1738736371,278
1738736374,283
1738736377,279
1738736380,279
1738736383,278
1738736386,284
1738736389,278
1738736393,281
1738736395,275
1738736399,284
1738736401,280
1738736405,288
1738736408,281
1738736410,280
1738736413,276
1738736417,285
1738736420,275
1738736423,277
1738736426,279
1738736429,278
1738736432,277
1738736435,283
1738736438,281
1738736441,284
1738736444,272
1738736447,285
1738736447,None
1738736453,271
1738736456,283
1738736459,275
1738736462,275
1738736465,281
1738736468,284
1738736471,282
1738736474,276
1738736477,281
1738736480,276
1738736484,280
1738736487,280
1738736487,None
1738736493,280
1738736496,281
1738736499,281
1738736502,272
1738736505,279
1738736508,282
1738736511,281
1738736514,273
1738736517,285
1738736520,440
1738736523,541
1738736526,535
1738736529,505
1738736533,279
1738736535,276
1738736539,287
1738736541,278
1738736545,280
1738736547,280
1738736550,284
1738736554,273
1738736557,280
1738736560,281
1738736560,None
1738736566,284
1738736569,269
1738736572,275
1738736575,280
1738736578,280
1738736581,274
1738736584,280
1738736587,279
1738736590,270
1738736593,280
1738736593,None
1738736599,283
1738736602,280
1738736605,276
1738736608,280
1738736611,278
1738736615,280
1738736618,273
1738736622,279
1738736624,269
1738736627,280
1738736631,278
1738736633,277
1738736636,275
1738736640,274
1738736642,277
1738736645,280
1738736648,274
1738736651,288
1738736655,274
1738736658,289
1738736661,276
1738736664,273
1738736667,279
1738736670,283
1738736673,277
1738736676,306
1738736680,290
1738736682,278
1738736685,282
1738736689,273
1738736691,275
1738736695,273
1738736697,271
1738736697,None
1738736703,280
1738736706,275
1738736710,319
1738736712,524
1738736715,530
1738736719,532
1738736722,307
1738736725,275
1738736728,278
1738736728,None
1738736734,276
1738736737,276
1738736740,278
1738736743,272
1738736746,266
1738736750,281
1738736752,271
1738736755,263
1738736759,275
1738736762,271
1738736764,271
1738736768,274
1738736770,275
1738736774,270
1738736777,268
1738736780,278
1738736783,265
1738736786,277
1738736789,267
1738736792,272
1738736795,277
1738736798,275
1738736801,269
1738736804,275
1738736808,281
1738736810,272
1738736814,274
1738736816,276
1738736819,270
1738736823,272
1738736826,278
1738736829,280
1738736832,270
1738736835,274
1738736838,270
1738736841,266
1738736844,281
1738736847,271
1738736850,273
1738736854,272
1738736856,277
1738736859,276
1738736862,274
1738736865,277
1738736868,272
1738736872,265
1738736875,282
1738736878,275
1738736880,269
1738736884,272
1738736887,277
1738736890,279
1738736893,268
1738736896,274
1738736899,281
1738736902,267
1738736905,276
1738736908,275
1738736911,279
1738736915,268
1738736915,None
1738736920,279
1738736924,270
1738736927,430
1738736930,531
1738736933,525
1738736936,527
1738736938,352
1738736938,None
1738736945,272
1738736948,275
1738736951,278
1738736954,273
1738736957,271
1738736960,278
1738736963,275
1738736966,274
1738736969,276
1738736973,275
1738736975,272
1738736978,273
1738736982,280
1738736984,269
1738736987,272
1738736991,277
1738736993,273
1738736997,281
1738737000,271
1738737000,None
1738737006,285
1738737008,275
1738737012,271
1738737012,None
1738737018,275
1738737021,278
1738737024,270
1738737027,279
1738737031,487
1738737033,519
1738737036,529
1738737040,522
1738737042,317
1738737046,278
1738737049,274
1738737051,272
1738737055,272
1738737055,None
1738737060,270
1738737064,281
1738737067,273
1738737070,271
1738737073,274
1738737076,278
1738737079,278
1738737082,275
1738737085,272
1738737088,278
1738737091,270
1738737094,277
1738737097,272
1738737100,269
1738737103,276
1738737106,272
1738737109,273
1738737112,267
1738737115,279
1738737119,272
1738737121,260
1738737124,283
1738737127,262
1738737130,274
1738737134,276
1738737137,276
1738737140,269
1738737143,275
1738737146,278
1738737149,266
1738737152,273
1738737155,277
1738737158,275
1738737161,270
1738737164,272
1738737167,290
1738737170,290
1738737173,298
1738737176,295
1738737176,None
1738737182,297
1738737185,291
1738737188,277
1738737191,266
1738737194,259
1738737198,272
1738737201,264
1738737203,260
1738737206,262
1738737206,None
1738737213,258
1738737216,265
1738737216,None
1738737222,261
1738737225,253
1738737228,269
1738737231,260
1738737234,258
1738737237,259
1738737240,258
1738737243,258
1738737246,257
1738737249,273
1738737253,288
1738737255,287
1738737259,296
1738737259,None
1738737265,292
1738737268,297
1738737270,297
1738737274,292
1738737277,308
1738737280,306
1738737283,291
1738737286,306
1738737286,None
1738737292,300
1738737295,301
1738737298,303
1738737302,295
1738737304,306
1738737307,306
1738737310,306
1738737313,300
1738737316,295
1738737320,314
1738737322,303
1738737325,302
1738737329,511
1738737331,562
1738737335,585
1738737338,581
1738737341,380
1738737344,691
1738737346,1423
1738737350,1428
1738737353,1395
1738737356,1379
1738737359,1420
1738737362,1423
1738737365,1417
1738737368,1426
1738737371,1411
1738737374,1613
1738737377,1670
1738737380,1673
1738737383,1668
1738737386,1617
1738737389,1420
1738737392,1419
1738737395,1411
1738737399,1418
1738737401,1416
1738737405,1427
1738737408,1421
1738737411,1422
1738737414,1420
1738737417,1418
1738737420,1413
1738737423,1411
1738737426,1418
1738737429,1417
1738737432,1427
1738737435,1413
1738737438,1419
1738737442,1416
1738737444,1418
1738737448,1414
1738737451,1422
1738737453,1427
1738737456,1420
1738737460,1432
1738737463,1428
1738737466,1422
1738737469,1435
1738737472,1427
1738737475,1420
1738737478,1424
1738737481,1425
1738737484,1431
1738737487,1432
1738737490,1438
1738737493,1430
1738737496,1429
1738737499,1434
1738737502,1439
1738737505,1431
1738737508,1434
1738737511,1426
1738737514,1419
1738737517,1420
1738737521,1432
1738737524,1413
1738737527,1409
1738737530,1404
1738737533,1419
1738737536,1422
1738737539,1419
1738737542,1410
1738737545,1410
1738737548,1417
1738737551,1408
1738737554,1416
1738737557,1394
1738737560,1386
1738737563,1393
1738737566,1399
1738737570,1402
1738737572,1392
1738737575,1399
1738737578,1403
1738737581,1390
1738737585,735
1738737588,316
1738737590,310
1738737593,307
1738737596,309
1738737599,308
1738737603,313
1738737606,318
1738737609,324
1738737612,316
1738737615,314
1738737618,324
1738737621,318
1738737624,311
1738737627,322
1738737630,318
1738737633,319
1738737636,316
1738737639,317
1738737642,320
1738737645,311
1738737649,316
1738737651,330
1738737655,314
1738737658,311
1738737661,315
1738737664,318
1738737667,313
1738737670,318
1738737673,315
1738737673,None
1738737673,None
1738737682,315
1738737685,308
1738737688,325
1738737691,319
1738737694,317
1738737697,318
1738737700,309
1738737703,317
1738737706,320
1738737706,None
1738737712,308
1738737716,318
1738737716,None
1738737716,None
1738737725,314
1738737727,316
1738737730,446
1738737734,569
1738737737,574
1738737740,582
1738737743,414
1738737746,315
1738737749,312
1738737752,322
1738737755,318
1738737758,318
1738737761,316
1738737764,317
1738737767,319
1738737770,313
1738737773,312
1738737777,318
1738737780,319
1738737783,320
1738737786,321
1738737788,321
1738737792,315
1738737795,316
1738737797,318
1738737801,315
1738737804,323
1738737807,312
1738737810,311
1738737813,301
1738737816,301
1738737819,297
1738737822,362
1738737822,None
1738737828,547
1738737831,540
1738737834,545
1738737837,305
1738737840,291
1738737843,286
1738737847,284
1738737849,283
1738737852,286
1738737856,278
1738737858,285
1738737862,279
1738737865,281
1738737868,1020
1738737871,1377
1738737874,1376
1738737877,1348
1738737880,1276
1738737883,1376
1738737886,1370
1738737890,1382
1738737892,1375
1738737895,1375
1738737898,1377
1738737901,1378
1738737905,1384
1738737907,1380
1738737911,1371
1738737913,540
1738737916,286
1738737920,291
1738737923,291
1738737925,287
1738737929,281
1738737931,286
1738737935,286
1738737938,286
1738737941,278
1738737944,278
1738737947,289
1738737950,286
1738737953,285
1738737956,290
1738737959,277
1738737962,281
1738737965,289
1738737968,311
1738737971,1383
1738737975,1376
1738737977,1383
1738737981,1379
1738737984,1377
1738737987,1370
1738737990,1372
1738737993,1369
1738737995,1367
1738737998,1374
1738737998,None
1738738005,1368
1738738008,1373
1738738011,1376
1738738014,1362
1738738017,1374
1738738020,1368
1738738023,1371
1738738026,1373
1738738029,1366
1738738033,1372
1738738033,None
1738738039,1372
1738738041,1372
1738738044,1356
1738738048,1363
1738738051,1371
1738738053,1363
1738738057,1365
1738738060,1366
1738738063,1374
1738738066,1388
1738738069,1377
1738738072,1383
1738738075,1361
1738738078,1377
1738738081,1373
1738738084,1368
1738738087,1377
1738738090,1379
1738738093,1381
1738738096,1381
1738738099,1384
1738738103,1382
1738738105,1435
1738738108,1689
1738738112,1690
1738738115,1682
1738738118,1675
1738738121,1432
1738738124,1427
1738738127,1432
1738738130,1409
1738738133,1378
1738738136,1374
1738738139,1392
1738738142,1375
1738738145,1400
1738738148,1419
1738738151,1410
1738738154,1409
1738738158,1393
1738738160,1394
1738738164,1397
1738738166,773
1738738169,277
1738738169,None
1738738169,None
1738738179,270
1738738181,266
1738738184,262
1738738188,270
1738738191,269
1738738194,263
1738738194,None
1738738200,268
1738738203,261
1738738206,267
1738738209,272
1738738212,265
1738738215,266
1738738218,270
1738738221,271
1738738224,269
1738738228,274
1738738228,None
1738738233,261
1738738236,268
1738738239,273
1738738243,267
1738738246,267
1738738248,265
1738738252,256
1738738252,None
1738738258,370
1738738258,None
1738738264,520
1738738267,510
1738738270,515
1738738273,352
1738738277,267
1738738279,273
1738738279,None
1738738285,271
1738738288,272
1738738291,272
1738738291,None
1738738297,269
1738738301,278
1738738304,276
1738738307,266
1738738310,277
1738738313,282
1738738316,276
1738738319,274
1738738322,281
1738738325,276
1738738328,276
1738738331,277
1738738334,272
1738738337,272
1738738340,271
1738738343,271
1738738346,283
1738738349,268
1738738353,280
1738738355,274
1738738359,272
1738738361,275
1738738361,None
1738738368,524
1738738371,535
1738738374,515
1738738377,272
1738738380,272
1738738383,270
1738738386,275
1738738389,273
1738738392,282
1738738395,279
1738738398,278
1738738401,278
1738738405,287
1738738407,276
1738738411,282
1738738413,281
1738738417,272
1738738420,282
1738738423,272
1738738423,None
1738738429,278
1738738432,278
1738738435,279
1738738438,272
1738738438,None
1738738445,272
1738738447,273
1738738450,282
1738738453,272
1738738456,283
1738738456,None
1738738463,284
1738738465,274
1738738468,281
1738738472,280
1738738472,None
1738738478,274
1738738478,None
1738738484,276
1738738486,305
1738738490,313
1738738493,289
1738738493,None
1738738499,296
1738738502,283
1738738505,285
1738738509,279
1738738511,282
1738738514,282
1738738514,None
1738738520,283
1738738520,None
1738738520,None
1738738529,290
1738738532,283
1738738536,271
1738738539,292
1738738542,282
1738738545,282
1738738548,282
1738738551,286
1738738554,281
1738738557,286
1738738560,274
1738738563,281
1738738566,286
1738738569,277
1738738572,276
1738738575,284
1738738578,275
1738738581,277
1738738584,279
1738738588,280
1738738588,None
1738738593,276
1738738596,284
1738738600,275
1738738603,274
1738738606,279
1738738608,274
1738738612,283
1738738615,275
1738738618,278
1738738621,274
1738738624,279
1738738627,279
1738738630,280
1738738633,278
1738738636,282
1738738639,277
1738738642,285
1738738645,274
1738738648,287
1738738648,None
1738738655,277
1738738658,278
1738738661,281
1738738664,276
1738738667,280
1738738670,275
1738738673,274
1738738676,285
1738738679,574
1738738682,796
1738738685,781
1738738688,780
1738738691,690
1738738694,333
1738738697,275
1738738700,278
1738738703,279
1738738706,284
1738738710,283
1738738712,276
1738738716,284
1738738719,274
1738738721,282
1738738725,276
1738738727,283
1738738731,281
1738738731,None
1738738737,281
1738738740,278
1738738743,282
1738738746,280
1738738749,280
1738738752,287
1738738755,278
1738738758,280
1738738761,279
1738738764,277
1738738767,283
1738738770,277
1738738774,279
1738738776,278
1738738779,282
1738738783,279
1738738785,268
1738738785,None
1738738792,274
1738738795,273
1738738798,277
1738738801,274
1738738804,273
1738738807,279
1738738810,274
1738738813,276
1738738816,272
1738738819,271
1738738822,277
1738738826,270
1738738828,279
1738738831,266
1738738835,269
1738738838,275
1738738840,265
1738738843,269
1738738847,272
1738738850,270
1738738853,271
1738738857,275
1738738859,270
1738738862,279
1738738865,275
1738738868,273
1738738871,273
1738738874,276
1738738877,262
1738738880,276
1738738883,276
1738738886,273
1738738890,275
1738738892,259
1738738896,274
1738738899,279
1738738902,273
1738738905,271
1738738908,270
1738738911,278
1738738914,265
1738738917,267
1738738920,280
1738738923,278
1738738923,None
1738738930,266
1738738932,276
1738738935,271
1738738938,275
1738738941,265
1738738945,274
1738738948,276
1738738951,271
1738738954,271
1738738957,280
1738738960,270
1738738963,270
1738738966,268
1738738969,269
1738738972,269
1738738975,272
1738738978,273
1738738981,274
1738738984,263
1738738987,274
1738738991,266
1738738993,275
1738738996,269
1738738999,265
1738739003,270
1738739006,270
1738739009,267
1738739012,271
1738739015,268
1738739018,262
1738739021,276
1738739024,269
1738739027,271
1738739030,269
1738739033,272
1738739036,268
1738739039,271
1738739043,272
1738739045,263
1738739048,266
1738739051,281
1738739055,274
1738739057,271
1738739061,276
1738739064,268
1738739067,271
1738739069,514
1738739073,529
1738739076,525
1738739079,457
1738739082,276
1738739085,270
1738739088,271
1738739091,263
1738739094,273
1738739098,277
1738739098,None
1738739098,None
1738739106,270
1738739110,265
1738739112,272
1738739115,267
1738739118,264
1738739121,274
1738739125,463
1738739128,521
1738739130,514
1738739134,519
1738739137,511
1738739140,275
1738739143,269
1738739146,266
1738739148,270
1738739152,264
1738739155,272
1738739155,None
1738739161,271
1738739165,269
1738739167,273
1738739170,264
1738739173,271
1738739173,None
1738739180,265
1738739182,271
1738739186,262
1738739189,268
1738739192,261
1738739194,264
1738739194,None
1738739201,264
1738739204,267
1738739207,270
1738739210,273
1738739213,260
1738739216,260
1738739219,274
1738739222,265
1738739222,None
1738739228,269
1738739232,265
1738739235,264
1738739237,265
1738739241,269
1738739244,264
1738739246,251
1738739250,265
1738739253,260
1738739256,258
1738739259,261
1738739262,261
1738739265,257
1738739268,259
1738739271,264
1738739274,255
1738739277,264
1738739280,263
1738739284,263
1738739286,262
1738739289,264
1738739292,256
1738739295,262
1738739298,269
1738739301,256
1738739304,263
1738739308,261
1738739311,261
1738739314,258
1738739317,261
1738739320,266
1738739323,261
1738739326,268
1738739329,257
1738739332,264
1738739335,265
1738739338,267
1738739341,263
1738739344,263
1738739348,258
1738739351,264
1738739353,265
1738739357,260
1738739359,270
1738739362,264
1738739366,269
1738739368,265
1738739372,257
1738739375,263
1738739379,259
1738739381,265
1738739384,262
1738739387,262
1738739390,265
1738739393,263
1738739396,262
1738739399,262
1738739402,258
1738739406,271
1738739408,314
1738739408,None
1738739414,521
1738739417,522
1738739417,None
1738739423,273
1738739426,274
1738739429,274
1738739432,267
1738739435,278
1738739439,270
1738739442,277
1738739445,273
1738739448,272
1738739451,272
1738739454,270
1738739457,278
1738739460,266
1738739463,280
1738739466,273
1738739469,276
1738739473,277
1738739475,280
1738739478,272
1738739481,271
1738739485,281
1738739487,279
1738739490,272
1738739493,271
1738739497,270
1738739500,276
1738739503,275
1738739506,278
1738739509,272
1738739512,265
1738739512,None
1738739518,278
1738739521,272
1738739524,272
1738739527,266
1738739530,274
1738739533,276
1738739536,269
1738739536,None
1738739542,269
1738739545,267
1738739548,272
1738739551,265
1738739554,272
1738739558,269
1738739561,277
1738739564,268
1738739567,279
1738739570,275
1738739570,None
1738739576,278
1738739579,279
1738739582,273
1738739585,279
1738739588,271
1738739591,281
1738739594,272
1738739597,276
1738739600,273
1738739603,278
1738739607,270
1738739610,457
1738739613,535
1738739616,525
1738739618,532
1738739622,451
1738739625,279
1738739628,272
1738739628,None
1738739634,271
1738739637,270
1738739640,280
1738739643,271
1738739646,274
1738739649,272
1738739652,276
1738739656,266
1738739659,272
1738739662,265
1738739662,None
1738739668,269
1738739671,273
1738739674,265
1738739677,266
1738739680,270
1738739684,267
1738739686,267
1738739689,268
1738739692,271
1738739695,269
1738739698,263
1738739701,271
1738739704,262
1738739708,266
1738739711,268
1738739711,None
1738739717,264
1738739720,271
1738739722,269
1738739726,264
1738739729,264
1738739731,274
1738739735,262
1738739738,267
1738739741,268
1738739744,270
1738739747,263
1738739750,268
1738739753,277
1738739756,262
1738739759,266
1738739762,272
1738739765,267
1738739768,268
1738739771,271
1738739774,272
1738739777,257
1738739781,272
1738739784,267
1738739787,263
1738739790,312
1738739792,527
1738739795,521
1738739799,522
1738739802,440
1738739805,265
1738739808,260
1738739811,266
1738739814,258
1738739817,268
1738739820,264
1738739823,268
1738739826,260
1738739829,265
1738739832,266
1738739832,None
1738739838,263
1738739842,269
1738739844,264
1738739847,261
1738739851,265
1738739853,267
1738739856,270
1738739856,None
1738739856,None
1738739865,272
1738739869,260
1738739872,269
1738739875,272
1738739878,274
1738739881,278
1738739884,278
1738739887,266
1738739890,277
1738739893,283
1738739896,269
1738739896,None
1738739902,277
1738739905,266
1738739909,277
1738739911,278
1738739911,None
1738739918,270
1738739920,279
1738739924,283
1738739927,278
1738739930,271
1738739933,274
1738739936,276
1738739939,271
1738739942,281
1738739945,278
1738739948,275
1738739951,289
1738739951,None
1738739957,283
1738739960,284
1738739963,286
1738739966,279
1738739970,291
1738739973,281
1738739976,283
1738739978,286
1738739982,282
1738739985,291
1738739988,283
1738739991,282
1738739994,285
1738739997,286
1738740000,285
1738740003,281
1738740006,292
1738740009,292
1738740012,288
1738740015,288
1738740018,281
1738740021,288
1738740025,285
1738740028,233
1738740031,230
1738740031,None
1738740037,416
1738740040,480
1738740043,480
1738740046,475
1738740049,356
1738740052,229
1738740055,230
1738740058,227
1738740061,227
1738740064,226
1738740067,227
1738740071,229
1738740073,232
1738740076,226
1738740079,231
1738740079,None
1738740086,222
1738740089,226
1738740092,230
1738740092,None
1738740098,220
1738740101,229
1738740104,222
1738740107,226
1738740107,None
1738740113,230
1738740116,223
1738740120,227
1738740123,226
1738740125,224
1738740128,229
1738740132,221
1738740134,225
1738740138,227
1738740141,226
1738740144,225
1738740147,228
1738740150,227
1738740150,None
1738740150,None
1738740159,218
1738740162,175
1738740165,405
1738740169,420
1738740171,418
1738740174,419
1738740177,176
1738740180,139
1738740184,123
1738740186,133
1738740189,138
1738740193,129
1738740196,138
1738740196,None
1738740202,127
1738740205,136
1738740208,138
1738740211,131
1738740214,139
1738740217,130
1738740220,137
1738740223,130
1738740226,129
1738740229,129
1738740233,133
1738740236,127
1738740239,134
1738740242,132
1738740244,130
1738740247,134
1738740251,124
1738740254,131
1738740256,129
1738740260,129
1738740263,130
1738740266,131
1738740269,135
1738740272,131
1738740272,None
1738740278,133
1738740281,133
1738740284,135
1738740287,133
1738740290,137
1738740293,136
1738740296,129
1738740299,136
1738740299,None
1738740305,138
1738740308,132
1738740312,124
1738740315,137
1738740318,130
1738740320,135
1738740324,124
1738740327,128
1738740330,129
1738740332,128
1738740336,128
1738740339,119
1738740342,127
1738740345,129
1738740348,130
1738740351,123
1738740351,None
1738740357,125
1738740360,126
1738740363,128
1738740366,137
1738740369,131
1738740369,None
1738740375,125
1738740378,127
1738740381,133
1738740384,134
1738740388,135
1738740391,121
1738740393,130
1738740396,135
1738740400,132
1738740402,126
1738740405,130
1738740409,128
1738740412,126
1738740415,130
1738740418,135
1738740421,125
1738740424,124
1738740427,313
1738740430,392
1738740434,389
1738740436,388
1738740439,261
1738740443,130
1738740445,131
1738740448,138
1738740451,125
1738740454,128
1738740457,132
1738740460,134
1738740464,125
1738740467,132
1738740470,134
1738740473,122
1738740476,133
1738740479,127
1738740482,131
1738740485,133
1738740488,130
1738740491,130
1738740494,127
1738740497,129
1738740500,136
1738740503,124
1738740506,122
1738740509,137
1738740512,128
1738740516,126
1738740519,128
1738740522,123
1738740525,132
1738740528,135
1738740531,140
1738740534,139
1738740537,129
1738740537,None
1738740543,136
1738740546,138
1738740550,134
1738740552,134
1738740555,134
1738740558,126
1738740561,134
1738740564,122
1738740564,None
1738740570,128
1738740573,123
1738740577,131
1738740579,344
1738740582,389
1738740586,393
1738740588,354
1738740591,124
1738740595,128
1738740598,123
1738740601,130
1738740604,122
1738740607,122
1738740610,125
1738740613,123
1738740616,122
1738740619,131
1738740622,124
1738740625,128
1738740629,123
1738740632,116
1738740634,126
1738740637,124
1738740641,119
1738740643,120
1738740647,123
1738740649,122
1738740652,122
1738740655,120
1738740659,113
1738740662,116
1738740665,130
1738740668,125
1738740671,125
1738740674,119
1738740674,None
1738740680,135
1738740683,126
1738740686,121
1738740689,117
1738740692,110
1738740695,126
1738740698,130
1738740701,119
1738740704,127
1738740707,115
1738740710,121
1738740713,128
1738740716,119
1738740720,115
1738740723,124
1738740725,119
1738740729,119
1738740732,123
1738740735,118
1738740738,125
1738740741,129
1738740744,117
1738740747,129
1738740750,116
1738740753,128
1738740756,119
1738740759,122
1738740762,126
1738740766,119
1738740768,129
1738740771,123
1738740774,122
1738740778,119
1738740780,115
1738740784,125
1738740787,122
1738740790,131
1738740790,None
1738740796,216
1738740799,236
1738740802,238
1738740805,224
1738740808,229
1738740811,212
1738740814,219
1738740817,213
1738740821,212
1738740823,215
1738740826,214
1738740829,206
1738740832,206
1738740835,205
1738740839,194
1738740841,204
1738740845,192
1738740848,251
1738740850,450
1738740854,460
1738740856,451
1738740860,422
1738740863,194
1738740866,194
1738740869,185
1738740872,190
1738740875,182
1738740878,191
1738740881,187
1738740884,182
1738740887,188
1738740890,186
1738740893,182
1738740896,187
1738740900,192
1738740903,182
1738740906,193
1738740909,188
1738740912,193
1738740914,190
1738740918,188
1738740921,184
1738740921,None
1738740927,183
1738740930,190
1738740933,183
1738740933,None
1738740939,196
1738740943,186
1738740945,194
1738740949,438
1738740951,451
1738740955,447
1738740958,410
1738740961,188
1738740963,193
1738740963,None
1738740970,191
1738740970,None
1738740976,192
1738740979,181
1738740982,192
1738740985,183
1738740988,188
1738740991,185
1738740994,183
1738740997,187
1738741000,177
1738741003,190
1738741007,180
1738741009,186
1738741009,None
1738741015,184
1738741015,None
1738741021,182
1738741024,195
1738741028,181
1738741030,185
1738741034,184
1738741037,180
1738741040,189
1738741042,184
1738741046,187
1738741049,177
1738741052,185
1738741055,186
1738741058,173
1738741061,182
1738741064,184
1738741067,182
1738741070,180
1738741073,180
1738741077,185
1738741079,187
1738741082,182
1738741086,182
1738741089,188
1738741092,188
1738741094,185
1738741098,177
1738741101,188
1738741104,192
1738741107,181
1738741110,190
1738741113,182
1738741116,174
1738741119,179
1738741123,196
1738741125,195
1738741128,181
1738741131,180
1738741134,181
1738741138,181
1738741140,183
1738741144,182
1738741147,195
1738741150,189
1738741153,178
1738741156,186
1738741156,None
1738741162,182
1738741165,185
1738741168,183
1738741171,179
1738741174,185
1738741177,175
1738741180,178
1738741183,183
1738741186,181
1738741189,184
1738741192,184
1738741196,179
1738741198,183
1738741201,188
1738741204,182
1738741207,191
1738741210,183
1738741214,181
1738741217,188
1738741220,191
1738741223,182
1738741223,None
1738741229,177
1738741232,179
1738741235,177
1738741238,274
1738741241,438
1738741244,439
1738741247,435
1738741250,257
1738741253,178
1738741256,176
1738741259,186
1738741262,186
1738741265,186
1738741268,181
1738741271,183
1738741275,184
1738741278,176
1738741278,None
1738741284,190
1738741287,178
1738741290,186
1738741293,187
1738741296,184
1738741299,181
1738741299,None
1738741305,181
1738741308,183
1738741308,None
1738741314,194
1738741317,182
1738741320,176
1738741324,187
1738741324,None
1738741329,188
1738741332,180
1738741335,380
1738741338,441
1738741341,449
1738741344,363
1738741348,174
1738741351,185
1738741354,188
1738741357,181
1738741360,178
1738741363,176
1738741366,183
1738741369,185
1738741372,180
1738741375,178
1738741378,189
1738741381,185
1738741385,178
1738741388,189
1738741390,185
1738741393,192
1738741396,187
1738741400,186
1738741402,179
1738741406,185
1738741409,183
1738741412,184
1738741415,183
1738741419,181
1738741421,181
1738741424,182
1738741427,176
1738741430,181
1738741433,174
1738741436,178
1738741439,180
1738741443,174
1738741445,181
1738741449,173
1738741451,178
1738741455,182
1738741458,179
1738741461,184
1738741464,172
1738741467,185
1738741470,184
1738741473,179
1738741476,183
1738741479,179
1738741482,181
1738741485,177
1738741488,178
1738741491,185
1738741494,168
1738741497,178
1738741500,179
1738741503,174
1738741507,181
1738741510,177
1738741513,183
1738741516,177
1738741518,183
1738741522,181
1738741525,182
1738741528,191
1738741531,184
1738741534,179
1738741537,185
1738741540,180
1738741543,181
1738741546,180
1738741549,183
1738741552,181
1738741555,179
1738741558,185
1738741561,179
1738741561,None
1738741568,182
1738741570,181
1738741573,175
1738741576,179
1738741580,186
1738741583,178
1738741586,169
1738741589,187
1738741592,181
1738741594,344
1738741598,426
1738741601,423
1738741601,None
1738741607,220
1738741610,170
1738741613,165
1738741616,180
1738741619,180
1738741623,176
1738741625,177
1738741628,176
1738741628,None
1738741634,173
1738741637,168
1738741641,188
1738741643,178
1738741646,176
1738741650,177
1738741653,176
1738741656,179
1738741659,181
1738741662,178
1738741665,166
1738741668,175
1738741671,184
1738741674,178
1738741677,176
1738741680,179
1738741683,167
1738741686,187
1738741689,220
1738741692,215
1738741695,213
1738741698,213
1738741702,218
1738741702,None
1738741707,327
1738741710,480
1738741714,479
1738741716,476
1738741720,311
1738741723,219
1738741726,219
1738741729,225
1738741732,219
1738741735,227
1738741738,220
1738741741,223
1738741744,223
1738741747,220
1738741750,226
1738741753,215
1738741756,229
1738741759,222
1738741762,224
1738741765,222
1738741768,228
1738741771,253
1738741775,252
1738741778,246
1738741780,254
1738741784,247
1738741787,254
1738741790,254
1738741793,251
1738741796,256
1738741799,251
1738741802,246
1738741805,244
1738741808,246
1738741811,251
1738741814,245
1738741817,247
1738741820,247
1738741824,242
1738741826,248
1738741830,248
1738741832,243
1738741836,246
1738741839,252
1738741842,243
1738741845,251
1738741848,248
1738741851,245
1738741854,254
1738741857,244
1738741860,245
1738741863,247
1738741866,250
1738741869,243
1738741872,248
1738741875,241
1738741879,250
1738741882,245
1738741885,246
1738741888,246
1738741891,254
1738741891,None
1738741897,284
1738741899,287
1738741902,294
1738741906,290
1738741909,291
1738741912,291
1738741915,290
1738741918,294
1738741921,291
1738741924,293
1738741927,292
1738741930,288
1738741934,289
1738741936,276
1738741939,282
1738741943,281
1738741945,266
1738741949,267
1738741952,266
1738741954,259
1738741958,260
1738741961,249
1738741964,254
1738741967,249
1738741970,239
1738741973,244
1738741976,239
1738741979,234
1738741982,240
1738741985,240
1738741988,242
1738741988,None
1738741994,245
1738741997,238
1738742000,235
1738742003,289
1738742003,None
1738742010,493
1738742012,490
1738742016,423
1738742019,241
1738742022,233
1738742025,239
1738742028,240
1738742031,236
1738742034,242
1738742037,239
1738742040,243
1738742043,238
1738742046,247
1738742049,239
1738742053,242
1738742055,243
1738742059,243
1738742061,244
1738742064,253
1738742064,None
1738742071,254
1738742074,240
1738742077,253
1738742080,247
1738742080,None
1738742086,252
1738742089,251
1738742092,245
1738742092,None
1738742098,252
1738742101,243
1738742104,516
1738742107,506
1738742110,506
1738742113,459
1738742116,253
1738742119,255
1738742123,254
1738742125,252
1738742128,248
1738742132,253
1738742135,254
1738742138,248
1738742141,245
1738742144,257
1738742147,246
1738742150,251
1738742153,244
1738742156,246
1738742159,253
1738742163,225
1738742165,211
1738742168,223
1738742171,231
1738742174,226
1738742177,225
1738742177,None
1738742184,217
1738742187,225
1738742189,228
1738742192,223
1738742195,214
1738742198,229
1738742202,224
1738742204,219
1738742208,227
1738742211,225
1738742211,None
1738742217,219
1738742220,226
1738742223,218
1738742226,219
1738742229,213
1738742232,212
1738742236,214
1738742238,213
1738742242,214
1738742244,215
1738742247,216
1738742250,217
1738742253,206
1738742257,209
1738742260,219
1738742263,213
1738742266,215
1738742269,212
1738742272,213
1738742275,219
1738742278,273
1738742281,273
1738742284,272
1738742287,269
1738742290,272
1738742293,263
1738742296,273
1738742299,263
1738742302,270
1738742305,263
1738742308,271
1738742311,264
1738742314,268
1738742317,266
1738742321,269
1738742321,None
1738742326,265
1738742329,266
1738742333,266
1738742336,262
1738742339,275
1738742342,265
1738742345,276
1738742348,268
1738742351,271
1738742354,315
1738742357,521
1738742360,515
1738742363,511
1738742366,432
1738742369,264
1738742372,255
1738742375,266
1738742378,265
1738742381,262
1738742384,265
1738742387,262
1738742390,266
1738742394,266
1738742396,268
1738742400,262
1738742403,267
1738742406,268
1738742409,264
1738742412,271
1738742415,267
1738742418,265
1738742421,266
1738742424,265
1738742427,271
1738742431,264
1738742433,271
1738742436,265
1738742436,None
1738742442,265
1738742445,270
1738742449,265
1738742451,267
1738742454,264
1738742457,268
1738742460,265
1738742464,270
1738742467,264
1738742470,273
1738742473,260
1738742473,None
1738742479,263
1738742482,267
1738742485,262
1738742488,260
1738742491,267
1738742494,266
1738742497,257
1738742501,510
1738742503,518
1738742506,512
1738742510,481
1738742512,260
1738742516,262
1738742518,263
1738742521,260
1738742524,264
1738742528,266
1738742530,267
1738742533,259
1738742537,268
1738742540,267
1738742543,258
1738742546,270
1738742549,260
1738742552,263
1738742552,None
1738742558,266
1738742561,264
1738742564,267
1738742567,264
1738742570,262
1738742573,259
1738742576,263
1738742579,267
1738742582,264
1738742585,261
1738742588,262
1738742591,261
1738742594,264
1738742597,264
1738742601,260
1738742603,269
1738742607,264
1738742609,270
1738742612,261
1738742616,268
1738742619,262
1738742622,265
1738742625,266
1738742628,271
1738742631,258
1738742634,269
1738742637,269
1738742640,262
1738742643,270
1738742646,267
1738742649,260
1738742652,262
1738742656,259
1738742658,263
1738742662,263
1738742664,267
1738742668,255
1738742671,257
1738742674,268
1738742677,268
1738742680,261
1738742683,263
1738742686,271
1738742689,268
1738742692,261
1738742695,270
1738742698,272
1738742701,259
1738742701,None
1738742707,264
1738742710,262
1738742713,270
1738742717,264
1738742719,262
1738742722,263
1738742722,None
1738742729,452
1738742729,None
1738742734,504
1738742738,517
1738742741,512
1738742744,431
1738742747,258
1738742750,269
1738742752,263
1738742756,269
1738742756,None
1738742762,260
1738742762,None
1738742768,264
1738742768,None
1738742774,260
1738742777,271
1738742780,266
1738742783,263
1738742786,268
1738742786,None
1738742792,261
1738742796,267
1738742798,268
1738742802,263
1738742802,None
1738742802,None
1738742811,262
1738742814,258
1738742817,270
1738742820,265
1738742823,261
1738742826,264
1738742829,266
1738742832,258
1738742835,271
1738742838,260
1738742841,261
1738742844,265
1738742848,259
1738742850,261
1738742854,264
1738742856,266
1738742859,256
1738742863,317
1738742865,524
1738742869,511
1738742872,508
1738742875,522
1738742878,284
1738742881,264
1738742884,263
1738742887,262
1738742890,261
1738742893,261
1738742896,259
1738742900,270
1738742902,263
1738742905,257
1738742909,263
1738742911,259
1738742914,266
1738742918,261
1738742921,265
1738742924,263
1738742927,257
1738742930,256
1738742933,270
1738742936,262
1738742939,260
1738742942,267
1738742945,264
1738742948,272
1738742951,263
1738742954,265
1738742957,256
1738742960,267
1738742963,260
1738742966,265
1738742969,264
1738742972,260
1738742975,264
1738742979,265
1738742982,262
1738742985,266
1738742988,255
1738742991,267
1738742994,258
1738742997,265
1738743000,263
1738743003,262
1738743006,262
1738743009,260
1738743012,261
1738743015,264
1738743018,258
1738743021,268
1738743024,262
1738743027,254
1738743030,267
1738743033,264
1738743037,260
1738743040,260
1738743042,260
1738743046,266
1738743049,263
1738743052,266
1738743055,262
1738743058,253
1738743061,261
1738743065,264
1738743067,262
1738743070,267
1738743073,258
1738743076,260
1738743079,267
1738743082,256
1738743086,266
1738743089,265
1738743091,261
1738743094,262
1738743098,267
1738743100,264
1738743103,268
1738743107,260
1738743110,264
1738743113,270
1738743116,264
1738743119,257
1738743119,None
1738743125,260
1738743128,264
1738743131,266
1738743134,259
1738743137,264
1738743140,267
1738743143,260
1738743146,267
1738743149,266
1738743152,304
1738743155,299
1738743159,296
1738743161,303
1738743164,301
1738743167,308
1738743171,301
1738743174,298
1738743177,307
1738743180,300
1738743183,299
1738743186,302
1738743189,301
1738743192,296
1738743195,300
1738743198,296
1738743201,291
1738743204,283
1738743207,286
1738743210,278
1738743213,271
1738743217,271
1738743219,267
1738743219,None
1738743225,267
1738743229,260
1738743231,265
1738743234,256
1738743238,405
1738743241,493
1738743243,488
1738743247,499
1738743250,496
1738743253,342
1738743256,245
1738743259,249
1738743262,252
1738743265,251
1738743268,244
1738743271,246
1738743274,254
1738743278,251
1738743280,249
1738743283,250
1738743286,257
1738743290,434
1738743293,503
1738743295,493
1738743299,509
1738743302,276
1738743305,262
1738743308,257
1738743311,263
1738743314,259
1738743317,267
1738743320,259
1738743323,264
1738743326,270
1738743326,None
1738743332,257
1738743335,272
1738743338,277
1738743341,269
1738743344,265
1738743344,None
1738743351,274
1738743353,275
1738743356,263
1738743359,274
1738743362,269
1738743362,None
1738743368,274
1738743371,266
1738743375,267
1738743378,269
1738743381,271
1738743383,264
1738743387,272
1738743390,271
1738743393,261
1738743396,276
1738743399,268
1738743402,263
1738743405,268
1738743408,263
1738743411,260
1738743414,257
1738743417,265
1738743420,262
1738743423,258
1738743426,266
1738743429,260
1738743432,261
1738743432,None
1738743439,261
1738743441,259
1738743445,264
1738743448,259
1738743450,264
1738743454,262
1738743457,255
1738743457,None
1738743463,260
1738743466,264
1738743469,261
1738743472,263
1738743475,264
1738743478,266
1738743481,261
1738743484,265
1738743487,261
1738743490,264
1738743493,263
1738743496,264
1738743499,264
1738743502,258
1738743505,270
1738743509,260
1738743511,259
1738743514,264
1738743518,261
1738743521,269
1738743521,None
1738743527,259
1738743530,269
1738743533,260
1738743536,253
1738743539,269
1738743542,261
1738743545,260
1738743548,262
1738743551,266
1738743554,266
1738743557,264
1738743560,263
1738743563,258
1738743567,269
1738743569,266
1738743572,261
1738743575,262
1738743579,262
1738743582,260
1738743584,258
1738743587,265
1738743591,263
1738743594,256
1738743597,267
1738743601,259
1738743603,272
1738743606,264
1738743609,268
1738743612,266
1738743615,262
1738743618,130
1738743621,110
1738743624,118
1738743627,112
1738743630,108
1738743633,119
1738743636,110
1738743639,115
1738743642,112
1738743645,112
1738743645,None
1738743652,118
1738743655,112
1738743658,103
1738743661,117
1738743664,119
1738743667,112
1738743667,None
1738743673,148
1738743676,364
1738743679,361
1738743683,348
1738743683,None
1738743689,125
1738743691,113
1738743694,113
1738743698,118
1738743700,195
1738743700,None
1738743707,371
1738743710,363
1738743713,347
1738743716,112
1738743719,113
1738743722,113
1738743725,114
1738743728,108
1738743731,118
1738743734,109
1738743737,111
1738743741,108
1738743743,110
1738743746,115
1738743749,119
1738743749,None
1738743755,107
1738743758,105
1738743762,110
1738743765,119
1738743768,110
1738743771,117
1738743774,111
1738743777,106
1738743780,120
1738743783,112
1738743786,110
1738743789,115
1738743792,111
1738743795,118
1738743798,109
1738743802,118
1738743804,117
1738743807,109
1738743811,126
1738743814,112
1738743817,113
1738743820,115
1738743823,114
1738743826,115
1738743829,105
1738743832,123
1738743836,112
1738743838,111
1738743841,112
1738743845,113
1738743847,108
1738743851,114
1738743854,107
1738743857,117
1738743859,114
1738743862,105
1738743865,116
1738743868,115
1738743868,None
1738743874,113
1738743878,116
1738743878,None
1738743884,117
1738743887,115
1738743890,105
1738743893,117
1738743896,114
1738743899,115
1738743902,110
1738743905,112
1738743908,119
1738743911,119
1738743911,None
1738743918,119
1738743921,131
1738743924,183
1738743926,257
1738743926,None
1738743933,311
1738743933,None
1738743939,272
1738743939,None
1738743945,235
1738743948,254
1738743951,243
1738743951,None
1738743957,240
1738743960,239
1738743963,247
1738743963,None
1738743969,232
1738743972,239
1738743975,239
1738743978,235
1738743981,238
1738743984,238
1738743987,230
1738743987,None
1738743993,240
1738743997,243
1738744000,240
1738744003,235
1738744006,241
1738744009,240
1738744012,241
1738744015,253
1738744018,251
1738744021,487
1738744024,495
1738744027,496
1738744030,496
1738744033,268
1738744036,250
1738744039,239
1738744043,243
1738744046,249
1738744046,None
1738744046,None
1738744054,254
1738744058,244
1738744061,246
1738744064,238
1738744064,None
1738744070,249
1738744073,236
1738744076,245
1738744079,240
1738744082,235
1738744085,241
1738744089,244
1738744092,246
1738744095,240
1738744095,None
1738744100,243
1738744104,247
1738744107,240
1738744110,234
1738744113,246
1738744116,376
1738744119,496
1738744122,501
1738744125,488
1738744128,251
1738744131,249
1738744134,240
1738744137,240
1738744140,249
1738744143,246
1738744146,244
1738744149,247
1738744152,245
1738744152,None
1738744159,243
1738744162,250
1738744164,239
1738744167,252
1738744170,244
1738744174,242
1738744177,250
1738744180,247
1738744183,240
1738744185,246
1738744189,247
1738744192,234
1738744195,247
1738744198,240
1738744201,240
1738744204,249
1738744207,247
1738744210,247
1738744213,247
1738744216,249
1738744219,244
1738744223,243
1738744226,254
1738744228,245
1738744232,243
1738744235,244
1738744235,None
1738744240,250
1738744240,None
1738744240,None
1738744250,244
1738744253,236
1738744256,248
1738744259,248
1738744262,246
1738744265,244
1738744268,241
1738744271,246
1738744274,251
1738744277,240
1738744281,240
1738744283,250
1738744283,None
1738744289,241
1738744293,248
1738744295,240
1738744298,240
1738744302,242
1738744305,237
1738744308,239
1738744311,233
1738744314,230
1738744317,234
1738744320,241
1738744323,226
1738744326,227
1738744329,233
1738744332,235
1738744335,240
1738744338,244
1738744338,None
1738744344,235
1738744347,232
1738744351,233
1738744353,238
1738744356,242
1738744359,235
1738744363,226
1738744366,229
1738744368,238
1738744372,244
1738744375,231
1738744378,234
1738744381,239
1738744384,228
1738744387,237
1738744390,244
1738744393,246
1738744396,240
1738744399,238
1738744402,240
1738744405,237
1738744408,248
1738744411,249
1738744414,255
1738744418,266
1738744420,291
1738744424,281
1738744426,280
1738744429,277
1738744433,281
1738744436,281
1738744439,284
1738744442,465
1738744445,531
1738744448,540
1738744451,537
1738744454,490
1738744458,285
1738744460,275
1738744463,274
1738744466,285
1738744469,285
1738744473,480
1738744475,529
1738744478,530
1738744481,535
1738744484,285
1738744487,282
1738744491,282
1738744494,277
1738744497,271
1738744500,267
1738744503,284
1738744506,280
1738744509,274
1738744512,281
1738744515,277
1738744518,272
1738744521,277
1738744521,None
1738744528,270
1738744530,261
1738744533,268
1738744536,274
1738744539,270
1738744542,272
1738744546,263
1738744548,270
1738744552,276
1738744555,272
1738744558,264
1738744561,280
1738744564,277
1738744567,272
1738744570,279
1738744573,278
1738744576,279
1738744579,280
1738744582,280
1738744586,278
1738744588,268
1738744592,284
1738744594,284
1738744597,270
1738744600,270
1738744603,273
1738744606,269
1738744609,266
1738744612,277
1738744615,270
1738744615,None
1738744622,270
1738744625,272
1738744628,272
1738744631,272
1738744634,276
1738744637,270
1738744640,266
1738744643,270
1738744646,271
1738744649,266
1738744652,277
1738744656,268
1738744658,266
1738744661,273
1738744664,270
1738744667,267
1738744671,271
1738744674,266
1738744676,266
1738744680,274
1738744683,268
1738744686,266
1738744689,265
1738744692,272
1738744695,268
1738744698,264
1738744701,271
1738744704,268
1738744707,269
1738744710,273
1738744713,266
1738744716,270
1738744719,269
1738744719,None
1738744725,272
1738744728,269
1738744731,275
1738744734,265
1738744737,274
1738744740,272
1738744743,273
1738744747,266
1738744747,None
1738744753,271
1738744756,270
1738744759,267
1738744762,269
1738744765,267
1738744768,273
1738744771,267
1738744774,269
1738744777,266
1738744780,268
1738744783,269
1738744786,274
1738744789,268
1738744789,None
1738744795,271
1738744795,None
1738744801,271
1738744805,282
1738744808,273
1738744811,273
1738744814,273
1738744817,274
1738744820,270
1738744823,273
1738744826,276
1738744829,279
1738744832,276
1738744835,277
1738744838,276
1738744838,None
1738744845,290
1738744847,279
1738744850,275
1738744853,282
1738744856,273
1738744856,None
1738744863,524
1738744866,532
1738744868,528
1738744872,314
1738744875,285
1738744878,341
1738744881,501
1738744884,538
1738744887,532
1738744890,464
1738744893,284
1738744893,None
1738744899,280
1738744903,278
1738744905,277
1738744908,278
1738744912,274
1738744914,283
1738744917,272
1738744920,277
1738744923,277
1738744926,273
1738744930,277
1738744933,277
1738744936,270
1738744939,278
1738744942,274
1738744942,None
1738744948,279
1738744951,270
1738744954,270
1738744957,275
1738744960,271
1738744963,283
1738744966,272
1738744969,275
1738744972,282
1738744975,278
1738744979,275
1738744981,271
1738744984,284
1738744987,287
1738744987,None
1738744994,291
1738744997,277
1738745000,285
1738745002,294
1738745006,285
1738745009,280
1738745012,274
1738745015,285
1738745018,290
1738745021,278
1738745024,284
1738745027,279
1738745030,272
1738745033,283
1738745036,280
1738745039,277
1738745039,None
1738745045,285
1738745048,277
1738745051,282
1738745055,284
1738745057,285
1738745060,286
1738745063,271
1738745066,282
1738745069,284
1738745073,276
1738745073,None
1738745079,280
1738745082,278
1738745084,277
1738745088,280
1738745091,271
1738745094,280
1738745097,285
1738745100,272
1738745103,287
1738745106,280
1738745109,280
1738745112,277
1738745115,276
1738745118,284
1738745121,283
1738745124,304
1738745127,277
1738745130,288
1738745130,None
1738745136,269
1738745140,265
1738745142,275
1738745145,272
1738745148,278
1738745151,270
1738745154,277
1738745158,282
1738745161,267
1738745164,266
1738745167,276
1738745170,273
1738745173,274
1738745176,265
1738745179,272
1738745182,273
1738745185,269
1738745185,None
1738745191,270
1738745194,262
1738745197,267
1738745200,281
1738745203,272
1738745206,271
1738745210,271
1738745212,271
1738745215,272
1738745219,271
1738745221,276
1738745224,270
1738745228,266
1738745230,274
1738745230,None
1738745237,411
1738745240,515
1738745243,517
1738745246,517
1738745249,524
1738745252,307
1738745255,276
1738745258,287
1738745261,287
1738745264,284
1738745267,280
1738745270,284
1738745274,283
1738745276,284
1738745279,289
1738745283,283
1738745285,290
1738745288,286
1738745291,296
1738745295,533
1738745298,529
1738745298,None
1738745304,435
1738745307,280
1738745310,276
1738745313,280
1738745316,276
1738745319,275
1738745322,273
1738745325,283
1738745328,278
1738745328,None
1738745328,None
1738745338,282
1738745338,None
1738745344,280
1738745346,278
1738745350,274
1738745352,281
1738745356,276
1738745359,276
1738745362,282
1738745365,273
1738745367,270
1738745371,279
1738745373,282
1738745377,273
1738745380,275
1738745383,274
1738745386,271
1738745389,277
1738745392,278
1738745395,281
1738745398,277
1738745401,274
1738745404,272
1738745407,274
1738745410,276
1738745413,283
1738745417,274
1738745419,284
1738745422,270
1738745426,270
1738745428,271
1738745432,288
1738745434,279
1738745437,273
1738745441,273
1738745443,273
1738745447,276
1738745450,278
1738745453,276
1738745456,269
1738745459,276
1738745462,276
1738745465,275
1738745468,269
1738745471,272
1738745474,275
1738745474,None
1738745480,271
1738745484,279
1738745486,277
1738745489,267
1738745493,265
1738745496,285
1738745499,279
1738745501,273
1738745505,264
1738745508,274
1738745511,270
1738745514,273
1738745517,277
1738745520,280
1738745523,275
1738745526,267
1738745529,266
1738745532,274
1738745535,272
1738745538,268
1738745541,274
1738745544,264
1738745547,269
1738745550,278
1738745553,285
1738745557,276
1738745560,270
1738745562,269
1738745565,274
1738745568,267
1738745572,272
1738745575,275
1738745578,276
1738745581,276
1738745584,271
1738745587,267
1738745590,275
1738745593,276
1738745596,277
1738745599,280
1738745602,274
1738745605,273
1738745609,276
1738745612,272
1738745614,263
1738745618,275
1738745623,272
1738745625,276
1738745627,271
1738745630,264
1738745630,None
1738745636,275
1738745636,None
1738745642,521
1738745646,527
1738745648,529
1738745652,395
1738745655,270
1738745658,261
1738745661,277
1738745661,None
1738745667,267
1738745670,271
1738745673,275
1738745676,274
1738745679,260
1738745682,261
1738745685,271
1738745688,506
1738745691,516
1738745694,512
1738745697,511
1738745700,444
1738745703,262
1738745706,266
1738745709,259
1738745713,268
1738745715,272
1738745719,265
1738745721,279
1738745724,275
1738745728,264
1738745731,271
1738745734,272
1738745734,None
1738745740,268
1738745743,269
1738745746,280
1738745746,None
1738745752,275
1738745755,270
1738745758,281
1738745762,275
1738745764,281
1738745768,274
1738745771,281
1738745774,286
1738745776,284
1738745780,270
1738745783,285
1738745786,277
1738745789,272
1738745792,278
1738745795,273
1738745798,276
1738745801,278
1738745804,280
1738745807,271
1738745810,271
1738745814,279
1738745816,273
1738745820,270
1738745823,277
1738745825,274
1738745829,280
1738745832,272
1738745835,285
1738745837,281
1738745841,272
1738745844,284
1738745847,276
1738745850,273
1738745853,262
1738745856,268
1738745859,263
1738745862,264
1738745865,261
1738745868,270
1738745871,262
1738745874,258
1738745877,266
1738745880,266
1738745883,261
1738745887,268
1738745889,264
1738745889,None
1738745896,268
1738745899,265
1738745902,262
1738745905,261
1738745908,271
1738745911,257
1738745914,256
1738745917,250
1738745920,259
1738745923,259
1738745926,256
1738745929,251
1738745932,256
1738745935,256
1738745938,254
1738745941,249
1738745944,260
1738745947,260
1738745951,258
1738745953,253
1738745956,257
1738745959,268
1738745963,263
1738745965,260
1738745969,266
1738745972,266
1738745975,260
1738745978,265
1738745981,267
1738745984,266
1738745987,266
1738745990,277
1738745993,270
1738745996,269
1738746000,275
1738746003,273
1738746005,272
1738746008,275
1738746012,275
1738746014,277
1738746018,281
1738746021,286
1738746024,279
1738746027,273
1738746030,288
1738746033,286
1738746036,275
1738746039,281
1738746039,None
1738746039,None
1738746048,337
1738746051,536
1738746054,526
1738746057,538
1738746061,386
1738746063,274
1738746066,286
1738746070,282
1738746072,275
1738746076,281
1738746078,274
1738746081,275
1738746085,273
1738746087,283
1738746091,267
1738746094,272
1738746094,None
1738746100,273
1738746103,267
1738746106,265
1738746109,262
1738746112,507
1738746115,516
1738746118,504
1738746121,266
1738746124,260
1738746127,264
1738746130,263
1738746134,258
1738746136,261
1738746140,271
1738746143,266
1738746146,269
1738746149,276
1738746152,265
1738746155,270
1738746158,274
1738746161,274
1738746164,269
1738746167,272
1738746170,272
1738746173,269
1738746176,275
1738746179,270
1738746183,276
1738746186,271
1738746189,272
1738746191,272
1738746194,271
1738746198,272
1738746200,274
1738746204,271
1738746207,276
1738746210,270
1738746213,281
1738746216,269
1738746219,277
1738746221,270
1738746225,273
1738746228,275
1738746232,272
1738746234,277
1738746237,264
1738746240,278
1738746244,270
1738746244,None
1738746250,269
1738746252,276
1738746256,271
1738746259,273
1738746262,276
1738746265,273
1738746268,275
1738746271,276
1738746274,264
1738746277,274
1738746280,261
1738746283,264
1738746286,275
1738746289,271
1738746292,267
1738746292,None
1738746299,262
1738746301,262
1738746304,271
1738746304,None
1738746311,273
1738746314,262
1738746317,266
1738746320,265
1738746322,262
1738746326,265
1738746329,264
1738746332,261
1738746335,267
1738746338,261
1738746341,262
1738746344,266
1738746347,260
1738746350,268
1738746353,263
1738746356,268
1738746356,None
1738746362,265
1738746365,264
1738746368,263
1738746371,263
1738746375,265
1738746377,262
1738746381,270
1738746384,263
1738746387,262
1738746390,265
1738746393,368
1738746396,507
1738746399,520
1738746399,None
1738746405,269
1738746405,None
1738746411,267
1738746415,266
1738746417,263
1738746420,265
1738746424,265
1738746427,267
1738746429,263
1738746433,262
1738746436,326
1738746438,521
1738746442,521
1738746442,None
1738746448,384
1738746451,266
1738746454,264
1738746457,263
1738746460,256
1738746463,258
1738746466,260
1738746469,256
1738746472,264
1738746475,241
1738746478,251
1738746481,248
1738746485,252
1738746485,None
1738746491,257
1738746494,254
1738746497,260
1738746500,256
1738746503,254
1738746506,255
1738746509,251
1738746512,260
1738746515,254
1738746518,258
1738746521,255
1738746524,255
1738746527,261
1738746530,253
1738746533,255
1738746536,253
1738746539,261
1738746542,250
1738746545,257
1738746549,255
1738746551,254
1738746555,257
1738746558,259
1738746560,244
1738746564,262
1738746567,254
1738746570,257
1738746573,259
1738746576,258
1738746579,249
1738746582,258
1738746585,261
1738746588,253
1738746591,254
1738746591,None
1738746597,251
1738746600,246
1738746604,245
1738746606,247
1738746610,245
1738746612,248
1738746615,245
1738746615,None
1738746622,247
1738746625,241
1738746628,249
1738746631,250
1738746634,244
1738746637,249
1738746640,251
1738746643,246
1738746643,None
1738746649,249
1738746652,244
1738746655,246
1738746658,252
1738746661,249
1738746665,242
1738746667,247
1738746670,252
1738746673,247
1738746677,247
1738746680,251
1738746682,245
1738746686,244
1738746689,253
1738746692,247
1738746696,244
1738746698,260
1738746701,270
1738746704,498
1738746707,507
1738746710,503
1738746714,506
1738746716,452
1738746719,250
1738746722,256
1738746725,256
1738746725,None
1738746732,258
1738746735,247
1738746738,261
1738746741,254
1738746744,257
1738746747,258
1738746750,255
1738746753,254
1738746756,257
1738746759,253
1738746762,260
1738746765,252
1738746768,255
1738746771,255
1738746774,252
1738746777,249
1738746780,250
1738746783,256
1738746786,257
1738746789,252
1738746792,255
1738746795,243
1738746798,261
1738746798,None
1738746804,256
1738746807,255
1738746810,251
1738746814,257
1738746814,None
1738746819,252
1738746823,253
1738746826,362
1738746829,509
1738746832,515
1738746835,497
1738746838,454
1738746841,255
1738746844,244
1738746847,246
1738746850,247
1738746853,251
1738746856,240
1738746859,241
1738746862,249
1738746866,245
1738746868,243
1738746872,246
1738746874,248
1738746878,242
1738746878,None
1738746884,250
1738746887,248
1738746890,251
1738746893,246
1738746896,250
1738746896,None
1738746902,246
1738746905,246
1738746908,249
1738746911,249
1738746914,241
1738746917,253
1738746920,241
1738746923,250
1738746926,237
1738746929,247
1738746932,246
1738746935,245
1738746938,249
1738746941,243
1738746944,254
1738746947,245
1738746950,250
1738746953,248
1738746956,242
1738746960,249
1738746963,240
1738746966,247
1738746969,247
1738746972,245
1738746975,245
1738746978,252
1738746978,None
1738746984,249
1738746984,None
1738746990,263
1738746993,267
1738746996,267
1738746999,271
1738747002,269
1738747005,270
1738747008,261
1738747011,269
1738747014,267
1738747017,266
1738747021,263
1738747023,265
1738747023,None
1738747030,270
1738747032,276
1738747035,272
1738747039,281
1738747041,275
1738747045,271
1738747048,278
1738747051,272
1738747054,273
1738747057,274
1738747060,275
1738747063,275
1738747066,271
1738747069,265
1738747072,276
1738747075,265
1738747078,277
1738747082,272
1738747085,279
1738747088,277
1738747090,275
1738747090,None
1738747090,None
1738747100,276
1738747103,270
1738747105,272
1738747109,273
1738747112,271
1738747115,271
1738747118,271
1738747121,271
1738747124,273
1738747127,278
1738747130,269
1738747133,278
1738747136,272
1738747139,277
1738747142,276
1738747146,274
1738747149,409
1738747151,526
1738747155,528
1738747157,516
1738747161,530
1738747164,309
1738747167,268
1738747170,282
1738747173,273
1738747176,274
1738747179,275
1738747182,271
1738747185,270
1738747188,274
1738747191,281
1738747195,266
1738747198,280
1738747201,277
1738747204,270
1738747207,284
1738747210,279
1738747210,None
1738747216,275
1738747219,222
1738747222,192
1738747225,183
1738747228,192
1738747228,None
1738747234,192
1738747237,199
1738747240,205
1738747243,296
1738747246,444
1738747249,452
1738747252,446
1738747255,317
1738747259,199
1738747261,198
1738747265,187
1738747268,195
1738747271,202
1738747274,193
1738747277,192
1738747277,None
1738747283,190
1738747286,190
1738747289,186
1738747292,193
1738747295,185
1738747295,None
1738747301,195
1738747304,199
1738747307,188
1738747310,182
1738747313,185
1738747317,190
1738747319,191
1738747322,188
1738747326,191
1738747329,179
1738747332,185
1738747332,None
1738747338,187
1738747341,189
1738747343,184
1738747347,185
1738747350,188
1738747353,186
1738747356,187
1738747359,181
1738747362,188
1738747365,188
1738747365,None
1738747371,192
1738747374,193
1738747377,184
1738747381,188
1738747384,184
1738747387,185
1738747389,181
1738747393,187
1738747396,190
1738747399,189
1738747402,179
1738747405,193
1738747408,189
1738747411,186
1738747414,185
1738747417,190
1738747420,188
1738747423,185
1738747426,188
1738747429,187
1738747433,182
1738747435,190
1738747438,185
1738747441,186
1738747444,187
1738747444,None
1738747444,None
1738747454,188
1738747456,188
1738747460,183
1738747463,196
1738747466,196
1738747466,None
1738747472,206
1738747475,201
1738747477,232
1738747481,239
1738747484,245
1738747487,245
1738747490,244
1738747493,240
1738747497,237
1738747499,245
1738747502,240
1738747505,239
1738747508,235
1738747511,231
1738747515,223
1738747517,218
1738747521,207
1738747524,208
1738747527,189
1738747529,179
1738747533,187
1738747536,185
1738747539,181
1738747542,194
1738747545,190
1738747548,182
1738747551,182
1738747555,180
1738747557,175
1738747560,185
1738747563,186
1738747566,402
1738747569,435
1738747573,443
1738747573,None
1738747579,342
1738747582,438
1738747582,None
1738747588,571
1738747591,543
1738747594,518
1738747597,498
1738747600,496
1738747603,512
1738747606,550
1738747609,769
1738747612,764
1738747615,755
1738747618,763
1738747621,778
1738747624,588
1738747627,322
1738747630,240
1738747633,218
1738747636,206
1738747639,201
1738747643,206
1738747645,205
1738747648,203
1738747652,197
1738747655,201
1738747658,197
1738747661,195
1738747664,290
1738747667,351
1738747670,350
1738747673,450
1738747676,512
1738747679,510
1738747682,497
1738747685,416
1738747688,362
1738747691,363
1738747694,360
1738747697,342
1738747700,241
1738747703,237
1738747707,240
1738747710,236
1738747713,235
1738747715,319
1738747719,394
1738747719,None
1738747724,377
1738747728,504
1738747731,506
1738747734,493
1738747734,None
1738747740,467
1738747743,357
1738747746,358
1738747749,366
1738747752,364
1738747755,361
1738747758,257
1738747761,238
1738747764,236
1738747767,244
1738747770,235
1738747773,240
1738747777,379
1738747779,390
1738747783,394
1738747786,384
1738747789,392
1738747791,519
1738747795,514
1738747798,509
1738747801,443
1738747804,371
1738747807,1006
1738747810,1363
1738747813,1303
1738747813,None
1738747819,1237
1738747822,1234
1738747825,1239
1738747828,1234
1738747831,1357
1738747834,1369
1738747837,1367
1738747837,None
1738747843,1352
1738747846,1344
1738747850,1342
1738747853,1342
1738747853,None
1738747853,None
1738747861,382
1738747864,513
1738747868,393
1738747871,384
1738747871,None
1738747877,382
1738747880,789
1738747883,896
1738747886,813
1738747889,940
1738747892,1125
1738747895,763
1738747898,799
1738747901,1062
1738747904,1173
1738747907,759
1738747910,856
1738747914,885
1738747916,885
1738747920,846
1738747922,780
1738747926,839
1738747929,872
1738747932,853
1738747935,855
1738747938,755
1738747941,1072
1738747944,1138
1738747947,1131
1738747950,1151
1738747953,1053
1738747956,970
1738747959,1174
1738747962,1123
1738747965,1007
1738747969,1008
1738747971,759
1738747974,764
1738747978,789
1738747980,827
1738747984,800
1738747987,872
1738747987,None
1738747993,1025
1738747996,899
1738747999,822
1738748002,593
1738748005,894
1738748008,574
1738748011,376
1738748014,376
1738748017,722
1738748020,835
1738748023,837
1738748026,907
1738748029,676
1738748032,627
1738748036,619
1738748038,592
1738748042,609
1738748044,374
1738748047,406
1738748051,411
1738748054,404
1738748057,394
1738748060,396
1738748063,400
1738748066,399
1738748069,392
1738748072,387
1738748075,366
1738748078,369
1738748081,372
1738748084,365
1738748087,362
1738748090,263
1738748094,243
1738748096,239
1738748099,233
1738748102,235
1738748102,None
1738748109,390
1738748111,386
1738748115,544
1738748118,1036
1738748121,1046
1738748124,956
1738748127,943
1738748130,1050
1738748133,1041
1738748136,1024
1738748139,1038
1738748142,952
1738748145,945
1738748149,1070
1738748151,1071
1738748151,None
1738748158,943
1738748161,929
1738748164,867
1738748166,823
1738748170,843
1738748173,881
1738748176,1023
1738748179,1066
1738748182,1020
1738748185,1001
1738748188,945
1738748191,1128
1738748194,934
1738748197,351
1738748200,352
1738748203,351
1738748206,712
1738748209,997
1738748212,1003
1738748215,971
1738748215,None
1738748221,917
1738748225,864
1738748228,856
1738748231,823
1738748234,881
1738748237,868
1738748240,891
1738748243,1010
1738748246,1036
1738748249,1020
1738748252,997
1738748255,1036
1738748255,None
1738748261,1013
1738748264,967
1738748268,909
1738748268,None
1738748268,None
1738748277,983
1738748277,None
1738748283,372
1738748286,247
1738748289,223
1738748292,226
1738748295,221
1738748298,219
1738748301,266
1738748304,756
1738748307,1030
1738748310,376
1738748313,711
1738748317,1327
1738748319,1338
1738748323,1331
1738748325,1345
1738748329,1368
1738748329,None
1738748335,1360
1738748337,1350
1738748341,1357
1738748344,802
1738748347,526
1738748350,512
1738748353,682
1738748356,767
1738748359,634
1738748362,537
1738748365,503
1738748368,470
1738748371,1508
1738748375,1518
1738748377,1514
1738748380,1508
1738748384,1504
1738748386,1507
1738748389,1496
1738748392,1571
1738748395,2233
1738748399,2929
1738748402,2957
1738748404,2833
1738748407,2810
1738748411,2816
1738748413,2814
1738748417,2755
1738748420,2854
1738748423,2907
1738748426,2902
1738748429,2891
1738748432,2887
1738748435,2879
1738748438,2881
1738748441,2525
1738748444,1475
1738748447,1462
1738748450,1473
1738748454,1471
1738748456,1466
1738748460,1445
1738748463,1350
1738748466,1345
1738748468,1348
1738748472,1343
1738748475,1346
1738748477,1427
1738748481,1492
1738748484,1476
1738748487,1478
1738748490,1475
1738748493,1480
1738748496,1478
1738748499,1486
1738748502,1485
1738748502,None
1738748508,1875
1738748511,2045
1738748514,2052
1738748517,2165
1738748520,2029
1738748523,2048
1738748527,2045
1738748529,2018
1738748533,2183
1738748536,2197
1738748539,2349
1738748542,2530
1738748545,2478
1738748548,2465
1738748551,1477
1738748554,1472
1738748557,1476
1738748560,1473
1738748560,None
1738748566,1482
1738748566,None
1738748572,1486
1738748575,1371
1738748579,1353
1738748581,1354
1738748585,1429
1738748588,1460
1738748590,1482
1738748594,1606
1738748597,1594
1738748600,1577
1738748603,1574
1738748606,1571
1738748609,1561
1738748612,1558
1738748615,1558
1738748618,1548
1738748621,1553
1738748624,1550
1738748627,1552
1738748630,1568
1738748633,1706
1738748636,2472
1738748639,2464
1738748642,2406
1738748645,2403
1738748645,None
1738748652,2408
1738748654,2402
1738748657,2530
1738748660,2536
1738748664,2535
1738748666,2544
1738748666,None
1738748672,2535
1738748676,2537
1738748679,2537
1738748682,2531
1738748685,2534
1738748688,2532
1738748691,2536
1738748694,2527
1738748694,None
1738748700,2531
1738748703,2532
1738748706,2424
1738748709,2407
1738748712,2402
1738748716,2400
1738748718,2403
1738748722,2399
1738748722,None
1738748728,2605
1738748731,2796
1738748734,2787
1738748737,2790
1738748740,2729
1738748743,2522
1738748746,2528
1738748746,None
1738748752,2523
1738748755,2527
1738748758,2525
1738748761,2526
1738748761,None
1738748767,2524
1738748770,2518
1738748773,2514
1738748776,2497
1738748779,2397
1738748783,2396
1738748785,2399
1738748789,2573
1738748792,2649
1738748795,2689
1738748798,2791
1738748801,2645
1738748804,2540
1738748807,2539
1738748810,2534
1738748813,2530
1738748816,2544
1738748819,2537
1738748822,2525
1738748825,2513
1738748828,2518
1738748831,2521
1738748834,2511
1738748837,2504
1738748841,2481
1738748843,2396
1738748846,2392
1738748849,2385
1738748853,2386
1738748855,2377
1738748859,2380
1738748861,2462
1738748865,2522
1738748867,2508
1738748871,2504
1738748874,2516
1738748877,2512
1738748880,2511
1738748883,2519
1738748886,2505
1738748889,2506
1738748893,2524
1738748895,2513
1738748898,2509
1738748901,2511
1738748904,2506
1738748907,2510
1738748910,2440
1738748913,2398
1738748916,2391
1738748920,2384
1738748923,2380
1738748926,2394
1738748928,2480
1738748932,2535
1738748935,2525
1738748938,2520
1738748940,2118
1738748944,2117
1738748947,2115
1738748950,2106
1738748953,2115
1738748956,2111
1738748959,2108
1738748962,2111
1738748965,2105
1738748965,None
1738748971,2005
1738748974,1973
1738748977,1973
1738748977,None
1738748984,1976
1738748987,2105
1738748989,2125
1738748993,2148
1738748995,2136
1738748999,2140
1738749002,2130
1738749005,2140
1738749008,2127
1738749011,2133
1738749014,2136
1738749017,2133
1738749020,2119
1738749023,2109
1738749026,2116
1738749029,2119
1738749032,1985
1738749035,1996
1738749035,None
1738749041,1987
1738749045,1983
1738749047,1982
1738749051,2127
1738749054,2128
1738749057,2120
1738749057,None
1738749063,2120
1738749065,2123
1738749069,2118
1738749072,2116
1738749075,2110
1738749078,2117
1738749081,2109
1738749084,2111
1738749087,2121
1738749090,2110
1738749093,2115
1738749093,None
1738749099,2095
1738749102,2249
1738749105,2256
1738749108,2242
1738749111,2074
1738749114,2014
1738749117,2121
1738749121,2123
1738749123,2115
1738749126,2112
1738749129,2112
1738749133,2117
1738749135,2112
1738749139,2105
1738749142,2108
1738749145,2112
1738749148,2101
1738749151,2111
1738749154,2108
1738749157,2102
1738749160,2108
1738749163,2102
1738749165,2000
1738749165,None
1738749172,1982
1738749175,1976
1738749178,1986
1738749181,1982
1738749184,2108
1738749187,2127
1738749190,2116
1738749193,2311
1738749196,2367
1738749199,2364
1738749203,2282
1738749206,2106
1738749209,2107
1738749212,2095
1738749215,2110
1738749218,2103
1738749222,2097
1738749224,2102
1738749224,None
1738749230,2098
1738749233,2035
1738749236,1977
1738749236,None
1738749242,1978
1738749245,1969
1738749248,1980
1738749248,None
1738749254,2124
1738749257,2111
1738749261,2113
1738749264,2117
1738749264,None
1738749271,2122
1738749273,2118
1738749276,2115
1738749279,2123
1738749282,2102
1738749285,2111
1738749288,2109
1738749291,2105
1738749294,2042
1738749297,1983
1738749297,None
1738749303,1978
1738749307,1978
1738749310,2060
1738749310,None
1738749315,2139
1738749318,2126
1738749322,2113
1738749325,2108
1738749328,2106
1738749331,2109
1738749334,2096
1738749337,2103
1738749340,2102
1738749343,2100
1738749346,2099
1738749349,2097
1738749352,2095
1738749355,2097
1738749358,1980
1738749361,1968
1738749365,1973
1738749367,1963
1738749371,1961
1738749374,1994
1738749377,2121
1738749380,2111
1738749383,2114
1738749386,2107
1738749389,2105
1738749392,2110
1738749395,2101
1738749398,2107
1738749401,2103
1738749404,2100
1738749407,2096
1738749410,2093
1738749413,2092
1738749416,2089
1738749420,1977
1738749422,1970
1738749425,1965
1738749428,1953
1738749432,2001
1738749435,2112
1738749437,2106
1738749441,2103
1738749443,2104
1738749447,2102
1738749450,2109
1738749453,2133
1738749455,2128
1738749459,2123
1738749462,2130
1738749465,2131
1738749468,2129
1738749471,2126
1738749474,1930
1738749477,1562
1738749480,1448
1738749483,1619
1738749486,1696
1738749489,1639
1738749492,1468
1738749492,None
1738749498,1580
1738749501,1578
1738749504,1572
1738749507,1579
1738749511,1567
1738749514,1568
1738749516,1785
1738749520,1821
1738749523,1816
1738749526,1818
1738749529,1709
1738749532,1368
1738749535,1281
1738749538,1260
1738749541,1282
1738749544,1266
1738749547,1208
1738749550,1139
1738749553,1242
1738749556,1142
1738749559,1155
1738749562,1147
1738749565,1276
1738749565,None
1738749571,1368
1738749574,1277
1738749574,None
1738749580,1235
1738749583,1415
1738749586,1232
1738749590,1410
1738749593,1231
1738749596,1362
1738749599,1179
1738749602,1360
1738749605,1182
1738749608,1363
1738749611,1177
1738749614,1300
1738749617,1048
1738749621,1226
1738749623,1050
1738749626,1232
1738749629,1090
1738749632,1360
1738749636,1208
1738749638,1388
1738749642,1215
1738749645,1381
1738749648,1220
1738749651,1369
1738749654,1292
1738749657,1287
1738749660,1286
1738749664,1285
1738749666,1278
1738749670,1290
1738749673,1279
1738749673,None
1738749679,1191
1738749681,1179
1738749684,1187
1738749688,1176
1738749691,1288
1738749694,1294
1738749697,1289
1738749700,1279
1738749703,1289
1738749706,1286
1738749709,1279
1738749712,1282
1738749715,1275
1738749718,1286
1738749721,1282
1738749725,1281
1738749727,1284
1738749730,1283
1738749733,1276
1738749737,1258
1738749737,None
1738749743,1160
1738749746,1145
1738749748,1140
1738749752,1167
1738749755,1201
1738749755,None
1738749761,1355
1738749764,1362
1738749767,1465
1738749770,1582
1738749773,1570
1738749776,1576
1738749779,1421
1738749782,1319
1738749785,1315
1738749788,1316
1738749791,1322
1738749794,1312
1738749797,1318
1738749800,1312
1738749804,1318
1738749807,1312
1738749810,1253
1738749813,1213
1738749815,1218
1738749815,None
1738749822,1213
1738749825,1218
1738749828,1230
1738749831,1334
1738749833,1328
1738749837,1328
1738749840,1313
1738749843,1326
1738749846,1315
1738749849,1317
1738749852,1318
1738749855,1315
1738749858,1341
1738749861,1342
1738749865,1341
1738749867,1324
1738749871,1313
1738749874,1316
1738749877,1308
1738749880,1204
1738749883,1223
1738749886,1207
1738749889,1203
1738749892,1326
1738749895,1332
1738749898,1318
1738749901,1317
1738749905,1314
1738749907,1311
1738749910,1317
1738749914,1312
1738749916,1316
1738749919,959
1738749923,909
1738749925,917
1738749929,911
1738749931,916
1738749935,911
1738749937,836
1738749940,982
1738749944,1035
1738749947,1033
1738749950,994
1738749953,823
1738749956,929
1738749956,None
1738749962,930
1738749965,917
1738749968,930
1738749968,None
1738749974,914
1738749977,921
1738749980,914
1738749984,916
1738749984,None
1738749984,None
1738749992,904
1738749995,905
1738749998,911
1738750002,909
1738750005,909
1738750008,886
1738750010,787
1738750014,779
1738750017,793
1738750020,783
1738750023,785
1738750026,913
1738750029,928
1738750032,923
1738750035,923
1738750038,921
1738750042,924
1738750044,920
1738750047,932
1738750050,925
1738750053,929
1738750056,925
1738750060,927
1738750063,925
1738750066,921
1738750066,None
1738750072,920
1738750075,924
1738750078,900
1738750081,800
1738750084,800
1738750087,805
1738750090,802
1738750093,791
1738750096,798
1738750099,947
1738750102,937
1738750105,944
1738750108,931
1738750111,928
1738750114,928
1738750118,936
1738750120,920
1738750123,932
1738750127,929
1738750130,922
1738750133,1039
1738750135,1175
1738750139,1172
1738750139,None
1738750145,930
1738750148,916
1738750148,None
1738750154,921
1738750157,849
1738750157,None
1738750163,793
1738750166,792
1738750169,797
1738750172,833
1738750175,920
1738750178,933
1738750181,932
1738750184,920
1738750184,None
1738750190,928
1738750193,920
1738750197,918
1738750199,922
1738750202,929
1738750205,931
1738750208,919
1738750212,911
1738750215,923
1738750215,None
1738750221,912
1738750223,915
1738750226,912
1738750230,849
1738750233,793
1738750236,799
1738750239,788
1738750242,795
1738750245,879
1738750248,937
1738750251,935
1738750255,930
1738750257,935
1738750260,931
1738750263,929
1738750266,928
1738750266,None
1738750272,917
1738750276,932
1738750279,1010
1738750281,1177
1738750285,1178
1738750287,1180
1738750291,1006
1738750294,799
1738750297,803
1738750300,799
1738750303,922
1738750306,944
1738750309,939
1738750312,940
1738750315,925
1738750318,928
1738750318,None
1738750324,927
1738750327,929
1738750331,928
1738750334,925
1738750336,926
1738750340,922
1738750343,918
1738750346,925
1738750349,893
1738750352,797
1738750355,793
1738750358,793
1738750361,799
1738750364,800
1738750367,936
1738750370,931
1738750373,930
1738750377,932
1738750379,922
1738750382,913
1738750385,914
1738750389,906
1738750392,908
1738750395,902
1738750398,910
1738750400,897
1738750403,897
1738750407,928
1738750410,919
1738750413,914
1738750416,912
1738750419,896
1738750422,815
1738750425,751
1738750428,768
1738750431,761
1738750434,755
1738750437,755
1738750440,887
1738750444,900
1738750446,895
1738750450,890
1738750452,882
1738750455,884
1738750458,889
1738750461,883
1738750464,883
1738750468,888
1738750471,884
1738750474,874
1738750477,883
1738750480,878
1738750482,873
1738750486,885
1738750489,880
1738750492,810
1738750495,750
1738750498,753
1738750501,754
1738750504,846
1738750507,1142
1738750510,1142
1738750513,1145
1738750516,915
1738750519,890
1738750523,895
1738750526,893
1738750528,899
1738750532,896
1738750535,892
1738750538,897
1738750541,894
1738750544,892
1738750547,892
1738750550,893
1738750554,920
1738750554,None
1738750560,785
1738750563,790
1738750565,765
1738750565,None
1738750572,789
1738750575,903
1738750577,896
1738750581,886
1738750583,890
1738750586,881
1738750590,884
1738750593,905
1738750593,None
1738750599,890
1738750602,894
1738750605,881
1738750608,902
1738750611,885
1738750614,870
1738750617,875
1738750621,884
1738750624,880
1738750627,870
1738750629,804
1738750633,754
1738750636,754
1738750639,749
1738750642,751
1738750642,None
1738750648,886
1738750648,None
1738750654,883
1738750657,884
1738750660,1100
1738750663,1129
1738750666,1126
1738750669,1128
1738750672,1129
1738750675,891
1738750678,879
1738750682,890
1738750684,885
1738750687,871
1738750690,888
1738750694,884
1738750696,817
1738750700,756
1738750700,None
1738750706,765
1738750709,757
1738750712,911
1738750715,893
1738750718,887
1738750721,891
1738750724,880
1738750727,884
1738750730,885
1738750734,882
1738750736,882
1738750739,894
1738750742,907
1738750746,915
1738750749,903
1738750752,912
1738750755,907
1738750758,907
1738750761,796
1738750761,None
1738750767,764
1738750770,756
1738750773,765
1738750776,883
1738750779,903
1738750783,897
1738750785,895
1738750788,890
1738750791,888
1738750795,887
1738750797,890
1738750801,880
1738750803,881
1738750807,887
1738750810,876
1738750813,906
1738750813,None
1738750819,928
1738750822,927
1738750825,923
1738750828,915
1738750831,880
1738750834,771
1738750838,759
1738750840,756
1738750840,None
1738750846,746
1738750846,None
1738750846,None
1738750856,890
1738750859,890
1738750862,886
1738750865,887
1738750868,871
1738750871,878
1738750874,881
1738750874,None
1738750880,883
1738750883,880
1738750886,883
1738750889,880
1738750892,877
1738750895,946
1738750898,1124
1738750901,1125
1738750905,1025
1738750907,794
1738750910,747
1738750913,757
1738750916,750
1738750920,756
1738750923,878
1738750926,924
1738750928,918
1738750932,909
1738750935,906
1738750938,902
1738750941,887
1738750944,884
1738750947,879
1738750950,884
1738750953,906
1738750956,909
1738750959,911
1738750962,907
1738750965,907
1738750968,899
1738750971,899
1738750974,905
1738750977,902
1738750981,881
1738750984,780
1738750987,781
1738750990,786
1738750993,783
1738750996,775
1738750999,868
1738751002,927
1738751005,917
1738751008,920
1738751011,911
1738751014,908
1738751018,912
1738751022,917
1738751024,915
1738751027,915
1738751030,912
1738751033,911
1738751036,907
1738751039,916
1738751043,918
1738751045,917
1738751049,911
1738751051,920
1738751054,912
1738751057,840
1738751061,725
1738751064,723
1738751064,None
1738751070,728
1738751073,806
1738751076,859
1738751079,863
1738751082,854
1738751085,852
1738751088,848
1738751091,853
1738751095,845
1738751097,854
1738751100,848
1738751103,852
1738751106,849
1738751109,847
1738751112,844
1738751116,1042
1738751118,1094
1738751122,1019
1738751125,968
1738751128,964
1738751130,733
1738751134,748
1738751137,862
1738751140,851
1738751143,836
1738751146,828
1738751149,823
1738751152,817
1738751155,821
1738751158,823
1738751161,818
1738751164,827
1738751167,817
1738751171,815
1738751173,825
1738751173,None
1738751179,816
1738751182,817
1738751185,702
1738751188,687
1738751191,695
1738751195,688
1738751198,688
1738751201,767
1738751204,836
1738751207,830
1738751207,None
1738751213,821
1738751216,831
1738751219,833
1738751221,821
1738751225,832
1738751228,824
1738751228,None
1738751234,822
1738751237,819
1738751240,815
1738751243,822
1738751246,810
1738751249,822
1738751253,789
1738751256,693
1738751258,694
1738751261,689
1738751264,692
1738751267,694
1738751271,930
1738751274,1093
1738751277,1077
1738751280,1080
1738751283,1044
1738751283,None
1738751289,822
1738751292,827
1738751295,829
1738751298,819
1738751301,829
1738751304,820
1738751307,815
1738751310,819
1738751310,None
1738751316,752
1738751319,691
1738751322,694
1738751322,None
1738751328,763
1738751332,834
1738751334,829
1738751338,825
1738751340,828
1738751344,827
1738751347,822
1738751350,822
1738751353,818
1738751356,831
1738751359,831
1738751362,824
1738751365,823
1738751369,829
1738751371,825
1738751371,None
1738751371,None
1738751381,695
1738751384,702
1738751386,697
1738751390,823
1738751392,834
1738751396,840
1738751399,839
1738751402,832
1738751404,835
1738751408,824
1738751411,823
1738751414,828
1738751417,834
1738751420,828
1738751423,827
1738751426,824
1738751426,None
1738751432,822
1738751432,None
1738751438,819
1738751441,808
1738751445,701
1738751447,699
1738751450,699
1738751454,708
1738751457,692
1738751460,782
1738751462,854
1738751466,844
1738751469,835
1738751472,831
1738751475,839
1738751478,833
1738751481,832
1738751484,828
1738751487,831
1738751490,825
1738751493,827
1738751496,830
1738751499,824
1738751502,830
1738751505,827
1738751508,828
1738751511,713
1738751514,703
1738751518,693
1738751521,736
1738751524,837
1738751527,835
1738751530,831
1738751533,828
1738751536,828
1738751539,830
1738751542,821
1738751545,834
1738751548,826
1738751552,821
1738751554,842
1738751557,1072
1738751557,None
1738751563,1065
1738751567,1071
1738751570,771
1738751573,681
1738751576,697
1738751579,690
1738751582,690
1738751585,689
1738751588,726
1738751591,839
1738751594,839
1738751597,825
1738751600,824
1738751603,831
1738751606,827
1738751609,826
1738751612,822
1738751615,823
1738751619,825
1738751621,824
1738751625,835
1738751627,825
1738751631,820
1738751634,825
1738751634,None
1738751634,None
1738751643,822
1738751646,830
1738751649,717
1738751652,696
1738751655,709
1738751659,697
1738751661,698
1738751661,None
1738751667,839
1738751667,None
1738751673,833
1738751676,838
1738751679,830
1738751682,819
1738751685,824
1738751688,824
1738751691,816
1738751694,820
1738751698,819
1738751701,826
1738751704,821
1738751707,811
1738751707,None
1738751713,955
1738751716,952
1738751719,979
1738751722,1042
1738751725,838
1738751728,838
1738751731,829
1738751734,819
1738751737,830
1738751740,829
1738751743,828
1738751746,832
1738751750,823
1738751750,None
1738751755,826
1738751758,818
1738751762,801
1738751765,712
1738751768,692
1738751771,695
1738751774,693
1738751777,685
1738751780,769
1738751783,824
1738751786,821
1738751789,817
1738751792,823
1738751795,822
1738751798,821
1738751801,811
1738751801,None
1738751808,816
1738751810,810
1738751813,824
1738751816,802
1738751820,785
1738751823,788
1738751826,786
1738751829,773
1738751832,782
1738751835,779
1738751838,663
1738751841,658
1738751844,653
1738751847,650
1738751850,650
1738751853,689
1738751856,805
1738751859,794
1738751862,786
1738751865,796
1738751868,783
1738751872,778
1738751874,776
1738751878,794
1738751880,793
1738751883,788
1738751887,786
1738751890,793
1738751893,785
1738751896,782
1738751899,788
1738751902,781
1738751902,None
1738751908,656
1738751908,None
1738751914,672
1738751918,789
1738751920,798
1738751923,801
1738751926,800
1738751929,801
1738751932,795
1738751935,802
1738751938,802
1738751941,788
1738751945,800
1738751948,792
1738751951,793
1738751953,727
1738751957,667
1738751959,669
1738751963,667
1738751966,797
1738751969,802
1738751972,803
1738751975,800
1738751978,804
1738751981,793
1738751984,901
1738751987,1048
1738751991,1036
1738751991,None
1738751997,947
1738751999,794
1738752002,781
1738752002,None
1738752008,675
1738752012,659
1738752015,647
1738752018,662
1738752021,656
1738752024,686
1738752027,799
1738752030,786
1738752033,789
1738752036,785
1738752039,798
1738752042,789
1738752042,None
1738752048,777
1738752052,784
1738752054,784
1738752054,None
1738752060,786
1738752063,776
1738752066,778
1738752069,785
1738752072,780
1738752075,778
1738752078,759
1738752081,650
1738752085,680
1738752087,840
1738752091,906
1738752094,941
1738752096,1032
1738752099,911
1738752103,793
1738752106,790
1738752108,785
1738752112,782
1738752115,783
1738752118,790
1738752121,784
1738752124,771
1738752128,788
1738752130,779
1738752134,781
1738752136,776
1738752140,708
1738752142,648
1738752146,651
1738752149,644
1738752152,722
1738752152,None
1738752158,793
1738752161,789
1738752161,None
1738752167,781
1738752171,778
1738752173,788
1738752176,781
1738752179,782
1738752183,779
1738752185,777
1738752189,785
1738752191,786
1738752195,779
1738752198,706
1738752200,654
1738752203,655
1738752206,651
1738752209,653
1738752213,681
1738752216,802
1738752219,795
1738752219,None
1738752225,794
1738752225,None
1738752231,785
1738752234,782
1738752237,779
1738752240,785
1738752243,776
1738752246,789
1738752249,783
1738752252,782
1738752255,778
1738752258,782
1738752261,778
1738752265,675
1738752267,642
1738752267,None
1738752273,659
1738752276,653
1738752280,730
1738752280,None
1738752280,None
1738752288,781
1738752292,784
1738752295,786
1738752295,None
1738752301,786
1738752301,None
1738752307,780
1738752310,780
1738752313,783
1738752313,None
1738752319,778
1738752322,768
1738752325,785
1738752329,790
1738752331,703
1738752335,725
1738752337,751
1738752337,None
1738752344,765
1738752347,893
1738752349,896
1738752353,880
1738752356,879
1738752359,884
1738752362,875
1738752365,876
1738752368,873
1738752371,862
1738752374,921
1738752377,1119
1738752381,1109
1738752383,1103
1738752387,1103
1738752390,905
1738752393,844
1738752396,823
1738752399,721
1738752402,729
1738752405,721
1738752408,719
1738752411,749
1738752414,865
1738752417,858
1738752420,856
1738752423,860
1738752423,None
1738752429,852
1738752432,840
1738752432,None
1738752438,851
1738752438,None
1738752445,852
1738752447,877
1738752451,875
1738752454,878
1738752457,868
1738752460,1915
1738752463,1846
1738752466,1785
1738752466,None
1738752466,None
1738752475,1779
1738752478,1861
1738752481,1928
1738752484,1915
1738752487,1904
1738752490,1913
1738752493,1910
1738752496,1909
1738752500,1905
1738752502,1906
1738752506,1911
1738752509,1901
1738752512,1904
1738752515,2068
1738752515,None
1738752521,2158
1738752524,2150
1738752527,1877
1738752530,1782
1738752534,1539
1738752536,1377
1738752539,1394
1738752543,1415
1738752546,1485
1738752548,1550
1738752552,1547
1738752554,1540
1738752558,1546
1738752561,1550
1738752564,1548
1738752564,None
1738752570,1545
1738752573,1544
1738752576,1537
1738752579,1536
1738752582,1522
1738752582,None
1738752588,1537
1738752591,1523
1738752594,1513
1738752597,1399
1738752597,None
1738752603,1378
1738752607,1376
1738752610,1387
1738752612,1509
1738752616,1512
1738752618,1517
1738752622,1515
1738752625,1514
1738752628,1508
1738752631,1505
1738752634,1508
1738752637,1494
1738752640,1493
1738752643,1502
1738752646,1498
1738752649,1496
1738752652,1491
1738752655,1387
1738752658,1378
1738752661,1380
1738752665,1382
1738752667,1497
1738752670,1507
1738752674,1504
1738752677,1500
1738752677,None
1738752683,1486
1738752685,1492
1738752685,None
1738752692,1480
1738752695,1489
1738752698,1516
1738752701,1533
1738752704,1542
1738752707,1537
1738752710,1538
1738752710,None
1738752716,1411
1738752719,1407
1738752722,493
1738752725,812
1738752729,1444
1738752731,1526
1738752734,1574
1738752738,1229
1738752741,1567
1738752741,None
1738752747,1574
1738752750,1569
1738752753,1568
1738752756,1565
1738752759,1564
1738752759,None
1738752765,1537
1738752768,1531
1738752771,1523
1738752775,1524
1738752777,1523
1738752780,1524
1738752783,1520
1738752783,None
1738752790,1451
1738752792,1391
1738752796,1394
1738752798,1386
1738752802,1394
1738752804,709
1738752807,691
1738752811,695
1738752814,694
1738752817,697
1738752820,607
1738752823,460
1738752826,455
1738752829,464
1738752832,457
1738752835,436
1738752838,433
1738752842,460
1738752844,443
1738752844,None
1738752851,436
1738752854,438
1738752856,322
1738752860,310
1738752862,312
1738752865,306
1738752869,308
1738752872,400
1738752874,502
1738752878,503
1738752881,749
1738752883,750
1738752883,None
1738752890,713
1738752893,479
1738752896,464
1738752899,462
1738752902,471
1738752905,471
1738752909,474
1738752911,479
1738752914,476
1738752918,476
1738752918,None
1738752923,436
1738752926,348
1738752929,333
1738752933,338
1738752933,None
1738752939,316
1738752941,442
1738752945,465
1738752948,458
1738752948,None
1738752954,441
1738752957,452
1738752960,453
1738752963,452
1738752966,453
1738752969,450
1738752972,439
1738752975,452
1738752978,449
1738752981,445
1738752981,None
1738752987,445
1738752990,442
1738752993,327
1738752997,317
1738752997,None
1738753003,306
1738753006,316
1738753009,310
1738753012,390
1738753015,457
1738753018,454
1738753021,450
1738753024,452
1738753027,442
1738753030,439
1738753033,449
1738753033,None
1738753040,439
1738753042,442
1738753045,440
1738753048,443
1738753051,432
1738753054,444
1738753057,438
1738753061,438
1738753064,441
1738753066,367
1738753070,306
1738753072,302
1738753076,305
1738753079,305
1738753082,303
1738753085,308
1738753088,440
1738753088,None
1738753094,450
1738753097,449
1738753100,446
1738753103,564
1738753106,572
1738753110,441
1738753112,434
1738753115,439
1738753118,435
1738753121,443
1738753124,439
1738753127,327
1738753130,302
1738753133,309
1738753136,312
1738753139,312
1738753142,314
1738753145,460
1738753148,464
1738753152,451
1738753155,461
1738753158,457
1738753161,457
1738753164,447
1738753167,456
1738753170,450
1738753173,443
1738753173,None
1738753179,446
1738753179,None
1738753185,449
1738753188,445
1738753191,444
1738753195,442
1738753197,334
1738753200,305
1738753203,303
1738753206,413
1738753210,583
1738753212,609
1738753216,733
1738753219,713
1738753222,477
1738753225,476
1738753228,478
1738753231,480
1738753234,467
1738753234,None
1738753240,461
1738753244,437
1738753246,443
1738753249,442
1738753253,437
1738753255,442
1738753259,444
1738753261,434
1738753265,334
1738753268,310
1738753271,322
1738753271,None
1738753277,312
1738753280,454
1738753283,467
1738753286,459
1738753289,452
1738753292,447
1738753295,488
1738753298,740
1738753301,748
1738753304,746
1738753307,743
1738753310,541
1738753313,460
1738753316,448
1738753320,447
1738753323,440
1738753326,444
1738753328,387
1738753331,314
1738753335,310
1738753338,318
1738753341,315
1738753344,346
1738753347,457
1738753350,455
1738753353,461
1738753356,458
1738753359,456
1738753362,486
1738753365,474
1738753368,468
1738753371,469
1738753374,447
1738753377,446
1738753377,None
1738753384,450
1738753387,443
1738753390,445
1738753393,450
1738753396,419
1738753399,309
1738753402,309
1738753405,311
1738753408,304
1738753411,306
1738753414,445
1738753417,451
1738753420,445
1738753423,452
1738753426,444
1738753430,442
1738753432,441
1738753436,447
1738753439,451
1738753442,441
1738753444,451
1738753448,447
1738753450,442
1738753453,449
1738753456,446
1738753460,425
1738753463,313
1738753466,316
1738753470,312
1738753472,308
1738753475,317
1738753478,396
1738753481,497
1738753481,None
1738753487,501
1738753490,488
1738753493,490
1738753496,456
1738753500,437
1738753502,449
1738753506,442
1738753508,439
1738753511,443
1738753515,440
1738753517,439
1738753521,436
1738753521,None
1738753527,410
1738753530,298
1738753533,303
1738753537,305
1738753539,313
1738753542,323
1738753545,350
1738753548,465
1738753551,451
1738753554,445
1738753558,444
1738753561,446
1738753564,457
1738753566,465
1738753570,453
1738753573,463
1738753573,None
1738753573,None
1738753582,673
1738753585,680
1738753588,648
1738753591,433
1738753594,430
1738753598,411
1738753601,302
1738753603,308
1738753607,308
1738753609,304
1738753612,294
1738753615,340
1738753615,None
1738753622,469
1738753624,472
1738753628,465
1738753630,462
1738753633,443
1738753636,440
1738753636,None
1738753643,441
1738753646,439
1738753648,447
1738753652,439
1738753655,436
1738753658,442
1738753662,442
1738753664,433
1738753668,372
1738753670,313
1738753673,307
1738753677,317
1738753677,None
1738753683,307
1738753685,393
1738753685,None
1738753691,450
1738753695,451
1738753697,439
1738753701,450
1738753704,618
1738753707,685
1738753710,695
1738753710,None
1738753716,599
1738753719,445
1738753722,439
1738753725,431
1738753728,434
1738753731,439
1738753734,363
1738753738,300
1738753741,307
1738753744,304
1738753747,301
1738753749,391
1738753753,450
1738753756,444
1738753759,450
1738753762,438
1738753765,446
1738753768,440
1738753771,437
1738753774,441
1738753777,438
1738753780,437
1738753783,437
1738753786,434
1738753789,438
1738753792,434
1738753792,None
1738753798,362
1738753801,304
1738753804,307
1738753807,308
1738753811,301
1738753813,343
1738753817,449
1738753820,450
1738753823,453
1738753826,458
1738753829,467
1738753829,None
1738753835,433
1738753838,393
1738753841,400
1738753844,403
1738753847,401
1738753850,390
1738753850,None
1738753857,1090
1738753859,1822
1738753862,1819
1738753865,1707
1738753868,1677
1738753871,1678
1738753874,1685
1738753877,1686
1738753877,None
1738753883,1045
1738753887,408
1738753889,416
1738753893,412
1738753893,None
1738753899,412
1738753902,403
1738753905,423
1738753908,439
1738753911,424
1738753914,437
1738753917,432
1738753920,425
1738753923,430
1738753926,428
1738753929,423
1738753933,429
1738753935,306
1738753938,291
1738753941,292
1738753945,285
1738753948,290
1738753951,286
1738753954,410
1738753957,477
1738753960,479
1738753963,472
1738753966,471
1738753969,463
1738753972,464
1738753975,462
1738753978,461
1738753978,None
1738753984,459
1738753987,460
1738753990,461
1738753993,458
1738753996,459
1738753999,454
1738754002,443
1738754006,446
1738754008,410
1738754011,302
1738754015,304
1738754015,None
1738754021,292
1738754024,267
1738754027,379
1738754027,None
1738754033,425
1738754036,429
1738754039,435
1738754042,413
1738754045,396
1738754048,397
1738754051,576
1738754054,639
1738754057,625
1738754057,None
1738754063,570
1738754066,371
1738754070,380
1738754070,None
1738754076,375
1738754078,349
1738754081,237
1738754085,254
1738754088,304
1738754090,338
1738754094,342
1738754097,328
1738754100,471
1738754103,483
1738754106,480
1738754109,469
1738754112,480
1738754115,566
1738754118,717
1738754121,722
1738754124,727
1738754128,544
1738754130,476
1738754133,482
1738754136,477
1738754139,472
1738754143,483
1738754145,477
1738754149,360
1738754152,340
1738754155,348
1738754158,341
1738754161,428
1738754163,484
1738754167,484
1738754170,483
1738754173,479
1738754176,467
1738754179,476
1738754182,474
1738754185,470
1738754188,474
1738754191,478
1738754194,480
1738754197,471
1738754200,471
1738754200,None
1738754206,339
1738754209,328
1738754213,340
1738754215,336
1738754218,332
1738754222,464
1738754225,479
1738754227,475
1738754231,474
1738754234,467
1738754237,465
1738754240,478
1738754243,461
1738754246,460
1738754249,463
1738754252,456
1738754255,460
1738754258,460
1738754261,465
1738754264,452
1738754267,468
1738754270,388
1738754273,321
1738754276,321
1738754279,317
1738754279,None
1738754279,None
1738754289,464
1738754292,472
1738754295,469
1738754298,456
1738754301,466
1738754304,457
1738754307,455
1738754310,464
1738754313,461
1738754316,465
1738754319,452
1738754322,459
1738754325,459
1738754329,450
1738754331,347
1738754334,320
1738754337,326
1738754341,324
1738754344,356
1738754347,468
1738754350,472
1738754353,465
1738754356,464
1738754359,459
1738754362,456
1738754365,468
1738754368,465
1738754371,465
1738754374,467
1738754378,470
1738754380,467
1738754383,462
1738754386,466
1738754389,460
1738754392,344
1738754395,330
1738754398,323
1738754401,335
1738754404,329
1738754407,418
1738754411,483
1738754413,471
1738754417,478
1738754420,467
1738754423,462
1738754426,464
1738754429,454
1738754432,460
1738754435,458
1738754438,451
1738754441,457
1738754444,456
1738754447,456
1738754450,450
1738754453,451
1738754456,343
1738754459,319
1738754463,312
1738754465,325
1738754468,322
1738754472,604
1738754475,724
1738754478,721
1738754481,718
1738754484,669
1738754487,460
1738754490,461
1738754493,455
1738754496,454
1738754499,460
1738754502,453
1738754505,456
1738754508,451
1738754511,456
1738754514,462
1738754517,449
1738754520,464
1738754520,None
1738754526,320
1738754529,399
1738754532,572
1738754535,580
1738754538,623
1738754541,564
1738754545,471
1738754548,478
1738754551,467
1738754554,469
1738754556,472
1738754560,463
1738754563,466
1738754566,467
1738754569,465
1738754572,463
1738754575,454
1738754578,466
1738754581,457
1738754584,459
1738754587,461
1738754590,458
1738754593,321
1738754597,326
1738754599,327
1738754602,315
1738754605,329
1738754609,357
1738754609,None
1738754615,477
1738754618,473
1738754621,468
1738754624,467
1738754627,462
1738754630,466
1738754633,458
1738754636,462
1738754639,461
1738754642,451
1738754645,458
1738754649,456
1738754651,457
1738754654,454
1738754657,459
1738754660,321
1738754663,327
1738754666,319
1738754670,321
1738754673,318
1738754676,397
1738754679,474
1738754682,463
1738754685,458
1738754688,461
1738754691,459
1738754694,451
1738754697,444
1738754700,458
1738754703,448
1738754706,450
1738754709,455
1738754712,450
1738754712,None
1738754718,456
1738754721,460
1738754724,340
1738754727,328
1738754727,None
1738754734,323
1738754734,None
1738754740,350
1738754743,472
1738754746,476
1738754749,467
1738754752,466
1738754755,465
1738754758,460
1738754761,449
1738754764,464
1738754767,449
1738754767,None
1738754767,None
1738754776,451
1738754779,455
1738754782,452
1738754785,454
1738754788,418
1738754792,324
1738754794,318
1738754797,314
1738754801,314
1738754804,325
1738754807,405
1738754810,469
1738754813,472
1738754816,463
1738754819,454
1738754822,457
1738754825,457
1738754828,450
1738754832,464
1738754834,459
1738754838,461
1738754840,460
1738754843,463
1738754846,455
1738754849,346
1738754852,317
1738754855,330
1738754858,319
1738754861,320
1738754864,461
1738754868,472
1738754868,None
1738754873,469
1738754876,462
1738754879,465
1738754883,453
1738754886,684
1738754889,715
1738754892,713
1738754892,None
1738754898,557
1738754901,457
1738754904,459
1738754907,428
1738754910,321
1738754913,331
1738754913,None
1738754920,322
1738754922,331
1738754926,480
1738754929,720
1738754932,712
1738754935,715
1738754938,712
1738754941,499
1738754944,452
1738754947,451
1738754950,460
1738754954,449
1738754954,None
1738754959,442
1738754962,446
1738754962,None
1738754968,452
1738754971,453
1738754974,412
1738754977,320
1738754981,318
1738754984,312
1738754987,325
1738754990,317
1738754993,316
1738754996,457
1738754999,471
1738755002,460
1738755005,466
1738755009,463
1738755011,446
1738755014,453
1738755018,452
1738755020,453
1738755024,447
1738755027,451
1738755029,454
1738755033,451
1738755036,443
1738755039,451
1738755042,447
1738755045,443
1738755048,422
1738755048,None
1738755054,315
1738755057,317
1738755060,316
1738755063,308
1738755066,313
1738755069,482
1738755072,470
1738755076,461
1738755078,460
1738755081,457
1738755084,461
1738755087,455
1738755091,460
1738755093,449
1738755097,450
1738755100,464
1738755103,453
1738755106,452
1738755109,447
1738755109,None
1738755115,336
1738755118,316
1738755121,312
1738755124,316
1738755127,321
1738755127,None
1738755133,473
1738755136,473
1738755139,463
1738755143,473
1738755145,462
1738755145,None
1738755152,463
1738755154,462
1738755158,465
1738755161,466
1738755164,452
1738755166,466
1738755170,464
1738755170,None
1738755176,431
1738755179,319
1738755182,329
1738755185,328
1738755185,None
1738755191,331
1738755194,359
1738755198,479
1738755200,469
1738755203,457
1738755207,461
1738755209,454
1738755212,453
1738755216,456
1738755219,460
1738755222,449
1738755225,455
1738755228,456
1738755230,446
1738755230,None
1738755237,451
1738755240,451
1738755243,426
1738755246,317
1738755249,318
1738755252,311
1738755255,314
1738755258,320
1738755258,None
1738755265,470
1738755267,463
1738755270,454
1738755273,466
1738755277,454
1738755280,456
1738755282,458
1738755285,456
1738755285,None
1738755292,450
1738755295,455
1738755298,446
1738755301,459
1738755304,452
1738755307,446
1738755307,None
1738755313,316
1738755316,316
1738755319,314
1738755323,319
1738755325,458
1738755328,829
1738755331,974
1738755335,980
1738755338,878
1738755341,507
1738755344,462
1738755347,456
1738755350,459
1738755353,462
1738755356,461
1738755359,454
1738755362,460
1738755365,474
1738755368,468
1738755371,468
1738755374,429
1738755377,338
1738755380,343
1738755383,336
1738755386,333
1738755389,327
1738755393,364
1738755395,475
1738755398,475
1738755402,461
1738755406,465
1738755406,None
1738755411,461
1738755414,457
1738755417,450
1738755420,448
1738755423,443
1738755426,445
1738755429,439
1738755432,443
1738755435,440
1738755438,438
1738755442,442
1738755445,413
1738755447,336
1738755451,314
1738755454,314
1738755457,321
1738755460,318
1738755463,406
1738755466,467
1738755469,471
1738755472,470
1738755475,463
1738755478,457
1738755481,455
1738755484,465
1738755487,459
1738755490,457
1738755493,455
1738755496,454
1738755499,459
1738755502,455
1738755505,451
1738755508,456
1738755511,374
1738755515,311
1738755518,314
1738755521,311
1738755524,315
1738755527,312
1738755530,402
1738755530,None
1738755536,461
1738755539,461
1738755542,453
1738755545,455
1738755548,449
1738755551,453
1738755554,453
1738755557,448
1738755560,452
1738755563,447
1738755566,451
1738755569,449
1738755572,451
1738755572,None
1738755578,384
1738755582,321
1738755585,326
1738755588,322
1738755591,327
1738755591,None
1738755597,483
1738755600,477
1738755600,None
1738755606,469
1738755609,468
1738755612,468
1738755616,465
1738755618,458
1738755621,472
1738755624,470
1738755627,459
1738755630,473
1738755633,463
1738755636,459
1738755639,456
1738755642,432
1738755645,329
1738755649,318
1738755651,327
1738755655,321
1738755657,313
1738755661,329
1738755664,462
1738755664,None
1738755670,467
1738755673,467
1738755676,465
1738755679,464
1738755682,462
1738755685,451
1738755688,455
1738755692,471
1738755695,459
1738755697,455
1738755700,456
1738755703,462
1738755707,455
1738755707,None
1738755712,454
1738755715,459
1738755719,331
1738755721,321
1738755725,326
1738755728,320
1738755731,316
1738755734,358
1738755737,474
1738755740,469
1738755743,464
1738755747,462
1738755749,458
1738755753,462
1738755755,548
1738755755,None
1738755761,935
1738755764,969
1738755767,906
1738755770,707
1738755773,596
1738755776,453
1738755779,459
1738755783,337
1738755786,326
1738755788,320
1738755792,314
1738755794,326
1738755798,406
1738755801,475
1738755804,473
1738755807,470
1738755810,469
1738755813,470
1738755816,456
1738755820,469
1738755820,None
1738755825,458
1738755828,461
1738755832,463
1738755834,456
1738755837,460
1738755840,459
1738755844,392
1738755847,332
1738755850,330
1738755853,319
1738755853,None
1738755859,330
1738755862,452
1738755862,None
1738755868,475
1738755871,473
1738755874,470
1738755877,461
1738755881,468
1738755883,472
1738755886,468
1738755889,460
1738755892,458
1738755895,472
1738755898,465
1738755901,464
1738755901,None
1738755907,387
1738755911,323
1738755914,286
1738755917,265
1738755920,270
1738755923,261
1738755926,396
1738755929,420
1738755932,407
1738755935,410
1738755938,407
1738755941,402
1738755944,404
1738755944,None
1738755944,None
1738755954,397
1738755956,399
1738755959,405
1738755963,400
1738755966,397
1738755969,397
1738755969,None
1738755974,261
1738755978,260
1738755981,265
1738755984,258
1738755987,267
1738755990,347
1738755993,417
1738755996,409
1738755999,402
1738756002,401
1738756005,401
1738756009,399
1738756011,406
1738756014,400
1738756017,408
1738756020,402
1738756023,401
1738756026,400
1738756030,400
1738756032,403
1738756036,373
1738756039,268
1738756042,277
1738756045,270
1738756048,264
1738756051,276
1738756054,266
1738756057,358
1738756060,415
1738756063,416
1738756066,415
1738756069,416
1738756072,397
1738756076,407
1738756078,400
1738756078,None
1738756084,403
1738756088,394
1738756091,393
1738756093,396
1738756096,397
1738756100,396
1738756103,283
1738756106,263
1738756109,258
1738756112,266
1738756115,259
1738756118,401
1738756121,410
1738756124,410
1738756127,400
1738756130,401
1738756134,392
1738756137,404
1738756140,396
1738756143,398
1738756146,402
1738756149,395
1738756149,None
1738756155,391
1738756158,398
1738756161,329
1738756164,260
1738756167,265
1738756170,258
1738756170,None
1738756176,511
1738756180,655
1738756180,None
1738756186,409
1738756188,403
1738756191,399
1738756194,397
1738756198,394
1738756201,400
1738756204,386
1738756207,402
1738756210,391
1738756212,632
1738756216,648
1738756216,None
1738756216,None
1738756225,261
1738756228,265
1738756231,260
1738756231,None
1738756237,286
1738756240,417
1738756243,408
1738756246,403
1738756249,406
1738756252,400
1738756256,401
1738756259,400
1738756262,388
1738756262,None
1738756268,396
1738756271,392
1738756274,399
1738756277,399
1738756280,393
1738756283,283
1738756286,261
1738756289,267
1738756292,258
1738756295,260
1738756298,262
1738756301,393
1738756304,413
1738756307,403
1738756310,405
1738756313,401
1738756316,400
1738756319,402
1738756322,393
1738756325,398
1738756328,391
1738756331,397
1738756335,390
1738756337,397
1738756337,None
1738756344,320
1738756347,260
1738756350,262
1738756350,None
1738756356,263
1738756356,None
1738756362,293
1738756365,414
1738756368,403
1738756371,396
1738756374,393
1738756377,389
1738756380,397
1738756384,383
1738756387,395
1738756389,389
1738756393,389
1738756396,385
1738756399,385
1738756402,361
1738756405,258
1738756407,249
1738756411,261
1738756413,249
1738756417,286
1738756420,401
1738756423,397
1738756426,443
1738756429,474
1738756432,476
1738756435,492
1738756439,484
1738756441,513
1738756444,513
1738756447,501
1738756451,476
1738756453,384
1738756456,362
1738756459,361
1738756463,361
1738756463,None
1738756463,None
1738756472,506
1738756475,503
1738756478,496
1738756481,492
1738756484,479
1738756484,None
1738756490,460
1738756493,452
1738756496,456
1738756496,None
1738756502,459
1738756505,452
1738756509,429
1738756512,323
1738756515,319
1738756518,315
1738756520,319
1738756520,None
1738756527,324
1738756530,313
1738756533,640
1738756536,716
1738756539,705
1738756543,712
1738756545,553
1738756548,465
1738756548,None
1738756554,1349
1738756557,1917
1738756561,1903
1738756563,1910
1738756567,1908
1738756569,1912
1738756572,1919
1738756575,1841
1738756578,1789
1738756582,1777
1738756585,1781
1738756588,1779
1738756591,1777
1738756594,1783
1738756597,1915
1738756600,983
1738756603,511
1738756606,508
1738756609,512
1738756612,746
1738756615,766
1738756615,None
1738756621,736
1738756624,510
1738756627,508
1738756630,508
1738756633,501
1738756636,508
1738756639,369
1738756642,379
1738756642,None
1738756648,381
1738756652,374
1738756655,376
1738756658,379
1738756661,509
1738756663,528
1738756667,516
1738756670,513
1738756673,504
1738756673,None
1738756679,511
1738756682,511
1738756685,397
1738756688,388
1738756691,381
1738756695,388
1738756697,387
1738756700,385
1738756703,521
1738756706,531
1738756709,530
1738756713,525
1738756716,525
1738756719,522
1738756722,520
1738756725,524
1738756728,516
1738756728,None
1738756735,382
1738756737,386
1738756740,376
1738756743,372
1738756746,460
1738756749,529
1738756752,520
1738756752,None
1738756758,522
1738756761,514
1738756761,None
1738756767,377
1738756771,378
1738756774,512
1738756777,520
1738756779,518
1738756783,517
1738756786,407
1738756789,382
1738756792,380
1738756794,385
1738756798,518
1738756801,529
1738756804,530
1738756807,521
1738756810,404
1738756812,376
1738756816,373
1738756819,418
1738756822,530
1738756825,521
1738756828,525
1738756831,526
1738756834,513
1738756838,438
1738756841,364
1738756843,366
1738756846,372
1738756849,369
1738756853,456
1738756856,523
1738756859,522
1738756862,522
1738756865,523
1738756868,490
1738756871,374
1738756874,375
1738756877,458
1738756880,527
1738756883,520
1738756886,392
1738756889,368
1738756889,None
1738756895,390
1738756898,461
1738756901,531
1738756904,518
1738756907,516
1738756911,515
1738756913,492
1738756916,382
1738756920,512
1738756922,629
1738756925,637
1738756928,711
1738756932,647
1738756935,522
1738756938,521
1738756941,444
1738756944,373
1738756947,370
1738756950,382
1738756953,374
1738756956,461
1738756959,532
1738756962,512
1738756966,510
1738756968,518
1738756971,485
1738756975,373
1738756977,371
1738756980,375
1738756984,436
1738756987,629
1738756990,763
1738756993,782
1738756996,701
1738756999,503
1738757002,397
1738757005,375
1738757008,370
1738757011,371
1738757014,371
1738757017,372
1738757017,None
1738757024,516
1738757026,509
1738757030,513
1738757032,506
1738757036,502
1738757038,385
1738757042,372
1738757045,363
1738757048,377
1738757051,376
1738757054,373
1738757057,516
1738757060,524
1738757063,520
1738757066,515
1738757069,442
1738757072,370
1738757075,376
1738757078,375
1738757078,None
1738757084,475
1738757087,431
1738757091,495
1738757094,531
1738757097,456
1738757099,391
1738757103,372
1738757106,381
1738757109,373
1738757112,367
1738757115,363
1738757118,366
1738757121,367
1738757124,492
1738757127,502
1738757130,488
1738757133,488
1738757136,494
1738757139,489
1738757142,367
1738757146,345
1738757149,353
1738757152,343
1738757152,None
1738757157,492
1738757161,481
1738757164,457
1738757167,348
1738757170,418
1738757173,478
1738757176,456
1738757176,None
1738757182,339
1738757186,339
1738757188,341
1738757192,348
1738757194,344
1738757197,345
1738757201,436
1738757203,506
1738757207,489
1738757210,480
1738757212,479
1738757216,482
1738757216,None
1738757222,348
1738757224,348
1738757228,339
1738757231,347
1738757234,345
1738757237,339
1738757240,340
1738757243,347
1738757246,483
1738757246,None
1738757252,490
1738757256,475
1738757258,483
1738757262,348
1738757264,346
1738757267,339
1738757270,340
1738757273,341
1738757277,343
1738757279,342
1738757283,487
1738757286,485
1738757289,456
1738757292,331
1738757295,335
1738757295,None
1738757301,421
1738757304,483
1738757307,480
1738757310,408
1738757313,330
1738757317,343
1738757319,334
1738757322,342
1738757326,336
1738757328,418
1738757332,522
1738757334,683
1738757338,728
1738757341,693
1738757344,465
1738757347,339
1738757350,335
1738757353,335
1738757356,336
1738757359,335
1738757362,330
1738757365,337
1738757369,376
1738757371,470
1738757374,490
1738757377,487
1738757381,446
1738757383,337
1738757383,None
1738757390,340
1738757392,338
1738757396,325
1738757399,425
1738757402,486
1738757405,475
1738757408,482
1738757411,397
1738757414,336
1738757417,330
1738757421,589
1738757423,594
1738757426,598
1738757429,522
1738757432,469
1738757432,None
1738757438,474
1738757441,480
1738757444,360
1738757444,None
1738757450,339
1738757453,331
1738757457,331
1738757460,343
1738757463,341
1738757466,471
1738757469,480
1738757472,477
1738757475,474
1738757478,355
1738757481,344
1738757484,329
1738757487,340
1738757490,341
1738757494,416
1738757496,479
1738757499,485
1738757503,445
1738757506,334
1738757509,331
1738757512,335
1738757515,340
1738757518,323
1738757521,335
1738757524,476
1738757527,482
1738757530,473
1738757533,474
1738757536,396
1738757540,339
1738757543,332
1738757545,326
1738757548,337
1738757551,341
1738757554,340
1738757557,361
1738757560,485
1738757563,481
1738757566,480
1738757569,445
1738757573,342
1738757576,334
1738757579,328
1738757582,343
1738757585,334
1738757588,329
1738757591,337
1738757594,468
1738757597,483
1738757600,446
1738757603,339
1738757606,411
1738757609,472
1738757612,453
1738757615,337
1738757618,331
1738757618,None
1738757624,336
1738757627,416
1738757631,487
1738757631,None
1738757637,331
1738757640,370
1738757643,486
1738757646,475
1738757649,471
1738757652,351
1738757655,333
1738757658,337
1738757661,331
1738757664,336
1738757667,326
1738757667,None
1738757673,671
1738757673,None
1738757679,668
1738757682,449
1738757685,332
1738757689,459
1738757692,466
1738757694,359
1738757698,331
1738757701,332
1738757704,343
1738757707,335
1738757710,333
1738757713,334
1738757716,335
1738757719,473
1738757722,485
1738757722,None
1738757722,None
1738757722,None
1738757734,341
1738757737,336
1738757741,329
1738757743,333
1738757746,332
1738757750,364
1738757753,484
1738757756,464
1738757759,470
1738757762,470
1738757765,345
1738757768,330
1738757772,501
1738757775,587
1738757777,583
1738757780,587
1738757783,357
1738757786,357
1738757789,485
1738757792,473
1738757796,468
1738757799,469
1738757801,345
1738757805,328
1738757808,330
1738757810,339
1738757814,323
1738757817,336
1738757817,None
1738757823,482
1738757826,480
1738757829,468
1738757833,438
1738757835,337
1738757838,355
1738757841,403
1738757844,327
1738757847,335
1738757851,330
1738757851,None
1738757856,332
1738757859,420
1738757863,490
1738757865,480
1738757869,482
1738757872,410
1738757875,337
1738757875,None
1738757881,337
1738757884,340
1738757887,335
1738757890,341
1738757893,345
1738757893,None
1738757900,489
1738757903,481
1738757905,469
1738757908,440
1738757911,398
1738757914,292
1738757918,275
1738757920,275
1738757923,242
1738757927,239
1738757930,235
1738757933,231
1738757936,233
1738757939,230
1738757942,364
1738757945,381
1738757948,374
1738757951,366
1738757954,372
1738757957,252
1738757960,232
1738757963,239
1738757967,233
1738757969,235
1738757972,253
1738757975,281
1738757979,405
1738757982,402
1738757984,400
1738757987,389
1738757991,390
1738757993,306
1738757997,362
1738758000,502
1738758003,522
1738758006,553
1738758009,443
1738758012,289
1738758015,292
1738758018,292
1738758021,368
1738758024,446
1738758027,428
1738758031,441
1738758033,397
1738758036,284
1738758039,317
1738758042,308
1738758045,311
1738758048,302
1738758052,390
1738758054,452
1738758058,453
1738758061,430
1738758064,371
1738758068,272
1738758070,264
1738758073,276
1738758076,271
1738758079,266
1738758082,269
1738758085,269
1738758088,268
1738758091,408
1738758091,None
1738758097,415
1738758100,469
1738758103,611
1738758106,657
1738758110,542
1738758112,531
1738758116,274
1738758119,272
1738758119,None
1738758125,273
1738758128,268
1738758131,411
1738758134,430
1738758137,413
1738758140,409
1738758144,384
1738758146,271
1738758149,265
1738758153,278
1738758155,273
1738758158,274
1738758161,293
1738758164,330
1738758167,443
1738758171,438
1738758174,468
1738758176,466
1738758179,333
1738758183,319
1738758183,None
1738758189,310
1738758192,301
1738758195,293
1738758198,376
1738758201,448
1738758204,442
1738758207,434
1738758207,None
1738758213,355
1738758216,296
1738758219,296
1738758223,290
1738758226,313
1738758229,311
1738758232,321
1738758235,312
1738758237,349
1738758237,None
1738758244,445
1738758247,441
1738758250,355
1738758253,288
1738758256,373
1738758259,400
1738758259,None
1738758265,284
1738758268,311
1738758271,411
1738758274,1575
1738758277,1856
1738758280,1834
1738758283,1765
1738758286,1771
1738758290,1868
1738758292,1742
1738758295,1720
1738758298,1720
1738758301,1723
1738758305,1715
1738758308,1724
1738758311,1749
1738758313,1861
1738758317,1868
1738758320,461
1738758323,456
1738758326,342
1738758329,310
1738758331,305
1738758335,311
1738758335,None
1738758341,385
1738758345,443
1738758347,434
1738758350,317
1738758353,325
1738758356,441
1738758356,None
1738758362,291
1738758366,287
1738758368,293
1738758372,294
1738758375,294
1738758377,298
1738758380,431
1738758384,435
1738758387,441
1738758390,434
1738758393,316
1738758396,343
1738758396,None
1738758402,616
1738758405,625
1738758408,622
1738758411,659
1738758411,None
1738758417,767
1738758420,767
1738758424,763
1738758426,732
1738758429,383
1738758433,370
1738758436,367
1738758439,360
1738758442,365
1738758445,363
1738758445,None
1738758445,None
1738758454,451
1738758457,518
1738758460,512
1738758463,428
1738758466,362
1738758469,368
1738758472,488
1738758476,512
1738758478,475
1738758482,365
1738758485,369
1738758488,365
1738758491,518
1738758493,511
1738758497,481
1738758500,366
1738758500,None
1738758506,363
1738758509,366
1738758512,370
1738758515,496
1738758518,519
1738758518,None
1738758524,432
1738758527,367
1738758530,362
1738758533,399
1738758536,509
1738758539,519
1738758542,478
1738758545,366
1738758549,365
1738758551,365
1738758555,362
1738758558,362
1738758560,363
1738758564,441
1738758567,516
1738758570,502
1738758570,None
1738758576,499
1738758579,422
1738758581,363
1738758585,368
1738758588,359
1738758591,366
1738758594,360
1738758594,None
1738758600,361
1738758603,450
1738758606,518
1738758609,515
1738758612,506
1738758615,485
1738758615,None
1738758621,367
1738758625,372
1738758625,None
1738758630,371
1738758633,371
1738758637,376
1738758639,459
1738758643,525
1738758646,522
1738758649,482
1738758652,370
1738758655,371
1738758658,365
1738758661,369
1738758664,373
1738758667,452
1738758670,520
1738758674,514
1738758676,476
1738758680,354
1738758682,360
1738758685,359
1738758689,510
1738758691,509
1738758695,501
1738758697,421
1738758701,356
1738758704,369
1738758707,360
1738758709,359
1738758713,398
1738758716,510
1738758719,507
1738758722,509
1738758725,510
1738758728,499
1738758731,443
1738758734,369
1738758737,369
1738758740,373
1738758743,365
1738758746,361
1738758749,365
1738758752,369
1738758755,363
1738758759,407
1738758761,506
1738758761,None
1738758768,514
1738758771,507
1738758774,458
1738758777,618
1738758777,None
1738758783,625
1738758783,None
1738758789,446
1738758792,505
1738758795,496
1738758798,474
1738758801,358
1738758805,361
1738758808,348
1738758811,355
1738758813,364
1738758816,370
1738758820,647
1738758822,745
1738758825,774
1738758829,765
1738758832,485
1738758835,368
1738758838,374
1738758841,371
1738758844,370
1738758847,369
1738758850,462
1738758853,516
1738758857,486
1738758859,388
1738758862,364
1738758865,404
1738758869,517
1738758871,439
1738758874,353
1738758877,360
1738758880,391
1738758883,505
1738758886,507
1738758890,370
1738758892,348
1738758895,357
1738758899,440
1738758899,None
1738758905,504
1738758908,475
1738758911,350
1738758914,360
1738758917,352
1738758917,None
1738758923,361
1738758926,356
1738758929,445
1738758932,513
1738758935,499
1738758938,503
1738758941,459
1738758944,359
1738758944,None
1738758950,362
1738758953,366
1738758957,363
1738758957,None
1738758963,451
1738758966,523
1738758969,514
1738758972,512
1738758975,477
1738758978,365
1738758981,366
1738758984,362
1738758987,369
1738758987,None
1738758993,444
1738758996,517
1738758999,487
1738759002,359
1738759005,368
1738759009,447
1738759011,512
1738759014,518
1738759017,504
1738759020,385
1738759023,369
1738759026,366
1738759029,362
1738759033,371
1738759035,364
1738759039,508
1738759042,510
1738759045,508
1738759048,505
1738759051,475
1738759054,361
1738759057,363
1738759057,None
1738759057,None
1738759066,364
1738759069,367
1738759073,371
1738759076,498
1738759078,514
1738759081,504
1738759084,503
1738759088,433
1738759090,363
1738759090,None
1738759090,None
1738759100,521
1738759103,508
1738759106,420
1738759109,374
1738759109,None
1738759115,578
1738759118,625
1738759121,624
1738759124,624
1738759127,554
1738759130,509
1738759134,498
1738759136,519
1738759139,389
1738759139,None
1738759146,508
1738759149,387
1738759152,370
1738759155,360
1738759158,375
1738759158,None
1738759164,364
1738759167,370
1738759170,500
1738759173,521
1738759176,507
1738759179,506
1738759182,503
1738759185,429
1738759188,365
1738759191,365
1738759194,369
1738759197,359
1738759200,366
1738759203,361
1738759207,368
1738759210,604
1738759212,783
1738759216,772
1738759219,768
1738759222,758
1738759222,None
1738759228,364
1738759231,376
1738759234,366
1738759237,373
1738759237,None
1738759244,520
1738759246,519
1738759249,497
1738759252,393
1738759255,372
1738759258,378
1738759262,518
1738759264,519
1738759267,520
1738759267,None
1738759274,373
1738759277,380
1738759280,368
1738759283,369
1738759286,365
1738759286,None
1738759292,362
1738759295,362
1738759298,397
1738759301,523
1738759304,511
1738759307,513
1738759310,510
1738759313,373
1738759316,369
1738759319,361
1738759322,361
1738759322,None
1738759329,362
1738759332,499
1738759335,515
1738759337,509
1738759341,504
1738759344,378
1738759348,369
1738759350,399
1738759353,381
1738759356,349
1738759359,371
1738759362,449
1738759365,509
1738759368,511
1738759371,526
1738759374,452
1738759377,384
1738759380,379
1738759383,517
1738759387,524
1738759389,401
1738759392,392
1738759395,378
1738759399,385
1738759401,384
1738759401,None
1738759408,386
1738759408,None
1738759414,540
1738759417,531
1738759420,521
1738759423,495
1738759426,381
1738759429,388
1738759432,385
1738759432,None
1738759438,385
1738759442,521
1738759444,538
1738759447,533
1738759447,None
1738759454,385
1738759457,393
1738759460,388
1738759463,396
1738759466,384
1738759469,398
1738759472,478
1738759475,546
1738759479,480
1738759481,449
1738759484,329
1738759487,333
1738759490,413
1738759493,483
1738759496,396
1738759499,334
1738759502,331
1738759505,334
1738759509,330
1738759511,330
1738759514,325
1738759517,477
1738759521,725
1738759524,760
1738759526,761
1738759529,754
1738759533,384
1738759536,364
1738759539,390
1738759542,433
1738759545,361
1738759548,356
1738759551,348
1738759554,393
1738759557,525
1738759557,None
1738759563,501
1738759566,503
1738759569,377
1738759573,359
1738759576,363
1738759578,368
1738759581,356
1738759585,358
1738759588,449
1738759591,515
1738759593,487
1738759597,455
1738759600,346
1738759603,351
1738759606,475
1738759609,484
1738759612,448
1738759612,None
1738759618,337
1738759622,335
1738759625,336
1738759628,333
1738759628,None
1738759633,520
1738759636,746
1738759636,None
1738759642,744
1738759645,689
1738759649,472
1738759652,347
1738759655,347
1738759658,345
1738759661,341
1738759664,347
1738759667,338
1738759670,345
1738759673,345
1738759676,496
1738759679,506
1738759683,498
1738759685,491
1738759688,490
1738759691,458
1738759694,342
1738759697,350
1738759700,348
1738759703,348
1738759707,339
1738759709,342
1738759713,348
1738759716,382
1738759719,504
1738759722,494
1738759725,492
1738759728,487
1738759731,480
1738759734,368
1738759737,323
1738759740,323
1738759743,325
1738759746,324
1738759749,319
1738759752,416
1738759755,515
1738759758,510
1738759761,518
1738759764,378
1738759767,427
1738759771,532
1738759773,427
1738759773,None
1738759780,366
1738759783,363
1738759785,372
1738759789,402
1738759792,516
1738759792,None
1738759798,428
1738759801,361
1738759804,357
1738759807,434
1738759810,424
1738759813,359
1738759816,442
1738759819,524
1738759822,519
1738759825,378
1738759825,None
1738759831,362
1738759834,517
1738759837,514
1738759840,497
1738759843,379
1738759846,350
1738759849,355
1738759852,357
1738759855,362
1738759859,371
1738759862,340
1738759865,418
1738759868,742
1738759871,752
1738759874,744
1738759877,746
1738759880,506
1738759880,None
1738759886,340
1738759889,342
1738759893,496
1738759895,486
1738759895,None
1738759901,452
1738759905,341
1738759907,337
1738759910,337
1738759914,328
1738759916,335
1738759920,330
1738759923,340
1738759926,417
1738759929,492
1738759932,484
1738759935,479
1738759938,451
1738759941,330
1738759944,337
1738759947,356
1738759950,349
1738759953,358
1738759956,439
1738759959,509
1738759962,507
1738759965,502
1738759969,506
1738759971,365
1738759974,361
1738759978,347
1738759981,425
1738759983,489
1738759987,480
1738759990,724
1738759993,615
1738759996,590
1738759999,595
1738760002,587
1738760005,593
1738760008,589
1738760012,596
1738760014,742
1738760017,763
1738760023,763
1738760024,760
1738760027,758
1738760030,735
1738760033,622
1738760036,617
1738760039,590
1738760043,588
1738760045,585
1738760048,616
1738760052,728
1738760054,723
1738760058,717
1738760061,712
1738760063,644
1738760067,576
1738760070,585
1738760073,590
1738760076,599
1738760079,725
1738760082,747
1738760085,917
1738760088,985
1738760091,978
1738760094,897
1738760097,800
1738760097,None
1738760104,692
1738760104,None
1738760109,737
1738760109,None
1738760116,735
1738760119,867
1738760121,874
1738760125,854
1738760128,804
1738760131,555
1738760134,457
1738760137,446
1738760140,435
1738760143,437
1738760146,514
1738760149,584
1738760152,544
1738760155,547
1738760158,464
1738760162,396
1738760164,396
1738760167,390
1738760170,476
1738760173,533
1738760177,531
1738760179,521
1738760182,498
1738760186,380
1738760189,374
1738760192,381
1738760195,382
1738760198,376
1738760201,386
1738760204,380
1738760207,530
1738760207,None
1738760213,553
1738760216,554
1738760219,488
1738760222,410
1738760225,419
1738760228,444
1738760231,564
1738760234,559
1738760237,551
1738760240,416
1738760243,411
1738760247,404
1738760249,411
1738760253,413
1738760256,543
1738760259,543
1738760262,537
1738760265,467
1738760268,396
1738760268,None
1738760274,512
1738760277,486
1738760280,382
1738760284,375
1738760286,367
1738760289,373
1738760292,379
1738760295,372
1738760299,670
1738760301,798
1738760304,791
1738760308,783
1738760311,518
1738760313,447
1738760317,379
1738760319,375
1738760323,373
1738760326,411
1738760329,537
1738760332,527
1738760335,518
1738760338,483
1738760341,369
1738760344,382
1738760347,376
1738760351,373
1738760353,374
1738760356,370
1738760360,375
1738760363,458
1738760365,532
1738760368,516
1738760371,515
1738760375,525
1738760378,397
1738760381,369
1738760384,373
1738760387,371
1738760390,374
1738760393,364
1738760396,514
1738760399,531
1738760402,519
1738760405,438
1738760408,413
1738760411,515
1738760414,494
1738760417,383
1738760420,376
1738760423,460
1738760423,None
1738760429,492
1738760433,371
1738760435,385
1738760438,381
1738760438,None
1738760445,538
1738760445,None
1738760451,393
1738760453,508
1738760457,511
1738760460,442
1738760463,379
1738760466,365
1738760469,377
1738760472,373
1738760475,374
1738760478,379
1738760481,412
1738760484,544
1738760487,525
1738760491,529
1738760493,514
1738760496,448
1738760499,379
1738760502,380
1738760506,395
1738760509,398
1738760512,403
1738760515,547
1738760518,726
1738760521,804
1738760524,799
1738760527,741
1738760530,748
1738760533,481
1738760536,474
1738760539,589
1738760542,677
1738760545,648
1738760545,None
1738760552,559
1738760554,490
1738760558,485
1738760561,489
1738760564,461
1738760567,458
1738760570,461
1738760573,455
1738760576,447
1738760579,457
1738760582,460
1738760585,613
1738760588,609
1738760591,629
1738760594,526
1738760597,447
1738760600,451
1738760603,518
1738760606,440
1738760609,454
1738760613,535
1738760616,595
1738760619,596
1738760621,594
1738760621,None
1738760629,452
1738760631,540
1738760634,714
1738760637,698
1738760640,706
1738760643,841
1738760646,683
1738760649,593
1738760652,470
1738760655,451
1738760658,455
1738760661,481
1738760665,452
1738760668,455
1738760670,586
1738760670,None
1738760677,592
1738760680,600
1738760683,525
1738760686,478
1738760689,482
1738760692,478
1738760695,473
1738760698,485
1738760701,474
1738760704,520
1738760707,634
1738760710,627
1738760713,621
1738760716,546
1738760719,485
1738760723,481
1738760725,488
1738760728,490
1738760728,None
1738760735,490
1738760738,478
1738760741,518
1738760744,636
1738760747,627
1738760750,628
1738760750,None
1738760750,None
1738760759,484
1738760762,486
1738760765,481
1738760768,490
1738760771,486
1738760774,477
1738760777,624
1738760780,632
1738760783,618
1738760786,625
1738760790,591
1738760793,486
1738760795,473
1738760799,518
1738760799,None
1738760799,None
1738760808,523
1738760811,522
1738760814,529
1738760817,557
1738760820,681
1738760823,668
1738760826,673
1738760829,605
1738760832,537
1738760835,530
1738760838,563
1738760841,675
1738760844,660
1738760847,651
1738760850,529
1738760853,507
1738760856,501
1738760860,504
1738760862,506
1738760865,511
1738760869,514
1738760872,500
1738760875,487
1738760875,None
1738760881,622
1738760884,612
1738760887,596
1738760890,585
1738760893,470
1738760896,453
1738760899,453
1738760902,478
1738760905,476
1738760909,475
1738760911,477
1738760914,475
1738760917,517
1738760920,634
1738760924,620
1738760927,617
1738760929,606
1738760933,483
1738760936,458
1738760939,678
1738760942,692
1738760945,694
1738760951,660
1738760954,443
1738760957,584
1738760960,590
1738760963,586
1738760966,515
1738760969,480
1738760972,460
1738760976,473
1738760979,472
1738760979,None
1738760985,636
1738760988,872
1738760991,880
1738760994,811
1738760997,736
1738761000,515
1738761003,474
1738761006,485
1738761009,489
1738761012,498
1738761015,498
1738761018,639
1738761022,632
1738761022,None
1738761027,549
1738761030,604
1738761033,612
1738761036,543
1738761039,488
1738761043,480
1738761046,476
1738761049,486
1738761051,488
1738761055,501
1738761058,512
1738761061,522
1738761065,645
1738761067,645
1738761070,616
1738761073,617
1738761077,486
1738761079,450
1738761082,451
1738761085,450
1738761088,452
1738761092,445
1738761092,None
1738761098,584
1738761101,597
1738761104,586
1738761107,582
1738761110,467
1738761113,458
1738761116,453
1738761116,None
1738761122,457
1738761125,454
1738761128,593
1738761131,603
1738761134,589
1738761137,611
1738761140,524
1738761143,474
1738761147,477
1738761149,474
1738761152,480
1738761156,474
1738761156,None
1738761162,488
1738761165,612
1738761168,658
1738761171,649
1738761174,615
1738761177,540
1738761180,470
1738761183,476
1738761186,476
1738761189,475
1738761192,471
1738761195,465
1738761198,616
1738761201,642
1738761204,636
1738761208,630
1738761211,543
1738761214,485
1738761216,486
1738761220,471
1738761223,477
1738761226,479
1738761229,474
1738761232,476
1738761235,493
1738761238,626
1738761241,629
1738761244,614
1738761247,621
1738761250,587
1738761253,474
1738761257,474
1738761259,496
1738761262,484
1738761265,476
1738761269,525
1738761272,518
1738761275,644
1738761278,653
1738761281,660
1738761284,660
1738761287,539
1738761290,519
1738761293,533
1738761296,537
1738761299,532
1738761302,534
1738761305,515
1738761308,600
1738761312,676
1738761314,660
1738761317,645
1738761320,577
1738761323,507
1738761326,517
1738761330,508
1738761332,505
1738761335,512
1738761339,588
1738761342,912
1738761345,896
1738761348,888
1738761351,719
1738761354,496
1738761357,500
1738761360,612
1738761363,611
1738761366,545
1738761369,479
1738761373,466
1738761375,466
1738761378,475
1738761381,477
1738761384,555
1738761387,625
1738761390,763
1738761393,859
1738761396,785
1738761399,743
1738761402,572
1738761405,463
1738761408,459
1738761411,461
1738761414,459
1738761418,498
1738761421,603
1738761423,607
1738761427,608
1738761430,593
1738761433,486
1738761436,458
1738761439,479
1738761442,485
1738761445,470
1738761448,482
1738761451,485
1738761454,489
1738761454,None
1738761460,616
1738761463,670
1738761466,656
1738761469,619
1738761473,490
1738761476,498
1738761479,498
1738761482,489
1738761482,None
1738761488,482
1738761491,631
1738761494,654
1738761497,639
1738761500,604
1738761503,501
1738761506,621
1738761509,514
1738761512,479
1738761515,494
1738761518,487
1738761521,478
1738761525,474
1738761527,573
1738761531,637
1738761531,None
1738761536,628
1738761540,593
1738761543,477
1738761545,490
1738761549,483
1738761552,497
1738761555,502
1738761558,490
1738761561,484
1738761564,585
1738761567,640
1738761570,632
1738761573,632
1738761576,614
1738761579,556
1738761582,476
1738761585,446
1738761588,451
1738761591,460
1738761595,452
1738761597,456
1738761601,452
1738761604,450
1738761607,537
1738761610,609
1738761613,594
1738761616,480
1738761619,453
1738761622,532
1738761625,611
1738761628,472
1738761631,457
1738761634,451
1738761634,None
1738761640,606
1738761643,604
1738761646,591
1738761649,473
1738761649,None
1738761649,None
1738761658,454
1738761661,451
1738761665,462
1738761668,486
1738761671,578
1738761674,657
1738761677,639
1738761679,623
1738761679,None
1738761686,484
1738761689,476
1738761693,487
1738761695,478
1738761698,462
1738761702,452
1738761704,455
1738761708,600
1738761711,639
1738761714,858
1738761716,863
1738761720,830
1738761720,None
1738761726,459
1738761729,455
1738761732,453
1738761735,457
1738761738,447
1738761741,456
1738761744,489
1738761747,612
1738761750,626
1738761753,635
1738761756,814
1738761759,829
1738761762,751
1738761765,754
1738761768,662
1738761772,495
1738761775,492
1738761778,533
1738761780,633
1738761783,637
1738761783,None
1738761790,632
1738761793,596
1738761796,526
1738761799,509
1738761802,505
1738761805,508
1738761808,501
1738761811,503
1738761814,529
1738761817,651
1738761822,631
1738761824,630
1738761827,637
1738761830,626
1738761833,551
1738761836,479
1738761839,479
1738761842,477
1738761845,477
1738761848,475
1738761851,483
1738761854,475
1738761854,None
1738761860,626
1738761863,624
1738761867,606
1738761869,593
1738761872,581
1738761876,481
1738761879,487
1738761882,477
1738761885,497
1738761888,493
1738761891,490
1738761894,603
1738761897,608
1738761900,603
1738761903,559
1738761906,397
1738761909,530
1738761912,536
1738761916,464
1738761918,398
1738761921,421
1738761924,440
1738761924,None
1738761931,433
1738761933,557
1738761936,574
1738761940,569
1738761943,565
1738761946,561
1738761949,473
1738761952,451
1738761952,None
1738761952,None
1738761961,447
1738761964,408
1738761968,397
1738761970,406
1738761973,546
1738761976,554
1738761979,551
1738761982,539
1738761985,512
1738761989,405
1738761992,406
1738761995,408
1738761998,399
1738762001,400
1738762004,409
1738762007,403
1738762010,534
1738762013,558
1738762016,556
1738762019,657
1738762022,1514
1738762025,1837
1738762028,1827
1738762031,1821
1738762034,1804
1738762037,1809
1738762040,1811
1738762044,1868
1738762047,1935
1738762047,None
1738762053,1922
1738762056,1923
1738762059,725
1738762062,372
1738762065,391
1738762068,383
1738762071,393
1738762074,423
1738762077,545
1738762080,520
1738762083,492
1738762086,382
1738762089,396
1738762092,498
1738762095,647
1738762098,768
1738762101,690
1738762104,629
1738762107,454
1738762111,372
1738762113,376
1738762117,369
1738762117,None
1738762123,381
1738762125,409
1738762129,520
1738762132,518
1738762134,517
1738762138,512
1738762141,440
1738762144,371
1738762147,393
1738762150,400
1738762153,399
1738762156,389
1738762159,430
1738762163,746
1738762166,790
1738762168,790
1738762171,777
1738762174,660
1738762178,458
1738762181,394
1738762184,388
1738762187,402
1738762190,391
1738762193,384
1738762196,400
1738762199,394
1738762202,394
1738762205,380
1738762205,None
1738762211,518
1738762214,510
1738762217,443
1738762220,367
1738762224,449
1738762226,514
1738762229,436
1738762232,376
1738762236,375
1738762238,452
1738762242,519
1738762242,None
1738762248,392
1738762251,371
1738762254,372
1738762257,368
1738762260,403
1738762263,502
1738762266,507
1738762269,511
1738762273,499
1738762275,480
1738762279,366
1738762282,370
1738762284,369
1738762287,364
1738762291,369
1738762293,363
1738762297,373
1738762300,373
1738762302,502
1738762302,None
1738762308,509
1738762312,507
1738762315,505
1738762315,None
1738762321,377
1738762324,372
1738762327,370
1738762330,379
1738762330,None
1738762336,519
1738762339,515
1738762342,516
1738762345,392
1738762348,375
1738762352,368
1738762354,362
1738762357,357
1738762360,445
1738762364,503
1738762366,499
1738762366,None
1738762373,423
1738762376,355
1738762378,362
1738762382,359
1738762385,358
1738762388,360
1738762391,438
1738762394,505
1738762397,496
1738762400,492
1738762403,422
1738762406,348
1738762409,359
1738762412,350
1738762415,349
1738762418,354
1738762421,483
1738762425,484
1738762427,491
1738762430,491
1738762434,415
1738762436,344
1738762439,354
1738762443,361
1738762446,461
1738762448,1458
1738762452,1581
1738762455,1588
1738762458,1576
1738762461,1543
1738762464,1466
1738762467,1456
1738762470,1449
1738762473,1455
1738762476,1456
1738762479,1538
1738762482,1597
1738762485,1589
1738762488,1583
1738762491,1501
1738762494,1448
1738762497,1441
1738762500,1442
1738762503,1448
1738762506,1460
1738762510,1589
1738762512,1604
1738762515,1713
1738762518,1732
1738762521,1708
1738762525,1792
1738762527,1726
1738762531,1595
1738762534,1592
1738762537,1449
1738762537,None
1738762543,1448
1738762546,1453
1738762549,1449
1738762552,1454
1738762555,1453
1738762555,None
1738762561,1844
1738762564,1846
1738762567,1853
1738762570,1842
1738762573,1613
1738762576,1598
1738762579,1251
1738762583,409
1738762585,758
1738762588,1477
1738762591,1463
1738762591,None
1738762597,1171
1738762601,1174
1738762604,1177
1738762607,1173
1738762610,1180
1738762613,1311
1738762616,1325
1738762620,1321
1738762622,1323
1738762625,1243
1738762629,1179
1738762632,1172
1738762634,1181
1738762638,1170
1738762640,1173
1738762640,None
1738762647,1315
1738762650,1305
1738762653,1313
1738762656,1184
1738762659,1170
1738762662,1036
1738762665,382
1738762668,378
1738762671,391
1738762674,464
1738762677,532
1738762680,525
1738762683,516
1738762686,1051
1738762689,1240
1738762693,1177
1738762695,1179
1738762698,1170
1738762702,1172
1738762705,1171
1738762708,1175
1738762711,1183
1738762714,1170
1738762717,1264
1738762720,1322
1738762723,1320
1738762726,1320
1738762729,1194
1738762732,1186
1738762735,1171
1738762738,1261
1738762741,1318
1738762744,1195
1738762747,448
1738762750,381
1738762753,512
1738762757,521
1738762760,487
1738762762,388
1738762762,None
1738762769,324
1738762772,330
1738762775,324
1738762778,327
1738762781,344
1738762784,447
1738762787,435
1738762790,449
1738762793,438
1738762796,404
1738762799,306
1738762802,306
1738762805,301
1738762808,308
1738762811,303
1738762814,324
1738762814,None
1738762820,305
1738762823,337
1738762823,None
1738762829,435
1738762833,444
1738762836,407
1738762839,295
1738762841,302
1738762845,297
1738762848,296
1738762851,293
1738762851,None
1738762858,423
1738762860,430
1738762864,428
1738762864,None
1738762869,428
1738762872,308
1738762875,289
1738762878,286
1738762881,285
1738762885,294
1738762888,481
1738762891,529
1738762893,571
1738762897,685
1738762900,442
1738762903,425
1738762906,401
1738762909,295
1738762912,282
1738762915,300
1738762915,None
1738762921,330
1738762924,340
1738762924,None
1738762930,481
1738762933,478
1738762936,474
1738762939,475
1738762942,354
1738762946,337
1738762948,333
1738762952,479
1738762954,583
1738762958,582
1738762961,583
1738762964,573
1738762967,433
1738762970,483
1738762973,479
1738762976,471
1738762979,466
1738762982,355
1738762985,339
1738762988,326
1738762991,344
1738762994,393
1738762997,397
1738763000,383
1738763004,365
1738763006,432
1738763009,464
1738763012,447
1738763016,495
1738763019,469
1738763022,369
1738763025,387
1738763027,374
1738763031,373
1738763034,378
1738763037,410
1738763040,524
1738763043,526
1738763046,511
1738763049,523
1738763052,441
1738763055,384
1738763058,376
1738763061,400
1738763064,432
1738763068,1496
1738763070,1492
1738763074,1492
1738763077,902
1738763080,525
1738763083,509
1738763086,509
1738763089,476
1738763092,371
1738763095,366
1738763098,368
1738763101,370
1738763104,358
1738763107,367
1738763110,364
1738763113,446
1738763116,513
1738763119,503
1738763122,507
1738763125,497
1738763129,363
1738763131,364
1738763134,359
1738763138,363
1738763141,371
1738763144,373
1738763146,400
1738763150,515
1738763153,517
1738763156,507
1738763159,501
1738763162,439
1738763165,370
1738763168,368
1738763171,369
1738763175,366
1738763177,364
1738763180,371
1738763183,364
1738763186,403
1738763189,520
1738763192,513
1738763195,510
1738763198,503
1738763202,381
1738763205,369
1738763208,362
1738763211,372
1738763214,365
1738763217,368
1738763220,453
1738763223,513
1738763226,504
1738763229,510
1738763232,384
1738763235,1119
1738763238,1483
1738763238,None
1738763244,1481
1738763247,1482
1738763250,1617
1738763253,1627
1738763257,1615
1738763259,1618
1738763263,1465
1738763266,1480
1738763269,1471
1738763272,1471
1738763275,1475
1738763278,1476
1738763281,1507
1738763284,1626
1738763287,1608
1738763287,None
1738763293,1533
1738763296,1530
1738763299,1780
1738763303,1727
1738763305,1726
1738763308,1510
1738763311,1472
1738763315,1504
1738763317,1629
1738763320,1616
1738763324,1617
1738763326,1548
1738763330,1458
1738763333,1410
1738763333,None
1738763339,1404
1738763342,1406
1738763345,1407
1738763348,1403
1738763351,1493
1738763354,1549
1738763357,1554
1738763360,1538
1738763363,1473
1738763366,1396
1738763370,1408
1738763372,1404
1738763375,1406
1738763379,1402
1738763379,None
1738763385,1809
1738763388,1793
1738763391,1772
1738763394,1655
1738763397,1578
1738763400,1548
1738763403,1474
1738763406,1404
1738763409,1399
1738763412,1399
1738763415,1412
1738763418,1405
1738763421,1399
1738763424,1452
1738763428,1564
1738763431,1565
1738763433,1563
1738763433,None
1738763440,1473
1738763443,1416
1738763446,1410
1738763449,1412
1738763452,1419
1738763455,1408
1738763458,1417
1738763458,None
1738763464,1564
1738763467,1560
1738763470,1525
1738763473,1464
1738763476,1410
1738763479,1407
1738763483,1411
1738763486,1402
1738763488,1408
1738763491,1488
1738763495,1555
1738763498,1544
1738763501,1460
1738763504,1392
1738763507,661
1738763510,343
1738763513,346
1738763516,571
1738763519,1404
1738763519,None
1738763525,1546
1738763528,1543
1738763531,1538
1738763534,1473
1738763538,1400
1738763541,1404
1738763543,1409
1738763546,1402
1738763549,1407
1738763553,1434
1738763556,1563
1738763558,1057
1738763561,364
1738763565,348
1738763568,474
1738763570,490
1738763574,490
1738763577,364
1738763580,354
1738763583,346
1738763586,304
1738763589,292
1738763592,296
1738763595,376
1738763598,450
1738763601,438
1738763605,436
1738763607,431
1738763611,362
1738763614,293
1738763616,301
1738763620,292
1738763623,297
1738763626,297
1738763629,298
1738763632,292
1738763635,298
1738763638,429
1738763641,442
1738763645,435
1738763647,405
1738763650,296
1738763653,327
1738763656,325
1738763659,314
1738763662,473
1738763665,460
1738763668,451
1738763671,381
1738763674,326
1738763678,319
1738763681,391
1738763683,553
1738763686,548
1738763690,553
1738763693,634
1738763696,527
1738763699,452
1738763699,None
1738763705,463
1738763708,341
1738763711,322
1738763714,307
1738763717,301
1738763720,307
1738763723,303
1738763726,306
1738763729,387
1738763732,455
1738763736,452
1738763738,439
1738763742,448
1738763745,365
1738763748,301
1738763751,309
1738763754,315
1738763757,306
1738763760,310
1738763763,303
1738763763,None
1738763769,314
1738763772,447
1738763775,445
1738763775,None
1738763781,447
1738763784,320
1738763788,308
1738763791,303
1738763794,297
1738763797,311
1738763800,306
1738763803,331
1738763806,466
1738763809,449
1738763812,450
1738763815,441
1738763818,441
1738763821,320
1738763824,302
1738763827,310
1738763830,299
1738763833,305
1738763836,306
1738763839,306
1738763842,311
1738763846,395
1738763848,456
1738763851,453
1738763851,None
1738763858,486
1738763860,622
1738763864,564
1738763867,554
1738763867,None
1738763873,588
1738763876,332
1738763879,328
1738763882,358
1738763885,477
1738763888,471
1738763891,438
1738763894,277
1738763897,272
1738763900,272
1738763904,273
1738763906,278
1738763910,401
1738763912,403
1738763916,419
1738763918,419
1738763921,330
1738763925,278
1738763927,278
1738763931,264
1738763934,274
1738763937,267
1738763940,274
1738763943,267
1738763946,405
1738763949,420
1738763952,405
1738763955,409
1738763958,398
1738763961,285
1738763964,264
1738763967,262
1738763970,260
1738763973,262
1738763976,263
1738763979,268
1738763979,None
1738763979,None
1738763979,None
1738763992,405
1738763995,404
1738763997,408
1738764001,397
1738764004,288
1738764008,255
1738764008,None
1738764014,275
1738764016,279
1738764019,277
1738764022,269
1738764025,267
1738764028,270
1738764028,None
1738764034,410
1738764038,418
1738764040,406
1738764043,402
1738764043,None
1738764050,292
1738764053,277
1738764056,267
1738764059,272
1738764062,275
1738764065,262
1738764068,270
1738764071,410
1738764074,420
1738764077,404
1738764080,407
1738764084,281
1738764086,266
1738764089,268
1738764092,268
1738764096,258
1738764099,266
1738764101,266
1738764104,349
1738764108,419
1738764110,407
1738764113,433
1738764117,656
1738764120,549
1738764123,517
1738764126,455
1738764129,262
1738764132,261
1738764135,259
1738764138,268
1738764141,259
1738764144,403
1738764147,410
1738764150,412
1738764153,405
1738764156,332
1738764159,262
1738764162,261
1738764165,262
1738764168,261
1738764172,305
1738764175,417
1738764178,450
1738764181,416
1738764184,422
1738764187,400
1738764190,349
1738764193,283
1738764196,274
1738764199,280
1738764202,283
1738764205,276
1738764208,297
1738764211,281
1738764214,271
1738764214,None
1738764214,None
1738764223,421
1738764226,440
1738764230,449
1738764232,424
1738764236,319
1738764239,304
1738764242,302
1738764245,297
1738764248,306
1738764251,319
1738764251,None
1738764257,453
1738764257,None
1738764263,432
1738764266,358
1738764269,286
1738764272,297
1738764275,298
1738764278,293
1738764281,293
1738764284,297
1738764287,297
1738764290,378
1738764293,428
1738764296,389
1738764299,295
1738764302,293
1738764305,401
1738764308,337
1738764312,270
1738764312,None
1738764317,410
1738764321,402
1738764324,371
1738764327,256
1738764330,246
1738764333,259
1738764336,463
1738764339,652
1738764342,655
1738764345,647
1738764348,535
1738764348,None
1738764348,None
1738764357,252
1738764360,249
1738764363,260
1738764366,249
1738764370,257
1738764373,256
1738764375,252
1738764378,255
1738764381,398
1738764385,402
1738764388,413
1738764390,402
1738764394,398
1738764397,326
1738764400,257
1738764403,254
1738764406,261
1738764409,266
1738764412,254
1738764415,264
1738764418,398
1738764421,401
1738764424,407
1738764427,398
1738764430,397
1738764433,274
1738764433,None
1738764440,255
1738764442,252
1738764445,262
1738764449,256
1738764452,248
1738764455,250
1738764457,247
1738764461,392
1738764461,None
1738764467,396
1738764470,347
1738764473,278
1738764476,266
1738764480,250
1738764482,241
1738764485,341
1738764488,387
1738764488,None
1738764488,None
1738764488,None
1738764500,370
1738764504,464
1738764506,676
1738764509,560
1738764513,542
1738764516,354
1738764519,287
1738764522,289
1738764525,291
1738764528,313
1738764531,385
1738764534,455
1738764537,442
1738764540,429
1738764543,410
1738764546,271
1738764549,272
1738764552,268
1738764555,275
1738764558,272
1738764561,296
1738764564,298
1738764564,None
1738764571,450
1738764574,415
1738764576,419
1738764580,412
1738764583,337
1738764586,274
1738764586,None
1738764586,None
1738764595,273
1738764598,264
1738764601,274
1738764604,266
1738764607,266
1738764610,410
1738764613,416
1738764616,414
1738764619,415
1738764622,332
1738764626,264
1738764628,277
1738764631,274
1738764634,270
1738764638,277
1738764641,279
1738764644,281
1738764647,410
1738764649,427
1738764653,422
1738764656,411
1738764658,390
1738764662,276
1738764665,274
1738764668,274
1738764671,278
1738764674,276
1738764674,None
1738764680,269
1738764683,420
1738764686,422
1738764689,412
1738764692,410
1738764696,374
1738764698,263
1738764702,268
1738764704,265
1738764704,None
1738764711,261
1738764713,272
1738764717,273
1738764720,407
1738764723,414
1738764726,412
1738764729,406
1738764732,294
1738764735,256
1738764738,264
1738764741,272
1738764744,397
1738764747,578
1738764750,614
1738764750,None
1738764756,517
1738764759,521
1738764762,281
1738764766,266
1738764768,266
1738764771,259
1738764774,302
1738764777,425
1738764781,409
1738764784,409
1738764787,403
1738764790,370
1738764793,265
1738764796,268
1738764799,260
1738764802,270
1738764805,259
1738764808,268
1738764811,261
1738764814,351
1738764817,416
1738764820,412
1738764823,398
1738764826,334
1738764829,260
1738764832,258
1738764835,269
1738764838,259
1738764842,347
1738764844,409
1738764847,410
1738764850,370
1738764854,262
1738764857,269
1738764859,268
1738764863,265
1738764866,252
1738764869,379
1738764872,435
1738764875,604
1738764878,529
1738764878,None
1738764884,470
1738764887,379
1738764890,400
1738764893,395
1738764896,261
1738764899,259
1738764902,252
1738764905,254
1738764909,247
1738764912,244
1738764915,246
1738764918,238
1738764921,248
1738764923,391
1738764927,395
1738764930,379
1738764933,373
1738764936,368
1738764939,224
1738764939,None
1738764945,229
1738764945,None
1738764951,221
1738764955,228
1738764957,362
1738764961,370
1738764964,371
1738764966,363
1738764970,285
1738764973,224
1738764976,225
1738764979,220
1738764982,227
1738764985,220
1738764988,219
1738764991,255
1738764994,382
1738764997,377
1738765000,1449
1738765003,1558
1738765006,1477
1738765009,1405
1738765012,1396
1738765015,1408
1738765018,1539
1738765022,1550
1738765024,1547
1738765028,1547
1738765031,1420
1738765033,1396
1738765037,1398
1738765040,1389
1738765043,1405
1738765045,1395
1738765049,1394
1738765052,1404
1738765055,1400
1738765058,1438
1738765061,1563
1738765064,1552
1738765068,1544
1738765070,1519
1738765073,1409
1738765076,1404
1738765079,1407
1738765082,1406
1738765085,1398
1738765088,1553
1738765092,1565
1738765094,1550
1738765098,1544
1738765101,1518
1738765104,1391
1738765107,1403
1738765110,1399
1738765113,1402
1738765116,1454
1738765119,1490
1738765122,1505
1738765125,1556
1738765128,1653
1738765131,1653
1738765134,1641
1738765137,1638
1738765141,1503
1738765141,None
1738765147,1489
1738765149,1484
1738765153,1490
1738765156,1523
1738765158,1647
1738765161,1639
1738765165,1631
1738765168,1616
1738765171,1556
1738765174,1474
1738765177,1485
1738765177,None
1738765177,None
1738765186,1476
1738765189,1474
1738765192,1471
1738765196,1507
1738765198,916
1738765201,550
1738765205,782
1738765207,786
1738765210,657
1738765214,637
1738765217,542
1738765220,280
1738765223,317
1738765226,440
1738765229,431
1738765232,425
1738765235,389
1738765238,286
1738765242,283
1738765244,282
1738765247,280
1738765250,284
1738765253,350
1738765253,None
1738765260,546
1738765263,676
1738765265,573
1738765268,428
1738765272,428
1738765275,428
1738765278,296
1738765281,292
1738765284,281
1738765287,297
1738765290,288
1738765293,289
1738765296,288
1738765299,290
1738765302,426
1738765305,443
1738765308,433
1738765311,432
1738765314,350
1738765317,281
1738765320,280
1738765323,282
1738765326,281
1738765329,287
1738765333,276
1738765336,369
1738765339,442
1738765342,423
1738765345,418
1738765348,420
1738765348,None
1738765354,279
1738765354,None
1738765360,275
1738765363,282
1738765366,286
1738765369,282
1738765372,414
1738765375,440
1738765378,434
1738765382,426
1738765384,357
1738765387,284
1738765390,294
1738765394,287
1738765396,280
1738765400,273
1738765403,286
1738765406,289
1738765409,419
1738765412,430
1738765415,426
1738765418,423
1738765422,398
1738765422,None
1738765427,273
1738765431,292
1738765433,280
1738765436,284
1738765439,283
1738765442,281
1738765445,315
1738765448,434
1738765451,423
1738765451,None
1738765458,419
1738765460,380
1738765464,291
1738765467,297
1738765470,304
1738765473,297
1738765476,305
1738765479,307
1738765482,276
1738765485,306
1738765488,453
1738765491,460
1738765494,451
1738765494,None
1738765500,450
1738765503,377
1738765506,306
1738765510,322
1738765510,None
1738765515,405
1738765518,476
1738765522,479
1738765524,478
1738765528,555
1738765530,625
1738765534,622
1738765536,615
1738765540,607
1738765543,540
1738765546,473
1738765549,478
1738765552,468
1738765555,472
1738765558,481
1738765561,468
1738765564,480
1738765567,484
1738765570,644
1738765573,638
1738765576,638
1738765579,638
1738765582,502
1738765585,486
1738765589,534
1738765591,636
1738765595,505
1738765597,485
1738765601,487
1738765605,486
1738765607,489
1738765610,575
1738765613,636
1738765616,629
1738765619,620
1738765622,605
1738765625,483
1738765629,477
1738765631,486
1738765634,708
1738765637,705
1738765637,None
1738765643,696
1738765647,705
1738765647,None
1738765653,716
1738765656,849
1738765659,773
1738765661,703
1738765665,603
1738765668,558
1738765671,438
1738765674,449
1738765677,443
1738765680,441
1738765683,587
1738765686,591
1738765689,580
1738765692,582
1738765695,469
1738765698,442
1738765701,440
1738765701,None
1738765708,439
1738765711,444
1738765714,438
1738765717,440
1738765719,576
1738765723,592
1738765726,591
1738765729,579
1738765732,511
1738765735,445
1738765738,448
1738765741,446
1738765744,441
1738765747,447
1738765751,446
1738765753,483
1738765756,595
1738765759,591
1738765762,586
1738765765,515
1738765768,449
1738765772,441
1738765774,447
1738765778,450
1738765780,435
1738765784,486
1738765787,601
1738765790,590
1738765793,586
1738765796,560
1738765799,445
1738765803,451
1738765805,447
1738765808,440
1738765811,447
1738765815,475
1738765817,584
1738765820,590
1738765823,587
1738765826,587
1738765829,468
1738765833,443
1738765833,None
1738765839,444
1738765842,453
1738765845,444
1738765848,450
1738765851,532
1738765854,596
1738765854,None
1738765860,590
1738765863,584
1738765866,582
1738765869,462
1738765872,442
1738765875,444
1738765878,440
1738765881,444
1738765884,334
1738765887,287
1738765891,295
1738765893,290
1738765897,325
1738765899,452
1738765903,438
1738765906,438
1738765909,432
1738765912,361
1738765915,291
1738765918,286
1738765921,296
1738765924,292
1738765927,292
1738765930,320
1738765933,449
1738765936,433
1738765939,432
1738765943,427
1738765945,351
1738765948,290
1738765951,290
1738765955,286
1738765958,294
1738765958,None
1738765964,287
1738765967,280
1738765969,298
1738765969,None
1738765976,441
1738765979,432
1738765982,432
1738765985,394
1738765988,307
1738765991,299
1738765994,292
1738765997,293
1738766000,280
1738766003,286
1738766006,291
1738766009,333
1738766009,None
1738766015,439
1738766018,426
1738766022,344
1738766024,298
1738766027,290
1738766031,287
1738766033,292
1738766036,425
1738766039,442
1738766043,427
1738766046,422
1738766049,403
1738766049,None
1738766055,551
1738766058,547
1738766061,447
1738766065,286
1738766067,286
1738766070,284
1738766073,291
1738766076,369
1738766079,445
1738766082,436
1738766086,430
1738766088,398
1738766092,286
1738766095,465
1738766097,545
1738766101,535
1738766104,496
1738766104,None
1738766110,435
1738766113,435
1738766116,423
1738766119,354
1738766122,287
1738766125,284
1738766128,281
1738766131,289
1738766134,284
1738766137,278
1738766140,292
1738766143,371
1738766146,441
1738766149,423
1738766152,425
1738766156,428
1738766159,347
1738766162,290
1738766164,286
1738766167,279
1738766171,289
1738766171,None
1738766177,278
1738766180,287
1738766183,423
1738766186,431
1738766189,430
1738766192,422
1738766195,400
1738766198,280
1738766201,279
1738766201,None
1738766208,283
1738766210,285
1738766214,289
1738766217,281
1738766220,418
1738766223,433
1738766223,None
1738766229,426
1738766232,429
1738766235,283
1738766238,291
1738766241,290
1738766244,298
1738766248,289
1738766250,294
1738766253,296
1738766256,288
1738766259,384
1738766262,441
1738766266,445
1738766269,437
1738766272,348
1738766274,428
1738766277,442
1738766281,449
1738766284,450
1738766287,441
1738766290,587
1738766293,598
1738766296,564
1738766299,445
1738766302,531
1738766305,593
1738766308,513
1738766311,441
1738766314,448
1738766317,446
1738766317,None
1738766323,453
1738766326,444
1738766330,536
1738766332,596
1738766332,None
1738766339,581
1738766342,578
1738766345,438
1738766348,428
1738766351,430
1738766354,437
1738766357,480
1738766360,428
1738766363,422
1738766367,418
1738766369,344
1738766372,287
1738766376,275
1738766378,287
1738766382,281
1738766385,278
1738766387,288
1738766390,283
1738766394,281
1738766397,320
1738766399,447
1738766403,425
1738766406,430
1738766408,424
1738766412,426
1738766415,418
1738766418,302
1738766421,288
1738766424,278
1738766427,287
1738766430,288
1738766433,279
1738766433,None
1738766433,None
1738766443,536
1738766446,540
1738766449,885
1738766452,835
1738766455,695
1738766458,673
1738766461,429
1738766464,418
1738766467,302
1738766470,281
1738766473,283
1738766476,287
1738766479,285
1738766483,279
1738766485,291
1738766489,362
1738766491,442
1738766494,431
1738766497,421
1738766500,426
1738766504,417
1738766506,296
1738766510,287
1738766513,276
1738766516,285
1738766519,278
1738766522,275
1738766525,284
1738766528,282
1738766531,282
1738766534,371
1738766537,438
1738766540,430
1738766543,427
1738766546,421
1738766549,349
1738766552,287
1738766555,272
1738766555,None
1738766561,281
1738766564,282
1738766567,281
1738766570,417
1738766574,438
1738766576,425
1738766580,416
1738766582,396
1738766582,None
1738766588,277
1738766591,287
1738766594,274
1738766598,286
1738766601,277
1738766604,282
1738766604,None
1738766610,436
1738766613,429
1738766616,424
1738766616,None
1738766622,339
1738766625,290
1738766628,297
1738766631,290
1738766634,277
1738766637,287
1738766640,284
1738766643,282
1738766646,366
1738766649,435
1738766653,426
1738766656,425
1738766659,351
1738766662,284
1738766662,None
1738766668,378
1738766671,432
1738766674,432
1738766677,298
1738766681,291
1738766683,281
1738766686,285
1738766690,281
1738766690,None
1738766695,284
1738766698,420
1738766701,425
1738766704,433
1738766708,347
1738766711,275
1738766713,285
1738766717,411
1738766720,401
1738766723,276
1738766725,274
1738766729,275
1738766732,358
1738766735,429
1738766738,429
1738766741,416
1738766745,303
1738766747,275
1738766750,283
1738766753,272
1738766756,283
1738766759,275
1738766762,284
1738766765,280
1738766768,283
1738766771,426
1738766774,432
1738766778,428
1738766780,390
1738766783,283
1738766787,312
1738766790,333
1738766793,281
1738766793,None
1738766799,514
1738766802,678
1738766805,684
1738766808,675
1738766808,None
1738766808,None
1738766818,288
1738766820,289
1738766823,283
1738766826,274
1738766829,294
1738766833,286
1738766836,368
1738766838,438
1738766842,427
1738766844,398
1738766848,278
1738766851,412
1738766854,681
1738766857,689
1738766859,611
1738766863,469
1738766866,280
1738766869,285
1738766872,278
1738766875,369
1738766878,433
1738766881,420
1738766885,347
1738766887,275
1738766887,None
1738766893,415
1738766896,389
1738766899,274
1738766902,276
1738766905,276
1738766908,303
1738766912,306
1738766915,306
1738766918,302
1738766921,391
1738766924,453
1738766924,None
1738766930,442
1738766933,422
1738766936,303
1738766939,309
1738766942,306
1738766945,299
1738766948,365
1738766951,435
1738766954,458
1738766957,450
1738766960,452
1738766963,373
1738766967,312
1738766969,304
1738766972,309
1738766976,317
1738766979,300
1738766982,318
1738766985,311
1738766988,310
1738766991,452
1738766994,458
1738766997,455
1738767000,454
1738767003,446
1738767006,379
1738767009,305
1738767012,315
1738767015,306
1738767018,310
1738767022,298
1738767025,305
1738767028,330
1738767031,464
1738767031,None
1738767036,616
1738767040,601
1738767042,601
1738767042,None
1738767048,519
1738767052,461
1738767055,452
1738767058,463
1738767061,456
1738767064,462
1738767068,459
1738767070,496
1738767073,618
1738767076,611
1738767079,600
1738767082,598
1738767082,None
1738767088,457
1738767091,462
1738767094,458
1738767098,465
1738767100,460
1738767103,452
1738767107,500
1738767110,448
1738767112,447
1738767116,443
1738767119,366
1738767121,304
1738767125,303
1738767127,302
1738767130,301
1738767130,None
1738767130,None
1738767140,426
1738767140,None
1738767146,438
1738767149,428
1738767152,349
1738767155,286
1738767158,277
1738767161,282
1738767164,310
1738767167,531
1738767170,535
1738767173,565
1738767176,671
1738767179,496
1738767182,427
1738767186,420
1738767188,396
1738767192,299
1738767195,287
1738767197,285
1738767200,281
1738767204,285
1738767207,287
1738767210,316
1738767213,466
1738767216,470
1738767219,475
1738767223,383
1738767225,422
1738767228,999
1738767231,982
1738767234,988
1738767237,1330
1738767237,None
1738767243,1242
1738767246,1251
1738767246,None
1738767252,1096
1738767256,1025
1738767259,945
1738767261,977
1738767265,1097
1738767268,1010
1738767270,943
1738767274,936
1738767277,969
1738767280,1089
1738767283,1039
1738767286,938
1738767289,1014
1738767292,1025
1738767295,946
1738767298,926
1738767301,924
1738767305,919
1738767307,950
1738767310,1083
1738767313,1077
1738767316,1054
1738767319,1070
1738767322,942
1738767325,911
1738767329,922
1738767331,923
1738767335,917
1738767338,909
1738767338,None
1738767344,915
1738767347,1055
1738767350,1059
1738767353,1071
1738767356,1060
1738767359,968
1738767362,913
1738767365,907
1738767365,None
1738767371,905
1738767374,998
1738767377,1055
1738767380,1055
1738767383,976
1738767386,902
1738767390,900
1738767392,896
1738767395,901
1738767399,896
1738767401,898
1738767405,991
1738767408,1055
1738767410,1047
1738767414,1035
1738767417,1039
1738767420,904
1738767423,898
1738767426,898
1738767429,890
1738767429,None
1738767435,891
1738767438,1030
1738767441,1048
1738767444,1042
1738767447,1016
1738767450,888
1738767453,885
1738767456,892
1738767459,889
1738767459,None
1738767466,907
1738767468,1038
1738767471,1040
1738767474,1022
1738767478,1005
1738767481,935
1738767484,867
1738767487,868
1738767490,871
1738767493,860
1738767496,868
1738767499,860
1738767502,865
1738767505,867
1738767505,None
1738767511,1022
1738767514,1013
1738767517,1001
1738767520,875
1738767523,816
1738767526,803
1738767529,811
1738767532,816
1738767535,810
1738767539,958
1738767541,974
1738767544,963
1738767547,932
1738767551,817
1738767554,807
1738767557,890
1738767560,953
1738767560,None
1738767566,893
1738767569,822
1738767572,874
1738767575,1074
1738767578,1071
1738767581,1328
1738767584,1208
1738767587,561
1738767591,524
1738767593,368
1738767596,371
1738767600,227
