1739113202,215
1739113206,219
1739113209,217
1739113212,218
1739113215,213
1739113218,210
1739113221,217
1739113224,211
1739113227,217
1739113230,212
1739113233,212
1739113233,None
1739113239,211
1739113242,212
1739113245,213
1739113248,213
1739113252,214
1739113254,214
1739113257,215
1739113260,215
1739113264,211
1739113267,215
1739113269,213
1739113273,216
1739113276,213
1739113279,212
1739113282,213
1739113285,213
1739113288,209
1739113291,214
1739113294,211
1739113297,212
1739113300,214
1739113303,212
1739113307,214
1739113309,213
1739113313,215
1739113316,214
1739113318,213
1739113322,206
1739113324,209
1739113328,206
1739113331,208
1739113334,204
1739113337,209
1739113340,205
1739113344,209
1739113346,210
1739113349,206
1739113353,207
1739113355,207
1739113358,205
1739113361,202
1739113364,210
1739113367,207
1739113371,203
1739113371,None
1739113377,205
1739113380,199
1739113383,208
1739113386,206
1739113389,205
1739113392,205
1739113395,205
1739113398,205
1739113402,210
1739113402,None
1739113407,205
1739113410,205
1739113413,209
1739113416,203
1739113420,207
1739113423,206
1739113426,205
1739113428,207
1739113432,206
1739113435,206
1739113438,204
1739113441,209
1739113444,202
1739113447,206
1739113450,203
1739113453,207
1739113456,207
1739113459,204
1739113462,203
1739113462,None
1739113468,205
1739113471,205
1739113475,207
1739113478,202
1739113480,207
1739113484,201
1739113487,207
1739113490,208
1739113493,209
1739113496,206
1739113499,388
1739113503,470
1739113505,462
1739113508,468
1739113511,351
1739113514,203
1739113517,210
1739113521,205
1739113523,203
1739113526,209
1739113530,205
1739113533,207
1739113533,None
1739113538,208
1739113542,201
1739113545,209
1739113548,201
1739113551,205
1739113551,None
1739113557,207
1739113560,204
1739113563,206
1739113566,202
1739113569,207
1739113572,204
1739113576,204
1739113578,202
1739113582,208
1739113585,207
1739113588,202
1739113591,207
1739113593,207
1739113597,205
1739113600,203
1739113603,205
1739113606,203
1739113609,200
1739113612,207
1739113615,198
1739113618,205
1739113621,203
1739113624,198
1739113627,209
1739113630,203
1739113633,202
1739113636,203
1739113639,208
1739113642,203
1739113646,198
1739113649,204
1739113652,208
1739113654,204
1739113658,204
1739113661,200
1739113664,206
1739113667,203
1739113669,203
1739113673,202
1739113676,207
1739113679,205
1739113682,201
1739113682,None
1739113688,204
1739113691,203
1739113694,210
1739113697,204
1739113700,202
1739113704,206
1739113706,204
1739113709,206
1739113712,207
1739113716,206
1739113718,210
1739113721,206
1739113724,208
1739113727,206
1739113730,206
1739113730,None
1739113737,205
1739113739,209
1739113743,203
1739113746,207
1739113749,205
1739113752,207
1739113752,None
1739113758,208
1739113760,206
1739113764,205
1739113767,209
1739113770,206
1739113773,210
1739113776,207
1739113779,212
1739113782,207
1739113785,210
1739113789,208
1739113792,210
1739113794,209
1739113797,211
1739113801,205
1739113804,211
1739113807,208
1739113810,212
1739113813,209
1739113816,206
1739113819,211
1739113822,206
1739113825,213
1739113828,210
1739113831,207
1739113834,211
1739113837,207
1739113840,222
1739113843,219
1739113846,219
1739113849,219
1739113852,220
1739113855,223
1739113858,217
1739113861,222
1739113864,219
1739113867,215
1739113871,220
1739113873,217
1739113877,222
1739113880,218
1739113883,223
1739113883,None
1739113889,217
1739113892,220
1739113895,218
1739113898,222
1739113901,219
1739113901,None
1739113907,224
1739113910,216
1739113913,222
1739113916,219
1739113919,215
1739113923,218
1739113925,217
1739113928,224
1739113931,218
1739113934,221
1739113938,263
1739113941,484
1739113943,483
1739113947,476
1739113949,420
1739113952,218
1739113956,218
1739113959,221
1739113961,219
1739113965,217
1739113968,222
1739113971,218
1739113974,213
1739113977,217
1739113980,222
1739113983,218
1739113986,217
1739113989,217
1739113992,222
1739113995,218
1739113998,215
1739114001,215
1739114004,229
1739114007,226
1739114010,220
1739114013,225
1739114016,226
1739114020,222
1739114023,225
1739114026,223
1739114029,221
1739114031,223
1739114034,224
1739114038,219
1739114041,226
1739114044,222
1739114047,229
1739114050,221
1739114053,226
1739114056,223
1739114059,223
1739114059,None
1739114065,216
1739114065,None
1739114071,214
1739114074,219
1739114078,215
1739114081,214
1739114084,215
1739114086,212
1739114089,218
1739114092,212
1739114096,211
1739114098,216
1739114101,212
1739114105,219
1739114108,212
1739114111,217
1739114114,220
1739114117,216
1739114120,222
1739114123,218
1739114126,215
1739114129,222
1739114132,218
1739114135,216
1739114138,222
1739114141,216
1739114144,222
1739114147,222
1739114150,218
1739114154,228
1739114157,221
1739114159,221
1739114163,227
1739114166,222
1739114169,219
1739114172,225
1739114175,221
1739114178,220
1739114181,223
1739114184,221
1739114187,223
1739114191,223
1739114193,219
1739114196,223
1739114199,221
1739114203,219
1739114205,223
1739114209,221
1739114212,224
1739114215,217
1739114218,222
1739114221,219
1739114224,221
1739114227,221
1739114230,220
1739114233,220
1739114236,220
1739114239,222
1739114239,None
1739114245,223
1739114248,220
1739114251,221
1739114254,223
1739114257,220
1739114260,224
1739114263,218
1739114267,224
1739114270,218
1739114272,225
1739114276,215
1739114278,221
1739114281,221
1739114284,219
1739114288,222
1739114291,216
1739114294,219
1739114297,214
1739114297,None
1739114303,218
1739114306,216
1739114309,221
1739114312,216
1739114315,221
1739114318,218
1739114322,220
1739114325,218
1739114327,221
1739114330,219
1739114334,222
1739114337,217
1739114340,220
1739114343,216
1739114346,221
1739114349,217
1739114352,219
1739114355,220
1739114358,218
1739114361,251
1739114364,479
1739114367,483
1739114370,480
1739114373,322
1739114376,217
1739114376,None
1739114382,217
1739114385,217
1739114385,None
1739114391,216
1739114395,221
1739114398,217
1739114400,221
1739114403,218
1739114406,215
1739114410,214
1739114413,217
1739114416,219
1739114419,213
1739114422,215
1739114425,215
1739114428,217
1739114431,213
1739114434,218
1739114437,212
1739114440,220
1739114443,211
1739114446,217
1739114449,212
1739114452,217
1739114455,213
1739114458,217
1739114461,212
1739114465,219
1739114468,211
1739114468,None
1739114474,212
1739114477,215
1739114480,213
1739114480,None
1739114486,210
1739114486,None
1739114492,215
1739114495,216
1739114498,214
1739114501,216
1739114504,219
1739114507,219
1739114510,218
1739114513,218
1739114516,222
1739114519,220
1739114522,217
1739114526,217
1739114528,219
1739114528,None
1739114535,220
1739114538,223
1739114541,227
1739114544,225
1739114547,226
1739114549,222
1739114553,222
1739114553,None
1739114553,None
1739114553,None
1739114565,219
1739114568,226
1739114571,222
1739114574,225
1739114577,220
1739114580,226
1739114583,222
1739114586,226
1739114589,223
1739114593,220
1739114596,221
1739114599,217
1739114602,222
1739114604,215
1739114608,210
1739114611,216
1739114614,211
1739114617,211
1739114617,None
1739114617,None
1739114626,213
1739114629,208
1739114632,208
1739114635,208
1739114638,207
1739114641,210
1739114645,205
1739114647,207
1739114650,205
1739114653,203
1739114656,207
1739114659,199
1739114663,207
1739114665,202
1739114669,208
1739114672,202
1739114672,None
1739114678,204
1739114681,204
1739114684,206
1739114686,206
1739114690,201
1739114693,205
1739114696,204
1739114699,206
1739114702,203
1739114705,207
1739114708,203
1739114711,208
1739114714,204
1739114714,None
1739114721,203
1739114724,293
1739114727,466
1739114729,466
1739114732,462
1739114732,None
1739114732,None
1739114742,207
1739114745,203
1739114748,202
1739114751,205
1739114754,203
1739114757,203
1739114760,206
1739114763,203
1739114766,207
1739114769,203
1739114772,201
1739114775,203
1739114778,201
1739114781,205
1739114784,203
1739114787,204
1739114790,203
1739114793,203
1739114796,205
1739114800,204
1739114802,205
1739114805,206
1739114805,None
1739114812,204
1739114815,200
1739114818,204
1739114821,203
1739114824,208
1739114827,202
1739114830,206
1739114830,None
1739114836,203
1739114839,203
1739114842,199
1739114845,205
1739114848,202
1739114851,202
1739114854,206
1739114858,202
1739114861,200
1739114861,None
1739114867,211
1739114870,202
1739114870,None
1739114876,200
1739114879,204
1739114882,205
1739114885,202
1739114888,199
1739114891,200
1739114894,198
1739114897,193
1739114900,185
1739114900,None
1739114906,192
1739114909,189
1739114909,None
1739114915,192
1739114918,186
1739114922,184
1739114924,188
1739114927,184
1739114931,180
1739114934,185
1739114937,179
1739114940,180
1739114943,180
1739114946,174
1739114949,181
1739114952,178
1739114955,175
1739114958,182
1739114961,182
1739114964,186
1739114967,186
1739114970,186
1739114973,192
1739114977,187
1739114979,193
1739114982,191
1739114985,189
1739114988,196
1739114992,193
1739114995,191
1739114997,197
1739115000,194
1739115004,196
1739115007,204
1739115010,198
1739115013,194
1739115016,198
1739115019,193
1739115022,191
1739115025,198
1739115028,195
1739115032,194
1739115034,197
1739115037,194
1739115040,199
1739115043,195
1739115046,194
1739115050,197
1739115052,195
1739115056,193
1739115059,195
1739115061,195
1739115065,198
1739115068,194
1739115071,200
1739115074,194
1739115077,197
1739115080,195
1739115083,197
1739115086,193
1739115086,None
1739115092,197
1739115095,197
1739115099,195
1739115101,196
1739115104,192
1739115107,196
1739115111,196
1739115114,192
1739115117,194
1739115120,192
1739115120,None
1739115126,194
1739115129,198
1739115132,196
1739115135,194
1739115138,206
1739115141,454
1739115144,455
1739115147,457
1739115150,442
1739115153,196
1739115157,194
1739115159,198
1739115162,194
1739115166,196
1739115168,195
1739115171,193
1739115175,195
1739115178,195
1739115181,199
1739115181,None
1739115187,198
1739115189,192
1739115194,198
1739115196,195
1739115199,195
1739115202,195
1739115205,196
1739115208,193
1739115211,198
1739115214,192
1739115214,None
1739115220,193
1739115223,196
1739115226,194
1739115229,196
1739115229,None
1739115235,196
1739115238,195
1739115242,196
1739115245,196
1739115247,194
1739115247,None
1739115247,None
1739115247,None
1739115260,195
1739115263,193
1739115266,193
1739115269,197
1739115272,192
1739115275,196
1739115278,195
1739115281,191
1739115285,193
1739115287,191
1739115291,195
1739115293,193
1739115296,189
1739115299,195
1739115302,191
1739115306,196
1739115309,193
1739115311,194
1739115315,200
1739115315,None
1739115321,198
1739115324,197
1739115327,204
1739115330,201
1739115333,199
1739115336,206
1739115339,200
1739115342,200
1739115342,None
1739115348,201
1739115351,200
1739115354,197
1739115357,202
1739115360,200
1739115363,199
1739115367,201
1739115370,201
1739115372,206
1739115376,203
1739115378,200
1739115382,203
1739115385,192
1739115388,199
1739115391,194
1739115394,199
1739115397,195
1739115400,196
1739115403,197
1739115406,192
1739115409,196
1739115412,194
1739115416,198
1739115418,193
1739115421,198
1739115424,193
1739115427,199
1739115431,194
1739115431,None
1739115436,192
1739115439,198
1739115443,194
1739115446,199
1739115449,193
1739115449,None
1739115455,197
1739115458,202
1739115461,202
1739115464,198
1739115467,204
1739115470,201
1739115473,202
1739115476,204
1739115479,202
1739115482,206
1739115482,None
1739115488,206
1739115491,202
1739115494,204
1739115497,200
1739115501,204
1739115504,203
1739115506,200
1739115509,205
1739115512,203
1739115516,203
1739115519,196
1739115522,195
1739115525,197
1739115528,194
1739115531,197
1739115534,195
1739115537,196
1739115540,195
1739115543,196
1739115546,197
1739115549,193
1739115553,201
1739115555,195
1739115559,203
1739115562,205
1739115564,203
1739115567,242
1739115567,None
1739115575,461
1739115576,462
1739115580,272
1739115583,204
1739115586,198
1739115589,208
1739115592,201
1739115595,199
1739115598,204
1739115601,205
1739115605,204
1739115607,200
1739115610,212
1739115614,207
1739115616,205
1739115619,210
1739115622,206
1739115626,200
1739115628,199
1739115632,112
1739115635,109
1739115637,106
1739115641,115
1739115644,109
1739115646,106
1739115650,111
1739115653,107
1739115656,113
1739115659,108
1739115662,112
1739115665,109
1739115668,111
1739115671,111
1739115675,109
1739115677,107
1739115680,109
1739115684,110
1739115684,None
1739115689,107
1739115693,109
1739115695,104
1739115695,None
1739115702,103
1739115704,106
1739115708,104
1739115711,107
1739115711,None
1739115717,107
1739115720,103
1739115723,105
1739115726,105
1739115729,105
1739115732,106
1739115735,107
1739115738,100
1739115741,108
1739115744,103
1739115747,103
1739115750,105
1739115753,102
1739115757,106
1739115760,101
1739115763,107
1739115767,101
1739115769,107
1739115772,103
1739115775,107
1739115778,102
1739115781,107
1739115784,104
1739115787,109
1739115790,106
1739115793,108
1739115796,105
1739115799,107
1739115799,None
1739115805,108
1739115809,106
1739115811,107
1739115814,103
1739115817,107
1739115821,102
1739115823,108
1739115827,104
1739115830,106
1739115833,106
1739115835,106
1739115839,107
1739115842,107
1739115845,104
1739115848,107
1739115852,103
1739115854,106
1739115857,102
1739115860,101
1739115863,101
1739115866,103
1739115869,107
1739115872,103
1739115876,104
1739115879,102
1739115882,100
1739115885,104
1739115888,101
1739115891,106
1739115894,102
1739115897,106
1739115900,105
1739115903,106
1739115906,101
1739115909,107
1739115913,104
1739115915,106
1739115918,105
1739115918,None
1739115924,106
1739115927,102
1739115927,None
1739115933,105
1739115936,102
1739115939,107
1739115943,100
1739115946,107
1739115949,104
1739115952,99
1739115955,109
1739115958,104
1739115961,101
1739115964,108
1739115967,104
1739115971,106
1739115973,112
1739115976,107
1739115979,104
1739115983,107
1739115983,None
1739115989,104
1739115992,108
1739115995,106
1739115998,113
1739116001,112
1739116003,342
1739116007,371
1739116010,376
1739116013,373
1739116016,234
1739116016,None
1739116022,109
1739116025,114
1739116028,109
1739116031,111
1739116034,115
1739116038,108
1739116040,113
1739116043,107
1739116046,112
1739116049,110
1739116053,113
1739116055,110
1739116059,110
1739116062,110
1739116065,112
1739116068,109
1739116071,112
1739116071,None
1739116077,111
1739116080,108
1739116083,112
1739116086,112
1739116089,111
1739116092,107
1739116095,112
1739116098,108
1739116101,112
1739116104,108
1739116107,109
1739116110,112
1739116113,111
1739116117,115
1739116119,109
1739116123,113
1739116126,110
1739116128,110
1739116132,113
1739116132,None
1739116138,108
1739116141,115
1739116144,110
1739116147,114
1739116150,113
1739116153,112
1739116156,114
1739116159,113
1739116162,117
1739116165,113
1739116168,112
1739116171,117
1739116174,112
1739116178,116
1739116178,None
1739116184,117
1739116186,113
1739116189,111
1739116192,117
1739116192,None
1739116199,116
1739116202,113
1739116205,113
1739116208,109
1739116211,116
1739116214,112
1739116217,115
1739116220,111
1739116223,115
1739116226,113
1739116229,114
1739116232,112
1739116235,113
1739116238,112
1739116241,113
1739116244,115
1739116247,113
1739116251,114
1739116253,113
1739116256,114
1739116259,112
1739116262,112
1739116266,112
1739116269,113
1739116271,113
1739116274,112
1739116278,116
1739116280,110
1739116280,None
1739116287,111
1739116290,112
1739116293,116
1739116296,113
1739116299,115
1739116302,111
1739116306,116
1739116308,114
1739116311,109
1739116314,117
1739116317,113
1739116320,111
1739116323,112
1739116326,113
1739116330,113
1739116332,115
1739116335,113
1739116335,None
1739116335,None
1739116345,111
1739116347,113
1739116351,108
1739116354,114
1739116357,106
1739116360,115
1739116363,109
1739116366,109
1739116369,109
1739116372,110
1739116375,112
1739116378,110
1739116381,109
1739116385,112
1739116388,107
1739116391,111
1739116393,111
1739116397,109
1739116400,109
1739116402,106
1739116402,None
1739116409,105
1739116409,None
1739116415,107
1739116418,111
1739116423,111
1739116424,113
1739116427,108
1739116431,111
1739116433,106
1739116436,112
1739116440,108
1739116442,111
1739116445,109
1739116449,113
1739116451,110
1739116454,115
1739116457,111
1739116461,112
1739116464,113
1739116467,113
1739116470,110
1739116473,112
1739116476,209
1739116479,375
1739116483,375
1739116485,377
1739116489,152
1739116492,115
1739116494,111
1739116497,113
1739116500,114
1739116503,109
1739116506,114
1739116510,112
1739116513,114
1739116515,112
1739116519,111
1739116522,115
1739116525,114
1739116528,108
1739116531,114
1739116531,None
1739116537,109
1739116540,115
1739116543,110
1739116546,110
1739116546,None
1739116552,107
1739116555,113
1739116558,110
1739116561,107
1739116564,116
1739116567,112
1739116570,107
1739116573,116
1739116576,111
1739116579,107
1739116583,111
1739116586,119
1739116589,117
1739116589,None
1739116595,203
1739116598,219
1739116601,220
1739116604,217
1739116607,209
1739116610,201
1739116613,208
1739116617,203
1739116619,202
1739116622,204
1739116625,197
1739116628,196
1739116631,197
1739116635,193
1739116637,193
1739116640,187
1739116644,187
1739116647,183
1739116650,180
1739116653,180
1739116656,172
1739116659,173
1739116662,170
1739116665,173
1739116668,167
1739116671,173
1739116674,170
1739116677,172
1739116680,166
1739116683,171
1739116686,168
1739116689,172
1739116692,170
1739116692,None
1739116699,169
1739116699,None
1739116705,171
1739116708,175
1739116708,None
1739116714,172
1739116718,165
1739116718,None
1739116723,165
1739116726,173
1739116726,None
1739116732,169
1739116735,168
1739116739,172
1739116741,168
1739116741,None
1739116747,167
1739116751,173
1739116754,167
1739116756,171
1739116759,170
1739116763,169
1739116766,169
1739116766,None
1739116772,170
1739116775,166
1739116778,171
1739116781,167
1739116784,167
1739116787,172
1739116790,168
1739116793,170
1739116796,174
1739116799,167
1739116802,164
1739116805,167
1739116809,174
1739116812,172
1739116815,168
1739116818,167
1739116821,168
1739116824,167
1739116827,168
1739116830,168
1739116833,173
1739116836,176
1739116839,172
1739116842,166
1739116845,167
1739116848,167
1739116851,163
1739116854,163
1739116858,158
1739116860,158
1739116863,159
1739116867,162
1739116870,167
1739116873,167
1739116875,167
1739116878,172
1739116882,167
1739116884,374
1739116884,None
1739116891,420
1739116894,423
1739116897,368
1739116900,166
1739116903,163
1739116903,None
1739116909,173
1739116912,167
1739116915,164
1739116918,169
1739116918,None
1739116925,167
1739116928,171
1739116930,166
1739116930,None
1739116936,169
1739116939,170
1739116943,169
1739116945,170
1739116949,168
1739116952,171
1739116955,166
1739116958,173
1739116961,169
1739116961,None
1739116967,172
1739116970,168
1739116973,172
1739116976,171
1739116976,None
1739116982,169
1739116985,166
1739116988,167
1739116992,167
1739116994,169
1739116997,166
1739117000,171
1739117003,170
1739117006,166
1739117009,167
1739117013,166
1739117015,166
1739117019,165
1739117021,169
1739117021,None
1739117028,168
1739117031,164
1739117034,163
1739117037,168
1739117040,164
1739117043,167
1739117046,167
1739117049,166
1739117052,163
1739117055,167
1739117058,164
1739117058,None
1739117065,165
1739117065,None
1739117071,165
1739117073,170
1739117077,167
1739117080,171
1739117084,168
1739117086,168
1739117086,None
1739117092,168
1739117095,173
1739117098,168
1739117102,173
1739117104,168
1739117107,171
1739117110,170
1739117113,166
1739117116,174
1739117119,169
1739117122,170
1739117122,None
1739117129,170
1739117132,170
1739117135,166
1739117137,169
1739117141,168
1739117144,164
1739117147,168
1739117150,166
1739117153,164
1739117156,169
1739117159,166
1739117162,169
1739117165,169
1739117168,166
1739117171,169
1739117174,170
1739117177,165
1739117180,161
1739117183,170
1739117186,164
1739117189,167
1739117192,169
1739117195,165
1739117199,162
1739117199,None
1739117205,165
1739117208,165
1739117211,159
1739117214,167
1739117217,165
1739117220,163
1739117223,168
1739117226,168
1739117229,165
1739117232,168
1739117235,167
1739117238,163
1739117238,None
1739117238,None
1739117247,164
1739117250,168
1739117253,165
1739117256,171
1739117259,166
1739117263,167
1739117265,166
1739117268,164
1739117272,169
1739117272,None
1739117278,168
1739117281,167
1739117284,159
1739117287,169
1739117290,165
1739117293,164
1739117296,169
1739117299,165
1739117302,166
1739117305,170
1739117308,166
1739117311,164
1739117314,169
1739117314,None
1739117321,164
1739117323,168
1739117323,None
1739117330,162
1739117332,169
1739117336,166
1739117339,162
1739117342,169
1739117345,165
1739117348,167
1739117351,167
1739117354,164
1739117357,170
1739117360,164
1739117363,170
1739117366,168
1739117369,166
1739117372,170
1739117375,166
1739117375,None
1739117382,165
1739117384,163
1739117387,166
1739117391,164
1739117393,168
1739117396,164
1739117400,167
1739117403,165
1739117405,161
1739117409,167
1739117412,166
1739117415,162
1739117418,166
1739117421,158
1739117424,241
1739117427,424
1739117430,422
1739117433,425
1739117436,352
1739117436,None
1739117442,163
1739117445,161
1739117448,164
1739117452,161
1739117455,164
1739117458,162
1739117460,159
1739117464,164
1739117467,163
1739117470,157
1739117473,167
1739117476,162
1739117479,156
1739117479,None
1739117485,162
1739117488,159
1739117491,168
1739117494,162
1739117494,None
1739117500,168
1739117503,162
1739117506,161
1739117509,161
1739117512,167
1739117516,162
1739117518,161
1739117521,158
1739117524,166
1739117527,161
1739117530,162
1739117533,158
1739117536,168
1739117540,161
1739117543,156
1739117546,162
1739117549,163
1739117552,160
1739117555,163
1739117558,161
1739117561,160
1739117565,165
1739117567,159
1739117570,163
1739117573,159
1739117576,162
1739117580,159
1739117582,164
1739117582,None
1739117588,162
1739117591,161
1739117594,161
1739117598,163
1739117600,161
1739117603,163
1739117607,160
1739117610,164
1739117613,161
1739117616,164
1739117619,160
1739117621,163
1739117625,161
1739117628,162
1739117631,161
1739117634,157
1739117638,160
1739117640,155
1739117643,164
1739117647,159
1739117649,160
1739117652,163
1739117656,157
1739117659,167
1739117661,164
1739117664,158
1739117667,166
1739117671,159
1739117674,161
1739117676,162
1739117676,None
1739117683,163
1739117686,159
1739117689,165
1739117692,161
1739117695,163
1739117698,164
1739117701,159
1739117704,162
1739117707,159
1739117710,162
1739117713,161
1739117716,164
1739117716,None
1739117722,164
1739117726,158
1739117729,164
1739117732,161
1739117735,165
1739117738,158
1739117741,162
1739117744,160
1739117747,165
1739117750,160
1739117753,160
1739117757,160
1739117759,161
1739117762,161
1739117765,157
1739117768,163
1739117771,160
1739117774,155
1739117777,161
1739117780,160
1739117783,156
1739117786,161
1739117790,159
1739117793,156
1739117796,162
1739117799,159
1739117802,156
1739117805,165
1739117808,160
1739117811,159
1739117814,158
1739117818,164
1739117820,160
1739117823,156
1739117826,160
1739117829,163
1739117832,160
1739117836,156
1739117838,158
1739117841,161
1739117845,158
1739117848,158
1739117848,None
1739117854,301
1739117856,419
1739117859,421
1739117863,386
1739117866,163
1739117866,None
1739117866,None
1739117875,162
1739117878,158
1739117881,161
1739117884,158
1739117888,163
1739117890,160
1739117894,160
1739117896,161
1739117899,157
1739117902,159
1739117905,159
1739117908,161
1739117911,160
1739117914,156
1739117918,164
1739117920,158
1739117923,156
1739117926,168
1739117926,None
1739117932,168
1739117935,169
1739117938,165
1739117942,172
1739117944,166
1739117947,170
1739117951,166
1739117954,165
1739117957,169
1739117960,166
1739117963,171
1739117966,167
1739117966,None
1739117972,171
1739117975,167
1739117978,167
1739117981,171
1739117984,164
1739117988,171
1739117991,162
1739117993,157
1739117997,163
1739118000,155
1739118000,None
1739118006,159
1739118009,155
1739118012,161
1739118015,155
1739118015,None
1739118022,158
1739118024,159
1739118027,159
1739118030,158
1739118033,169
1739118037,165
1739118040,172
1739118043,168
1739118046,176
1739118049,171
1739118049,None
1739118055,173
1739118058,182
1739118061,187
1739118064,188
1739118064,None
1739118070,188
1739118073,190
1739118076,189
1739118079,186
1739118082,191
1739118082,None
1739118088,190
1739118091,187
1739118094,190
1739118097,186
1739118101,193
1739118103,182
1739118107,187
1739118109,181
1739118112,184
1739118116,181
1739118119,177
1739118122,184
1739118125,181
1739118128,175
1739118128,None
1739118134,180
1739118137,170
1739118140,179
1739118143,174
1739118146,174
1739118149,182
1739118152,179
1739118156,179
1739118158,178
1739118162,183
1739118165,182
1739118167,179
1739118171,176
1739118173,185
1739118176,180
1739118180,176
1739118183,181
1739118186,179
1739118189,177
1739118192,182
1739118195,189
1739118198,187
1739118198,None
1739118204,190
1739118207,183
1739118211,188
1739118213,191
1739118216,185
1739118220,196
1739118223,197
1739118226,197
1739118229,198
1739118229,None
1739118235,200
1739118237,194
1739118241,201
1739118241,None
1739118247,199
1739118247,None
1739118253,433
1739118257,450
1739118259,448
1739118259,None
1739118265,198
1739118268,193
1739118271,189
1739118275,192
1739118277,189
1739118280,192
1739118284,191
1739118286,193
1739118290,188
1739118293,186
1739118296,189
1739118299,190
1739118302,191
1739118305,189
1739118308,189
1739118311,179
1739118311,None
1739118317,180
1739118320,178
1739118323,175
1739118326,170
1739118329,174
1739118333,173
1739118336,178
1739118339,172
1739118342,176
1739118345,169
1739118348,176
1739118350,170
1739118354,175
1739118354,None
1739118360,171
1739118363,176
1739118366,171
1739118369,171
1739118372,175
1739118375,168
1739118378,177
1739118381,172
1739118385,173
1739118387,172
1739118390,169
1739118394,176
1739118396,167
1739118400,175
1739118402,173
1739118405,172
1739118408,173
1739118411,171
1739118411,None
1739118418,172
1739118421,175
1739118424,175
1739118427,171
1739118430,175
1739118433,172
1739118436,175
1739118439,173
1739118442,174
1739118445,173
1739118445,None
1739118451,176
1739118454,173
1739118454,None
1739118460,177
1739118463,173
1739118466,170
1739118469,179
1739118473,173
1739118476,172
1739118478,175
1739118482,173
1739118485,171
1739118488,175
1739118491,175
1739118494,173
1739118497,171
1739118500,177
1739118503,172
1739118506,175
1739118509,173
1739118513,171
1739118516,173
1739118518,174
1739118521,176
1739118525,173
1739118527,172
1739118531,174
1739118534,172
1739118536,178
1739118540,173
1739118543,174
1739118546,175
1739118549,173
1739118552,177
1739118555,173
1739118558,172
1739118561,172
1739118564,172
1739118567,174
1739118570,172
1739118573,172
1739118576,176
1739118579,172
1739118582,172
1739118585,176
1739118589,169
1739118591,169
1739118595,176
1739118597,173
1739118601,165
1739118603,167
1739118607,177
1739118609,172
1739118613,171
1739118616,168
1739118619,175
1739118622,176
1739118625,167
1739118628,166
1739118632,166
1739118634,178
1739118637,179
1739118640,177
1739118643,172
1739118647,175
1739118649,173
1739118652,170
1739118656,169
1739118659,366
1739118661,430
1739118665,431
1739118665,None
1739118671,265
1739118674,184
1739118677,162
1739118680,161
1739118683,172
1739118686,168
1739118689,170
1739118692,168
1739118695,168
1739118698,167
1739118701,162
1739118704,161
1739118707,170
1739118711,184
1739118713,184
1739118716,190
1739118720,167
1739118723,178
1739118726,183
1739118729,183
1739118732,182
1739118735,182
1739118738,184
1739118741,184
1739118744,182
1739118747,182
1739118750,188
1739118753,187
1739118757,184
1739118759,189
1739118763,186
1739118766,192
1739118768,196
1739118771,189
1739118775,194
1739118778,195
1739118781,191
1739118784,199
1739118787,193
1739118790,200
1739118793,193
1739118796,188
1739118799,199
1739118802,193
1739118805,193
1739118808,198
1739118812,190
1739118814,196
1739118817,191
1739118820,189
1739118823,192
1739118826,189
1739118830,195
1739118833,191
1739118836,188
1739118839,194
1739118842,189
1739118845,188
1739118848,185
1739118851,193
1739118854,187
1739118857,187
1739118860,182
1739118863,193
1739118866,188
1739118869,183
1739118872,187
1739118876,184
1739118878,187
1739118882,183
1739118885,186
1739118887,188
1739118890,186
1739118894,188
1739118897,185
1739118897,None
1739118903,184
1739118903,None
1739118909,177
1739118912,183
1739118912,None
1739118918,182
1739118921,178
1739118924,181
1739118927,178
1739118930,179
1739118933,179
1739118937,179
1739118937,None
1739118943,181
1739118946,183
1739118949,182
1739118949,None
1739118955,185
1739118958,181
1739118961,180
1739118964,187
1739118967,181
1739118970,181
1739118973,447
1739118976,444
1739118979,437
1739118982,447
1739118985,423
1739118989,179
1739118992,186
1739118994,183
1739118997,180
1739119001,187
1739119004,183
1739119007,179
1739119010,181
1739119013,183
1739119016,179
1739119019,177
1739119022,185
1739119025,182
1739119028,179
1739119031,187
1739119034,181
1739119038,182
1739119041,188
1739119043,181
1739119047,179
1739119050,186
1739119053,181
1739119056,180
1739119056,None
1739119062,181
1739119065,179
1739119068,186
1739119071,181
1739119074,176
1739119077,181
1739119080,181
1739119083,181
1739119086,187
1739119089,182
1739119092,180
1739119095,180
1739119098,185
1739119101,181
1739119104,177
1739119108,185
1739119111,180
1739119113,174
1739119117,186
1739119120,182
1739119123,177
1739119123,None
1739119128,183
1739119132,181
1739119132,None
1739119138,183
1739119141,181
1739119144,176
1739119147,186
1739119150,182
1739119153,180
1739119156,182
1739119159,186
1739119162,183
1739119165,181
1739119168,189
1739119171,182
1739119174,181
1739119177,187
1739119181,182
1739119183,182
1739119187,187
1739119190,184
1739119192,187
1739119192,None
1739119199,185
1739119202,181
1739119205,188
1739119208,186
1739119211,184
1739119214,185
1739119214,None
1739119220,184
1739119220,None
1739119220,None
1739119229,185
1739119232,186
1739119235,184
1739119238,186
1739119241,184
1739119244,178
1739119247,180
1739119250,174
1739119254,180
1739119256,176
1739119259,176
1739119259,None
1739119265,175
1739119269,178
1739119272,174
1739119275,180
1739119278,177
1739119281,174
1739119284,180
1739119287,173
1739119290,178
1739119290,None
1739119296,171
1739119299,180
1739119302,174
1739119305,176
1739119308,176
1739119308,None
1739119314,181
1739119317,178
1739119320,181
1739119324,180
1739119326,176
1739119329,181
1739119333,174
1739119335,176
1739119338,178
1739119342,177
1739119345,178
1739119348,179
1739119351,179
1739119354,177
1739119357,181
1739119361,180
1739119363,181
1739119366,176
1739119369,180
1739119372,178
1739119375,182
1739119379,181
1739119381,179
1739119384,178
1739119387,176
1739119391,180
1739119394,178
1739119397,181
1739119400,176
1739119403,178
1739119406,176
1739119409,175
1739119412,179
1739119415,177
1739119418,179
1739119421,180
1739119424,441
1739119427,439
1739119430,445
1739119433,424
1739119437,182
1739119439,182
1739119442,188
1739119445,180
1739119445,None
1739119452,173
1739119455,179
1739119458,181
1739119461,178
1739119464,175
1739119464,None
1739119470,179
1739119473,174
1739119477,181
1739119479,177
1739119482,176
1739119486,182
1739119489,177
1739119491,178
1739119491,None
1739119497,179
1739119497,None
1739119503,178
1739119506,182
1739119510,178
1739119513,182
1739119516,176
1739119518,177
1739119522,178
1739119522,None
1739119528,176
1739119528,None
1739119534,178
1739119537,181
1739119540,176
1739119543,180
1739119546,176
1739119549,178
1739119552,178
1739119555,178
1739119558,178
1739119561,179
1739119564,180
1739119567,178
1739119571,180
1739119574,176
1739119577,180
1739119580,177
1739119583,176
1739119586,178
1739119589,175
1739119592,181
1739119595,176
1739119598,179
1739119602,177
1739119604,176
1739119607,183
1739119610,176
1739119613,181
1739119616,178
1739119619,176
1739119622,182
1739119625,177
1739119628,181
1739119631,178
1739119634,176
1739119634,None
1739119640,176
1739119643,176
1739119646,178
1739119650,180
1739119653,178
1739119655,178
1739119658,182
1739119662,173
1739119665,180
1739119668,176
1739119671,180
1739119674,175
1739119677,179
1739119680,178
1739119683,180
1739119686,177
1739119689,182
1739119692,179
1739119695,182
1739119698,177
1739119698,None
1739119705,177
1739119707,179
1739119710,179
1739119714,181
1739119717,179
1739119720,180
1739119723,183
1739119726,178
1739119729,178
1739119732,180
1739119735,180
1739119738,181
1739119741,177
1739119744,180
1739119747,177
1739119750,180
1739119753,181
1739119756,182
1739119759,178
1739119763,178
1739119765,182
1739119768,176
1739119772,182
1739119775,178
1739119778,180
1739119781,180
1739119784,178
1739119787,182
1739119790,175
1739119793,179
1739119796,179
1739119799,181
1739119802,179
1739119805,174
1739119808,180
1739119812,175
1739119814,177
1739119818,381
1739119820,438
1739119824,445
1739119827,440
1739119830,190
1739119833,180
1739119836,178
1739119839,176
1739119842,176
1739119845,181
1739119848,178
1739119851,173
1739119854,180
1739119857,179
1739119860,176
1739119860,None
1739119866,178
1739119869,174
1739119872,181
1739119876,174
1739119879,179
1739119882,178
1739119885,179
1739119888,176
1739119888,None
1739119894,177
1739119897,177
1739119897,None
1739119903,178
1739119906,178
1739119909,175
1739119912,179
1739119915,178
1739119918,180
1739119922,180
1739119925,177
1739119927,175
1739119931,178
1739119933,176
1739119937,178
1739119940,177
1739119943,180
1739119946,175
1739119949,180
1739119951,174
1739119955,179
1739119958,176
1739119961,179
1739119961,None
1739119967,174
1739119970,181
1739119973,174
1739119976,178
1739119979,176
1739119982,175
1739119985,182
1739119985,None
1739119991,180
1739119995,173
1739119997,174
1739120000,175
1739120004,173
1739120006,175
1739120010,173
1739120013,178
1739120016,173
1739120019,177
1739120022,176
1739120025,179
1739120025,None
1739120031,173
1739120034,179
1739120037,174
1739120040,176
1739120043,173
1739120046,180
1739120049,172
1739120052,179
1739120055,175
1739120058,178
1739120062,177
1739120065,172
1739120068,177
1739120068,None
1739120074,175
1739120077,177
1739120080,173
1739120083,174
1739120086,179
1739120089,175
1739120089,None
1739120095,179
1739120098,176
1739120101,173
1739120104,179
1739120104,None
1739120110,174
1739120114,177
1739120117,173
1739120120,175
1739120123,175
1739120126,172
1739120126,None
1739120132,174
1739120135,175
1739120138,177
1739120141,175
1739120144,177
1739120147,175
1739120150,178
1739120153,173
1739120156,178
1739120159,174
1739120162,178
1739120165,175
1739120165,None
1739120165,None
1739120175,178
1739120177,171
1739120180,176
1739120184,174
1739120187,178
1739120190,175
1739120193,174
1739120196,173
1739120199,177
1739120202,174
1739120205,176
1739120208,173
1739120211,178
1739120214,174
1739120218,178
1739120220,175
1739120224,377
1739120226,441
1739120230,435
1739120233,442
1739120236,172
1739120239,176
1739120242,174
1739120245,173
1739120248,177
1739120251,173
1739120254,176
1739120257,172
1739120260,180
1739120260,None
1739120267,170
1739120270,178
1739120272,172
1739120275,174
1739120279,174
1739120282,175
1739120284,176
1739120288,170
1739120291,178
1739120294,174
1739120297,175
1739120300,176
1739120303,170
1739120306,179
1739120309,172
1739120312,178
1739120315,172
1739120318,175
1739120321,172
1739120324,176
1739120327,174
1739120330,176
1739120333,174
1739120336,176
1739120339,177
1739120342,172
1739120345,178
1739120349,172
1739120352,176
1739120355,173
1739120355,None
1739120361,173
1739120364,173
1739120367,174
1739120370,166
1739120373,166
1739120376,160
1739120379,164
1739120382,162
1739120385,162
1739120388,167
1739120388,None
1739120394,158
1739120398,165
1739120400,158
1739120403,163
1739120407,162
1739120410,162
1739120412,162
1739120412,None
1739120419,165
1739120422,161
1739120422,None
1739120428,163
1739120431,158
1739120434,164
1739120437,161
1739120440,163
1739120443,166
1739120446,161
1739120449,165
1739120452,161
1739120455,159
1739120458,165
1739120458,None
1739120465,161
1739120468,157
1739120471,167
1739120474,161
1739120477,161
1739120480,164
1739120483,162
1739120486,156
1739120489,158
1739120493,160
1739120493,None
1739120493,None
1739120501,161
1739120504,168
1739120507,168
1739120511,166
1739120513,168
1739120516,167
1739120520,168
1739120523,169
1739120526,167
1739120529,166
1739120532,172
1739120535,165
1739120538,172
1739120542,165
1739120544,167
1739120547,166
1739120550,167
1739120553,168
1739120556,170
1739120556,None
1739120562,173
1739120565,167
1739120568,167
1739120568,None
1739120574,167
1739120577,167
1739120580,171
1739120583,166
1739120586,169
1739120590,168
1739120593,168
1739120595,166
1739120599,171
1739120599,None
1739120605,167
1739120608,165
1739120611,171
1739120614,167
1739120617,166
1739120620,173
1739120623,167
1739120626,164
1739120629,169
1739120632,167
1739120635,166
1739120638,168
1739120642,166
1739120645,172
1739120648,168
1739120650,166
1739120654,171
1739120656,167
1739120659,165
1739120663,389
1739120666,429
1739120669,430
1739120672,435
1739120675,167
1739120678,162
1739120682,173
1739120684,174
1739120684,None
1739120690,168
1739120693,169
1739120696,171
1739120699,167
1739120702,168
1739120705,172
1739120708,169
1739120711,168
1739120714,171
1739120717,164
1739120720,169
1739120720,None
1739120720,None
1739120730,167
1739120733,164
1739120736,171
1739120739,166
1739120742,168
1739120745,167
1739120748,164
1739120751,170
1739120754,168
1739120757,164
1739120760,169
1739120763,167
1739120766,166
1739120769,171
1739120773,168
1739120775,164
1739120779,173
1739120781,168
1739120784,165
1739120787,173
1739120791,170
1739120794,166
1739120797,175
1739120800,168
1739120803,169
1739120806,170
1739120809,170
1739120812,168
1739120815,166
1739120818,170
1739120821,168
1739120824,164
1739120827,169
1739120827,None
1739120833,168
1739120837,168
1739120839,170
1739120843,168
1739120845,167
1739120849,173
1739120849,None
1739120849,None
1739120857,172
1739120861,166
1739120864,172
1739120867,169
1739120870,166
1739120873,174
1739120876,168
1739120879,166
1739120882,171
1739120885,166
1739120888,169
1739120891,172
1739120894,167
1739120897,171
1739120900,168
1739120904,170
1739120906,172
1739120909,170
1739120913,171
1739120915,169
1739120919,175
1739120922,169
1739120925,170
1739120928,175
1739120931,170
1739120934,173
1739120937,134
1739120940,110
1739120944,116
1739120946,112
1739120949,112
1739120953,116
1739120953,None
1739120959,111
1739120962,113
1739120965,109
1739120968,113
1739120971,111
1739120974,111
1739120977,115
1739120977,None
1739120983,109
1739120986,117
1739120989,111
1739120992,109
1739120995,113
1739120998,110
1739121001,113
1739121004,111
1739121007,109
1739121010,115
1739121014,115
1739121016,115
1739121019,117
1739121023,119
1739121026,117
1739121028,117
1739121032,117
1739121035,118
1739121037,122
1739121041,118
1739121044,118
1739121047,118
1739121050,119
1739121053,118
1739121053,None
1739121059,119
1739121062,113
1739121065,119
1739121068,114
1739121072,119
1739121075,112
1739121077,115
1739121080,107
1739121083,111
1739121087,110
1739121090,114
1739121092,110
1739121096,113
1739121099,111
1739121102,111
1739121105,113
1739121108,112
1739121111,115
1739121114,110
1739121117,114
1739121120,111
1739121123,248
1739121127,374
1739121130,371
1739121132,369
1739121135,197
1739121139,108
1739121142,112
1739121144,112
1739121147,110
1739121151,115
1739121154,110
1739121157,108
1739121160,114
1739121163,110
1739121166,107
1739121169,114
1739121172,111
1739121175,108
1739121178,110
1739121181,114
1739121184,111
1739121187,108
1739121190,114
1739121193,112
1739121196,109
1739121200,107
1739121202,116
1739121206,109
1739121209,104
1739121212,115
1739121215,110
1739121218,109
1739121221,116
1739121224,109
1739121227,115
1739121230,111
1739121234,115
1739121237,110
1739121239,111
1739121242,112
1739121242,None
1739121249,113
1739121251,109
1739121254,114
1739121258,110
1739121260,112
1739121264,110
1739121264,None
1739121270,110
1739121273,110
1739121276,113
1739121279,109
1739121282,114
1739121285,111
1739121288,112
1739121291,104
1739121294,114
1739121297,110
1739121300,107
1739121304,111
1739121306,107
1739121309,113
1739121312,110
1739121316,105
1739121319,116
1739121322,110
1739121325,105
1739121325,None
1739121331,110
1739121334,109
1739121337,113
1739121340,111
1739121343,110
1739121347,107
1739121350,115
1739121352,111
1739121356,108
1739121359,114
1739121362,110
1739121365,109
1739121368,114
1739121371,110
1739121374,107
1739121377,114
1739121380,110
1739121380,None
1739121386,112
1739121389,110
1739121392,107
1739121395,114
1739121398,110
1739121401,109
1739121405,110
1739121407,111
1739121410,107
1739121413,114
1739121416,112
1739121419,111
1739121423,111
1739121425,117
1739121429,110
1739121432,108
1739121435,115
1739121438,111
1739121441,106
1739121444,115
1739121447,110
1739121450,113
1739121453,110
1739121456,111
1739121459,109
1739121462,108
1739121462,None
1739121468,108
1739121468,None
1739121474,109
1739121477,116
1739121480,111
1739121480,None
1739121486,113
1739121490,106
1739121492,108
1739121492,None
1739121492,None
1739121501,110
1739121501,None
1739121508,110
1739121511,109
1739121514,106
1739121517,113
1739121520,212
1739121520,None
1739121520,None
1739121520,None
1739121532,153
1739121535,109
1739121538,105
1739121541,112
1739121544,110
1739121547,107
1739121550,112
1739121553,110
1739121557,109
1739121559,109
1739121563,108
1739121565,109
1739121569,109
1739121571,108
1739121575,112
1739121578,111
1739121581,107
1739121584,101
1739121587,97
1739121590,105
1739121593,100
1739121593,None
1739121599,98
1739121602,105
1739121605,101
1739121608,102
1739121611,100
1739121615,102
1739121617,100
1739121621,102
1739121623,100
1739121626,107
1739121629,107
1739121632,104
1739121636,110
1739121638,107
1739121641,111
1739121645,107
1739121648,109
1739121651,107
1739121654,110
1739121657,107
1739121660,109
1739121663,111
1739121666,104
1739121669,111
1739121672,108
1739121675,104
1739121675,None
1739121681,107
1739121681,None
1739121688,103
1739121690,105
1739121693,101
1739121697,102
1739121700,97
1739121703,97
1739121706,99
1739121708,97
1739121712,103
1739121715,98
1739121718,105
1739121721,99
1739121724,100
1739121727,103
1739121730,98
1739121733,101
1739121737,99
1739121740,99
1739121742,99
1739121745,99
1739121748,96
1739121751,97
1739121754,103
1739121758,98
1739121760,97
1739121764,104
1739121767,99
1739121770,96
1739121773,105
1739121776,99
1739121776,None
1739121782,104
1739121785,100
1739121788,97
1739121791,100
1739121794,102
1739121797,99
1739121800,96
1739121803,109
1739121807,104
1739121809,167
1739121813,204
1739121815,202
1739121819,205
1739121823,195
1739121825,192
1739121828,189
1739121831,195
1739121834,188
1739121837,183
1739121840,186
1739121843,183
1739121846,180
1739121849,188
1739121852,184
1739121855,180
1739121858,184
1739121861,175
1739121864,167
1739121867,176
1739121871,349
1739121873,353
1739121876,347
1739121879,334
1739121883,334
1739121885,342
1739121889,340
1739121892,336
1739121895,331
1739121898,335
1739121901,337
1739121904,337
1739121907,328
1739121910,323
1739121913,324
1739121916,327
1739121919,323
1739121922,324
1739121925,328
1739121929,324
1739121931,320
1739121935,329
1739121937,324
1739121940,390
1739121943,594
1739121947,586
1739121949,583
1739121952,409
1739121956,323
1739121959,320
1739121961,320
1739121961,None
1739121968,323
1739121971,325
1739121974,327
1739121977,325
1739121980,326
1739121983,327
1739121986,325
1739121989,329
1739121992,321
1739121995,327
1739121998,324
1739122001,321
1739122004,329
1739122008,323
1739122010,326
1739122013,324
1739122016,319
1739122020,327
1739122023,325
1739122025,321
1739122025,None
1739122032,323
1739122035,324
1739122038,329
1739122041,325
1739122044,321
1739122047,329
1739122050,324
1739122053,323
1739122056,323
1739122060,325
1739122060,None
1739122060,None
1739122069,324
1739122069,None
1739122075,324
1739122077,322
1739122081,321
1739122084,326
1739122087,323
1739122090,322
1739122093,329
1739122096,323
1739122099,319
1739122102,328
1739122106,324
1739122108,322
1739122111,329
1739122114,323
1739122114,None
1739122114,None
1739122123,320
1739122127,327
1739122129,325
1739122133,321
1739122136,323
1739122139,327
1739122139,None
1739122145,327
1739122148,329
1739122151,322
1739122154,317
1739122157,323
1739122160,324
1739122163,323
1739122163,None
1739122169,327
1739122172,322
1739122175,323
1739122178,317
1739122181,328
1739122185,322
1739122187,321
1739122191,327
1739122194,323
1739122197,324
1739122200,326
1739122203,321
1739122206,327
1739122209,323
1739122212,321
1739122215,324
1739122215,None
1739122221,323
1739122224,321
1739122227,325
1739122230,321
1739122233,326
1739122236,323
1739122239,324
1739122239,None
1739122246,322
1739122248,327
1739122251,324
1739122255,323
1739122258,326
1739122260,323
1739122263,321
1739122267,327
1739122270,322
1739122273,321
1739122276,327
1739122279,320
1739122282,330
1739122285,324
1739122288,323
1739122291,325
1739122294,322
1739122297,326
1739122300,323
1739122303,327
1739122306,324
1739122309,322
1739122312,327
1739122316,323
1739122318,327
1739122322,325
1739122325,323
1739122327,328
1739122331,365
1739122333,587
1739122337,582
1739122337,None
1739122343,491
1739122346,322
1739122349,314
1739122352,324
1739122355,325
1739122358,323
1739122361,319
1739122364,325
1739122367,325
1739122371,321
1739122373,317
1739122377,326
1739122380,324
1739122383,327
1739122386,328
1739122389,320
1739122392,329
1739122395,324
1739122398,325
1739122401,324
1739122404,325
1739122407,323
1739122410,321
1739122413,326
1739122416,323
1739122419,325
1739122423,325
1739122426,321
1739122429,325
1739122431,328
1739122434,331
1739122438,335
1739122440,334
1739122443,330
1739122447,336
1739122450,330
1739122452,330
1739122452,None
1739122459,331
1739122462,331
1739122465,334
1739122469,330
1739122472,328
1739122474,334
1739122477,334
1739122480,330
1739122483,326
1739122487,333
1739122489,327
1739122492,324
1739122495,323
1739122498,318
1739122498,None
1739122504,325
1739122507,322
1739122511,321
1739122513,324
1739122516,326
1739122520,321
1739122520,None
1739122526,327
1739122528,323
1739122532,329
1739122535,323
1739122538,326
1739122541,322
1739122544,325
1739122547,323
1739122550,329
1739122553,323
1739122556,325
1739122559,322
1739122562,321
1739122565,323
1739122568,320
1739122571,323
1739122574,320
1739122577,324
1739122580,319
1739122583,325
1739122586,321
1739122586,None
1739122592,318
1739122596,325
1739122599,315
1739122601,321
1739122605,322
1739122605,None
1739122611,323
1739122611,None
1739122617,323
1739122620,321
1739122623,319
1739122623,None
1739122629,321
1739122632,319
1739122635,327
1739122638,319
1739122641,315
1739122644,324
1739122647,321
1739122650,319
1739122653,326
1739122656,322
1739122659,317
1739122659,None
1739122665,319
1739122669,319
1739122672,327
1739122674,321
1739122677,317
1739122681,323
1739122684,322
1739122687,321
1739122687,None
1739122693,324
1739122696,321
1739122700,320
1739122702,316
1739122702,None
1739122708,321
1739122712,321
1739122714,326
1739122717,321
1739122721,316
1739122724,325
1739122726,320
1739122730,319
1739122732,323
1739122736,317
1739122739,323
1739122742,321
1739122745,317
1739122748,322
1739122750,319
1739122754,317
1739122757,323
1739122760,317
1739122763,422
1739122766,586
1739122769,583
1739122769,None
1739122775,319
1739122778,318
1739122781,323
1739122784,319
1739122787,318
1739122790,320
1739122793,318
1739122796,318
1739122799,316
1739122803,321
1739122805,319
1739122809,320
1739122813,320
1739122813,None
1739122818,319
1739122821,323
1739122824,316
1739122827,317
1739122830,321
1739122833,317
1739122837,322
1739122837,None
1739122842,320
1739122845,318
1739122848,321
1739122851,319
1739122855,320
1739122858,319
1739122860,315
1739122864,319
1739122866,317
1739122870,320
1739122873,315
1739122876,322
1739122879,317
1739122882,322
1739122885,317
1739122888,321
1739122891,318
1739122891,None
1739122897,319
1739122900,321
1739122903,317
1739122907,319
1739122910,319
1739122912,318
1739122915,318
1739122918,318
1739122922,320
1739122924,318
1739122927,321
1739122931,317
1739122934,316
1739122936,319
1739122940,315
1739122943,319
1739122946,315
1739122949,320
1739122952,319
1739122952,None
1739122958,324
1739122958,None
1739122964,317
1739122967,316
1739122970,319
1739122973,317
1739122973,None
1739122973,None
1739122973,None
1739122985,314
1739122988,316
1739122992,328
1739122994,321
1739122994,None
1739122994,None
1739123004,318
1739123006,318
1739123010,317
1739123010,None
1739123015,318
1739123019,315
1739123022,160
1739123022,None
1739123028,161
1739123031,159
1739123034,168
1739123037,161
1739123040,155
1739123044,165
1739123046,162
1739123046,None
1739123052,162
1739123055,157
1739123059,162
1739123061,156
1739123061,None
1739123068,160
1739123071,161
1739123073,162
1739123073,None
1739123080,166
1739123083,157
1739123086,161
1739123089,162
1739123092,157
1739123095,164
1739123098,160
1739123101,155
1739123104,165
1739123107,161
1739123110,157
1739123110,None
1739123116,161
1739123119,158
1739123123,165
1739123125,161
1739123128,157
1739123132,166
1739123135,161
1739123137,210
1739123140,429
1739123143,427
1739123146,421
1739123150,239
1739123153,160
1739123156,158
1739123158,164
1739123162,160
1739123165,157
1739123168,165
1739123171,158
1739123174,165
1739123177,164
1739123180,159
1739123183,164
1739123186,160
1739123189,158
1739123192,163
1739123195,161
1739123199,166
1739123199,None
1739123204,157
1739123204,None
1739123211,160
1739123214,163
1739123217,159
1739123220,160
1739123223,160
1739123226,158
1739123229,163
1739123232,159
1739123235,161
1739123238,159
1739123241,160
1739123244,160
1739123247,158
1739123250,160
1739123253,158
1739123256,164
1739123260,161
1739123262,164
1739123266,162
1739123268,160
1739123272,159
1739123274,162
1739123277,158
1739123280,164
1739123283,160
1739123286,164
1739123289,160
1739123292,160
1739123296,159
1739123298,159
1739123302,165
1739123305,163
1739123308,159
1739123311,163
1739123314,163
1739123317,158
1739123320,164
1739123323,158
1739123326,155
1739123329,159
1739123332,159
1739123336,161
1739123338,155
1739123341,162
1739123345,156
1739123347,160
1739123351,160
1739123354,156
1739123356,160
1739123360,158
1739123363,160
1739123366,158
1739123369,159
1739123372,158
1739123375,153
1739123379,160
1739123381,155
1739123384,160
1739123384,None
1739123384,None
1739123393,158
1739123396,156
1739123399,160
1739123402,156
1739123406,166
1739123408,164
1739123411,171
1739123415,165
1739123418,173
1739123420,167
1739123424,168
1739123424,None
1739123430,170
1739123433,166
1739123433,None
1739123439,165
1739123442,168
1739123445,166
1739123448,172
1739123448,None
1739123454,170
1739123457,166
1739123460,170
1739123463,169
1739123466,165
1739123469,167
1739123473,165
1739123475,169
1739123479,166
1739123482,164
1739123485,169
1739123488,166
1739123491,164
1739123494,171
1739123497,165
1739123500,163
1739123503,167
1739123506,166
1739123510,164
1739123512,164
1739123515,169
1739123518,166
1739123522,162
1739123524,166
1739123527,168
1739123530,166
1739123533,162
1739123537,169
1739123539,168
1739123542,166
1739123546,166
1739123549,169
1739123551,164
1739123555,168
1739123558,165
1739123561,237
1739123564,430
1739123567,430
1739123570,431
1739123574,314
1739123576,169
1739123579,165
1739123582,171
1739123585,166
1739123589,168
1739123592,169
1739123595,165
1739123598,169
1739123601,165
1739123604,163
1739123607,168
1739123610,166
1739123613,171
1739123616,165
1739123619,167
1739123619,None
1739123625,164
1739123628,170
1739123631,166
1739123634,169
1739123638,166
1739123640,167
1739123643,169
1739123646,162
1739123650,169
1739123650,None
1739123656,164
1739123659,170
1739123662,166
1739123665,166
1739123668,162
1739123671,172
1739123674,166
1739123677,165
1739123680,162
1739123683,169
1739123686,165
1739123690,163
1739123692,172
1739123696,166
1739123699,159
1739123702,170
1739123705,164
1739123709,169
1739123711,162
1739123714,164
1739123717,166
1739123720,166
1739123723,170
1739123723,None
1739123729,170
1739123732,166
1739123736,165
1739123738,169
1739123742,162
1739123742,None
1739123748,167
1739123751,162
1739123754,172
1739123757,166
1739123760,165
1739123760,None
1739123766,171
1739123769,165
1739123772,165
1739123775,160
1739123779,168
1739123781,173
1739123784,165
1739123787,165
1739123790,165
1739123794,167
1739123796,167
1739123799,165
1739123802,162
1739123805,161
1739123808,170
1739123812,167
1739123815,167
1739123818,164
1739123821,169
1739123824,166
1739123827,164
1739123830,169
1739123833,166
1739123833,None
1739123839,165
1739123842,166
1739123845,165
1739123848,163
1739123851,164
1739123854,155
1739123857,155
1739123860,155
1739123863,155
1739123866,155
1739123869,155
1739123872,156
1739123876,156
1739123879,155
1739123881,155
1739123885,155
1739123888,155
1739123891,155
1739123894,154
1739123897,154
1739123900,154
1739123903,155
1739123906,155
1739123909,155
1739123909,None
1739123909,None
1739123918,154
1739123921,154
1739123925,155
1739123928,155
1739123930,155
1739123934,155
1739123934,None
1739123940,155
1739123943,154
1739123946,155
1739123949,155
1739123952,156
1739123955,155
1739123958,154
1739123961,155
1739123961,None
1739123967,154
1739123970,155
1739123973,156
1739123976,156
1739123979,156
1739123982,273
1739123986,421
1739123986,None
1739123992,420
1739123995,177
1739123998,156
1739124001,156
1739124005,159
1739124007,157
1739124010,153
1739124013,159
1739124016,154
1739124019,162
1739124022,156
1739124025,160
1739124025,None
1739124031,159
1739124034,166
1739124038,162
1739124040,168
1739124044,168
1739124047,162
1739124050,172
1739124053,170
1739124056,164
1739124059,174
1739124062,171
1739124062,None
1739124068,173
1739124071,171
1739124074,164
1739124077,170
1739124081,169
1739124083,166
1739124086,169
1739124086,None
1739124092,161
1739124096,167
1739124099,164
1739124101,166
1739124104,165
1739124108,160
1739124110,166
1739124113,164
1739124117,161
1739124120,167
1739124123,159
1739124126,167
1739124129,164
1739124132,159
1739124135,164
1739124139,162
1739124141,163
1739124144,163
1739124147,157
1739124150,164
1739124153,161
1739124156,159
1739124160,165
1739124162,157
1739124166,164
1739124169,161
1739124169,None
1739124175,165
1739124178,165
1739124181,160
1739124181,None
1739124187,164
1739124190,164
1739124193,152
1739124196,155
1739124199,155
1739124202,155
1739124205,149
1739124208,154
1739124211,152
1739124215,150
1739124217,157
1739124220,152
1739124223,150
1739124227,157
1739124229,156
1739124232,149
1739124236,159
1739124238,154
1739124242,152
1739124245,157
1739124248,148
1739124251,157
1739124254,151
1739124254,None
1739124260,150
1739124263,154
1739124266,156
1739124269,150
1739124272,154
1739124275,152
1739124278,158
1739124281,157
1739124284,156
1739124287,156
1739124290,154
1739124290,None
1739124296,153
1739124300,158
1739124303,156
1739124305,154
1739124309,159
1739124312,155
1739124312,None
1739124312,None
1739124321,167
1739124325,161
1739124327,150
1739124330,107
1739124334,104
1739124336,112
1739124340,105
1739124343,110
1739124347,111
1739124349,107
1739124352,101
1739124355,108
1739124355,None
1739124361,101
1739124364,108
1739124367,108
1739124370,106
1739124373,105
1739124376,108
1739124376,None
1739124382,361
1739124385,370
1739124388,231
1739124391,106
1739124395,107
1739124397,101
1739124400,108
1739124403,100
1739124407,108
1739124410,104
1739124412,108
1739124416,104
1739124419,108
1739124422,104
1739124425,106
1739124428,105
1739124431,107
1739124434,106
1739124437,106
1739124440,104
1739124443,103
1739124446,108
1739124449,99
1739124452,108
1739124452,None
1739124458,101
1739124461,110
1739124464,107
1739124467,99
1739124470,106
1739124473,106
1739124476,105
1739124479,100
1739124482,110
1739124482,None
1739124489,101
1739124492,107
1739124495,106
1739124495,None
1739124495,None
1739124504,108
1739124507,102
1739124510,107
1739124513,105
1739124516,110
1739124519,101
1739124519,None
1739124526,103
1739124528,108
1739124532,101
1739124534,106
1739124537,103
1739124540,110
1739124543,101
1739124547,106
1739124550,107
1739124553,106
1739124556,105
1739124559,105
1739124562,104
1739124565,108
1739124568,105
1739124571,107
1739124574,102
1739124577,103
1739124580,104
1739124583,106
1739124586,103
1739124589,108
1739124593,104
1739124595,110
1739124598,102
1739124602,106
1739124604,101
1739124607,110
1739124611,103
1739124614,108
1739124617,106
1739124620,104
1739124623,106
1739124626,103
1739124629,106
1739124632,102
1739124635,107
1739124638,103
1739124641,100
1739124641,None
1739124647,101
1739124651,108
1739124654,103
1739124656,109
1739124656,None
1739124662,101
1739124665,107
1739124668,101
1739124671,109
1739124675,104
1739124678,108
1739124681,106
1739124684,103
1739124687,108
1739124690,101
1739124693,110
1739124693,None
1739124699,108
1739124702,105
1739124705,108
1739124709,103
1739124711,101
1739124714,106
1739124718,102
1739124720,108
1739124724,103
1739124724,None
1739124729,101
1739124732,108
1739124736,102
1739124739,107
1739124742,105
1739124745,104
1739124748,106
1739124751,99
1739124754,107
1739124757,106
1739124760,97
1739124763,106
1739124766,106
1739124769,106
1739124772,96
1739124775,101
1739124775,None
1739124781,361
1739124785,355
1739124787,355
1739124790,212
1739124793,106
1739124797,101
1739124800,106
1739124803,106
1739124806,128
1739124809,264
1739124812,259
1739124815,259
1739124818,258
1739124821,260
1739124824,259
1739124827,261
1739124830,257
1739124833,261
1739124836,256
1739124839,261
1739124839,None
1739124839,None
1739124848,263
1739124852,258
1739124855,263
1739124858,262
1739124860,263
1739124864,257
1739124866,261
1739124870,258
1739124873,263
1739124876,257
1739124879,260
1739124882,255
1739124885,261
1739124888,259
1739124891,255
1739124894,261
1739124897,257
1739124900,260
1739124904,260
1739124906,253
1739124909,263
1739124912,259
1739124915,256
1739124918,261
1739124921,257
1739124925,262
1739124925,None
1739124931,258
1739124934,264
1739124934,None
1739124940,244
1739124943,255
1739124946,250
1739124949,246
1739124952,256
1739124955,250
1739124958,245
1739124961,252
1739124965,251
1739124967,249
1739124970,246
1739124973,252
1739124976,251
1739124979,246
1739124982,254
1739124986,249
1739124989,248
1739124992,252
1739124995,246
1739124998,251
1739125002,244
1739125004,252
1739125007,251
1739125010,246
1739125013,251
1739125016,246
1739125020,254
1739125022,252
1739125025,248
1739125028,254
1739125031,252
1739125035,243
1739125037,254
1739125041,252
1739125044,245
1739125047,253
1739125050,252
1739125052,252
1739125052,None
1739125059,251
1739125062,254
1739125065,248
1739125065,None
1739125072,257
1739125074,253
1739125078,246
1739125080,249
1739125084,250
1739125086,246
1739125090,254
1739125093,246
1739125095,253
1739125095,None
1739125102,253
1739125105,251
1739125108,253
1739125111,248
1739125111,None
1739125117,251
1739125120,247
1739125123,250
1739125126,250
1739125126,None
1739125132,248
1739125132,None
1739125138,247
1739125141,251
1739125145,249
1739125147,247
1739125150,249
1739125154,248
1739125157,248
1739125160,251
1739125160,None
1739125166,249
1739125169,246
1739125172,251
1739125175,247
1739125178,249
1739125178,None
1739125184,363
1739125187,512
1739125190,509
1739125193,508
1739125197,277
1739125200,247
1739125203,249
1739125205,252
1739125209,247
1739125211,247
1739125215,252
1739125218,249
1739125221,245
1739125224,255
1739125227,252
1739125230,248
1739125233,256
1739125236,258
1739125239,258
1739125239,None
1739125245,343
1739125245,None
1739125251,348
1739125254,337
1739125257,340
1739125260,331
1739125264,337
1739125266,334
1739125270,333
1739125272,329
1739125275,322
1739125278,329
1739125281,319
1739125285,323
1739125288,317
1739125291,314
1739125294,316
1739125297,308
1739125300,320
1739125303,320
1739125306,314
1739125309,320
1739125312,319
1739125315,313
1739125318,314
1739125321,318
1739125324,316
1739125327,308
1739125331,316
1739125333,318
1739125336,316
1739125339,308
1739125342,319
1739125346,317
1739125349,312
1739125352,315
1739125355,316
1739125358,312
1739125361,318
1739125361,None
1739125367,315
1739125370,312
1739125373,318
1739125376,313
1739125379,316
1739125383,311
1739125385,317
1739125389,315
1739125392,318
1739125395,310
1739125397,315
1739125401,310
1739125403,316
1739125407,312
1739125410,318
1739125413,311
1739125416,316
1739125419,312
1739125423,315
1739125425,313
1739125428,314
1739125431,315
1739125434,314
1739125437,318
1739125440,312
1739125444,317
1739125446,314
1739125446,None
1739125452,314
1739125455,314
1739125459,313
1739125462,317
1739125465,312
1739125465,None
1739125471,315
1739125474,317
1739125477,315
1739125480,310
1739125483,319
1739125486,310
1739125489,316
1739125492,313
1739125492,None
1739125498,313
1739125501,314
1739125504,316
1739125507,313
1739125510,314
1739125514,315
1739125514,None
1739125514,None
1739125523,317
1739125526,308
1739125528,315
1739125531,315
1739125534,313
1739125538,316
1739125541,313
1739125544,313
1739125547,319
1739125549,315
1739125553,311
1739125556,317
1739125559,315
1739125562,310
1739125565,316
1739125568,315
1739125571,384
1739125574,571
1739125577,572
1739125581,569
1739125583,452
1739125586,315
1739125589,312
1739125592,318
1739125596,314
1739125596,None
1739125596,None
1739125604,311
1739125607,317
1739125610,312
1739125613,318
1739125616,315
1739125619,317
1739125623,312
1739125625,317
1739125628,316
1739125632,313
1739125634,318
1739125638,312
1739125641,318
1739125644,314
1739125646,320
1739125646,None
1739125653,319
1739125656,317
1739125659,316
1739125662,318
1739125665,312
1739125668,317
1739125668,None
1739125674,317
1739125677,312
1739125680,319
1739125683,317
1739125686,312
1739125690,319
1739125693,318
1739125696,315
1739125699,318
1739125702,315
1739125705,319
1739125708,318
1739125711,314
1739125714,321
1739125714,None
1739125720,320
1739125723,318
1739125726,312
1739125729,318
1739125732,317
1739125735,319
1739125738,315
1739125741,319
1739125745,317
1739125748,318
1739125751,315
1739125754,317
1739125757,318
1739125760,316
1739125763,322
1739125766,313
1739125769,322
1739125772,311
1739125775,318
1739125778,317
1739125781,319
1739125784,315
1739125787,313
1739125790,318
1739125793,315
1739125796,322
1739125800,313
1739125802,318
1739125805,316
1739125808,320
1739125812,314
1739125815,317
1739125817,316
1739125821,316
1739125824,318
1739125826,312
1739125830,320
1739125830,None
1739125836,318
1739125839,315
1739125842,319
1739125845,318
1739125848,316
1739125851,317
1739125854,317
1739125854,None
1739125860,319
1739125863,318
1739125866,315
1739125869,319
1739125872,317
1739125875,319
1739125878,314
1739125882,318
1739125885,314
1739125888,318
1739125891,318
1739125894,318
1739125897,317
1739125897,None
1739125903,316
1739125906,319
1739125908,312
1739125912,321
1739125915,317
1739125915,None
1739125921,321
1739125921,None
1739125921,None
1739125930,319
1739125933,317
1739125936,308
1739125939,320
1739125943,317
1739125946,315
1739125948,309
1739125952,319
1739125955,316
1739125958,312
1739125961,316
1739125964,318
1739125967,318
1739125970,316
1739125973,310
1739125976,321
1739125979,318
1739125982,316
1739125985,317
1739125988,318
1739125991,448
1739125995,570
1739125998,503
1739126000,421
1739126004,203
1739126007,168
1739126007,None
1739126007,None
1739126015,161
1739126019,168
1739126022,162
1739126025,167
1739126025,None
1739126031,165
1739126034,163
1739126037,167
1739126040,161
1739126043,160
1739126046,161
1739126049,165
1739126052,164
1739126055,164
1739126058,164
1739126062,160
1739126065,162
1739126068,165
1739126070,159
1739126073,164
1739126077,161
1739126079,166
1739126083,162
1739126086,163
1739126089,165
1739126092,161
1739126095,167
1739126098,164
1739126101,159
1739126104,165
1739126107,163
1739126110,161
1739126113,162
1739126116,164
1739126119,164
1739126122,160
1739126125,173
1739126128,175
1739126132,175
1739126135,172
1739126137,171
1739126140,181
1739126144,175
1739126147,176
1739126150,171
1739126152,177
1739126156,180
1739126159,175
1739126162,170
1739126165,177
1739126168,171
1739126171,173
1739126174,174
1739126177,170
1739126180,174
1739126183,170
1739126186,174
1739126189,170
1739126193,175
1739126196,171
1739126196,None
1739126202,169
1739126205,172
1739126207,170
1739126211,171
1739126214,167
1739126217,172
1739126220,166
1739126223,175
1739126226,168
1739126226,None
1739126232,167
1739126235,169
1739126238,167
1739126241,172
1739126244,168
1739126244,None
1739126250,166
1739126253,172
1739126257,167
1739126259,170
1739126262,166
1739126265,171
1739126269,169
1739126271,169
1739126275,165
1739126277,169
1739126281,165
1739126284,171
1739126287,165
1739126291,172
1739126293,169
1739126296,166
1739126299,169
1739126302,165
1739126305,171
1739126308,164
1739126311,166
1739126314,166
1739126317,164
1739126320,169
1739126323,164
1739126326,170
1739126326,None
1739126332,168
1739126335,165
1739126339,164
1739126342,167
1739126345,163
1739126348,166
1739126350,167
1739126354,160
1739126357,168
1739126360,164
1739126363,170
1739126366,167
1739126369,161
1739126372,169
1739126375,162
1739126375,None
1739126381,167
1739126384,164
1739126387,169
1739126390,166
1739126393,164
1739126396,203
1739126399,422
1739126402,419
1739126405,424
1739126408,282
1739126408,None
1739126415,168
1739126418,167
1739126420,165
1739126424,168
1739126427,168
1739126430,165
1739126433,163
1739126436,169
1739126439,162
1739126442,168
1739126445,162
1739126448,166
1739126451,167
1739126455,166
1739126458,167
1739126460,164
1739126463,166
1739126466,160
1739126469,168
1739126472,160
1739126476,166
1739126479,163
1739126482,167
1739126485,164
1739126488,166
1739126491,165
1739126494,167
1739126497,164
1739126500,163
1739126503,161
1739126503,None
1739126509,163
1739126512,169
1739126515,167
1739126518,164
1739126521,166
1739126524,167
1739126527,168
1739126531,161
1739126533,168
1739126533,None
1739126540,171
1739126542,164
1739126546,170
1739126549,164
1739126552,164
1739126555,168
1739126558,162
1739126561,170
1739126564,163
1739126567,168
1739126570,164
1739126573,168
1739126576,169
1739126579,167
1739126583,166
1739126583,None
1739126588,167
1739126591,163
1739126594,168
1739126598,163
1739126601,169
1739126604,168
1739126606,164
1739126610,169
1739126613,163
1739126615,166
1739126619,167
1739126622,160
1739126625,171
1739126628,167
1739126631,168
1739126634,167
1739126634,None
1739126640,170
1739126643,168
1739126646,167
1739126649,168
1739126649,None
1739126655,168
1739126658,167
1739126662,162
1739126665,162
1739126668,169
1739126671,168
1739126674,168
1739126676,157
1739126680,168
1739126683,170
1739126686,167
1739126689,167
1739126692,162
1739126695,162
1739126698,171
1739126702,168
1739126704,168
1739126707,160
1739126710,171
1739126713,167
1739126716,162
1739126716,None
1739126716,None
1739126726,167
1739126728,167
1739126732,166
1739126734,169
1739126738,166
1739126741,168
1739126744,163
1739126747,169
1739126750,164
1739126754,168
1739126756,161
1739126759,167
1739126762,168
1739126762,None
1739126769,165
1739126771,164
1739126771,None
1739126777,163
1739126781,168
1739126784,257
1739126787,422
1739126790,423
1739126793,422
1739126796,303
1739126799,166
1739126802,165
1739126805,164
1739126808,167
1739126808,None
1739126815,167
1739126817,161
1739126821,168
1739126821,None
1739126827,160
1739126829,168
1739126833,163
1739126836,166
1739126839,166
1739126842,161
1739126845,168
1739126848,166
1739126851,165
1739126855,166
1739126857,162
1739126860,168
1739126864,160
1739126866,165
1739126869,163
1739126872,165
1739126876,163
1739126879,166
1739126881,164
1739126884,165
1739126888,166
1739126890,163
1739126893,169
1739126897,161
1739126900,167
1739126903,162
1739126906,167
1739126909,161
1739126912,164
1739126915,166
1739126919,164
1739126921,168
1739126924,161
1739126927,169
1739126930,162
1739126933,166
1739126936,166
1739126939,162
1739126942,170
1739126946,167
1739126949,161
1739126952,170
1739126954,166
1739126958,162
1739126961,170
1739126964,164
1739126964,None
1739126970,174
1739126973,169
1739126976,174
1739126979,172
1739126982,177
1739126985,170
1739126988,176
1739126991,169
1739126994,175
1739126997,170
1739127000,176
1739127003,172
1739127007,176
1739127010,174
1739127013,172
1739127016,175
1739127019,170
1739127022,171
1739127025,167
1739127028,172
1739127031,169
1739127034,172
1739127037,167
1739127040,171
1739127043,164
1739127046,167
1739127049,166
1739127052,170
1739127055,165
1739127058,170
1739127061,167
1739127064,166
1739127068,166
1739127071,165
1739127074,168
1739127077,162
1739127080,168
1739127083,164
1739127086,170
1739127089,163
1739127092,169
1739127092,None
1739127098,168
1739127098,None
1739127104,170
1739127107,168
1739127110,166
1739127113,171
1739127116,165
1739127119,174
1739127122,171
1739127125,163
1739127128,172
1739127132,173
1739127135,166
1739127135,None
1739127141,171
1739127143,165
1739127146,169
1739127150,172
1739127153,170
1739127156,161
1739127159,173
1739127162,171
1739127165,170
1739127168,164
1739127171,171
1739127174,171
1739127177,165
1739127180,171
1739127183,170
1739127183,None
1739127189,201
1739127192,427
1739127196,423
1739127199,426
1739127201,361
1739127205,170
1739127208,170
1739127211,171
1739127214,165
1739127217,171
1739127220,166
1739127223,165
1739127226,174
1739127229,166
1739127232,173
1739127235,167
1739127238,172
1739127241,169
1739127244,172
1739127248,168
1739127250,171
1739127253,172
1739127256,167
1739127260,174
1739127263,165
1739127263,None
1739127269,168
1739127272,167
1739127275,172
1739127278,165
1739127281,168
1739127284,167
1739127287,165
1739127290,172
1739127293,163
1739127296,174
1739127299,169
1739127302,168
1739127305,170
1739127308,165
1739127311,172
1739127315,172
1739127318,165
1739127321,172
1739127324,169
1739127327,169
1739127330,170
1739127333,165
1739127336,173
1739127339,168
1739127342,170
1739127345,168
1739127348,171
1739127351,170
1739127354,168
1739127357,170
1739127360,168
1739127364,171
1739127366,167
1739127369,173
1739127373,167
1739127375,173
1739127378,169
1739127382,170
1739127385,166
1739127388,171
1739127388,None
1739127394,167
1739127397,170
1739127400,167
1739127403,171
1739127406,168
1739127409,172
1739127412,168
1739127415,174
1739127418,171
1739127421,165
1739127424,175
1739127427,169
1739127431,165
1739127431,None
1739127437,169
1739127439,167
1739127442,175
1739127445,167
1739127449,167
1739127452,171
1739127455,166
1739127457,170
1739127461,170
1739127464,164
1739127464,None
1739127464,None
1739127473,165
1739127476,170
1739127479,168
1739127482,165
1739127485,174
1739127488,163
1739127491,170
1739127494,171
1739127497,167
1739127501,169
1739127503,172
1739127506,168
1739127509,164
1739127512,172
1739127516,170
1739127518,165
1739127521,173
1739127525,169
1739127528,163
1739127531,169
1739127534,168
1739127537,165
1739127540,169
1739127543,165
1739127546,162
1739127549,172
1739127552,170
1739127555,166
1739127558,173
1739127561,172
1739127564,169
1739127567,162
1739127570,174
1739127574,170
1739127576,169
1739127579,164
1739127583,173
1739127586,169
1739127589,168
1739127589,None
1739127595,170
1739127598,167
1739127601,169
1739127604,169
1739127607,167
1739127610,171
1739127613,166
1739127616,173
1739127619,166
1739127623,225
1739127623,None
1739127629,422
1739127632,423
1739127635,323
1739127638,169
1739127641,164
1739127644,171
1739127647,165
1739127651,173
1739127653,169
1739127656,162
1739127659,169
1739127663,165
1739127665,172
1739127668,169
1739127671,163
1739127674,167
1739127677,169
1739127680,168
1739127684,158
1739127687,164
1739127690,161
1739127692,157
1739127696,156
1739127696,None
1739127702,160
1739127705,153
1739127708,160
1739127711,158
1739127714,154
1739127717,161
1739127720,155
1739127723,157
1739127726,160
1739127729,155
1739127733,164
1739127735,159
1739127738,155
1739127741,162
1739127745,158
1739127747,164
1739127750,160
1739127754,155
1739127757,162
1739127759,160
1739127763,156
1739127765,162
1739127769,160
1739127772,153
1739127775,163
1739127778,164
1739127781,157
1739127784,204
1739127787,317
1739127790,311
1739127793,320
1739127796,317
1739127799,314
1739127802,320
1739127802,None
1739127809,313
1739127812,330
1739127815,328
1739127818,324
1739127821,326
1739127824,326
1739127826,283
1739127830,272
1739127833,268
1739127836,267
1739127839,271
1739127842,265
1739127846,270
1739127848,268
1739127851,264
1739127854,267
1739127857,262
1739127860,269
1739127863,265
1739127866,270
1739127870,264
1739127873,269
1739127876,268
1739127878,280
1739127882,279
1739127885,283
1739127887,299
1739127890,327
1739127894,325
1739127897,322
1739127900,321
1739127903,320
1739127906,322
1739127909,320
1739127913,321
1739127915,318
1739127918,313
1739127921,306
1739127924,302
1739127927,302
1739127930,290
1739127934,276
1739127936,274
1739127940,274
1739127942,274
1739127946,283
1739127948,265
1739127951,267
1739127955,266
1739127958,267
1739127958,None
1739127964,267
1739127967,267
1739127970,266
1739127974,267
1739127976,269
1739127979,267
1739127982,267
1739127985,267
1739127988,268
1739127991,267
1739127994,392
1739127997,522
1739128000,522
1739128003,521
1739128003,None
1739128003,None
1739128012,266
1739128016,266
1739128018,267
1739128022,264
1739128025,266
1739128028,265
1739128031,266
1739128034,264
1739128037,264
1739128040,265
1739128043,264
1739128046,264
1739128049,264
1739128052,265
1739128055,265
1739128058,264
1739128061,261
1739128064,260
1739128068,260
1739128070,260
1739128070,None
1739128077,259
1739128080,260
1739128083,262
1739128085,261
1739128089,260
1739128092,260
1739128095,260
1739128098,259
1739128101,260
1739128101,None
1739128107,259
1739128110,260
1739128113,260
1739128116,260
1739128116,None
1739128122,259
1739128125,259
1739128129,259
1739128131,259
1739128134,260
1739128138,259
1739128141,259
1739128143,260
1739128147,260
1739128150,260
1739128153,260
1739128156,259
1739128159,260
1739128162,259
1739128162,None
1739128168,260
1739128171,260
1739128171,None
1739128177,260
1739128180,260
1739128183,259
1739128186,260
1739128190,259
1739128192,259
1739128195,260
1739128198,259
1739128201,260
1739128205,260
1739128207,260
1739128211,260
1739128214,260
1739128217,260
1739128220,260
1739128223,260
1739128226,261
1739128229,261
1739128232,260
1739128235,260
1739128238,260
1739128241,261
1739128244,259
1739128247,261
1739128251,261
1739128254,262
1739128256,263
1739128259,268
1739128262,265
1739128265,269
1739128268,265
1739128272,270
1739128272,None
1739128272,None
1739128272,None
1739128284,272
1739128287,271
1739128290,271
1739128293,275
1739128296,272
1739128300,274
1739128302,273
1739128305,274
1739128305,None
1739128312,278
1739128314,275
1739128317,276
1739128320,272
1739128323,275
1739128326,273
1739128330,278
1739128332,273
1739128336,271
1739128336,None
1739128342,269
1739128345,271
1739128347,269
1739128351,271
1739128351,None
1739128357,271
1739128360,268
1739128363,268
1739128366,265
1739128369,270
1739128372,263
1739128375,270
1739128379,266
1739128381,267
1739128384,266
1739128387,263
1739128391,269
1739128393,502
1739128396,520
1739128399,516
1739128402,521
1739128406,434
1739128408,266
1739128412,268
1739128415,265
1739128418,267
1739128421,266
1739128424,269
1739128427,264
1739128427,None
1739128433,263
1739128436,270
1739128439,264
1739128442,260
1739128445,258
1739128448,261
1739128451,262
1739128454,256
1739128457,259
1739128457,None
1739128464,259
1739128467,256
1739128470,259
1739128472,254
1739128475,260
1739128479,255
1739128482,261
1739128482,None
1739128488,261
1739128488,None
1739128494,261
1739128494,None
1739128500,263
1739128503,255
1739128503,None
1739128509,255
1739128512,257
1739128516,257
1739128519,260
1739128522,256
1739128525,260
1739128527,258
1739128530,256
1739128534,258
1739128537,252
1739128540,260
1739128543,257
1739128546,256
1739128549,260
1739128552,256
1739128555,257
1739128558,253
1739128561,258
1739128564,253
1739128564,None
1739128564,None
1739128573,254
1739128576,258
1739128579,254
1739128583,257
1739128583,None
1739128589,260
1739128591,256
1739128595,260
1739128598,254
1739128601,258
1739128604,257
1739128607,258
1739128610,256
1739128613,260
1739128616,258
1739128619,253
1739128622,256
1739128625,249
1739128628,254
1739128632,254
1739128634,250
1739128637,254
1739128640,251
1739128644,259
1739128647,252
1739128650,252
1739128650,None
1739128656,249
1739128659,253
1739128662,248
1739128665,253
1739128668,254
1739128668,None
1739128674,254
1739128677,249
1739128680,254
1739128683,252
1739128686,258
1739128689,252
1739128692,250
1739128695,255
1739128698,251
1739128701,256
1739128705,251
1739128707,257
1739128710,250
1739128713,254
1739128717,254
1739128720,250
1739128723,256
1739128726,254
1739128726,None
1739128732,258
1739128735,254
1739128738,253
1739128741,247
1739128744,258
1739128747,254
1739128750,254
1739128753,252
1739128756,251
1739128759,323
1739128762,345
1739128766,354
1739128766,None
1739128771,337
1739128775,341
1739128775,None
1739128781,337
1739128784,337
1739128787,331
1739128790,336
1739128793,328
1739128796,329
1739128799,325
1739128802,332
1739128805,329
1739128808,328
1739128811,325
1739128814,323
1739128817,322
1739128820,319
1739128823,322
1739128826,318
1739128829,524
1739128832,574
1739128836,579
1739128838,572
1739128842,409
1739128844,319
1739128844,None
1739128851,323
1739128853,318
1739128857,320
1739128860,316
1739128863,322
1739128863,None
1739128869,322
1739128872,320
1739128875,323
1739128878,317
1739128881,322
1739128884,315
1739128887,322
1739128890,317
1739128893,321
1739128896,320
1739128899,319
1739128903,320
1739128905,318
1739128909,320
1739128909,None
1739128915,318
1739128918,320
1739128920,316
1739128924,323
1739128926,319
1739128930,318
1739128933,319
1739128936,315
1739128939,322
1739128942,319
1739128942,None
1739128948,314
1739128951,322
1739128954,319
1739128957,312
1739128960,320
1739128963,320
1739128966,315
1739128969,319
1739128973,321
1739128975,234
1739128979,167
1739128982,168
1739128982,None
1739128988,168
1739128991,163
1739128994,167
1739128997,168
1739129000,163
1739129003,168
1739129006,164
1739129009,170
1739129012,166
1739129015,166
1739129019,168
1739129023,165
1739129024,171
1739129028,168
1739129030,161
1739129033,172
1739129036,168
1739129039,164
1739129043,168
1739129046,170
1739129049,168
1739129052,165
1739129055,163
1739129058,175
1739129061,168
1739129064,169
1739129067,166
1739129070,171
1739129073,168
1739129076,163
1739129079,169
1739129082,168
1739129085,164
1739129088,171
1739129092,166
1739129094,172
1739129097,164
1739129100,170
1739129103,165
1739129106,168
1739129109,168
1739129112,169
1739129115,166
1739129115,None
1739129122,168
1739129124,164
1739129127,167
1739129131,164
1739129134,169
1739129137,165
1739129140,169
1739129143,163
1739129146,170
1739129149,163
1739129152,170
1739129155,169
1739129159,166
1739129161,166
1739129164,163
1739129168,168
1739129171,162
1739129173,169
1739129177,168
1739129179,164
1739129183,168
1739129186,166
1739129189,165
1739129192,169
1739129195,166
1739129197,165
1739129201,170
1739129204,168
1739129207,163
1739129210,173
1739129213,168
1739129216,167
1739129219,304
1739129222,424
1739129225,421
1739129228,341
1739129231,170
1739129234,169
1739129237,168
1739129241,168
1739129244,173
1739129244,None
1739129250,168
1739129252,172
1739129256,164
1739129259,171
1739129262,166
1739129265,169
1739129268,166
1739129271,168
1739129271,None
1739129277,166
1739129280,171
1739129283,164
1739129286,167
1739129289,162
1739129292,168
1739129292,None
1739129299,166
1739129302,168
1739129304,163
1739129307,170
1739129311,163
1739129314,169
1739129317,167
1739129320,164
1739129322,171
1739129326,167
1739129329,162
1739129332,171
1739129335,167
1739129338,167
1739129341,173
1739129344,168
1739129347,164
1739129347,None
1739129353,167
1739129356,162
1739129359,169
1739129362,168
1739129365,163
1739129368,170
1739129372,169
1739129374,165
1739129377,165
1739129381,157
1739129383,167
1739129387,169
1739129390,167
1739129393,163
1739129396,165
1739129399,170
1739129402,167
1739129405,164
1739129408,173
1739129411,167
1739129414,162
1739129417,169
1739129420,167
1739129423,161
1739129426,166
1739129429,167
1739129432,163
1739129435,172
1739129439,168
1739129441,163
1739129445,171
1739129448,163
1739129450,168
1739129453,163
1739129456,166
1739129460,166
1739129463,161
1739129466,168
1739129469,160
1739129472,164
1739129475,165
1739129478,158
1739129481,163
1739129484,164
1739129487,159
1739129490,163
1739129493,163
1739129496,160
1739129499,166
1739129502,165
1739129505,160
1739129509,158
1739129511,166
1739129515,163
1739129518,161
1739129520,158
1739129523,166
1739129527,165
1739129530,160
1739129533,165
1739129536,163
1739129539,158
1739129542,167
1739129545,159
1739129548,163
1739129551,163
1739129554,163
1739129557,163
1739129561,161
1739129564,163
1739129567,161
1739129570,166
1739129573,161
1739129575,164
1739129578,159
1739129582,164
1739129585,264
1739129585,None
1739129591,417
1739129595,413
1739129597,161
1739129597,None
1739129604,160
1739129606,160
1739129609,163
1739129613,162
1739129615,165
1739129619,160
1739129622,163
1739129624,161
1739129628,163
1739129631,162
1739129634,164
1739129637,162
1739129640,164
1739129643,160
1739129643,None
1739129649,159
1739129652,165
1739129655,160
1739129658,166
1739129658,None
1739129664,159
1739129664,None
1739129670,163
1739129674,164
1739129676,162
1739129680,164
1739129682,162
1739129685,158
1739129688,165
1739129691,158
1739129691,None
1739129698,161
1739129701,158
1739129704,163
1739129707,160
1739129710,162
1739129713,161
1739129716,160
1739129719,162
1739129722,157
1739129725,161
1739129725,None
1739129731,160
1739129735,158
1739129737,160
1739129740,156
1739129743,159
1739129747,161
1739129749,159
1739129752,158
1739129755,154
1739129759,162
1739129762,155
1739129765,159
1739129768,156
1739129771,163
1739129774,155
1739129777,161
1739129780,154
1739129783,159
1739129786,159
1739129789,158
1739129792,163
1739129795,151
1739129798,160
1739129802,157
1739129805,153
1739129808,159
1739129811,157
1739129813,157
1739129817,159
1739129817,None
1739129823,158
1739129826,158
1739129829,155
1739129832,162
1739129835,158
1739129838,152
1739129841,160
1739129841,None
1739129841,None
1739129850,157
1739129853,156
1739129853,None
1739129860,152
1739129863,159
1739129866,155
1739129869,157
1739129872,157
1739129875,152
1739129878,159
1739129881,156
1739129881,None
1739129887,154
1739129890,162
1739129893,156
1739129896,159
1739129899,156
1739129902,158
1739129905,153
1739129908,155
1739129911,153
1739129914,159
1739129918,155
1739129920,162
1739129924,156
1739129924,None
1739129929,154
1739129932,159
1739129936,154
1739129939,159
1739129942,154
1739129945,158
1739129948,154
1739129951,271
1739129954,405
1739129957,403
1739129960,409
1739129963,316
1739129966,160
1739129969,151
1739129972,155
1739129975,156
1739129978,152
1739129981,158
1739129984,154
1739129988,160
1739129990,153
1739129994,158
1739129996,153
1739130000,157
1739130003,154
1739130006,160
1739130009,155
1739130009,None
1739130015,155
1739130018,157
1739130021,156
1739130024,159
1739130024,None
1739130030,156
1739130033,154
1739130036,159
1739130039,156
1739130042,157
1739130045,156
1739130048,157
1739130051,156
1739130054,158
1739130057,156
1739130060,155
1739130063,159
1739130066,156
1739130069,158
1739130073,151
1739130076,156
1739130079,153
1739130082,158
1739130085,152
1739130088,155
1739130091,154
1739130094,154
1739130097,155
1739130100,149
1739130103,154
1739130106,154
1739130109,153
1739130113,155
1739130115,150
1739130118,157
1739130121,154
1739130124,158
1739130124,None
1739130130,152
1739130134,159
1739130136,152
1739130140,155
1739130143,153
1739130146,154
1739130149,157
1739130152,151
1739130155,157
1739130158,155
1739130161,152
1739130164,155
1739130167,152
1739130170,155
1739130173,153
1739130176,157
1739130179,156
1739130182,152
1739130185,161
1739130188,156
1739130191,150
1739130195,159
1739130197,154
1739130200,153
1739130203,158
1739130203,None
1739130209,154
1739130213,159
1739130216,152
1739130219,157
1739130222,155
1739130225,152
1739130225,None
1739130231,156
1739130235,149
1739130237,159
1739130240,156
1739130243,149
1739130246,158
1739130249,154
1739130253,149
1739130255,157
1739130259,152
1739130262,155
1739130265,156
1739130268,149
1739130271,157
1739130274,155
1739130277,147
1739130280,158
1739130283,154
1739130286,155
1739130289,155
1739130292,151
1739130295,158
1739130298,155
1739130298,None
1739130304,156
1739130307,151
1739130310,155
1739130314,156
1739130316,153
1739130320,160
1739130322,157
1739130325,151
1739130329,160
1739130332,157
1739130335,155
1739130338,151
1739130341,160
1739130344,157
1739130348,154
1739130350,203
1739130353,412
1739130356,412
1739130359,412
1739130362,276
1739130365,158
1739130368,157
1739130371,154
1739130375,159
1739130378,154
1739130381,159
1739130383,153
1739130387,158
1739130389,155
1739130393,157
1739130396,153
1739130399,160
1739130402,154
1739130405,158
1739130408,151
1739130411,159
1739130414,153
1739130417,159
1739130420,154
1739130423,159
1739130426,153
1739130429,157
1739130432,157
1739130435,157
1739130439,157
1739130442,152
1739130445,159
1739130448,157
1739130451,151
1739130454,158
1739130457,155
1739130460,150
1739130463,158
1739130466,155
1739130469,164
1739130472,168
1739130472,None
1739130472,None
1739130481,167
1739130481,None
1739130481,None
1739130490,167
1739130493,161
1739130496,165
1739130499,169
1739130502,164
1739130506,163
1739130508,168
1739130511,165
1739130515,160
1739130515,None
1739130521,166
1739130524,163
1739130527,160
1739130530,167
1739130533,165
1739130536,161
1739130539,168
1739130543,161
1739130543,None
1739130548,165
1739130551,160
1739130554,165
1739130558,164
1739130561,156
1739130564,167
1739130566,165
1739130570,163
1739130573,165
1739130576,163
1739130579,159
1739130582,166
1739130585,165
1739130588,161
1739130591,166
1739130594,161
1739130597,159
1739130600,166
1739130603,164
1739130606,156
1739130610,164
1739130612,167
1739130615,164
1739130619,161
1739130619,None
1739130625,168
1739130627,163
1739130627,None
1739130634,167
1739130637,168
1739130640,165
1739130643,159
1739130646,169
1739130646,None
1739130652,160
1739130655,166
1739130658,163
1739130661,159
1739130664,164
1739130667,164
1739130670,169
1739130673,164
1739130676,162
1739130680,166
1739130682,159
1739130686,165
1739130689,165
1739130692,164
1739130695,165
1739130698,159
1739130701,166
1739130704,162
1739130707,166
1739130710,164
1739130713,161
1739130716,163
1739130719,165
1739130722,164
1739130725,160
1739130728,166
1739130731,160
1739130734,164
1739130738,161
1739130741,165
1739130744,162
1739130747,163
1739130750,166
1739130753,158
1739130756,166
1739130759,164
1739130762,214
1739130765,324
1739130768,553
1739130771,578
1739130774,576
1739130777,543
1739130777,None
1739130783,319
1739130786,314
1739130789,320
1739130789,None
1739130796,316
1739130798,319
1739130801,314
1739130804,313
1739130807,320
1739130811,318
1739130814,310
1739130817,320
1739130820,318
1739130820,None
1739130826,307
1739130829,318
1739130832,320
1739130835,317
1739130838,314
1739130841,312
1739130844,321
1739130847,318
1739130850,312
1739130853,314
1739130856,321
1739130859,318
1739130863,313
1739130865,321
1739130868,325
1739130871,323
1739130874,329
1739130878,326
1739130881,327
1739130884,327
1739130887,324
1739130890,330
1739130890,None
1739130896,329
1739130899,323
1739130902,327
1739130905,325
1739130908,329
1739130911,327
1739130914,322
1739130917,328
1739130920,321
1739130924,328
1739130926,319
1739130929,316
1739130933,320
1739130936,315
1739130939,318
1739130942,319
1739130945,314
1739130949,319
1739130951,319
1739130954,313
1739130957,318
1739130960,318
1739130960,None
1739130966,311
1739130969,322
1739130972,317
1739130975,314
1739130978,313
1739130981,319
1739130984,317
1739130984,None
1739130990,313
1739130993,309
1739130996,318
1739130999,317
1739131002,310
1739131006,314
1739131009,319
1739131011,315
1739131015,311
1739131018,317
1739131021,312
1739131024,318
1739131024,None
1739131030,312
1739131033,315
1739131036,312
1739131039,316
1739131042,314
1739131045,316
1739131048,314
1739131051,317
1739131054,318
1739131058,315
1739131061,318
1739131064,312
1739131067,319
1739131070,316
1739131073,311
1739131076,317
1739131079,315
1739131082,309
1739131085,315
1739131088,315
1739131091,315
1739131094,308
1739131097,317
1739131100,318
1739131103,316
1739131106,314
1739131110,312
1739131112,317
1739131115,318
1739131119,315
1739131122,311
1739131124,323
1739131127,319
1739131130,312
1739131133,318
1739131137,316
1739131140,313
1739131143,318
1739131146,317
1739131149,312
1739131152,322
1739131155,314
1739131158,318
1739131161,315
1739131164,314
1739131167,316
1739131170,317
1739131173,321
1739131176,311
1739131176,None
1739131182,314
1739131182,None
1739131188,313
1739131192,319
1739131194,315
1739131198,322
1739131201,318
1739131204,471
1739131206,578
1739131210,576
1739131214,544
1739131216,317
1739131219,271
1739131222,258
1739131225,261
1739131228,261
1739131231,265
1739131234,258
1739131237,263
1739131240,256
1739131243,263
1739131243,None
1739131249,261
1739131249,None
1739131256,257
1739131259,261
1739131262,255
1739131262,None
1739131268,264
1739131268,None
1739131274,263
1739131277,260
1739131280,261
1739131283,258
1739131286,257
1739131289,255
1739131293,261
1739131295,257
1739131299,252
1739131302,254
1739131305,258
1739131305,None
1739131311,257
1739131314,260
1739131317,256
1739131320,249
1739131320,None
1739131326,259
1739131329,254
1739131332,259
1739131335,256
1739131339,259
1739131341,253
1739131344,251
1739131347,256
1739131351,252
1739131353,261
1739131353,None
1739131360,257
1739131363,256
1739131365,257
1739131369,257
1739131372,257
1739131375,257
1739131378,256
1739131378,None
1739131384,253
1739131387,258
1739131387,None
1739131393,259
1739131396,262
1739131399,266
1739131403,258
1739131405,264
1739131408,257
1739131411,256
1739131414,260
1739131417,263
1739131421,263
1739131423,259
1739131426,257
1739131430,267
1739131433,259
1739131435,260
1739131439,260
1739131439,None
1739131445,251
1739131448,260
1739131448,None
1739131454,260
1739131457,257
1739131460,259
1739131463,271
1739131466,266
1739131469,257
1739131472,259
1739131475,263
1739131478,263
1739131478,None
1739131484,268
1739131488,261
1739131491,267
1739131494,259
1739131497,264
1739131499,262
1739131503,271
1739131506,259
1739131509,268
1739131512,260
1739131515,262
1739131518,257
1739131521,268
1739131524,259
1739131527,268
1739131530,260
1739131533,268
1739131536,266
1739131539,265
1739131542,263
1739131545,271
1739131549,271
1739131551,266
1739131554,262
1739131557,269
1739131561,260
1739131564,258
1739131566,266
1739131569,256
1739131573,263
1739131576,261
1739131576,None
1739131582,261
1739131585,490
1739131588,522
1739131591,519
1739131595,521
1739131597,400
1739131600,261
1739131603,265
1739131607,260
1739131609,263
1739131612,258
1739131615,266
1739131619,265
1739131622,262
1739131624,265
1739131628,259
1739131631,263
1739131634,260
1739131637,268
1739131640,260
1739131643,257
1739131646,257
1739131649,261
1739131652,257
1739131652,None
1739131658,256
1739131661,256
1739131664,258
1739131668,255
1739131670,269
1739131673,262
1739131676,258
1739131680,260
1739131682,263
1739131685,262
1739131688,263
1739131692,263
1739131695,259
1739131698,261
1739131701,257
1739131701,None
1739131701,None
1739131710,267
1739131713,258
1739131716,262
1739131719,261
1739131722,266
1739131725,264
1739131729,262
1739131732,262
1739131735,261
1739131737,268
1739131741,262
1739131744,267
1739131747,265
1739131750,265
1739131753,263
1739131755,267
1739131755,None
1739131762,266
1739131765,261
1739131768,265
1739131771,265
1739131774,263
1739131777,264
1739131780,265
1739131783,259
1739131786,261
1739131790,274
1739131793,271
1739131795,273
1739131798,272
1739131798,None
1739131805,268
1739131808,275
1739131811,273
1739131811,None
1739131817,270
1739131820,277
1739131823,267
1739131826,273
1739131829,271
1739131832,274
1739131835,270
1739131839,271
1739131841,265
1739131844,266
1739131847,269
1739131851,258
1739131853,264
1739131857,248
1739131859,255
1739131863,251
1739131866,248
1739131869,254
1739131871,247
1739131875,262
1739131878,248
1739131881,246
1739131884,258
1739131887,257
1739131890,249
1739131894,249
1739131896,254
1739131896,None
1739131903,253
1739131903,None
1739131909,251
1739131912,253
1739131915,249
1739131915,None
1739131920,256
1739131924,251
1739131927,254
1739131927,None
1739131934,247
1739131936,254
1739131939,258
1739131942,248
1739131945,245
1739131948,253
1739131951,247
1739131955,91
1739131957,103
1739131961,94
1739131964,92
1739131966,99
1739131969,99
1739131973,93
1739131976,99
1739131979,96
1739131982,98
1739131985,102
1739131988,100
1739131991,100
1739131994,101
1739131997,101
1739132000,103
1739132003,98
1739132006,101
1739132009,99
1739132013,101
1739132015,101
1739132018,101
1739132021,98
1739132021,None
1739132028,102
1739132031,102
1739132031,None
1739132037,296
1739132040,360
1739132043,352
1739132046,359
1739132049,173
1739132052,98
1739132055,92
1739132058,97
1739132058,None
1739132064,95
1739132067,102
1739132071,93
1739132073,97
1739132076,96
1739132076,None
1739132083,100
1739132085,96
1739132085,None
1739132092,92
1739132095,99
1739132098,94
1739132101,98
1739132104,98
1739132107,102
1739132110,105
1739132113,109
1739132116,104
1739132119,107
1739132122,107
1739132125,110
1739132125,None
1739132131,104
1739132135,106
1739132137,102
1739132140,111
1739132143,104
1739132146,114
1739132150,152
1739132153,194
1739132156,207
1739132158,211
1739132162,204
1739132165,201
1739132167,195
1739132171,193
1739132174,188
1739132177,186
1739132177,None
1739132183,183
1739132186,178
1739132189,180
1739132192,175
1739132195,176
1739132198,171
1739132201,172
1739132205,166
1739132207,166
1739132211,172
1739132213,167
1739132216,170
1739132219,164
1739132222,162
1739132226,167
1739132229,163
1739132232,166
1739132235,160
1739132238,164
1739132241,162
1739132244,161
1739132247,159
1739132250,163
1739132253,161
1739132256,161
1739132259,161
1739132262,159
1739132265,162
1739132265,None
1739132271,162
1739132274,163
1739132277,161
1739132281,164
1739132283,159
1739132286,166
1739132290,162
1739132293,168
1739132293,None
1739132293,None
1739132293,None
1739132305,160
1739132308,160
1739132311,164
1739132314,162
1739132317,162
1739132320,159
1739132323,161
1739132326,161
1739132329,161
1739132329,None
1739132336,165
1739132338,161
1739132341,163
1739132344,162
1739132347,166
1739132350,161
1739132354,162
1739132356,160
1739132359,163
1739132363,160
1739132366,161
1739132368,160
1739132372,161
1739132375,163
1739132378,161
1739132381,158
1739132384,161
1739132387,162
1739132387,None
1739132393,162
1739132396,163
1739132399,161
1739132402,167
1739132405,162
1739132408,164
1739132412,159
1739132414,166
1739132417,162
1739132420,163
1739132423,162
1739132423,None
1739132430,163
1739132433,163
1739132436,161
1739132439,163
1739132442,159
1739132445,166
1739132448,161
1739132451,163
1739132454,160
1739132457,160
1739132460,165
1739132463,158
1739132466,308
1739132469,419
1739132472,421
1739132475,349
1739132478,176
1739132481,168
1739132485,161
1739132488,164
1739132491,163
1739132493,158
1739132496,168
1739132500,164
1739132503,166
1739132505,164
1739132509,164
1739132512,166
1739132515,161
1739132518,164
1739132521,161
1739132524,159
1739132527,167
1739132530,163
1739132533,163
1739132536,165
1739132539,163
1739132543,163
1739132545,162
1739132548,163
1739132551,164
1739132554,166
1739132558,162
1739132560,160
1739132564,169
1739132567,167
1739132570,163
1739132573,157
1739132576,167
1739132579,164
1739132582,162
1739132585,161
1739132588,168
1739132591,163
1739132595,162
1739132597,166
1739132600,162
1739132603,167
1739132606,163
1739132610,162
1739132613,162
1739132616,163
1739132619,165
1739132623,161
1739132623,None
1739132628,166
1739132631,161
1739132634,166
1739132637,161
1739132640,168
1739132643,162
1739132643,None
1739132649,165
1739132653,166
1739132655,163
1739132659,162
1739132661,166
1739132665,161
1739132667,164
1739132671,164
1739132674,162
1739132676,157
1739132679,168
1739132683,163
1739132686,163
1739132686,None
1739132692,164
1739132695,163
1739132698,158
1739132701,164
1739132704,163
1739132704,None
1739132710,169
1739132714,163
1739132716,160
1739132720,168
1739132722,161
1739132726,161
1739132729,163
1739132731,161
1739132734,163
1739132738,160
1739132741,163
1739132744,164
1739132747,163
1739132750,164
1739132753,162
1739132756,165
1739132760,163
1739132760,None
1739132760,None
1739132760,None
1739132771,166
1739132774,168
1739132777,160
1739132780,165
1739132780,None
1739132787,173
1739132790,170
1739132793,174
1739132796,170
1739132798,172
1739132802,172
1739132805,170
1739132808,172
1739132811,169
1739132814,174
1739132817,169
1739132820,171
1739132820,None
1739132826,173
1739132830,167
1739132832,171
1739132835,171
1739132838,173
1739132838,None
1739132844,168
1739132847,174
1739132850,169
1739132850,None
1739132857,170
1739132860,165
1739132860,None
1739132866,164
1739132870,166
1739132872,165
1739132875,161
1739132878,168
1739132881,291
1739132884,417
1739132887,424
1739132890,420
1739132893,261
1739132896,163
1739132900,159
1739132902,167
1739132905,165
1739132908,161
1739132911,169
1739132914,163
1739132917,162
1739132920,166
1739132924,162
1739132927,165
1739132927,None
1739132927,None
1739132927,None
1739132939,163
1739132942,163
1739132945,163
1739132948,168
1739132951,164
1739132954,167
1739132957,162
1739132960,165
1739132963,162
1739132967,168
1739132969,161
1739132972,164
1739132975,160
1739132979,168
1739132981,162
1739132985,165
1739132987,164
1739132991,163
1739132993,159
1739132997,167
1739133000,164
1739133003,160
1739133006,169
1739133009,161
1739133012,166
1739133015,164
1739133018,160
1739133021,170
1739133024,163
1739133027,162
1739133030,166
1739133033,163
1739133036,160
1739133039,165
1739133042,163
1739133045,159
1739133048,155
1739133051,164
1739133054,167
1739133058,161
1739133060,161
1739133064,156
1739133067,159
1739133070,163
1739133073,164
1739133076,161
1739133079,166
1739133082,163
1739133085,177
1739133088,170
1739133091,166
1739133094,162
1739133097,161
1739133100,171
1739133103,165
1739133106,159
1739133109,159
1739133112,165
1739133115,159
1739133119,158
1739133122,153
1739133125,163
1739133128,157
1739133128,None
1739133134,155
1739133137,150
1739133140,145
1739133143,150
1739133146,148
1739133146,None
1739133152,151
1739133155,148
1739133158,151
1739133161,148
1739133161,None
1739133167,152
1739133171,153
1739133174,150
1739133177,154
1739133180,153
1739133183,156
1739133186,152
1739133189,154
1739133192,154
1739133192,None
1739133192,None
1739133201,155
1739133204,150
1739133204,None
1739133211,153
1739133214,159
1739133216,157
1739133220,150
1739133220,None
1739133226,155
1739133229,155
1739133229,None
1739133235,155
1739133238,151
1739133241,160
1739133244,155
1739133247,151
1739133250,158
1739133253,155
1739133256,154
1739133259,161
1739133262,155
1739133265,153
1739133268,158
1739133271,156
1739133275,155
1739133277,157
1739133280,158
1739133283,150
1739133287,158
1739133290,155
1739133293,150
1739133296,399
1739133299,416
1739133302,413
1739133305,412
1739133308,263
1739133311,154
1739133314,162
1739133317,159
1739133321,151
1739133323,158
1739133323,None
1739133329,153
1739133329,None
1739133335,151
1739133339,157
1739133342,154
1739133345,153
1739133348,159
1739133351,155
1739133354,153
1739133357,157
1739133360,153
1739133363,156
1739133366,155
1739133369,156
1739133372,156
1739133372,None
1739133378,157
1739133381,151
1739133384,153
1739133388,155
1739133391,152
1739133394,158
1739133397,155
1739133399,159
1739133403,154
1739133406,155
1739133409,157
1739133412,151
1739133415,160
1739133418,156
1739133421,155
1739133424,159
1739133427,156
1739133430,157
1739133433,158
1739133433,None
1739133439,157
1739133439,None
1739133445,157
1739133448,152
1739133451,159
1739133455,156
1739133457,158
1739133461,156
1739133464,159
1739133467,155
1739133470,157
1739133473,156
1739133476,158
1739133480,154
1739133482,155
1739133485,156
1739133488,160
1739133491,158
1739133495,162
1739133497,158
1739133501,158
1739133503,157
1739133506,155
1739133510,159
1739133513,157
1739133515,153
1739133519,160
1739133522,158
1739133525,154
1739133528,159
1739133531,158
1739133534,150
1739133537,160
1739133540,157
1739133543,150
1739133546,161
1739133549,157
1739133549,None
1739133555,154
1739133558,161
1739133561,156
1739133565,151
1739133567,160
1739133567,None
1739133574,157
1739133577,153
1739133580,155
1739133583,164
1739133586,157
1739133589,156
1739133592,153
1739133595,158
1739133598,162
1739133601,158
1739133604,152
1739133607,161
1739133610,158
1739133614,154
1739133616,161
1739133619,156
1739133622,154
1739133626,162
1739133628,158
1739133632,154
1739133634,159
1739133638,154
1739133641,159
1739133643,158
1739133647,154
1739133650,160
1739133653,157
1739133656,158
1739133659,156
1739133662,153
1739133665,159
1739133668,153
1739133671,158
1739133674,156
1739133677,156
1739133680,154
1739133683,154
1739133686,158
1739133689,156
1739133692,157
1739133696,156
1739133699,155
1739133702,158
1739133705,155
1739133708,161
1739133711,156
1739133714,154
1739133717,158
1739133720,154
1739133723,160
1739133726,156
1739133729,158
1739133732,159
1739133735,154
1739133739,183
1739133742,312
1739133744,312
1739133747,312
1739133751,312
1739133754,309
1739133756,516
1739133760,578
1739133763,574
1739133763,None
1739133769,317
1739133772,311
1739133775,306
1739133778,312
1739133782,311
1739133784,311
1739133787,310
1739133791,312
1739133793,312
1739133796,315
1739133799,311
1739133802,311
1739133806,313
1739133808,314
1739133812,311
1739133815,307
1739133818,314
1739133821,311
1739133824,313
1739133827,317
1739133830,309
1739133833,314
1739133837,306
1739133839,312
1739133839,None
1739133845,306
1739133849,322
1739133851,315
1739133854,322
1739133858,316
1739133860,323
1739133864,319
1739133867,317
1739133870,321
1739133872,315
1739133876,321
1739133879,319
1739133882,314
1739133885,324
1739133888,320
1739133891,315
1739133894,322
1739133897,319
1739133900,317
1739133903,322
1739133906,316
1739133910,323
1739133913,322
1739133916,316
1739133919,321
1739133922,321
1739133925,316
1739133928,322
1739133931,320
1739133934,317
1739133937,311
1739133940,325
1739133943,320
1739133946,319
1739133949,315
1739133952,314
1739133956,326
1739133958,319
1739133962,319
1739133964,318
1739133968,316
1739133970,322
1739133973,321
1739133977,319
1739133980,317
1739133982,323
1739133985,321
1739133988,319
1739133991,319
1739133995,322
1739133998,319
1739134001,325
1739134004,319
1739134007,317
1739134010,320
1739134013,326
1739134016,326
1739134019,324
1739134023,325
1739134026,327
1739134028,326
1739134032,327
1739134034,327
1739134038,329
1739134041,324
1739134043,328
1739134047,326
1739134050,320
1739134053,327
1739134056,323
1739134059,331
1739134062,324
1739134065,327
1739134068,322
1739134071,325
1739134074,318
1739134077,322
1739134080,314
1739134084,316
1739134086,317
1739134089,317
1739134093,314
1739134095,311
1739134098,319
1739134101,315
1739134105,320
1739134107,316
1739134111,317
1739134114,318
1739134117,314
1739134120,318
1739134123,319
1739134123,None
1739134129,311
1739134132,321
1739134135,319
1739134138,314
1739134141,320
1739134144,317
1739134148,575
1739134151,575
1739134153,575
1739134156,522
1739134160,314
1739134163,314
1739134163,None
1739134169,322
1739134172,314
1739134172,None
1739134178,315
1739134181,320
1739134184,315
1739134187,307
1739134190,319
1739134193,316
1739134196,316
1739134199,310
1739134202,318
1739134205,314
1739134208,312
1739134208,None
1739134214,317
1739134217,314
1739134217,None
1739134217,None
1739134227,312
1739134229,317
1739134229,None
1739134235,312
1739134239,316
1739134241,314
1739134244,317
1739134248,311
1739134251,320
1739134254,314
1739134257,320
1739134260,315
1739134260,None
1739134266,316
1739134266,None
1739134272,320
1739134275,312
1739134278,314
1739134281,315
1739134285,312
1739134287,318
1739134291,318
1739134294,311
1739134296,318
1739134299,317
1739134303,316
1739134306,324
1739134309,319
1739134312,318
1739134315,327
1739134318,321
1739134321,325
1739134324,320
1739134327,316
1739134330,326
1739134333,320
1739134333,None
1739134339,321
1739134343,324
1739134345,317
1739134348,316
1739134351,318
1739134354,312
1739134357,317
1739134360,316
1739134363,319
1739134366,322
1739134369,328
1739134373,322
1739134375,328
1739134379,320
1739134382,324
1739134385,321
1739134388,318
1739134391,326
1739134394,323
1739134398,318
1739134400,326
1739134403,322
1739134406,319
1739134409,318
1739134412,329
1739134416,322
1739134418,324
1739134422,318
1739134425,324
1739134427,327
1739134427,None
1739134433,325
1739134436,321
1739134440,314
1739134443,322
1739134445,317
1739134449,313
1739134452,321
1739134455,318
1739134458,315
1739134461,313
1739134464,320
1739134467,316
1739134470,316
1739134473,317
1739134476,318
1739134479,315
1739134482,320
1739134482,None
1739134488,318
1739134491,315
1739134494,321
1739134497,317
1739134497,None
1739134504,320
1739134507,339
1739134509,340
1739134512,338
1739134516,343
1739134516,None
1739134522,347
1739134525,319
1739134525,None
1739134531,292
1739134531,None
1739134537,290
1739134541,313
1739134543,483
1739134546,554
1739134549,551
1739134552,529
1739134555,298
1739134558,296
1739134561,299
1739134565,298
1739134567,303
1739134571,301
1739134571,None
1739134577,298
1739134580,305
1739134583,298
1739134586,302
1739134589,296
1739134593,288
1739134595,295
1739134598,289
1739134601,297
1739134604,293
1739134607,292
1739134610,296
1739134613,295
1739134616,296
1739134619,296
1739134623,294
1739134626,299
1739134629,296
1739134632,297
1739134635,296
1739134637,295
1739134641,294
1739134641,None
1739134648,297
1739134650,295
1739134654,295
1739134656,293
1739134659,298
1739134662,292
1739134665,292
1739134668,289
1739134671,288
1739134674,286
1739134677,290
1739134680,286
1739134683,288
1739134687,287
1739134690,287
1739134692,289
1739134696,285
1739134696,None
1739134702,286
1739134705,290
1739134708,288
1739134711,292
1739134714,289
1739134717,287
1739134720,287
1739134723,286
1739134727,288
1739134727,None
1739134732,285
1739134732,None
1739134738,286
1739134741,295
1739134745,297
1739134747,301
1739134751,299
1739134754,293
1739134757,298
1739134760,291
1739134763,296
1739134766,295
1739134769,294
1739134772,299
1739134775,295
1739134778,297
1739134781,293
1739134784,296
1739134787,295
1739134790,298
1739134793,295
1739134796,298
1739134799,297
1739134799,None
1739134806,290
1739134808,292
1739134808,None
1739134815,292
1739134818,287
1739134821,287
1739134823,290
1739134827,285
1739134830,290
1739134833,287
1739134836,290
1739134839,285
1739134842,292
1739134846,291
1739134848,289
1739134851,287
1739134854,289
1739134857,290
1739134860,286
1739134864,290
1739134866,286
1739134870,290
1739134873,286
1739134875,288
1739134879,285
1739134882,287
1739134885,287
1739134888,287
1739134891,289
1739134894,287
1739134897,293
1739134900,287
1739134903,291
1739134906,286
1739134910,291
1739134912,286
1739134912,None
1739134918,286
1739134922,290
1739134924,296
1739134927,300
1739134931,229
1739134934,145
1739134937,291
1739134940,400
1739134943,397
1739134946,395
1739134949,262
1739134949,None
1739134955,143
1739134958,140
1739134962,141
1739134964,139
1739134967,145
1739134967,None
1739134974,143
1739134977,129
1739134979,109
1739134983,109
1739134986,105
1739134988,107
1739134992,106
1739134995,105
1739134998,109
1739135001,105
1739135004,106
1739135007,108
1739135010,105
1739135013,104
1739135016,107
1739135019,106
1739135019,None
1739135025,104
1739135028,109
1739135032,107
1739135034,100
1739135037,112
1739135040,106
1739135043,106
1739135047,99
1739135050,111
1739135053,111
1739135056,107
1739135059,100
1739135062,109
1739135065,104
1739135068,104
1739135071,104
1739135074,107
1739135077,109
1739135077,None
1739135083,102
1739135086,103
1739135089,109
1739135092,104
1739135095,102
1739135098,106
1739135101,107
1739135104,104
1739135107,102
1739135110,107
1739135113,103
1739135117,106
1739135120,104
1739135122,103
1739135122,None
1739135122,None
1739135132,105
1739135135,103
1739135138,102
1739135141,107
1739135144,100
1739135147,107
1739135150,102
1739135153,109
1739135156,112
1739135159,107
1739135162,116
1739135165,108
1739135168,115
1739135171,115
1739135174,101
1739135177,109
1739135180,104
1739135184,102
1739135186,106
1739135190,100
1739135193,105
1739135196,105
1739135199,101
1739135202,109
1739135205,105
1739135208,99
1739135211,104
1739135214,97
1739135217,93
1739135220,101
1739135223,99
1739135226,96
1739135226,None
1739135232,102
1739135235,96
1739135235,None
1739135241,97
1739135244,102
1739135247,96
1739135247,None
1739135254,102
1739135257,96
1739135259,96
1739135263,101
1739135266,96
1739135266,None
1739135271,101
1739135275,92
1739135278,95
1739135281,96
1739135284,92
1739135287,98
1739135290,92
1739135290,None
1739135297,97
1739135299,97
1739135303,97
1739135306,98
1739135308,96
1739135312,98
1739135314,98
1739135317,96
1739135320,97
1739135324,99
1739135324,None
1739135330,98
1739135333,94
1739135336,99
1739135339,96
1739135342,98
1739135345,99
1739135348,100
1739135348,None
1739135354,102
1739135357,108
1739135360,105
1739135363,104
1739135366,161
1739135370,361
1739135373,361
1739135375,361
1739135379,288
1739135382,106
1739135384,103
1739135388,108
1739135391,110
1739135394,106
1739135397,100
1739135400,108
1739135403,100
1739135406,100
1739135409,98
1739135412,104
1739135415,99
1739135419,93
1739135421,104
1739135425,100
1739135425,None
1739135431,97
1739135434,105
1739135436,101
1739135440,165
1739135443,199
1739135446,205
1739135449,212
1739135452,198
1739135455,194
1739135458,192
1739135461,187
1739135464,194
1739135467,186
1739135470,189
1739135473,186
1739135476,183
1739135479,181
1739135479,None
1739135485,179
1739135488,178
1739135491,176
1739135494,170
1739135497,170
1739135500,168
1739135503,173
1739135503,None
1739135510,171
1739135513,168
1739135515,170
1739135515,None
1739135522,169
1739135524,163
1739135528,177
1739135531,171
1739135531,None
1739135537,174
1739135540,175
1739135543,171
1739135546,178
1739135549,173
1739135552,174
1739135555,171
1739135558,173
1739135562,170
1739135564,173
1739135567,173
1739135571,175
1739135573,175
1739135576,169
1739135580,174
1739135583,171
1739135583,None
1739135589,170
1739135591,169
1739135595,169
1739135598,163
1739135601,172
1739135601,None
1739135607,171
1739135611,179
1739135613,177
1739135617,173
1739135619,169
1739135622,177
1739135625,175
1739135628,175
1739135631,175
1739135634,178
1739135637,173
1739135640,171
1739135643,178
1739135647,172
1739135650,177
1739135653,176
1739135655,176
1739135655,None
1739135662,165
1739135662,None
1739135662,None
1739135671,169
1739135674,166
1739135677,167
1739135680,165
1739135683,163
1739135686,166
1739135690,162
1739135692,169
1739135695,162
1739135698,168
1739135701,164
1739135705,166
1739135707,166
1739135711,230
1739135713,168
1739135716,169
1739135716,None
1739135723,166
1739135726,164
1739135729,166
1739135732,165
1739135735,169
1739135738,164
1739135741,167
1739135744,164
1739135747,167
1739135750,166
1739135753,170
1739135756,163
1739135759,170
1739135762,165
1739135765,166
1739135768,165
1739135771,302
1739135774,425
1739135774,None
1739135780,355
1739135784,170
1739135787,167
1739135790,166
1739135793,165
1739135796,168
1739135799,171
1739135802,165
1739135805,164
1739135808,171
1739135811,166
1739135815,162
1739135817,161
1739135820,172
1739135823,165
1739135826,163
1739135829,169
1739135832,166
1739135836,163
1739135838,167
1739135842,161
1739135845,170
1739135848,165
1739135851,167
1739135854,167
1739135857,162
1739135860,166
1739135863,163
1739135866,169
1739135866,None
1739135872,165
1739135875,162
1739135878,167
1739135878,None
1739135884,170
1739135888,166
1739135891,164
1739135893,167
1739135896,165
1739135900,166
1739135903,165
1739135906,165
1739135909,170
1739135912,166
1739135915,160
1739135918,168
1739135921,165
1739135925,163
1739135928,168
1739135930,169
1739135933,164
1739135936,163
1739135939,161
1739135942,170
1739135945,165
1739135945,None
1739135951,168
1739135955,166
1739135958,163
1739135961,166
1739135964,163
1739135966,164
1739135970,166
1739135973,165
1739135976,169
1739135979,167
1739135982,163
1739135985,169
1739135988,164
1739135991,165
1739135994,167
1739135998,165
1739136000,168
1739136003,165
1739136006,169
1739136009,230
1739136013,174
1739136015,173
1739136019,173
1739136021,176
1739136024,170
1739136028,177
1739136030,172
1739136030,None
1739136037,176
1739136040,590
1739136043,743
1739136046,176
1739136046,None
1739136052,170
1739136055,591
1739136055,None
1739136061,173
1739136064,173
1739136067,170
1739136070,588
1739136070,None
1739136070,None
1739136079,172
1739136082,170
1739136085,783
1739136089,541
1739136091,172
1739136095,173
1739136098,184
1739136101,773
1739136104,550
1739136107,172
1739136111,175
1739136113,184
1739136117,784
1739136119,550
1739136123,172
1739136126,168
1739136128,186
1739136131,786
1739136134,546
1739136137,171
1739136140,175
1739136144,379
1739136147,788
1739136149,343
1739136153,173
1739136156,171
1739136159,377
1739136162,791
1739136165,338
1739136168,169
1739136171,179
1739136175,380
1739136177,927
1739136180,592
1739136183,421
1739136187,337
1739136189,377
1739136189,None
1739136195,332
1739136198,170
1739136201,167
1739136204,374
1739136208,734
1739136211,172
1739136213,170
1739136216,165
1739136216,None
1739136223,735
1739136226,173
1739136229,169
1739136232,167
1739136235,572
1739136238,733
1739136241,165
1739136244,175
1739136247,169
1739136250,570
1739136253,730
1739136257,173
1739136259,169
1739136262,176
1739136265,572
1739136269,731
1739136272,166
1739136272,None
1739136278,180
1739136281,759
1739136284,530
1739136287,172
1739136290,166
1739136290,None
1739136296,762
1739136296,None
1739136302,169
1739136306,172
1739136308,178
1739136311,758
1739136314,536
1739136314,None
1739136320,167
1739136320,None
1739136327,758
1739136329,538
1739136332,165
1739136335,168
1739136338,356
1739136342,773
1739136345,339
1739136347,168
1739136347,None
1739136354,359
1739136357,765
1739136360,341
1739136363,164
1739136366,164
1739136369,359
1739136372,771
1739136375,332
1739136378,164
1739136381,161
1739136384,367
1739136387,729
1739136390,329
1739136393,161
1739136396,167
1739136396,None
1739136403,767
1739136406,166
1739136408,171
1739136412,163
1739136415,570
1739136417,770
1739136420,327
1739136424,166
1739136427,169
1739136430,570
1739136433,732
1739136436,163
1739136439,166
1739136442,164
1739136445,562
1739136448,735
1739136451,162
1739136454,164
1739136457,161
1739136460,563
1739136463,736
1739136467,167
1739136469,164
1739136472,165
1739136476,753
1739136478,739
1739136481,167
1739136485,161
1739136488,169
1739136491,751
1739136491,None
1739136497,163
1739136500,160
1739136503,170
1739136506,742
1739136509,547
1739136512,163
1739136515,165
1739136518,168
1739136521,751
1739136524,549
1739136527,163
1739136530,165
1739136533,167
1739136536,746
1739136539,350
1739136543,161
1739136546,411
1739136549,599
1739136552,1023
1739136555,532
1739136555,None
1739136561,166
1739136564,344
1739136567,773
1739136570,344
1739136573,168
1739136576,163
1739136579,341
1739136582,768
1739136585,166
1739136588,169
1739136592,162
1739136595,546
1739136598,753
1739136601,167
1739136604,169
1739136607,170
1739136607,None
1739136607,None
1739136616,170
1739136619,168
1739136622,163
1739136625,542
1739136628,754
1739136632,169
1739136634,166
1739136637,169
1739136640,167
1739136640,None
1739136646,164
1739136649,171
1739136653,167
1739136656,167
1739136659,168
1739136662,170
1739136665,166
1739136665,None
1739136671,165
1739136671,None
1739136677,166
1739136681,166
1739136683,164
1739136686,172
1739136689,166
1739136692,163
1739136695,169
1739136698,166
1739136701,163
1739136704,169
1739136707,166
1739136710,166
1739136713,170
1739136716,167
1739136719,302
1739136723,316
1739136726,316
1739136728,319
1739136732,314
1739136735,319
1739136738,313
1739136741,318
1739136744,313
1739136747,314
1739136750,312
1739136753,312
1739136756,314
1739136759,309
1739136762,314
1739136765,311
1739136768,308
1739136771,313
1739136774,310
1739136777,310
1739136780,314
1739136783,312
1739136787,307
1739136789,307
1739136793,313
1739136796,313
1739136799,310
1739136802,309
1739136805,306
1739136808,309
1739136811,969
1739136814,1395
1739136817,1387
1739136820,1388
1739136823,1389
1739136826,1399
1739136829,1392
1739136833,1386
1739136835,1389
1739136839,1386
1739136841,1388
1739136845,1392
1739136847,1393
1739136851,1385
1739136854,1382
1739136857,1382
1739136860,1379
1739136863,1381
1739136866,1399
1739136869,1398
1739136872,1398
1739136875,1390
1739136878,1343
1739136881,575
1739136884,1216
1739136887,1220
1739136890,1222
1739136893,1215
1739136896,1211
1739136899,1218
1739136903,1226
1739136903,None
1739136909,1218
1739136912,1216
1739136915,1220
1739136918,1224
1739136921,1221
1739136924,1218
1739136927,1220
1739136930,1216
1739136933,1418
1739136936,1475
1739136939,1478
1739136943,1418
1739136946,1215
1739136948,1213
1739136952,1218
1739136952,None
1739136957,1216
1739136961,1223
1739136964,1215
1739136967,1209
1739136970,1215
1739136973,1212
1739136976,1208
1739136980,1215
1739136983,1212
1739136985,1213
1739136989,1214
1739136991,1217
1739136995,1210
1739136998,1212
1739137001,1216
1739137003,1212
1739137006,1213
1739137010,1213
1739137013,1212
1739137016,1209
1739137019,1217
1739137022,1210
1739137025,1207
1739137028,1203
1739137031,1216
1739137034,1209
1739137037,1206
1739137040,1204
1739137043,1207
1739137047,1219
1739137049,1217
1739137052,1216
1739137052,None
1739137059,1226
1739137061,1218
1739137065,1215
1739137068,1224
1739137071,1220
1739137073,1217
1739137076,1220
1739137080,1220
1739137083,1222
1739137086,1228
1739137089,1218
1739137092,1226
1739137095,1220
1739137098,1214
1739137101,1223
1739137104,1218
1739137107,1211
1739137110,1209
1739137114,1216
1739137116,1213
1739137119,1210
1739137122,1214
1739137125,1214
1739137129,1216
1739137131,1212
1739137134,1220
1739137138,1218
1739137140,1219
1739137144,1222
1739137147,1217
1739137150,1219
1739137153,1211
1739137156,1219
1739137159,1215
1739137162,1211
1739137165,1212
1739137168,1035
1739137172,1060
1739137174,1061
1739137177,1058
1739137181,1060
1739137184,1063
1739137187,1057
1739137190,1061
1739137193,1056
1739137193,None
1739137199,1061
1739137202,1063
1739137205,1067
1739137209,1063
1739137209,None
1739137214,1061
1739137217,1069
1739137220,1059
1739137223,1059
1739137227,1067
1739137230,1060
1739137232,1058
1739137236,1060
1739137239,1059
1739137242,1059
1739137245,1060
1739137247,1066
1739137251,1057
1739137254,1057
1739137257,1061
1739137260,1057
1739137263,1062
1739137266,1057
1739137270,1062
1739137272,1060
1739137275,1064
1739137278,1059
1739137281,1059
1739137284,1056
1739137284,None
1739137291,1266
1739137293,1263
1739137293,None
1739137299,315
1739137303,319
1739137306,1195
1739137306,None
1739137312,1521
1739137315,1111
1739137318,324
1739137321,321
1739137324,937
1739137327,1262
1739137330,1266
1739137334,866
1739137337,321
1739137339,316
1739137342,933
1739137342,None
1739137342,None
1739137352,874
1739137354,359
1739137358,360
1739137361,966
1739137364,1302
1739137367,1299
1739137370,917
1739137373,359
1739137376,373
1739137379,959
1739137382,1303
1739137385,1302
1739137388,612
1739137391,361
1739137394,370
1739137397,1252
1739137400,1293
1739137403,1281
1739137406,599
1739137409,1088
1739137412,1271
1739137415,1273
1739137419,581
1739137421,329
1739137425,336
1739137428,1044
1739137431,414
1739137434,317
1739137437,311
1739137440,311
1739137443,1114
1739137446,1246
1739137449,1251
1739137452,1147
1739137455,1241
1739137458,1248
1739137461,886
1739137464,308
1739137467,307
1739137470,308
1739137473,421
1739137476,1241
1739137479,1248
1739137483,1209
1739137485,1188
1739137488,1242
1739137488,None
1739137495,1350
1739137498,1342
1739137500,1301
1739137504,363
1739137507,952
1739137510,1347
1739137513,1346
1739137517,650
1739137517,None
1739137522,361
1739137525,362
1739137525,None
1739137531,365
1739137534,363
1739137537,371
1739137540,371
1739137544,366
1739137546,370
1739137546,None
1739137553,365
1739137556,374
1739137559,371
1739137562,364
1739137565,371
1739137568,369
1739137571,365
1739137574,371
1739137577,370
1739137580,362
1739137583,375
1739137586,375
1739137589,373
1739137592,368
1739137595,370
1739137599,374
1739137602,847
1739137604,1120
1739137608,366
1739137611,363
1739137614,367
1739137616,379
1739137619,372
1739137623,369
1739137626,362
1739137629,368
1739137632,364
1739137635,357
1739137638,363
1739137641,367
1739137644,361
1739137647,365
1739137650,365
1739137653,361
1739137656,364
1739137659,363
1739137662,344
1739137662,None
1739137668,307
1739137671,306
1739137675,306
1739137677,306
1739137681,306
1739137684,305
1739137686,536
1739137690,1051
1739137692,516
1739137696,309
1739137699,307
1739137701,312
1739137705,309
1739137708,310
1739137711,309
1739137714,310
1739137717,307
1739137720,308
1739137723,310
1739137726,305
1739137729,343
1739137732,563
1739137735,561
1739137738,561
1739137741,542
1739137744,307
1739137748,304
1739137751,313
1739137754,300
1739137757,311
1739137760,304
1739137763,309
1739137766,303
1739137769,307
1739137772,300
1739137775,303
1739137778,300
1739137781,523
1739137784,1098
1739137787,546
1739137791,304
1739137794,301
1739137796,523
1739137799,1098
1739137803,546
1739137806,308
1739137808,302
1739137812,522
1739137814,1093
1739137814,None
1739137820,305
1739137823,300
1739137827,520
1739137830,1097
1739137833,523
1739137836,262
1739137839,258
1739137842,738
1739137845,1033
1739137848,267
1739137848,None
1739137854,263
1739137857,725
1739137861,800
1739137863,309
1739137866,309
1739137870,303
1739137872,278
1739137876,278
1739137878,306
1739137881,307
1739137885,301
1739137888,307
1739137888,None
1739137894,305
1739137897,301
1739137900,307
1739137903,303
1739137906,308
1739137909,200
1739137913,153
1739137915,153
1739137918,148
1739137921,156
1739137924,153
1739137927,151
1739137930,156
1739137934,151
1739137936,151
1739137939,156
1739137942,155
1739137946,151
1739137949,114
1739137951,109
1739137955,109
1739137958,112
1739137960,107
1739137964,109
1739137967,304
1739137969,910
1739137973,117
1739137976,115
1739137979,156
1739137982,154
1739137985,158
1739137988,112
1739137991,114
1739137991,None
1739137997,112
1739138000,112
1739138003,115
1739138006,109
1739138009,110
1739138012,109
1739138016,141
1739138018,153
1739138023,154
1739138024,152
1739138028,156
1739138031,149
1739138034,154
1739138037,150
1739138040,153
1739138043,153
1739138046,155
1739138049,154
1739138052,152
1739138055,155
1739138058,152
1739138061,153
1739138064,154
1739138067,150
1739138070,156
1739138073,847
1739138076,716
1739138080,154
1739138082,152
1739138085,156
1739138088,149
1739138092,149
1739138095,129
1739138098,109
1739138101,111
1739138104,110
1739138107,109
1739138110,105
1739138113,112
1739138116,104
1739138119,109
1739138122,105
1739138125,138
1739138128,152
1739138132,151
1739138135,157
1739138138,365
1739138140,361
1739138144,361
1739138147,167
1739138150,108
1739138153,108
1739138156,113
1739138159,110
1739138162,107
1739138165,135
1739138168,153
1739138171,153
1739138174,154
1739138177,553
1739138177,None
1739138183,210
1739138186,153
1739138189,154
1739138192,149
1739138195,154
1739138198,149
1739138201,154
1739138204,150
1739138207,155
1739138211,153
1739138214,153
1739138217,157
1739138220,154
1739138223,155
1739138226,152
1739138229,153
1739138232,150
1739138235,155
1739138238,153
1739138241,153
1739138245,144
1739138247,106
1739138250,110
1739138253,108
1739138256,107
1739138259,109
1739138263,107
1739138265,111
1739138268,108
1739138272,106
1739138275,133
1739138278,152
1739138281,266
1739138284,938
1739138287,462
1739138290,105
1739138293,111
1739138296,108
1739138299,109
1739138302,112
1739138305,105
1739138309,111
1739138311,107
1739138314,119
1739138318,153
1739138318,None
1739138323,156
1739138326,114
1739138330,109
1739138333,131
1739138336,150
1739138338,153
1739138342,151
1739138345,158
1739138348,152
1739138351,156
1739138354,150
1739138357,152
1739138360,142
1739138363,153
1739138366,142
1739138369,158
1739138372,163
1739138375,147
1739138378,142
1739138381,164
1739138384,121
1739138387,98
1739138390,103
1739138394,119
1739138396,108
1739138399,99
1739138403,112
1739138405,119
1739138409,101
1739138412,107
1739138415,160
1739138415,None
1739138421,143
1739138424,146
1739138427,163
1739138427,None
1739138433,143
1739138436,156
1739138439,165
1739138439,None
1739138445,103
1739138448,118
1739138451,117
1739138454,96
1739138458,111
1739138460,118
1739138464,105
1739138464,None
1739138469,108
1739138472,142
1739138476,143
1739138478,142
1739138482,170
1739138485,153
1739138488,141
1739138491,156
1739138494,168
1739138494,None
1739138500,146
1739138503,149
1739138506,385
1739138509,365
1739138512,365
1739138515,253
1739138519,106
1739138521,101
1739138525,122
1739138527,123
1739138531,100
1739138534,147
1739138537,170
1739138539,163
1739138543,142
1739138547,167
1739138547,None
1739138552,153
1739138555,149
1739138555,None
1739138561,183
1739138564,111
1739138567,115
1739138570,128
1739138574,112
1739138576,105
1739138579,119
1739138582,129
1739138585,116
1739138589,109
1739138592,139
1739138594,159
1739138594,None
1739138601,163
1739138604,171
1739138607,155
1739138610,150
1739138613,175
1739138616,175
1739138619,210
1739138622,245
1739138625,229
1739138625,None
1739138631,204
1739138634,210
1739138637,224
1739138640,200
1739138643,198
1739138646,215
1739138650,202
1739138653,218
1739138655,237
1739138659,256
1739138662,231
1739138665,223
1739138669,247
1739138671,236
1739138674,213
1739138674,None
1739138680,232
1739138683,201
1739138686,167
1739138686,None
1739138692,190
1739138695,168
1739138698,171
1739138698,None
1739138705,183
1739138708,167
1739138711,181
1739138714,225
1739138716,222
1739138720,205
1739138723,228
1739138726,227
1739138729,208
1739138729,None
1739138735,227
1739138738,222
1739138741,207
1739138744,185
1739138747,184
1739138750,166
1739138753,168
1739138757,185
1739138760,178
1739138763,163
1739138766,175
1739138769,188
1739138772,174
1739138775,208
1739138778,231
1739138781,224
1739138784,206
1739138784,None
1739138791,230
1739138794,216
1739138796,206
1739138799,225
1739138802,220
1739138805,169
1739138809,167
1739138811,187
1739138815,172
1739138818,171
1739138818,None
1739138824,183
1739138827,173
1739138830,166
1739138833,207
1739138836,227
1739138839,209
1739138843,214
1739138845,230
1739138848,219
1739138852,214
1739138855,221
1739138858,224
1739138860,213
1739138864,182
1739138867,187
1739138870,172
1739138873,167
1739138876,184
1739138879,185
1739138882,168
1739138885,171
1739138888,182
1739138891,180
1739138895,351
1739138897,468
1739138900,486
1739138903,474
1739138906,214
1739138909,226
1739138912,231
1739138915,211
1739138918,210
1739138922,225
1739138925,175
1739138928,168
1739138931,175
1739138934,187
1739138937,171
1739138940,170
1739138943,184
1739138946,185
1739138949,166
1739138952,177
1739138955,233
1739138958,217
1739138961,210
1739138964,217
1739138964,None
1739138971,208
1739138971,None
1739138977,228
1739138980,225
1739138983,184
1739138986,179
1739138989,187
1739138992,169
1739138995,166
1739138998,182
1739139001,186
1739139004,168
1739139007,170
1739139010,211
1739139013,225
1739139016,211
1739139020,209
1739139022,222
1739139026,226
1739139028,206
1739139031,208
1739139035,230
1739139038,209
1739139041,166
1739139044,186
1739139047,179
1739139050,160
1739139053,167
1739139056,183
1739139059,170
1739139062,166
1739139065,171
1739139068,187
1739139071,201
1739139074,206
1739139078,225
1739139080,222
1739139083,209
1739139086,210
1739139089,232
1739139093,211
1739139095,211
1739139098,220
1739139102,182
1739139104,171
1739139108,168
1739139111,183
1739139114,184
1739139114,None
1739139120,170
1739139120,None
1739139126,170
1739139130,183
1739139132,214
1739139132,None
1739139138,206
1739139141,205
1739139144,217
1739139147,222
1739139150,201
1739139153,210
1739139157,220
1739139159,206
1739139163,156
1739139166,175
1739139166,None
1739139172,161
1739139175,156
1739139178,178
1739139181,166
1739139184,157
1739139187,162
1739139190,169
1739139190,None
1739139197,170
1739139199,171
1739139202,157
1739139205,150
1739139208,173
1739139211,170
1739139215,151
1739139217,157
1739139221,170
1739139224,157
1739139227,150
1739139230,173
1739139233,171
1739139236,155
1739139239,152
1739139242,176
1739139245,164
1739139248,156
1739139252,171
1739139254,175
1739139257,155
1739139261,158
1739139263,178
1739139267,165
1739139270,160
1739139273,160
1739139276,178
1739139279,165
1739139282,156
1739139285,176
1739139288,310
1739139288,None
1739139294,419
1739139297,432
1739139300,227
1739139303,157
1739139306,169
1739139309,176
1739139312,162
1739139315,157
1739139319,181
1739139321,175
1739139325,159
1739139328,170
1739139328,None
1739139333,170
1739139337,158
1739139337,None
1739139343,175
1739139346,163
1739139349,162
1739139352,184
1739139355,173
1739139358,162
1739139361,172
1739139364,181
1739139367,168
1739139371,161
1739139373,178
1739139377,181
1739139379,162
1739139382,164
1739139386,180
1739139388,176
1739139392,160
1739139394,173
1739139397,177
1739139401,162
1739139404,161
1739139407,179
1739139410,172
1739139413,158
1739139416,172
1739139419,179
1739139422,167
1739139425,161
1739139428,175
1739139431,179
1739139434,157
1739139438,172
1739139440,189
1739139443,184
1739139446,170
1739139449,173
1739139449,None
1739139455,166
1739139458,160
1739139462,180
1739139462,None
1739139467,159
1739139467,None
1739139474,180
1739139477,164
1739139480,160
1739139483,176
1739139486,179
1739139489,171
1739139492,173
1739139495,186
1739139498,179
1739139501,169
1739139504,172
1739139507,189
1739139510,170
1739139513,165
1739139516,177
1739139519,179
1739139522,158
1739139525,159
1739139528,178
1739139532,163
1739139534,158
1739139538,173
1739139540,190
1739139544,155
1739139547,154
1739139550,170
1739139553,162
1739139556,151
1739139556,None
1739139562,172
1739139565,156
1739139568,149
1739139571,178
1739139574,169
1739139577,152
1739139580,156
1739139584,177
1739139587,156
1739139589,161
1739139593,167
1739139596,179
1739139599,155
1739139602,167
1739139605,194
1739139608,219
1739139611,206
1739139614,212
1739139617,230
1739139620,193
1739139623,245
1739139626,427
1739139629,442
1739139632,463
1739139636,467
1739139638,352
1739139641,214
1739139645,160
1739139647,170
1739139647,None
1739139653,168
1739139656,163
1739139660,184
1739139662,173
1739139666,163
1739139669,389
1739139671,447
1739139675,584
1739139678,289
1739139681,366
1739139684,499
1739139687,480
1739139687,None
1739139693,476
1739139696,454
1739139699,428
1739139702,451
1739139705,506
1739139709,490
1739139711,486
1739139714,505
1739139717,532
1739139721,342
1739139724,241
1739139726,247
1739139730,190
1739139732,173
1739139736,186
1739139739,191
1739139742,174
1739139745,171
1739139748,190
1739139751,182
1739139754,173
1739139757,176
1739139760,251
1739139763,320
1739139766,366
1739139769,442
1739139772,513
1739139775,477
1739139775,None
1739139782,440
1739139785,376
1739139787,315
1739139791,360
1739139794,375
1739139797,352
1739139797,None
1739139803,387
1739139806,358
1739139809,336
1739139812,344
1739139815,355
1739139815,None
1739139823,243
1739139824,221
1739139827,236
1739139830,210
1739139833,215
1739139836,308
1739139839,369
1739139842,362
1739139845,361
1739139849,380
1739139849,None
1739139855,353
1739139858,375
1739139861,366
1739139864,359
1739139867,365
1739139870,377
1739139873,366
1739139876,357
1739139879,375
1739139882,370
1739139885,356
1739139888,356
1739139891,367
1739139894,363
1739139897,352
1739139901,371
1739139901,None
1739139906,360
1739139910,354
1739139913,372
1739139916,369
1739139919,351
1739139922,293
1739139925,247
1739139928,229
1739139931,241
1739139934,405
1739139938,420
1739139940,404
1739139943,405
1739139947,413
1739139949,369
1739139953,358
1739139953,None
1739139958,393
1739139962,497
1739139965,599
1739139968,618
1739139971,607
1739139974,560
1739139977,309
1739139980,236
1739139983,187
1739139986,184
1739139989,350
1739139992,342
1739139995,329
1739139998,325
1739140001,340
1739140004,337
1739140008,330
1739140008,None
1739140013,339
1739140016,344
1739140019,357
1739140022,371
1739140025,362
1739140028,348
1739140032,343
1739140035,299
1739140037,214
1739140041,212
1739140041,None
1739140047,223
1739140050,275
1739140053,372
1739140056,417
1739140059,411
1739140062,391
1739140065,398
1739140068,383
1739140071,356
1739140074,343
1739140077,354
1739140080,409
1739140083,398
1739140086,401
1739140089,408
1739140092,388
1739140092,None
1739140099,330
1739140101,339
1739140104,214
1739140108,189
1739140111,217
1739140114,291
1739140117,348
1739140120,347
1739140123,361
1739140125,350
1739140130,340
1739140132,349
1739140135,355
1739140138,343
1739140141,340
1739140144,359
1739140147,344
1739140147,None
1739140153,215
1739140156,226
1739140159,206
1739140162,202
1739140166,209
1739140169,362
1739140172,347
1739140174,345
1739140177,363
1739140181,345
1739140183,337
1739140187,349
1739140190,351
1739140193,342
1739140195,338
1739140199,353
1739140202,359
1739140205,339
1739140208,338
1739140211,362
1739140214,324
1739140217,206
1739140221,227
1739140223,247
1739140227,251
1739140229,253
1739140229,None
1739140235,408
1739140239,370
1739140242,368
1739140245,368
1739140248,358
1739140251,389
1739140254,404
1739140257,400
1739140260,376
1739140263,342
1739140266,364
1739140266,None
1739140272,340
1739140276,351
1739140279,356
1739140281,334
1739140284,239
1739140287,225
1739140290,217
1739140294,204
1739140297,218
1739140299,223
1739140303,284
1739140306,356
1739140309,372
1739140312,357
1739140315,349
1739140318,346
1739140321,367
1739140324,434
1739140327,593
1739140330,603
1739140333,609
1739140336,510
1739140339,344
1739140343,365
1739140345,336
1739140348,210
1739140351,218
1739140351,None
1739140357,207
1739140360,204
1739140364,344
1739140364,None
1739140370,346
1739140373,348
1739140376,362
1739140379,350
1739140382,377
1739140385,393
1739140388,405
1739140391,390
1739140394,385
1739140397,362
1739140400,352
1739140403,347
1739140406,350
1739140409,301
1739140409,None
1739140415,211
1739140419,227
1739140421,228
1739140424,208
1739140427,285
1739140431,377
1739140434,361
1739140436,349
1739140440,357
1739140443,364
1739140446,347
1739140449,533
1739140452,606
1739140455,603
1739140458,588
1739140461,600
1739140465,606
1739140467,590
1739140470,585
1739140474,601
1739140477,508
1739140479,499
1739140483,503
1739140486,519
1739140489,513
1739140492,483
1739140495,615
1739140498,615
1739140498,None
1739140504,631
1739140507,652
1739140507,None
1739140514,633
1739140516,614
1739140519,608
1739140522,590
1739140525,587
1739140525,None
1739140531,602
1739140535,587
1739140538,530
1739140540,477
1739140544,466
1739140547,456
1739140550,467
1739140553,476
1739140556,581
1739140559,604
1739140562,616
1739140565,612
1739140568,593
1739140571,596
1739140575,615
1739140577,606
1739140580,592
1739140583,608
1739140583,None
1739140590,593
1739140592,596
1739140595,612
1739140599,500
1739140599,None
1739140605,473
1739140608,484
1739140611,463
1739140614,466
1739140617,552
1739140620,621
1739140623,610
1739140626,611
1739140629,615
1739140632,595
1739140635,590
1739140638,605
1739140641,605
1739140645,592
1739140647,633
1739140650,648
1739140654,638
1739140657,627
1739140657,None
1739140663,603
1739140666,571
1739140669,455
1739140669,None
1739140675,509
1739140678,499
1739140681,501
1739140684,534
1739140688,612
1739140690,601
1739140694,611
1739140694,None
1739140699,592
1739140699,None
1739140705,610
1739140708,600
1739140712,588
1739140715,598
1739140717,609
1739140720,593
1739140724,586
1739140727,607
1739140729,605
1739140733,587
1739140736,486
1739140739,477
1739140742,468
1739140745,458
1739140748,467
1739140751,478
1739140754,578
1739140757,607
1739140760,619
1739140763,608
1739140766,617
1739140769,606
1739140773,616
1739140776,599
1739140778,396
1739140781,304
1739140785,304
1739140787,286
1739140791,289
1739140791,None
1739140796,297
1739140799,284
1739140802,231
1739140806,171
1739140809,155
1739140812,151
1739140815,164
1739140818,201
1739140821,184
1739140824,331
1739140827,393
1739140830,345
1739140833,310
1739140836,322
1739140836,None
1739140842,286
1739140845,302
1739140848,321
1739140851,317
1739140854,297
1739140858,312
1739140861,318
1739140863,300
1739140866,295
1739140870,290
1739140872,246
1739140875,164
1739140879,162
1739140882,174
1739140885,162
1739140888,166
1739140891,289
1739140891,None
1739140897,309
1739140900,311
1739140903,304
1739140903,None
1739140909,521
1739140912,557
1739140915,560
1739140918,556
1739140921,412
1739140924,302
1739140927,305
1739140930,305
1739140933,303
1739140936,201
1739140939,171
1739140943,174
1739140945,169
1739140949,172
1739140951,169
1739140951,None
1739140958,319
1739140961,311
1739140963,313
1739140967,302
1739140970,324
1739140973,327
1739140976,328
1739140979,324
1739140982,326
1739140985,325
1739140988,324
1739140991,318
1739140994,325
1739140997,317
1739141000,304
1739141003,187
1739141006,191
1739141009,187
1739141013,189
1739141015,187
1739141018,190
1739141021,313
1739141021,None
1739141028,335
1739141031,305
1739141034,306
1739141037,306
1739141039,306
1739141043,304
1739141046,303
1739141046,None
1739141052,301
1739141055,303
1739141058,302
1739141061,299
1739141064,303
1739141067,194
1739141070,171
1739141073,182
1739141076,192
1739141080,193
1739141083,212
1739141086,342
1739141089,327
1739141092,309
1739141095,314
1739141098,308
1739141101,304
1739141104,308
1739141104,None
1739141110,306
1739141113,303
1739141116,305
1739141119,301
1739141122,305
1739141122,None
1739141129,301
1739141131,193
1739141134,171
1739141137,163
1739141141,172
1739141144,168
1739141146,181
1739141146,None
1739141153,331
1739141156,328
1739141159,318
1739141159,None
1739141159,None
1739141168,309
1739141171,307
1739141174,306
1739141177,307
1739141180,305
1739141183,305
1739141186,304
1739141189,303
1739141189,None
1739141196,305
1739141199,266
1739141202,437
1739141205,439
1739141208,435
1739141211,441
1739141214,437
1739141214,None
1739141220,509
1739141223,328
1739141226,319
1739141226,None
1739141232,314
1739141235,313
1739141238,312
1739141241,310
1739141244,309
1739141247,308
1739141250,307
1739141253,307
1739141257,301
1739141259,300
1739141263,301
1739141266,195
1739141269,170
1739141271,172
1739141275,169
1739141278,166
1739141281,186
1739141284,296
1739141287,316
1739141290,308
1739141293,310
1739141293,None
1739141299,323
1739141302,322
1739141305,321
1739141308,296
1739141311,295
1739141314,304
1739141317,306
1739141320,307
1739141323,308
1739141327,306
1739141329,245
1739141333,170
1739141336,170
1739141339,169
1739141342,168
1739141345,171
1739141348,292
1739141351,318
1739141354,314
1739141357,309
1739141360,388
1739141363,564
1739141366,561
1739141369,559
1739141372,558
1739141372,None
1739141378,558
1739141381,557
1739141384,555
1739141387,555
1739141390,555
1739141394,554
1739141397,450
1739141400,425
1739141403,427
1739141406,444
1739141409,431
1739141412,418
1739141415,546
1739141419,581
1739141421,607
1739141424,606
1739141427,466
1739141430,355
1739141433,351
1739141437,313
1739141439,308
1739141442,324
1739141445,302
1739141448,300
1739141451,298
1739141454,307
1739141458,301
1739141461,303
1739141463,288
1739141467,173
1739141470,167
1739141473,174
1739141476,168
1739141479,171
1739141482,194
1739141485,329
1739141485,None
1739141491,348
1739141494,350
1739141497,342
1739141501,333
1739141503,333
1739141507,331
1739141509,327
1739141513,329
1739141516,325
1739141519,340
1739141521,543
1739141525,1243
1739141528,1107
1739141531,1270
1739141534,1015
1739141537,752
1739141540,282
1739141543,810
1739141546,934
1739141546,None
1739141552,948
1739141555,1263
1739141558,1068
1739141562,1022
1739141564,668
1739141567,1055
1739141570,1170
1739141573,1134
1739141576,1219
1739141580,1148
1739141583,1191
1739141586,1167
1739141589,1542
1739141592,1580
1739141594,1452
1739141598,1214
1739141601,1134
1739141601,None
1739141607,374
1739141611,1012
1739141613,973
1739141616,1169
1739141619,970
1739141623,844
1739141625,474
1739141628,983
1739141631,528
1739141635,726
1739141638,1086
1739141641,994
1739141644,495
1739141647,732
1739141650,1180
1739141653,966
1739141656,446
1739141659,452
1739141662,462
1739141665,477
1739141668,469
1739141671,418
1739141675,331
1739141675,None
1739141680,367
1739141683,357
1739141686,597
1739141690,1148
1739141692,1285
1739141695,788
1739141699,893
1739141701,1218
1739141704,1221
1739141707,1205
1739141711,1212
1739141713,1197
1739141713,None
1739141720,1272
1739141723,1339
1739141726,1337
1739141729,1333
1739141732,1220
1739141735,1208
1739141738,1443
1739141741,1343
1739141745,1345
1739141748,1416
1739141750,1445
1739141753,1303
1739141757,1301
1739141760,1215
1739141763,1214
1739141763,None
1739141769,1207
1739141772,1208
1739141775,668
1739141777,458
1739141781,492
1739141785,504
1739141787,498
1739141790,488
1739141793,646
1739141796,1158
1739141799,1216
1739141802,1202
1739141805,1192
1739141808,1170
1739141811,1063
1739141815,1039
1739141818,324
1739141820,315
1739141824,458
1739141827,1083
1739141827,None
1739141833,1203
1739141836,1200
1739141839,1189
1739141842,1188
1739141845,1197
1739141848,641
1739141851,455
1739141854,439
1739141857,735
1739141860,1165
1739141863,1172
1739141866,1176
1739141869,1170
1739141873,1170
1739141873,None
1739141878,1069
1739141882,1044
1739141884,1050
1739141887,1043
1739141887,None
1739141887,None
1739141887,None
1739141899,1193
1739141902,1196
1739141906,1190
1739141909,1188
1739141912,1185
1739141915,1187
1739141915,None
1739141921,1181
1739141924,1177
1739141927,1178
1739141930,1179
1739141933,1181
1739141936,605
1739141936,None
1739141942,411
1739141945,292
1739141948,297
1739141951,291
1739141954,293
1739141958,313
1739141960,422
1739141964,441
1739141966,440
1739141969,433
1739141973,433
1739141975,432
1739141978,433
1739141982,430
1739141985,428
1739141988,429
1739141991,430
1739141994,425
1739141997,426
1739142000,428
1739142003,423
1739142006,426
1739142009,393
1739142012,313
1739142012,None
1739142019,1763
1739142021,2137
1739142021,None
1739142027,2211
1739142030,2137
1739142033,2322
1739142037,2066
1739142040,2062
1739142043,2069
1739142046,2072
1739142049,2071
1739142049,None
1739142055,2068
1739142058,2063
1739142061,2068
1739142064,2063
1739142067,2069
1739142070,2069
1739142074,2065
1739142076,2002
1739142080,1925
1739142082,1933
1739142085,1922
1739142089,1928
1739142092,1928
1739142095,2051
1739142098,2073
1739142101,2063
1739142104,2057
1739142107,2059
1739142107,None
1739142113,2047
1739142116,2047
1739142119,2049
1739142122,2052
1739142126,2042
1739142128,2040
1739142131,2046
1739142134,2048
1739142138,2051
1739142140,2053
1739142144,1947
1739142147,1920
1739142150,1918
1739142153,1914
1739142155,1915
1739142159,2160
1739142162,2843
1739142165,3443
1739142168,3437
1739142171,3430
1739142174,3431
1739142177,3429
1739142180,3435
1739142183,3437
1739142187,3438
1739142189,3431
1739142192,3431
1739142195,3425
1739142198,3428
1739142202,3427
1739142205,3402
1739142208,3299
1739142211,3299
1739142214,3292
1739142217,3292
1739142220,3287
1739142223,3299
1739142226,2941
1739142229,2932
1739142232,2934
1739142235,2926
1739142235,None
1739142242,2928
1739142245,2923
1739142247,2945
1739142250,2942
1739142253,2551
1739142256,1516
1739142260,1511
1739142262,1512
1739142265,1512
1739142269,1512
1739142272,1508
1739142275,1495
1739142278,1383
1739142281,1383
1739142284,1395
1739142287,1398
1739142290,1389
1739142293,1458
1739142293,None
1739142300,1527
1739142302,1524
1739142305,1528
1739142308,1520
1739142311,1523
1739142315,1512
1739142318,1519
1739142321,1514
1739142324,1515
1739142324,None
1739142324,None
1739142333,1515
1739142335,1509
1739142339,1507
1739142342,1511
1739142345,1449
1739142348,1385
1739142351,1386
1739142354,1387
1739142357,1385
1739142360,1383
1739142363,1509
1739142366,1528
1739142370,1525
1739142373,1519
1739142375,1520
1739142378,1514
1739142382,1516
1739142385,1515
1739142387,1515
1739142390,1517
1739142394,1515
1739142397,1519
1739142400,1513
1739142403,1516
1739142406,1510
1739142409,1635
1739142412,1764
1739142415,1665
1739142418,1638
1739142418,None
1739142418,None
1739142427,1389
1739142430,1405
1739142433,1532
1739142436,1523
1739142439,1516
1739142442,1520
1739142445,1514
1739142449,1520
1739142449,None
1739142454,428
1739142458,446
1739142461,428
1739142464,427
1739142467,429
1739142470,438
1739142473,436
1739142476,429
1739142479,423
1739142482,318
1739142485,292
1739142488,288
1739142491,292
1739142494,289
1739142497,290
1739142500,367
1739142503,444
1739142506,442
1739142509,435
1739142514,434
1739142516,433
1739142518,430
1739142522,440
1739142524,463
1739142528,472
1739142531,472
1739142534,469
1739142537,474
1739142540,462
1739142543,427
1739142546,425
1739142549,422
1739142552,425
1739142555,361
1739142558,291
1739142561,286
1739142564,290
1739142567,288
1739142571,307
1739142573,408
1739142576,495
1739142580,483
1739142582,479
1739142585,486
1739142589,433
1739142591,427
1739142595,433
1739142595,None
1739142601,426
1739142604,429
1739142607,447
1739142610,447
1739142613,436
1739142616,428
1739142619,423
1739142622,422
1739142625,316
1739142628,287
1739142631,283
1739142634,281
1739142637,286
1739142640,356
1739142643,432
1739142647,431
1739142650,440
1739142652,458
1739142655,452
1739142658,462
1739142661,452
1739142665,456
1739142668,455
1739142671,461
1739142674,456
1739142677,457
1739142680,456
1739142683,457
1739142683,None
1739142689,451
1739142692,348
1739142695,326
1739142698,329
1739142698,None
1739142704,329
1739142707,351
1739142710,486
1739142713,474
1739142716,475
1739142720,469
1739142722,467
1739142725,471
1739142728,470
1739142732,468
1739142735,467
1739142737,467
1739142741,462
1739142744,466
1739142747,463
1739142747,None
1739142753,463
1739142756,466
1739142760,448
1739142762,364
1739142765,334
1739142765,None
1739142765,None
1739142775,336
1739142777,339
1739142780,473
1739142783,493
1739142786,490
1739142790,489
1739142793,488
1739142795,489
1739142799,481
1739142802,482
1739142805,479
1739142808,482
1739142811,477
1739142814,477
1739142817,483
1739142820,476
1739142823,493
1739142826,735
1739142826,None
1739142832,727
1739142835,626
1739142839,345
1739142842,345
1739142842,None
1739142847,346
1739142851,422
1739142854,501
1739142857,492
1739142859,492
1739142863,484
1739142866,487
1739142869,482
1739142872,483
1739142875,481
1739142878,486
1739142881,475
1739142885,478
1739142887,477
1739142890,474
1739142893,473
1739142896,479
1739142900,480
1739142902,482
1739142905,366
1739142909,349
1739142912,342
1739142915,348
1739142915,None
1739142921,423
1739142924,491
1739142927,495
1739142930,484
1739142933,485
1739142936,481
1739142939,475
1739142942,453
1739142946,446
1739142948,442
1739142951,447
1739142955,447
1739142958,451
1739142960,442
1739142963,455
1739142967,449
1739142969,450
1739142973,445
1739142976,339
1739142979,307
1739142982,307
1739142985,306
1739142988,313
1739142991,379
1739142994,460
1739142997,457
1739143000,458
1739143003,440
1739143007,446
1739143009,441
1739143012,452
1739143015,441
1739143015,None
1739143022,437
1739143024,435
1739143028,429
1739143031,441
1739143034,435
1739143037,434
1739143040,315
1739143043,297
1739143046,294
1739143049,292
1739143052,293
1739143055,414
1739143058,443
1739143058,None
1739143064,441
1739143067,430
1739143070,436
1739143073,430
1739143076,434
1739143080,433
1739143083,429
1739143086,425
1739143089,429
1739143092,426
1739143094,420
1739143098,425
1739143101,420
1739143104,312
1739143107,285
1739143110,292
1739143113,292
1739143116,283
1739143119,316
1739143122,445
1739143125,434
1739143128,427
1739143131,430
1739143134,427
1739143137,427
1739143140,427
1739143143,422
1739143146,422
1739143150,417
1739143153,425
1739143156,418
1739143158,417
1739143162,415
1739143165,416
1739143168,415
1739143171,416
1739143174,305
1739143177,283
1739143180,280
1739143183,283
1739143183,None
1739143189,429
1739143192,428
1739143196,423
1739143198,424
1739143201,420
1739143204,423
1739143204,None
1739143210,668
1739143214,670
1739143217,663
1739143219,424
1739143223,418
1739143226,418
1739143229,421
1739143232,397
1739143232,None
1739143232,None
1739143241,284
1739143244,279
1739143247,284
1739143250,358
1739143253,439
1739143256,430
1739143259,430
1739143262,424
1739143265,424
1739143268,420
1739143268,None
1739143275,418
1739143277,419
1739143280,419
1739143283,417
1739143287,422
1739143290,418
1739143292,419
1739143295,413
1739143298,418
1739143302,305
1739143305,276
1739143308,281
1739143311,286
1739143314,280
1739143317,299
1739143320,441
1739143323,433
1739143327,423
1739143329,422
1739143332,425
1739143335,418
1739143339,419
1739143341,423
1739143345,419
1739143347,417
1739143350,412
1739143354,414
1739143357,410
1739143359,409
1739143363,397
1739143366,277
1739143369,278
1739143372,273
1739143375,282
1739143378,276
1739143381,276
1739143384,410
1739143387,435
1739143390,425
1739143390,None
1739143396,434
1739143399,430
1739143403,430
1739143405,426
1739143408,427
1739143412,424
1739143415,425
1739143418,422
1739143422,427
1739143424,418
1739143427,424
1739143430,420
1739143433,419
1739143436,312
1739143439,284
1739143442,285
1739143446,284
1739143448,283
1739143451,307
1739143454,440
1739143457,437
1739143460,429
1739143463,429
1739143467,427
1739143470,423
1739143473,426
1739143476,422
1739143479,425
1739143479,None
1739143485,424
1739143488,422
1739143491,422
1739143494,419
1739143497,423
1739143500,417
1739143503,356
1739143506,282
1739143509,287
1739143512,284
1739143516,283
1739143518,280
1739143522,363
1739143525,438
1739143528,437
1739143531,431
1739143534,425
1739143537,428
1739143540,429
1739143543,421
1739143546,425
1739143549,423
1739143552,421
1739143555,415
1739143558,428
1739143561,427
1739143564,424
1739143567,423
1739143571,294
1739143574,288
1739143577,285
1739143579,529
1739143582,547
1739143586,666
1739143588,698
1739143591,436
1739143595,433
1739143598,430
1739143600,424
1739143604,428
1739143607,424
1739143609,423
1739143613,428
1739143616,426
1739143619,429
1739143622,424
1739143625,426
1739143628,422
1739143631,360
1739143634,290
1739143637,286
1739143641,290
1739143643,304
1739143647,294
1739143650,417
1739143652,453
1739143655,438
1739143658,441
1739143662,436
1739143665,449
1739143668,462
1739143670,457
1739143670,None
1739143677,459
1739143680,453
1739143682,454
1739143686,446
1739143689,445
1739143692,435
1739143695,418
1739143698,424
1739143701,405
1739143704,288
1739143707,288
1739143710,286
1739143713,292
1739143716,284
1739143719,360
1739143722,439
1739143725,428
1739143728,427
1739143732,421
1739143735,429
1739143737,421
1739143741,424
1739143744,418
1739143747,421
1739143750,420
1739143753,420
1739143756,425
1739143759,417
1739143762,421
1739143765,414
1739143768,307
1739143772,288
1739143774,285
1739143777,284
1739143781,284
1739143783,304
1739143787,440
1739143789,434
1739143793,427
1739143796,428
1739143798,428
1739143802,431
1739143804,427
1739143804,None
1739143811,446
1739143814,440
1739143814,None
1739143820,380
1739143823,356
1739143826,344
1739143829,330
1739143832,337
1739143835,335
1739143838,314
1739143841,194
1739143845,199
1739143847,202
1739143851,194
1739143851,None
1739143857,215
1739143859,353
1739143863,354
1739143866,347
1739143869,343
1739143872,336
1739143875,343
1739143878,340
1739143881,329
1739143884,327
1739143887,335
1739143890,328
1739143894,327
1739143896,332
1739143896,None
1739143896,None
1739143905,329
1739143909,268
1739143912,191
1739143915,194
1739143918,190
1739143921,194
1739143924,190
1739143927,270
1739143930,349
1739143933,342
1739143936,343
1739143939,339
1739143942,333
1739143945,339
1739143949,332
1739143951,330
1739143955,335
1739143957,338
1739143961,332
1739143963,329
1739143967,333
1739143969,331
1739143973,329
1739143976,327
1739143979,330
1739143982,220
1739143985,194
1739143988,195
1739143991,192
1739143994,200
1739143994,None
1739144001,323
1739144003,343
1739144006,342
1739144009,334
1739144012,341
1739144015,333
1739144019,337
1739144021,333
1739144024,335
1739144028,332
1739144031,333
1739144034,438
1739144037,588
1739144040,587
1739144043,587
1739144046,346
1739144049,193
1739144052,195
1739144055,195
1739144058,193
1739144061,194
1739144064,218
1739144067,354
1739144070,347
1739144073,343
1739144076,339
1739144080,340
1739144082,332
1739144085,338
1739144089,332
1739144091,332
1739144095,333
1739144098,330
1739144101,334
1739144103,332
1739144106,329
1739144110,333
1739144113,315
1739144116,194
1739144119,191
1739144122,198
1739144125,193
1739144128,191
1739144131,270
1739144134,350
1739144137,346
1739144140,341
1739144143,342
1739144147,332
1739144150,335
1739144152,331
1739144156,333
1739144158,330
1739144161,329
1739144161,None
1739144168,333
1739144170,329
1739144174,330
1739144177,328
1739144180,312
1739144183,191
1739144186,197
1739144189,193
1739144192,195
1739144195,193
1739144198,216
1739144202,352
1739144204,346
1739144207,345
1739144211,340
1739144213,336
1739144217,339
1739144220,333
1739144220,None
1739144226,329
1739144229,333
1739144232,333
1739144235,337
1739144238,329
1739144240,336
1739144244,327
1739144247,335
1739144251,220
1739144253,200
1739144256,194
1739144259,197
1739144263,191
1739144265,194
1739144268,269
1739144272,351
1739144274,345
1739144278,342
1739144280,344
1739144284,339
1739144287,332
1739144290,332
1739144293,330
1739144295,332
1739144299,328
1739144299,None
1739144299,None
1739144308,331
1739144312,323
1739144315,328
1739144317,321
1739144321,224
1739144323,214
1739144326,212
1739144330,221
1739144332,226
1739144335,243
1739144338,381
1739144342,380
1739144344,367
1739144347,366
1739144350,364
1739144354,358
1739144357,363
1739144360,360
1739144363,359
1739144366,357
1739144369,359
1739144372,353
1739144375,355
1739144378,354
1739144381,360
1739144384,354
1739144387,290
1739144390,217
1739144393,214
1739144396,219
1739144400,219
1739144403,214
1739144405,293
1739144409,368
1739144409,None
1739144414,620
1739144418,614
1739144421,616
1739144424,511
1739144427,353
1739144430,341
1739144433,333
1739144436,330
1739144439,334
1739144442,331
1739144445,326
1739144448,332
1739144451,309
1739144454,192
1739144457,192
1739144460,197
1739144463,195
1739144466,194
1739144470,320
1739144473,348
1739144475,345
1739144475,None
1739144482,332
1739144482,None
1739144488,338
1739144490,333
1739144494,328
1739144497,334
1739144500,334
1739144500,None
1739144500,None
1739144509,327
1739144512,327
1739144515,317
1739144518,191
1739144518,None
1739144524,199
1739144527,243
1739144530,277
1739144533,377
1739144536,465
1739144539,443
1739144543,438
1739144545,433
1739144548,457
1739144551,454
1739144555,443
1739144557,455
1739144561,448
1739144564,442
1739144567,437
1739144571,436
1739144574,414
1739144576,404
1739144579,412
1739144582,337
1739144585,264
1739144588,267
1739144592,262
1739144594,265
1739144597,262
1739144601,390
1739144604,434
1739144606,442
1739144609,436
1739144613,428
1739144616,427
1739144619,428
1739144619,None
1739144619,None
1739144628,420
1739144631,415
1739144634,416
1739144637,414
1739144640,419
1739144643,422
1739144646,443
1739144646,None
1739144652,301
1739144652,None
1739144658,308
1739144661,609
1739144664,1149
1739144668,1122
1739144671,1274
1739144673,1108
1739144677,1269
1739144680,1099
1739144683,1259
1739144686,1096
1739144689,1300
1739144692,1138
1739144695,1300
1739144698,1130
1739144701,1296
1739144704,1107
1739144707,1247
1739144711,1173
1739144713,1147
1739144717,1041
1739144720,1039
1739144722,1041
1739144726,1033
1739144729,1037
1739144732,1161
1739144735,1182
1739144738,1169
1739144741,1178
1739144744,1171
1739144747,1173
1739144750,1169
1739144753,1181
1739144756,1167
1739144759,1170
1739144762,1174
1739144765,1177
1739144768,1171
1739144771,1185
1739144774,1085
1739144778,1260
1739144780,1205
1739144780,None
1739144787,1055
1739144790,1059
1739144793,1053
1739144796,1057
1739144799,1155
1739144799,None
1739144805,1219
1739144808,1211
1739144811,1247
1739144814,1444
1739144817,1442
1739144820,1434
1739144823,1355
1739144827,1180
1739144830,1179
1739144830,None
1739144835,1179
1739144838,1179
1739144841,1185
1739144845,1165
1739144848,1052
1739144851,1059
1739144853,1053
1739144857,1057
1739144860,1061
1739144863,1073
1739144863,None
1739144869,1198
1739144872,1205
1739144875,1197
1739144878,1199
1739144881,1193
1739144885,1194
1739144887,1190
1739144890,1189
1739144893,1191
1739144896,1190
1739144900,1190
1739144902,1240
1739144905,1508
1739144909,2609
1739144912,2600
1739144912,None
1739144918,2476
1739144921,2482
1739144924,2471
1739144927,2472
1739144930,2469
1739144933,2471
1739144936,1976
1739144940,1862
1739144942,1858
1739144945,1853
1739144948,1845
1739144951,1035
1739144954,467
1739144957,462
1739144960,455
1739144963,427
1739144967,427
1739144969,440
1739144972,474
1739144976,468
1739144979,468
1739144982,467
1739144985,430
1739144985,None
1739144991,287
1739144994,292
1739144997,285
1739145000,288
1739145003,413
1739145006,467
1739145009,459
1739145012,448
1739145015,447
1739145018,460
1739145021,450
1739145024,449
1739145027,451
1739145030,448
1739145033,425
1739145036,424
1739145039,427
1739145043,424
1739145046,424
1739145049,407
1739145052,309
1739145055,286
1739145058,284
1739145058,None
1739145064,271
1739145067,350
1739145070,425
1739145073,416
1739145076,418
1739145079,411
1739145082,410
1739145085,405
1739145089,405
1739145091,403
1739145094,403
1739145098,401
1739145100,398
1739145103,397
1739145107,395
1739145110,396
1739145112,332
1739145116,262
1739145119,262
1739145122,265
1739145125,256
1739145128,263
1739145131,333
1739145134,416
1739145137,407
1739145140,407
1739145143,401
1739145146,404
1739145149,398
1739145152,397
1739145155,403
1739145158,395
1739145161,392
1739145164,399
1739145164,None
1739145171,392
1739145174,423
1739145177,401
1739145180,274
1739145183,279
1739145186,279
1739145189,282
1739145192,283
1739145195,415
1739145198,432
1739145202,425
1739145204,414
1739145207,398
1739145211,399
1739145213,457
1739145216,649
1739145220,655
1739145223,638
1739145225,401
1739145228,396
1739145232,392
1739145235,393
1739145238,372
1739145241,254
1739145244,250
1739145247,256
1739145250,251
1739145253,254
1739145256,324
1739145259,408
1739145262,395
1739145265,395
1739145268,389
1739145271,393
1739145271,None
1739145277,387
1739145280,387
1739145283,386
1739145286,385
1739145289,382
1739145292,379
1739145295,384
1739145298,384
1739145301,321
1739145304,255
1739145308,252
1739145310,251
1739145314,251
1739145316,250
1739145320,326
1739145323,407
1739145326,398
1739145329,398
1739145332,392
1739145335,422
1739145338,410
1739145341,414
1739145344,409
1739145347,389
1739145350,385
1739145353,392
1739145353,None
1739145359,391
1739145362,387
1739145365,388
1739145369,278
1739145372,255
1739145374,253
1739145378,252
1739145380,253
1739145384,251
1739145387,386
1739145390,407
1739145393,400
1739145396,404
1739145399,399
1739145402,395
1739145405,401
1739145408,393
1739145411,388
1739145414,397
1739145417,390
1739145420,391
1739145423,394
1739145426,387
1739145429,387
1739145433,316
1739145436,275
1739145439,278
1739145442,271
1739145445,258
1739145448,255
1739145450,378
1739145453,437
1739145457,427
1739145460,424
1739145463,424
1739145466,420
1739145469,419
1739145472,397
1739145475,396
1739145478,389
1739145481,397
1739145484,389
1739145487,396
1739145490,414
1739145493,421
1739145496,394
1739145499,281
1739145503,273
1739145503,None
1739145508,253
1739145511,257
1739145511,None
1739145511,None
1739145521,437
1739145523,427
1739145527,423
1739145530,418
1739145533,399
1739145536,393
1739145539,398
1739145542,393
1739145545,398
1739145548,393
1739145551,405
1739145554,418
1739145557,414
1739145560,411
1739145563,417
1739145566,347
1739145569,264
1739145569,None
1739145575,256
1739145578,259
1739145582,381
1739145582,None
1739145588,641
1739145591,668
1739145594,453
1739145597,401
1739145600,401
1739145603,396
1739145606,399
1739145609,396
1739145612,394
1739145615,395
1739145618,390
1739145622,401
1739145624,392
1739145627,391
1739145631,396
1739145633,370
1739145636,253
1739145639,260
1739145643,254
1739145646,254
1739145649,251
1739145652,284
1739145655,412
1739145658,403
1739145661,404
1739145664,402
1739145667,398
1739145670,394
1739145673,398
1739145676,393
1739145679,392
1739145683,389
1739145685,388
1739145688,398
1739145691,389
1739145695,278
1739145697,251
1739145700,253
1739145704,262
1739145707,260
1739145710,254
1739145713,382
1739145716,414
1739145719,406
1739145722,397
1739145725,403
1739145728,404
1739145731,396
1739145734,396
1739145737,390
1739145740,394
1739145743,394
1739145747,390
1739145749,395
1739145752,387
1739145755,282
1739145758,253
1739145761,257
1739145765,248
1739145768,252
1739145771,250
1739145774,333
1739145777,408
1739145780,405
1739145783,399
1739145783,None
1739145789,399
1739145792,395
1739145795,399
1739145798,395
1739145801,395
1739145804,389
1739145807,392
1739145810,395
1739145813,387
1739145817,326
1739145819,250
1739145822,262
1739145826,253
1739145829,258
1739145831,252
1739145835,277
1739145838,413
1739145841,404
1739145844,398
1739145847,397
1739145847,None
1739145854,395
1739145856,398
1739145859,388
1739145862,392
1739145865,384
1739145868,388
1739145871,386
1739145874,388
1739145877,383
1739145880,320
1739145883,251
1739145886,247
1739145889,249
1739145893,250
1739145896,251
1739145899,272
1739145902,412
1739145905,405
1739145908,401
1739145911,398
1739145914,395
1739145917,396
1739145917,None
1739145924,387
1739145927,392
1739145930,387
1739145932,392
1739145936,389
1739145939,588
1739145939,None
1739145944,511
1739145948,512
1739145951,274
1739145953,249
1739145957,254
1739145960,250
1739145963,380
1739145966,407
1739145969,397
1739145972,396
1739145975,392
1739145975,None
1739145981,391
1739145984,386
1739145987,388
1739145990,385
1739145993,385
1739145996,382
1739145999,387
1739146002,364
1739146005,250
1739146008,243
1739146012,252
1739146015,247
1739146017,248
1739146021,246
1739146024,322
1739146026,410
1739146030,398
1739146033,400
1739146036,392
1739146039,391
1739146042,390
1739146045,385
1739146048,388
1739146051,385
1739146054,388
1739146057,385
1739146060,384
1739146063,385
1739146063,None
1739146069,249
1739146069,None
1739146076,249
1739146078,248
1739146082,244
1739146082,None
1739146088,321
1739146091,403
1739146094,402
1739146097,396
1739146100,391
1739146103,390
1739146103,None
1739146110,386
1739146112,384
1739146115,387
1739146118,382
1739146121,383
1739146124,383
1739146127,321
1739146131,247
1739146133,246
1739146136,246
1739146140,245
1739146142,245
1739146146,243
1739146149,374
1739146151,300
1739146155,401
1739146158,398
1739146161,390
1739146164,389
1739146167,385
1739146171,388
1739146173,387
1739146173,None
1739146179,387
1739146182,384
1739146185,385
1739146189,381
1739146191,316
1739146195,246
1739146198,245
1739146201,244
1739146204,248
1739146207,243
1739146210,245
1739146210,None
1739146216,399
1739146219,396
1739146222,397
1739146225,386
1739146228,383
1739146231,384
1739146234,380
1739146237,380
1739146240,388
1739146243,380
1739146246,379
1739146249,376
1739146252,358
1739146255,247
1739146258,242
1739146261,242
1739146264,245
1739146267,240
1739146271,246
1739146273,240
1739146277,374
1739146280,397
1739146283,394
1739146283,None
1739146289,391
1739146292,383
1739146295,386
1739146298,381
1739146301,384
1739146304,378
1739146307,382
1739146310,379
1739146313,382
1739146316,358
1739146319,247
1739146322,242
1739146325,246
1739146329,240
1739146332,246
1739146335,240
1739146338,338
1739146341,666
1739146344,656
1739146347,650
1739146347,None
1739146354,390
1739146356,384
1739146359,380
1739146362,387
1739146365,380
1739146365,None
1739146371,382
1739146374,316
1739146377,239
1739146380,244
1739146383,245
1739146386,241
1739146390,241
1739146393,263
1739146396,407
1739146398,393
1739146402,398
1739146405,396
1739146408,405
1739146411,402
1739146414,384
1739146417,393
1739146420,383
1739146423,393
1739146423,None
1739146429,317
1739146432,251
1739146432,None
1739146438,242
1739146442,248
1739146444,245
1739146447,253
1739146451,255
1739146454,256
1739146457,406
1739146460,421
1739146462,410
1739146466,400
1739146469,414
1739146472,411
1739146475,404
1739146478,397
1739146481,400
1739146484,385
1739146487,258
1739146490,256
1739146490,None
1739146496,395
1739146499,257
1739146502,257
1739146505,338
1739146508,414
1739146512,414
1739146515,408
1739146515,None
1739146521,404
1739146524,400
1739146527,402
1739146530,284
1739146533,261
1739146536,269
1739146539,265
1739146542,288
1739146545,434
1739146548,420
1739146551,421
1739146551,None
1739146557,409
1739146560,420
1739146564,393
1739146566,275
1739146569,274
1739146573,268
1739146576,264
1739146579,244
1739146582,358
1739146582,None
1739146588,345
1739146591,348
1739146594,349
1739146597,286
1739146597,None
1739146603,181
1739146606,286
1739146610,283
1739146613,217
1739146615,203
1739146618,292
1739146622,367
1739146625,352
1739146628,365
1739146631,348
1739146634,359
1739146637,348
1739146640,292
1739146643,179
1739146646,187
1739146649,179
1739146652,177
1739146655,180
1739146659,196
1739146661,322
1739146664,323
1739146667,309
1739146670,313
1739146673,302
1739146677,307
1739146677,None
1739146683,303
1739146685,188
1739146689,163
1739146692,158
1739146694,175
1739146698,208
1739146701,237
1739146704,369
1739146707,365
1739146710,354
1739146713,353
1739146713,None
1739146719,351
1739146722,282
1739146725,209
1739146728,204
1739146731,213
1739146734,214
1739146738,239
1739146741,368
1739146741,None
1739146747,614
1739146750,609
1739146753,607
1739146756,344
1739146759,277
1739146762,210
1739146765,163
1739146768,251
1739146771,253
1739146774,184
1739146777,395
1739146780,404
1739146783,352
1739146787,380
1739146789,369
1739146792,261
1739146795,203
1739146799,226
1739146802,231
1739146805,344
1739146808,384
1739146811,235
1739146813,184
1739146817,252
1739146820,432
1739146823,345
1739146823,None
1739146829,270
1739146832,466
1739146835,474
1739146838,522
1739146841,387
1739146844,387
1739146847,514
1739146850,497
1739146853,478
1739146853,None
1739146859,400
1739146863,347
1739146866,541
1739146869,501
1739146871,567
1739146875,445
1739146878,482
1739146881,419
1739146884,420
1739146887,342
1739146890,417
1739146893,348
1739146896,404
1739146899,375
1739146902,542
1739146905,535
1739146908,534
1739146911,514
1739146914,465
1739146917,371
1739146920,371
1739146923,363
1739146927,408
1739146930,507
1739146933,480
1739146936,348
1739146938,420
1739146941,506
1739146945,484
1739146948,485
1739146951,435
1739146954,341
1739146957,497
1739146960,493
1739146963,406
1739146966,376
1739146969,369
1739146973,508
1739146975,540
1739146978,377
1739146981,259
1739146984,266
1739146987,342
1739146991,520
1739146993,524
1739146996,463
1739147000,376
1739147003,496
1739147006,522
1739147009,367
1739147012,364
1739147015,358
1739147018,448
1739147022,405
1739147024,468
1739147024,None
1739147031,425
1739147034,476
1739147036,368
1739147040,337
1739147043,323
1739147045,349
1739147049,470
1739147052,460
1739147054,388
1739147057,304
1739147061,434
1739147064,355
1739147067,305
1739147070,307
1739147073,293
1739147077,377
1739147079,463
1739147082,437
1739147085,373
1739147089,255
1739147091,350
1739147095,300
1739147097,224
1739147101,219
1739147104,222
1739147106,258
1739147109,243
1739147113,227
1739147115,222
1739147119,383
1739147122,408
1739147125,382
1739147128,376
1739147131,365
1739147135,248
1739147137,344
1739147140,222
1739147143,219
1739147146,223
1739147150,409
1739147153,640
1739147155,629
1739147158,589
1739147161,462
1739147164,266
1739147168,284
1739147170,406
1739147174,394
1739147177,377
1739147180,278
1739147183,402
1739147183,None
1739147189,228
1739147192,230
1739147195,230
1739147198,249
1739147202,396
1739147205,409
1739147208,486
1739147210,416
1739147213,414
1739147216,390
1739147219,263
1739147223,245
1739147226,250
1739147229,247
1739147232,247
1739147235,282
1739147238,417
1739147241,546
1739147244,598
1739147248,565
1739147250,546
1739147253,527
1739147256,500
1739147259,372
1739147262,352
1739147266,354
1739147268,490
1739147268,None
1739147274,363
1739147277,373
1739147280,376
1739147283,505
1739147287,541
1739147290,535
1739147293,491
1739147295,545
1739147295,None
1739147302,345
1739147305,355
1739147308,351
1739147311,347
1739147314,351
1739147317,354
1739147320,331
1739147323,237
1739147326,387
1739147329,370
1739147332,359
1739147336,383
1739147338,410
1739147342,259
1739147345,219
1739147348,301
1739147351,375
1739147354,311
1739147357,224
1739147360,232
1739147363,243
1739147366,220
1739147369,221
1739147369,None
1739147376,239
1739147378,392
1739147381,380
1739147385,381
1739147387,381
1739147391,414
1739147394,472
1739147397,356
1739147400,323
1739147403,323
1739147406,314
1739147409,307
1739147412,440
1739147415,459
1739147418,466
1739147421,461
1739147424,430
1739147427,305
1739147430,312
1739147433,304
1739147437,302
1739147440,307
1739147442,295
1739147446,292
1739147449,374
1739147452,449
1739147454,443
1739147458,444
1739147461,421
1739147464,296
1739147467,295
1739147470,371
1739147470,None
1739147470,None
1739147479,297
1739147482,294
1739147485,423
1739147488,456
1739147491,423
1739147494,327
1739147497,318
1739147500,444
1739147503,379
1739147507,297
1739147509,292
1739147512,299
1739147515,422
1739147519,443
1739147521,325
1739147525,316
1739147528,445
1739147531,436
1739147534,374
1739147537,298
1739147540,292
1739147543,294
1739147546,293
1739147549,299
1739147552,287
1739147555,306
1739147558,469
1739147561,510
1739147564,559
1739147567,518
1739147571,550
1739147574,582
1739147574,None
1739147580,606
1739147582,515
1739147586,337
1739147589,287
1739147592,318
1739147596,351
1739147598,432
1739147601,504
1739147604,493
1739147607,488
1739147610,490
1739147613,480
1739147616,432
1739147619,355
1739147622,352
1739147625,363
1739147628,336
1739147631,358
1739147634,329
1739147638,359
1739147641,329
1739147643,452
1739147647,489
1739147650,520
1739147653,476
1739147656,510
1739147659,453
1739147662,362
1739147665,328
1739147668,358
1739147671,329
1739147674,329
1739147677,357
1739147680,350
1739147683,431
1739147683,None
1739147689,501
1739147693,479
1739147696,492
1739147699,412
1739147702,349
1739147705,339
1739147708,342
1739147711,339
1739147714,338
1739147717,345
1739147720,343
1739147723,369
1739147726,503
1739147729,496
1739147732,483
1739147735,497
1739147738,354
1739147741,344
1739147744,281
1739147748,328
1739147751,344
1739147754,353
1739147756,340
1739147760,419
1739147760,None
1739147766,480
1739147769,368
1739147772,463
1739147775,460
1739147778,295
1739147781,284
1739147784,279
1739147787,284
1739147790,286
1739147793,282
1739147796,285
1739147799,439
1739147802,435
1739147805,465
1739147808,444
1739147811,316
1739147815,278
1739147817,304
1739147821,294
1739147824,293
1739147827,279
1739147830,284
1739147833,279
1739147836,361
1739147836,None
1739147842,431
1739147845,402
1739147848,298
1739147851,431
1739147854,304
1739147857,283
1739147860,283
1739147863,281
1739147866,429
1739147869,337
1739147872,417
1739147876,1767
1739147878,1872
1739147881,1856
1739147884,1759
1739147888,1744
1739147891,1845
1739147894,1753
1739147897,1713
1739147900,1685
1739147903,1678
1739147906,1668
1739147909,1685
1739147912,1820
1739147915,2110
1739147918,2195
1739147921,2266
1739147921,None
1739147927,1938
1739147930,1929
1739147933,1785
1739147936,1749
1739147939,1759
1739147942,1755
1739147945,1763
1739147948,1772
1739147952,1762
1739147954,1732
1739147958,1728
1739147961,1863
1739147964,1895
1739147966,1917
1739147970,1920
1739147973,1890
1739147975,1763
1739147975,None
1739147982,1758
1739147985,1759
1739147988,1757
1739147991,1761
1739147994,1754
1739147997,1754
1739148001,1840
1739148003,1921
1739148006,1908
1739148009,1888
1739148012,1839
1739148015,2631
1739148018,3271
1739148021,3124
1739148024,3122
1739148027,3202
1739148031,3256
1739148034,3126
1739148037,3123
1739148040,3132
1739148043,3146
1739148046,3281
1739148049,2983
1739148052,1855
1739148055,1990
1739148058,1915
1739148061,1830
1739148064,1830
1739148067,1833
1739148070,1832
1739148074,1833
1739148076,1832
1739148080,1962
1739148082,648
1739148086,562
1739148089,562
1739148091,556
1739148095,450
1739148095,None
1739148101,415
1739148104,419
1739148107,414
1739148110,418
1739148113,415
1739148116,413
1739148116,None
1739148122,497
1739148125,570
1739148128,567
1739148132,561
1739148132,None
1739148138,438
1739148138,None
1739148143,458
1739148147,464
1739148150,475
1739148153,467
1739148156,435
1739148159,457
1739148162,591
1739148165,585
1739148168,575
1739148171,565
1739148174,465
1739148177,440
1739148180,454
1739148184,460
1739148187,464
1739148190,448
1739148193,437
1739148196,510
1739148198,596
1739148202,587
1739148205,581
1739148208,562
1739148211,438
1739148214,441
1739148217,434
1739148220,439
1739148223,328
1739148227,307
1739148229,302
1739148232,434
1739148235,462
1739148238,499
1739148242,494
1739148244,427
1739148247,313
1739148250,328
1739148253,328
1739148257,310
1739148259,329
1739148263,326
1739148266,329
1739148269,331
1739148272,397
1739148275,491
1739148278,482
1739148281,484
1739148281,None
1739148287,346
1739148290,350
1739148293,322
1739148296,345
1739148300,339
1739148303,412
1739148305,490
1739148308,478
1739148308,None
1739148314,604
1739148317,629
1739148321,599
1739148323,591
1739148327,349
1739148329,354
1739148333,350
1739148335,317
1739148339,347
1739148341,340
1739148345,407
1739148348,488
1739148351,482
1739148351,None
1739148357,363
1739148360,331
1739148360,None
1739148367,348
1739148369,350
1739148372,343
1739148375,430
1739148378,475
1739148381,506
1739148384,470
1739148387,360
1739148390,331
1739148393,334
1739148396,328
1739148400,321
1739148403,313
1739148406,440
1739148409,464
1739148412,445
1739148412,None
1739148418,455
1739148421,344
1739148424,316
1739148427,307
1739148430,311
1739148433,310
1739148436,305
1739148439,383
1739148442,461
1739148445,453
1739148448,455
1739148451,429
1739148454,312
1739148457,310
1739148460,308
1739148463,311
1739148467,307
1739148469,312
1739148472,311
1739148475,313
1739148478,333
1739148478,None
1739148485,463
1739148488,454
1739148491,456
1739148494,384
1739148497,313
1739148500,308
1739148500,None
1739148506,312
1739148509,312
1739148512,308
1739148515,390
1739148518,468
1739148521,461
1739148524,454
1739148527,431
1739148530,343
1739148533,311
1739148536,309
1739148539,314
1739148543,311
1739148545,310
1739148549,391
1739148551,465
1739148555,460
1739148555,None
1739148561,450
1739148561,None
1739148566,311
1739148570,311
1739148572,316
1739148576,311
1739148579,316
1739148582,315
1739148585,317
1739148588,390
1739148591,464
1739148594,464
1739148597,457
1739148600,457
1739148603,387
1739148606,310
1739148609,312
1739148612,310
1739148615,312
1739148618,316
1739148621,309
1739148624,314
1739148627,445
1739148631,464
1739148631,None
1739148637,457
1739148640,390
1739148643,312
1739148646,313
1739148649,312
1739148649,None
1739148655,315
1739148658,315
1739148661,445
1739148665,467
1739148667,461
1739148670,456
1739148673,440
1739148676,313
1739148676,None
1739148682,312
1739148685,315
1739148688,496
1739148692,576
1739148694,568
1739148698,574
1739148701,494
1739148704,462
1739148707,462
1739148707,None
1739148713,452
1739148716,344
1739148719,309
1739148722,309
1739148725,318
1739148728,309
1739148731,308
1739148734,314
1739148737,315
1739148740,332
1739148743,472
1739148746,468
1739148749,460
1739148752,453
1739148756,392
1739148756,None
1739148761,310
1739148765,311
1739148768,314
1739148771,309
1739148774,310
1739148777,337
1739148780,443
1739148783,463
1739148786,464
1739148789,456
1739148792,434
1739148795,348
1739148798,313
1739148801,311
1739148804,316
1739148807,309
1739148810,316
1739148813,313
1739148816,309
1739148819,393
1739148819,None
1739148825,459
1739148829,462
1739148832,438
1739148835,310
1739148838,319
1739148841,315
1739148844,314
1739148847,319
1739148850,312
1739148853,332
1739148856,475
1739148856,None
1739148862,454
1739148866,459
1739148868,387
1739148871,311
1739148874,308
1739148878,317
1739148881,310
1739148884,310
1739148887,317
1739148890,312
1739148893,310
1739148897,315
1739148899,388
1739148902,470
1739148905,461
1739148909,457
1739148912,457
1739148914,339
1739148918,314
1739148921,311
1739148923,311
1739148927,312
1739148930,311
1739148932,317
1739148936,312
1739148938,339
1739148941,471
1739148941,None
1739148948,461
1739148951,463
1739148954,437
1739148957,317
1739148960,312
1739148963,312
1739148967,312
1739148969,310
1739148972,311
1739148975,310
1739148978,313
1739148982,443
1739148985,470
1739148988,460
1739148990,455
1739148993,439
1739148996,311
1739149000,310
1739149000,None
1739149006,309
1739149009,310
1739149009,None
1739149015,312
1739149019,315
1739149022,443
1739149024,469
1739149027,465
1739149031,457
1739149033,437
1739149036,341
1739149040,319
1739149043,311
1739149045,315
1739149045,None
1739149051,316
1739149051,None
1739149058,336
1739149061,475
1739149064,463
1739149066,465
1739149070,457
1739149073,439
1739149076,312
1739149079,314
1739149079,None
1739149085,316
1739149088,312
1739149091,317
1739149094,311
1739149097,389
1739149101,467
1739149103,459
1739149106,454
1739149110,585
1739149113,573
1739149115,565
1739149119,574
1739149121,450
1739149125,309
1739149128,309
1739149131,319
1739149134,387
1739149137,465
1739149137,None
1739149143,461
1739149146,385
1739149149,317
1739149152,314
1739149155,307
1739149159,313
1739149161,309
1739149164,309
1739149167,315
1739149170,385
1739149173,461
1739149177,458
1739149179,450
1739149183,348
1739149185,336
1739149189,306
1739149192,312
1739149194,316
1739149198,315
1739149201,338
1739149204,478
1739149207,465
1739149210,458
1739149213,442
1739149216,321
1739149219,499
1739149222,1236
1739149225,1432
1739149228,1353
1739149231,1215
1739149235,1427
1739149237,1499
1739149241,1576
1739149243,1577
1739149247,1569
1739149249,1563
1739149253,1448
1739149256,1409
1739149258,1413
1739149262,1413
1739149265,1418
1739149268,1417
1739149271,1418
1739149274,1417
1739149277,1540
1739149280,1561
1739149280,None
1739149286,1559
1739149289,1488
1739149292,1414
1739149295,1418
1739149298,1425
1739149301,1427
1739149304,1421
1739149307,1417
1739149310,1418
1739149313,1490
1739149317,1565
1739149320,1557
1739149322,1491
1739149326,1486
1739149328,1543
1739149332,1435
1739149332,None
1739149338,1496
1739149341,1545
1739149344,1438
1739149347,1413
1739149350,1412
1739149353,1416
1739149356,1414
1739149359,1413
1739149362,1432
1739149365,1574
1739149368,1560
1739149371,1560
1739149374,1559
1739149378,1486
1739149381,1419
1739149384,1419
1739149386,451
1739149390,321
1739149393,303
1739149396,291
1739149399,290
1739149402,366
1739149405,446
1739149408,434
1739149411,433
1739149414,413
1739149417,316
1739149420,290
1739149423,294
1739149426,293
1739149426,None
1739149432,294
1739149435,290
1739149438,288
1739149441,423
1739149444,440
1739149447,439
1739149451,435
1739149454,434
1739149457,289
1739149460,287
1739149463,296
1739149466,289
1739149469,294
1739149472,287
1739149472,None
1739149478,291
1739149481,367
1739149484,444
1739149487,442
1739149490,428
1739149493,435
1739149496,318
1739149500,290
1739149503,288
1739149506,289
1739149508,286
1739149512,289
1739149515,289
1739149518,363
1739149521,444
1739149524,449
1739149528,623
1739149530,685
1739149533,577
1739149536,506
1739149539,337
1739149542,284
1739149545,292
1739149548,287
1739149551,290
1739149555,287
1739149555,None
1739149561,443
1739149563,438
1739149567,437
1739149570,431
1739149573,367
1739149576,285
1739149579,288
1739149582,290
1739149585,285
1739149588,292
1739149591,283
1739149594,284
1739149597,314
1739149600,456
1739149603,439
1739149606,441
1739149610,433
1739149613,359
1739149613,None
1739149618,287
1739149618,None
1739149625,290
1739149628,286
1739149631,287
1739149634,290
1739149637,448
1739149640,439
1739149643,440
1739149646,431
1739149646,None
1739149652,291
1739149652,None
1739149659,288
1739149662,295
1739149665,293
1739149667,287
1739149671,294
1739149674,419
1739149677,443
1739149680,437
1739149683,439
1739149686,431
1739149689,364
1739149692,294
1739149695,290
1739149699,289
1739149701,294
1739149704,290
1739149708,294
1739149711,293
1739149713,291
1739149716,371
1739149719,454
1739149722,437
1739149726,441
1739149729,366
1739149731,291
1739149735,287
1739149738,292
1739149741,287
1739149744,292
1739149747,365
1739149750,445
1739149750,None
1739149756,437
1739149759,412
1739149762,292
1739149765,291
1739149765,None
1739149771,291
1739149774,286
1739149777,288
1739149780,286
1739149783,314
1739149787,446
1739149790,441
1739149793,430
1739149796,412
1739149799,315
1739149802,290
1739149802,None
1739149808,290
1739149811,295
1739149814,287
1739149817,296
1739149820,370
1739149823,437
1739149826,440
1739149826,None
1739149833,412
1739149835,299
1739149838,299
1739149841,297
1739149844,300
1739149847,300
1739149850,299
1739149854,303
1739149857,303
1739149860,424
1739149863,455
1739149866,445
1739149869,441
1739149872,304
1739149875,299
1739149878,299
1739149881,323
1739149884,436
1739149887,333
1739149890,300
1739149893,323
1739149896,433
1739149900,269
1739149902,268
1739149905,396
1739149909,396
1739149912,273
1739149912,None
1739149918,393
1739149921,323
1739149924,241
1739149927,244
1739149930,505
1739149933,500
1739149936,507
1739149939,505
1739149942,347
1739149942,None
1739149948,373
1739149951,399
1739149955,394
1739149957,386
1739149961,365
1739149963,250
1739149966,243
1739149969,241
1739149973,248
1739149976,241
1739149979,233
1739149982,236
1739149985,262
1739149988,395
1739149991,391
1739149994,383
1739149997,380
1739150000,267
1739150000,None
1739150007,238
1739150009,235
1739150012,237
1739150015,236
1739150015,None
1739150021,365
1739150025,390
1739150028,384
1739150030,380
1739150034,359
1739150037,236
1739150040,235
1739150042,236
1739150042,None
1739150049,237
1739150052,235
1739150055,240
1739150058,243
1739150061,321
1739150064,394
1739150067,386
1739150070,315
1739150073,239
1739150076,360
1739150079,368
1739150082,234
1739150085,245
1739150088,259
1739150091,319
1739150091,None
1739150098,238
1739150100,308
1739150104,387
1739150107,310
1739150109,303
1739150113,261
1739150116,234
1739150119,230
1739150122,237
1739150125,232
1739150128,232
1739150131,240
1739150134,245
1739150134,None
1739150140,240
1739150143,230
1739150146,238
1739150150,276
1739150152,310
1739150155,394
1739150159,412
1739150161,291
1739150164,318
1739150167,375
1739150170,430
1739150174,504
1739150177,594
1739150180,702
1739150183,741
1739150186,781
1739150189,806
1739150192,834
1739150195,853
1739150199,893
1739150201,902
1739150204,938
1739150207,950
1739150211,941
1739150213,950
1739150217,963
1739150219,971
1739150223,978
1739150226,992
1739150228,994
1739150231,1003
1739150234,1016
1739150237,1019
1739150241,1026
1739150244,1036
1739150244,None
1739150244,None
1739150253,1048
1739150256,1052
1739150259,1060
1739150262,1064
1739150265,1068
1739150269,1074
1739150271,1118
1739150274,1198
1739150277,1311
1739150280,1405
1739150284,1417
1739150286,1435
1739150289,1457
1739150293,1473
1739150296,1473
1739150298,1489
1739150302,1493
1739150302,None
1739150308,1504
1739150311,1506
1739150314,1505
1739150317,1509
1739150320,1512
1739150323,1518
1739150326,1555
1739150326,None
1739150332,1637
1739150332,None
1739150338,1644
1739150342,1645
1739150344,1653
1739150347,1657
1739150350,1665
1739150353,1667
1739150357,1841
1739150359,1955
1739150362,1963
1739150366,1980
1739150369,1855
1739150372,1731
1739150375,1746
1739150378,1749
1739150381,1757
1739150385,1761
1739150387,1766
1739150387,None
1739150393,1970
1739150396,2048
1739150399,2063
1739150403,2017
1739150406,1986
1739150408,1988
1739150412,1999
1739150414,2006
1739150418,2013
1739150420,2029
1739150424,2042
1739150427,2048
1739150430,2047
1739150433,2043
1739150436,2057
1739150439,2000
1739150442,1893
1739150445,1819
1739150449,1802
1739150451,1806
1739150454,1815
1739150457,1808
1739150457,None
1739150463,1813
1739150466,1809
1739150469,1815
1739150469,None
1739150476,1822
1739150478,1792
1739150482,1787
1739150485,1683
1739150485,None
1739150491,1499
1739150494,1495
1739150497,1493
1739150500,1481
1739150503,1472
1739150506,1471
1739150509,1455
1739150512,1486
1739150515,1461
1739150518,1449
1739150522,1440
1739150522,None
1739150527,1436
1739150527,None
1739150534,1435
1739150537,1438
1739150539,1456
1739150542,1467
1739150546,1452
1739150548,1435
1739150552,1435
1739150555,1435
1739150558,1428
1739150561,1420
1739150564,1360
1739150567,1311
1739150570,1296
1739150573,1294
1739150576,1292
1739150579,1293
1739150582,1279
1739150582,None
1739150588,1194
1739150591,1189
1739150594,1194
1739150598,1183
1739150600,1180
1739150603,1186
1739150606,1178
1739150609,1180
1739150612,1181
1739150616,1174
1739150619,1178
1739150623,1174
1739150625,1178
1739150628,1171
1739150628,None
1739150634,1165
1739150637,1173
1739150640,1168
1739150643,1178
1739150646,1167
1739150649,1170
1739150653,1161
1739150655,1163
1739150658,1155
1739150661,1163
1739150664,1162
1739150667,1153
1739150670,1157
1739150674,1150
1739150677,1148
1739150680,1154
1739150682,1112
1739150685,1082
1739150689,1069
1739150691,1068
1739150695,1066
1739150698,1066
1739150701,1064
1739150703,1057
1739150707,1054
1739150710,1052
1739150713,1049
1739150716,1048
1739150719,1047
1739150722,1044
1739150725,1048
1739150725,None
1739150732,1044
1739150734,1041
1739150737,1040
1739150740,1043
1739150743,1043
1739150746,1043
1739150746,None
1739150753,1040
1739150755,1046
1739150759,1049
1739150762,1043
1739150765,1040
1739150767,1040
1739150771,1039
1739150774,1036
1739150777,1036
1739150777,None
1739150783,890
1739150786,552
1739150789,694
1739150793,691
1739150795,695
1739150799,688
1739150802,429
1739150805,425
1739150807,422
1739150810,422
1739150813,426
1739150817,421
1739150819,420
1739150823,427
1739150826,426
1739150829,421
1739150832,426
1739150835,424
1739150838,421
1739150841,425
1739150844,446
1739150847,434
1739150850,428
1739150853,399
1739150856,394
1739150859,393
1739150862,393
1739150866,396
1739150869,604
1739150871,660
1739150874,654
1739150877,661
1739150881,658
1739150883,652
1739150886,653
1739150890,653
1739150893,650
1739150896,648
1739150899,667
1739150899,None
1739150905,661
1739150908,672
1739150911,651
1739150914,657
1739150917,649
1739150920,652
1739150920,None
1739150926,634
1739150929,634
1739150932,634
1739150936,634
1739150938,634
1739150942,634
1739150945,635
1739150948,636
1739150951,640
1739150954,645
1739150957,644
1739150960,640
1739150963,643
1739150966,824
1739150969,801
1739150972,760
1739150975,855
1739150978,922
1739150978,None
1739150985,866
1739150987,818
1739150990,790
1739150994,783
1739150996,779
1739151000,782
1739156502,298
1739156505,303
1739156508,301
1739156511,301
1739156514,303
1739156517,297
1739156520,300
1739156523,302
1739156527,296
1739156530,300
1739156533,293
1739156535,293
1739156538,300
1739156542,299
1739156545,304
1739156548,296
1739156550,302
1739156554,296
1739156554,None
1739156560,295
1739156560,None
1739156566,295
1739156569,292
1739156573,296
1739156575,296
1739156578,296
1739156578,None
1739156584,294
1739156587,297
1739156590,294
1739156590,None
1739156597,301
1739156599,298
1739156603,305
1739156606,298
1739156609,304
1739156612,299
1739156615,304
1739156618,300
1739156621,293
1739156624,302
1739156628,298
1739156630,302
1739156633,299
1739156636,295
1739156639,301
1739156642,295
1739156645,297
1739156645,None
1739156651,295
1739156651,None
1739156658,297
1739156660,295
1739156663,294
1739156667,299
1739156669,295
1739156673,289
1739156676,294
1739156679,301
1739156682,290
1739156685,288
1739156688,294
1739156691,294
1739156694,291
1739156697,287
1739156700,300
1739156703,295
1739156706,292
1739156706,None
1739156712,293
1739156715,291
1739156718,296
1739156722,291
1739156724,290
1739156724,None
1739156731,298
1739156734,301
1739156737,296
1739156737,None
1739156743,300
1739156746,295
1739156749,301
1739156752,296
1739156755,294
1739156758,293
1739156761,304
1739156764,298
1739156767,294
1739156770,294
1739156773,291
1739156776,294
1739156779,287
1739156782,290
1739156785,291
1739156788,289
1739156792,291
1739156794,289
1739156798,294
1739156798,None
1739156803,293
1739156807,289
1739156810,296
1739156813,295
1739156816,295
1739156819,358
1739156822,559
1739156825,560
1739156828,556
1739156831,454
1739156834,294
1739156837,293
1739156840,291
1739156843,298
1739156847,292
1739156849,293
1739156853,296
1739156855,293
1739156858,292
1739156862,288
1739156862,None
1739156868,290
1739156871,294
1739156874,295
1739156877,296
1739156879,296
1739156883,299
1739156886,294
1739156889,299
1739156889,None
1739156895,301
1739156899,293
1739156901,300
1739156904,293
1739156907,292
1739156910,299
1739156913,290
1739156913,None
1739156920,290
1739156923,286
1739156925,293
1739156928,288
1739156932,296
1739156935,329
1739156938,329
1739156941,329
1739156944,326
1739156947,326
1739156950,329
1739156953,328
1739156956,328
1739156959,331
1739156962,328
1739156965,333
1739156969,336
1739156971,336
1739156975,337
1739156977,337
1739156980,335
1739156984,335
1739156987,336
1739156989,333
1739156992,337
1739156996,333
1739156999,340
1739157002,335
1739157005,340
1739157008,336
1739157011,345
1739157014,342
1739157017,342
1739157020,334
1739157020,None
1739157026,342
1739157029,340
1739157032,341
1739157035,343
1739157038,345
1739157041,344
1739157044,344
1739157047,343
1739157050,344
1739157054,349
1739157056,348
1739157060,348
1739157063,349
1739157066,350
1739157069,347
1739157072,345
1739157075,341
1739157078,342
1739157081,339
1739157084,341
1739157087,341
1739157090,347
1739157093,343
1739157096,347
1739157100,345
1739157102,346
1739157105,343
1739157108,341
1739157111,348
1739157111,None
1739157117,344
1739157121,347
1739157124,340
1739157127,341
1739157130,340
1739157133,340
1739157136,339
1739157139,343
1739157142,340
1739157145,340
1739157148,346
1739157148,None
1739157154,343
1739157157,347
1739157160,346
1739157163,346
1739157167,351
1739157169,343
1739157173,351
1739157175,352
1739157179,351
1739157181,347
1739157184,347
1739157188,351
1739157191,343
1739157194,352
1739157197,354
1739157200,340
1739157203,346
1739157206,343
1739157209,347
1739157212,341
1739157212,None
1739157218,303
1739157221,304
1739157224,297
1739157228,296
1739157231,292
1739157234,298
1739157236,461
1739157239,559
1739157242,564
1739157246,559
1739157249,451
1739157249,None
1739157249,None
1739157258,289
1739157261,290
1739157264,292
1739157267,288
1739157270,290
1739157273,287
1739157276,293
1739157280,291
1739157282,289
1739157285,288
1739157288,286
1739157292,289
1739157295,289
1739157298,288
1739157301,284
1739157304,285
1739157307,286
1739157310,282
1739157313,287
1739157316,286
1739157319,287
1739157322,284
1739157325,288
1739157328,291
1739157331,287
1739157334,285
1739157337,289
1739157340,286
1739157343,291
1739157346,287
1739157349,286
1739157352,290
1739157356,297
1739157359,293
1739157361,295
1739157365,294
1739157367,290
1739157370,294
1739157374,292
1739157377,291
1739157380,295
1739157383,288
1739157386,288
1739157389,288
1739157389,None
1739157395,296
1739157399,292
1739157401,285
1739157405,292
1739157407,288
1739157411,280
1739157414,290
1739157414,None
1739157420,291
1739157423,293
1739157426,292
1739157429,290
1739157433,288
1739157435,296
1739157435,None
1739157442,289
1739157444,290
1739157447,285
1739157450,287
1739157453,288
1739157456,290
1739157460,289
1739157462,290
1739157466,288
1739157469,288
1739157471,291
1739157475,289
1739157477,287
1739157481,289
1739157484,284
1739157487,289
1739157490,287
1739157492,291
1739157496,284
1739157499,289
1739157502,285
1739157505,288
1739157508,286
1739157511,293
1739157514,289
1739157514,None
1739157520,290
1739157524,292
1739157526,286
1739157529,285
1739157533,287
1739157535,290
1739157538,291
1739157538,None
1739157538,None
1739157547,295
1739157550,291
1739157553,288
1739157557,292
1739157560,288
1739157562,288
1739157566,293
1739157569,291
1739157572,290
1739157575,288
1739157578,287
1739157581,292
1739157584,292
1739157587,288
1739157590,298
1739157593,291
1739157596,288
1739157599,287
1739157599,None
1739157605,288
1739157609,285
1739157612,288
1739157614,289
1739157617,292
1739157621,292
1739157621,None
1739157627,289
1739157630,294
1739157633,292
1739157633,None
1739157639,287
1739157642,292
1739157642,None
1739157648,296
1739157651,302
1739157654,303
1739157657,299
1739157660,303
1739157663,279
1739157667,246
1739157670,240
1739157673,251
1739157675,246
1739157679,245
1739157681,241
1739157685,244
1739157688,245
1739157691,247
1739157694,246
1739157697,240
1739157700,249
1739157703,245
1739157706,251
1739157709,243
1739157712,245
1739157715,272
1739157718,306
1739157721,307
1739157725,430
1739157727,575
1739157730,569
1739157733,563
1739157736,547
1739157740,288
1739157742,297
1739157745,294
1739157749,293
1739157752,273
1739157755,265
1739157757,257
1739157757,None
1739157764,256
1739157764,None
1739157770,254
1739157773,264
1739157776,235
1739157779,251
1739157782,273
1739157785,267
1739157788,268
1739157791,264
1739157795,256
1739157797,256
1739157800,259
1739157803,254
1739157807,262
1739157809,277
1739157812,270
1739157816,268
1739157819,272
1739157823,272
1739157825,272
1739157828,273
1739157831,271
1739157834,276
1739157837,269
1739157840,271
1739157843,272
1739157846,275
1739157849,273
1739157849,None
1739157855,254
1739157858,267
1739157861,263
1739157864,260
1739157868,265
1739157870,260
1739157874,261
1739157877,260
1739157880,263
1739157883,264
1739157886,269
1739157889,268
1739157892,257
1739157895,270
1739157898,261
1739157901,261
1739157904,263
1739157907,264
1739157911,263
1739157913,259
1739157916,262
1739157920,256
1739157923,265
1739157926,263
1739157928,259
1739157932,261
1739157935,265
1739157938,262
1739157941,262
1739157944,259
1739157947,266
1739157950,260
1739157953,260
1739157956,259
1739157959,265
1739157963,269
1739157965,267
1739157968,265
1739157971,258
1739157974,259
1739157978,269
1739157981,261
1739157983,262
1739157987,257
1739157990,254
1739157993,263
1739157996,271
1739158000,276
1739158002,260
1739158005,261
1739158008,260
1739158011,259
1739158014,261
1739158014,None
1739158021,249
1739158023,250
1739158026,243
1739158029,240
1739158032,238
1739158036,237
1739158038,239
1739158042,244
1739158044,250
1739158047,241
1739158047,None
1739158054,241
1739158054,None
1739158060,415
1739158063,503
1739158066,507
1739158069,504
1739158072,502
1739158075,500
1739158078,500
1739158081,517
1739158084,508
1739158087,505
1739158090,502
1739158093,500
1739158096,499
1739158099,500
1739158102,500
1739158106,499
1739158108,502
1739158112,502
1739158115,500
1739158118,500
1739158121,499
1739158124,500
1739158127,504
1739158130,507
1739158133,509
1739158136,507
1739158139,499
1739158142,504
1739158146,502
1739158148,494
1739158151,495
1739158154,496
1739158157,494
1739158160,488
1739158164,488
1739158166,487
1739158170,484
1739158173,484
1739158173,None
1739158179,484
1739158182,484
1739158185,484
1739158188,484
1739158191,484
1739158194,484
1739158197,483
1739158200,483
1739158203,484
1739158206,486
1739158209,486
1739158212,484
1739158215,481
1739158218,481
1739158221,481
1739158224,482
1739158227,485
1739158231,485
1739158234,485
1739158237,485
1739158240,484
1739158243,484
1739158246,484
1739158249,484
1739158252,484
1739158255,486
1739158258,483
1739158261,483
1739158264,483
1739158267,483
1739158271,482
1739158273,483
1739158276,482
1739158279,482
1739158282,481
1739158285,482
1739158288,483
1739158292,483
1739158294,482
1739158298,487
1739158301,499
1739158303,486
1739158307,486
1739158310,486
1739158310,None
1739158316,487
1739158319,486
1739158322,486
1739158325,487
1739158328,488
1739158331,488
1739158334,486
1739158337,484
1739158340,435
1739158343,212
1739158346,212
1739158350,213
1739158353,213
1739158355,213
1739158355,None
1739158362,214
1739158365,213
1739158368,212
1739158371,213
1739158374,217
1739158377,213
1739158377,None
1739158383,218
1739158386,219
1739158389,223
1739158392,220
1739158396,226
1739158398,224
1739158401,228
1739158404,229
1739158407,223
1739158410,234
1739158414,225
1739158416,225
1739158420,224
1739158423,225
1739158426,225
1739158429,221
1739158432,226
1739158432,None
1739158432,None
1739158441,252
1739158444,251
1739158447,254
1739158450,251
1739158453,258
1739158456,248
1739158459,240
1739158462,244
1739158465,237
1739158468,236
1739158472,256
1739158474,251
1739158477,257
1739158481,261
1739158484,328
1739158487,331
1739158490,350
1739158493,344
1739158496,309
1739158499,305
1739158502,302
1739158505,300
1739158508,304
1739158508,None
1739158514,588
1739158517,602
1739158520,598
1739158523,595
1739158526,432
1739158530,329
1739158533,337
1739158535,341
1739158539,336
1739158541,340
1739158544,332
1739158548,339
1739158550,335
1739158550,None
1739158557,339
1739158560,343
1739158563,346
1739158566,343
1739158569,353
1739158572,377
1739158575,366
1739158578,371
1739158578,None
1739158584,373
1739158587,378
1739158591,371
1739158593,374
1739158596,377
1739158599,370
1739158602,373
1739158605,369
1739158608,368
1739158611,368
1739158614,367
1739158618,345
1739158621,353
1739158624,351
1739158627,349
1739158630,347
1739158633,353
1739158636,350
1739158639,349
1739158642,346
1739158645,356
1739158649,349
1739158651,351
1739158654,351
1739158658,347
1739158660,352
1739158663,350
1739158666,352
1739158669,352
1739158672,353
1739158675,358
1739158679,353
1739158682,355
1739158685,352
1739158687,353
1739158691,350
1739158694,352
1739158694,None
1739158694,None
1739158694,None
1739158706,350
1739158709,353
1739158712,350
1739158715,354
1739158718,346
1739158721,347
1739158724,352
1739158729,348
1739158731,351
1739158733,354
1739158736,359
1739158740,353
1739158743,349
1739158746,355
1739158749,350
1739158752,342
1739158755,326
1739158758,307
1739158758,None
1739158764,305
1739158767,300
1739158770,295
1739158773,302
1739158776,314
1739158779,332
1739158782,338
1739158785,336
1739158788,343
1739158791,341
1739158795,342
1739158797,337
1739158800,342
1739158804,338
1739158807,342
1739158810,342
1739158812,343
1739158816,338
1739158819,340
1739158822,338
1739158824,340
1739158824,None
1739158830,336
1739158830,None
1739158837,335
1739158840,340
1739158843,338
1739158846,335
1739158849,336
1739158852,448
1739158855,595
1739158855,None
1739158861,594
1739158864,536
1739158867,337
1739158870,335
1739158873,339
1739158876,334
1739158879,335
1739158883,334
1739158885,338
1739158889,332
1739158891,333
1739158895,334
1739158898,331
1739158901,336
1739158903,339
1739158907,337
1739158907,None
1739158907,None
1739158916,336
1739158920,332
1739158922,336
1739158925,335
1739158928,332
1739158932,339
1739158934,334
1739158937,337
1739158940,333
1739158943,335
1739158947,338
1739158949,333
1739158952,337
1739158956,333
1739158959,328
1739158962,334
1739158965,334
1739158967,334
1739158971,335
1739158974,330
1739158977,334
1739158980,331
1739158983,334
1739158986,337
1739158989,337
1739158992,338
1739158995,335
1739158998,342
1739159001,328
1739159004,293
1739159008,288
1739159011,285
1739159013,291
1739159017,286
1739159020,289
1739159022,288
1739159025,284
1739159029,291
1739159029,None
1739159035,282
1739159038,293
1739159041,288
1739159044,286
1739159047,290
1739159050,291
1739159053,288
1739159056,288
1739159060,281
1739159062,289
1739159062,None
1739159068,287
1739159071,287
1739159074,282
1739159077,290
1739159082,289
1739159084,287
1739159087,283
1739159087,None
1739159093,287
1739159096,287
1739159099,292
1739159102,288
1739159105,285
1739159108,293
1739159111,285
1739159114,290
1739159117,286
1739159120,293
1739159123,289
1739159126,293
1739159129,288
1739159133,292
1739159135,287
1739159139,289
1739159142,290
1739159145,287
1739159148,291
1739159151,287
1739159153,291
1739159157,287
1739159160,287
1739159163,291
1739159166,290
1739159169,289
1739159172,293
1739159175,289
1739159178,290
1739159181,295
1739159185,293
1739159187,296
1739159190,539
1739159194,549
1739159196,553
1739159200,487
1739159203,314
1739159206,290
1739159209,289
1739159212,287
1739159215,291
1739159218,289
1739159221,286
1739159224,288
1739159224,None
1739159230,285
1739159233,288
1739159236,286
1739159240,288
1739159243,287
1739159246,285
1739159248,289
1739159251,288
1739159254,291
1739159254,None
1739159254,None
1739159264,291
1739159267,287
1739159270,286
1739159273,282
1739159276,284
1739159280,286
1739159282,284
1739159285,286
1739159288,283
1739159291,288
1739159294,284
1739159297,285
1739159300,288
1739159303,286
1739159306,291
1739159309,285
1739159312,291
1739159316,284
1739159318,289
1739159321,286
1739159325,290
1739159327,286
1739159331,288
1739159334,290
1739159337,289
1739159340,293
1739159343,285
1739159346,289
1739159349,288
1739159353,292
1739159355,289
1739159358,292
1739159361,289
1739159364,288
1739159368,291
1739159370,289
1739159373,292
1739159376,290
1739159379,294
1739159382,290
1739159385,290
1739159388,287
1739159392,287
1739159395,287
1739159398,293
1739159401,285
1739159404,291
1739159407,285
1739159410,289
1739159413,287
1739159416,288
1739159419,286
1739159422,285
1739159425,288
1739159428,283
1739159431,290
1739159434,288
1739159438,289
1739159440,285
1739159443,288
1739159447,286
1739159449,286
1739159452,289
1739159452,None
1739159459,288
1739159462,289
1739159464,290
1739159468,285
1739159471,289
1739159474,285
1739159477,288
1739159480,285
1739159483,288
1739159486,286
1739159489,286
1739159492,290
1739159495,286
1739159495,None
1739159502,285
1739159502,None
1739159508,287
1739159508,None
1739159514,292
1739159517,289
1739159520,285
1739159523,292
1739159526,287
1739159529,283
1739159532,287
1739159535,292
1739159538,286
1739159541,285
1739159544,288
1739159547,295
1739159550,290
1739159553,291
1739159556,291
1739159559,295
1739159563,292
1739159566,292
1739159566,None
1739159572,553
1739159572,None
1739159578,553
1739159581,420
1739159584,293
1739159587,286
1739159590,291
1739159593,285
1739159593,None
1739159599,292
1739159602,299
1739159605,302
1739159608,292
1739159611,293
1739159614,291
1739159617,295
1739159623,290
1739159625,289
1739159627,291
1739159630,290
1739159633,288
1739159636,295
1739159639,291
1739159642,292
1739159646,294
1739159648,293
1739159652,288
1739159655,290
1739159658,290
1739159661,289
1739159664,288
1739159667,290
1739159670,292
1739159670,None
1739159670,None
1739159670,None
1739159682,287
1739159685,296
1739159688,293
1739159691,297
1739159695,292
1739159695,None
1739159700,293
1739159700,None
1739159707,297
1739159710,288
1739159713,296
1739159716,291
1739159719,292
1739159722,293
1739159722,None
1739159728,306
1739159731,299
1739159734,299
1739159737,303
1739159740,302
1739159743,300
1739159746,304
1739159749,300
1739159752,303
1739159755,300
1739159758,298
1739159758,None
1739159765,299
1739159768,298
1739159771,305
1739159774,304
1739159777,302
1739159780,299
1739159783,301
1739159786,306
1739159789,299
1739159792,298
1739159795,292
1739159798,297
1739159798,None
1739159804,299
1739159807,298
1739159810,296
1739159810,None
1739159816,304
1739159819,298
1739159822,299
1739159825,304
1739159828,298
1739159831,297
1739159834,306
1739159838,295
1739159841,302
1739159844,297
1739159847,301
1739159850,297
1739159853,300
1739159856,297
1739159859,300
1739159862,298
1739159862,None
1739159868,299
1739159872,304
1739159875,302
1739159878,306
1739159880,302
1739159883,308
1739159886,303
1739159889,306
1739159893,304
1739159896,303
1739159899,297
1739159899,None
1739159905,301
1739159908,306
1739159911,301
1739159914,308
1739159917,304
1739159920,299
1739159923,307
1739159926,300
1739159929,297
1739159932,300
1739159935,299
1739159938,298
1739159941,303
1739159944,302
1739159947,297
1739159951,303
1739159954,297
1739159956,292
1739159960,300
1739159962,301
1739159966,298
1739159969,293
1739159972,301
1739159975,301
1739159978,299
1739159981,299
1739159985,301
1739159987,334
1739159990,401
1739159993,654
1739159996,827
1739159999,867
1739159999,None
1739160006,791
1739160008,658
1739160011,672
1739160015,678
1739160018,690
1739160021,699
1739160024,706
1739160027,712
1739160030,711
1739160033,719
1739160036,720
1739160039,726
1739160042,736
1739160045,1128
1739160048,1760
1739160051,1652
1739160055,1414
1739160057,1400
1739160060,1459
1739160063,1447
1739160066,1459
1739160069,1462
1739160072,1465
1739160076,1469
1739160079,1469
1739160082,1465
1739160085,1464
1739160088,1458
1739160088,None
1739160094,1463
1739160098,1456
1739160100,1460
1739160103,1454
1739160106,1454
1739160109,1456
1739160112,1452
1739160115,1452
1739160118,1457
1739160121,1454
1739160124,1451
1739160127,1455
1739160130,1450
1739160134,1450
1739160137,1456
1739160137,None
1739160143,1450
1739160145,1449
1739160149,1450
1739160152,1446
1739160155,1445
1739160157,1443
1739160161,1455
1739160164,1447
1739160167,1445
1739160170,1445
1739160173,1448
1739160176,1447
1739160179,1446
1739160182,1450
1739160185,1444
1739160188,1445
1739160191,1441
1739160194,1462
1739160198,1460
1739160200,1462
1739160203,1463
1739160207,1465
1739160210,1456
1739160212,1458
1739160216,1465
1739160218,1463
1739160221,1463
1739160225,1456
1739160228,1462
1739160231,1460
1739160234,1462
1739160234,None
1739160240,349
1739160243,344
1739160246,347
1739160246,None
1739160252,344
1739160255,343
1739160258,341
1739160262,344
1739160264,339
1739160267,349
1739160271,346
1739160273,348
1739160276,348
1739160279,345
1739160283,346
1739160286,343
1739160289,351
1739160292,347
1739160295,348
1739160298,345
1739160301,347
1739160304,341
1739160307,347
1739160310,343
1739160310,None
1739160317,338
1739160317,None
1739160323,341
1739160326,341
1739160328,343
1739160331,339
1739160334,345
1739160338,341
1739160341,345
1739160344,344
1739160347,342
1739160350,342
1739160353,335
1739160356,339
1739160356,None
1739160362,337
1739160365,336
1739160368,335
1739160368,None
1739160374,337
1739160378,339
1739160380,334
1739160384,329
1739160386,332
1739160389,331
1739160389,None
1739160395,336
1739160399,332
1739160401,329
1739160405,335
1739160405,None
1739160411,335
1739160414,333
1739160414,None
1739160420,336
1739160423,331
1739160426,337
1739160430,332
1739160432,331
1739160436,336
1739160436,None
1739160441,601
1739160444,594
1739160448,600
1739160451,447
1739160453,338
1739160457,331
1739160460,333
1739160463,331
1739160466,332
1739160469,337
1739160472,329
1739160475,333
1739160475,None
1739160475,None
1739160484,331
1739160487,331
1739160487,None
1739160494,333
1739160494,None
1739160500,328
1739160503,335
1739160506,331
1739160509,331
1739160512,335
1739160515,330
1739160518,330
1739160521,333
1739160524,330
1739160527,335
1739160527,None
1739160533,331
1739160536,320
1739160539,315
1739160542,308
1739160545,302
1739160548,307
1739160551,303
1739160554,296
1739160557,298
1739160560,304
1739160564,297
1739160566,296
1739160569,294
1739160573,299
1739160576,290
1739160579,288
1739160582,288
1739160585,362
1739160588,385
1739160591,381
1739160594,385
1739160597,377
1739160600,383
1739160603,381
1739160606,382
1739160606,None
1739160612,383
1739160615,377
1739160618,382
1739160621,380
1739160625,385
1739160628,380
1739160630,378
1739160633,379
1739160637,376
1739160640,380
1739160643,380
1739160643,None
1739160649,380
1739160652,375
1739160655,380
1739160658,375
1739160661,375
1739160664,375
1739160668,358
1739160670,356
1739160673,351
1739160676,352
1739160679,352
1739160683,351
1739160685,356
1739160688,350
1739160691,350
1739160695,351
1739160697,351
1739160701,350
1739160705,355
1739160707,351
1739160710,347
1739160713,349
1739160716,356
1739160719,349
1739160719,None
1739160725,346
1739160728,351
1739160731,346
1739160734,345
1739160737,343
1739160740,351
1739160743,344
1739160743,None
1739160750,349
1739160752,351
1739160756,344
1739160759,344
1739160761,349
1739160761,None
1739160768,339
1739160771,348
1739160773,344
1739160777,342
1739160780,346
1739160783,345
1739160786,348
1739160789,344
1739160792,344
1739160795,346
1739160798,340
1739160801,347
1739160804,343
1739160807,344
1739160810,347
1739160813,341
1739160816,344
1739160819,345
1739160823,341
1739160826,349
1739160829,343
1739160832,343
1739160835,342
1739160837,340
1739160841,343
1739160844,343
1739160847,342
1739160850,338
1739160853,338
1739160856,337
1739160859,337
1739160862,338
1739160865,337
1739160868,337
1739160871,347
1739160874,348
1739160877,344
1739160880,340
1739160883,341
1739160887,340
1739160890,338
1739160893,397
1739160896,638
1739160899,663
1739160902,675
1739160905,662
1739160908,420
1739160911,394
1739160914,392
1739160918,388
1739160920,390
1739160923,406
1739160926,396
1739160929,390
1739160932,393
1739160935,393
1739160938,396
1739160942,396
1739160944,399
1739160947,395
1739160951,397
1739160953,394
1739160956,399
1739160960,394
1739160963,396
1739160966,399
1739160969,401
1739160972,393
1739160975,399
1739160978,398
1739160981,397
1739160984,397
1739160987,395
1739160990,390
1739160993,385
1739160996,381
1739160999,390
1739161002,391
1739161005,387
1739161008,391
1739161011,383
1739161011,None
1739161018,385
1739161021,384
1739161023,385
1739161026,388
1739161029,384
1739161032,385
1739161032,None
1739161039,383
1739161042,389
1739161045,385
1739161048,383
1739161051,389
1739161054,385
1739161057,382
1739161060,389
1739161063,383
1739161066,387
1739161069,385
1739161069,None
1739161075,392
1739161078,390
1739161081,390
1739161084,385
1739161087,382
1739161090,387
1739161094,388
1739161097,389
1739161097,None
1739161103,389
1739161103,None
1739161109,398
1739161112,391
1739161115,389
1739161118,386
1739161121,384
1739161124,384
1739161127,384
1739161131,386
1739161133,385
1739161136,383
1739161139,381
1739161142,383
1739161145,382
1739161149,649
1739161151,643
1739161155,643
1739161158,637
1739161161,438
1739161164,379
1739161167,378
1739161170,385
1739161173,380
1739161176,377
1739161179,382
1739161182,381
1739161185,377
1739161188,388
1739161191,387
1739161194,377
1739161197,382
1739162490,362
1739162493,359
1739162496,366
1739162500,360
1739162503,360
1739162506,356
1739162506,None
1739162512,365
1739162515,358
1739162518,357
1739162521,350
1739162524,358
1739162528,356
1739162530,356
1739162533,356
1739162536,358
1739162539,361
1739162539,None
1739162545,367
1739162548,363
1739162551,367
1739162554,367
1739162557,361
1739162560,367
1739162564,370
1739162567,367
1739162570,365
1739162573,368
1739162575,371
1739162579,376
1739162582,362
1739162585,366
1739162588,360
1739162591,367
1739162594,364
1739162597,371
1739162600,362
1739162603,362
1739162606,357
1739162609,363
1739162613,361
1739162615,361
1739162618,355
1739162621,358
1739162625,357
1739162628,360
1739162631,357
1739162634,358
1739162637,356
1739162640,371
1739162643,363
1739162646,357
1739162649,363
1739162652,361
1739162655,357
1739162658,363
1739162661,364
1739162664,359
1739162667,360
1739162670,357
1739162673,362
1739162676,363
1739162679,357
1739162682,358
1739162685,361
1739162688,358
1739162691,359
1739162695,354
1739162698,359
1739162701,357
1739162703,365
1739162707,355
1739162710,358
1739162713,357
1739162716,356
1739162719,370
1739162722,398
1739162725,381
1739162728,358
1739162731,356
1739162734,354
1739162738,355
1739162740,356
1739162744,353
1739162746,357
1739162749,355
1739162752,355
1739162755,457
1739162758,622
1739162762,627
1739162764,629
1739162768,492
1739162771,356
1739162773,351
1739162777,356
1739162780,363
1739162783,365
1739162786,363
1739162789,354
1739162792,356
1739162795,354
1739162798,361
1739162801,352
1739162804,352
1739162807,352
1739162810,350
1739162813,357
1739162816,356
1739162819,353
1739162822,364
1739162825,362
1739162825,None
1739162832,359
1739162834,350
1739162837,357
1739162840,352
1739162844,354
1739162847,360
1739162850,353
1739162853,356
1739162856,354
1739162859,351
1739162862,348
1739162865,349
1739162865,None
1739162872,348
1739162875,347
1739162877,345
1739162880,352
1739162883,351
1739162886,347
1739162889,343
1739162892,349
1739162895,341
1739162899,348
1739162902,341
1739162905,350
1739162908,343
1739162910,343
1739162914,347
1739162917,340
1739162920,349
1739162923,345
1739162926,344
1739162929,349
1739162933,346
1739162936,348
1739162938,344
1739162941,354
1739162941,None
1739162948,352
1739162950,346
1739162953,351
1739162957,348
1739162959,351
1739162963,349
1739162966,350
1739162969,353
1739162972,351
1739162975,351
1739162978,350
1739162981,347
1739162984,351
1739162987,346
1739162990,348
1739162993,347
1739162996,350
1739162999,349
1739163516,335
1739163519,331
1739163519,None
1739163525,330
1739163529,336
1739163531,337
1739163534,331
1739163537,331
1739163541,330
1739163543,340
1739163546,327
1739163549,332
1739163553,332
1739163556,327
1739163559,332
1739163562,334
1739163565,332
1739163568,329
1739163571,333
1739163574,337
1739163577,333
1739163580,333
1739163583,338
1739163586,333
1739163589,331
1739163592,336
1739163596,331
1739163598,336
1739164008,347
1739164011,342
1739164014,344
1739164014,None
1739164021,344
1739164023,355
1739164027,347
1739164030,346
1739164033,347
1739164036,348
1739164039,344
1739164042,354
1739164045,359
1739164045,None
1739164045,None
1739164054,336
1739164057,341
1739164060,333
1739164063,336
1739164066,332
1739164069,329
1739164072,336
1739164075,330
1739164078,325
1739164078,None
1739164078,None
1739164088,326
1739164091,328
1739164094,330
1739164097,324
1739164100,319
1739164103,323
1739164106,327
1739164109,328
1739164112,320
1739164115,331
1739164118,324
1739164121,321
1739164124,323
1739164124,None
1739164130,326
1739164133,358
1739164133,None
1739164139,597
1739164143,594
1739164146,355
1739164149,340
1739164152,332
1739164155,338
1739164158,340
1739164161,339
1739164164,338
1739164167,337
1739164170,333
1739164173,338
1739164176,331
1739164179,328
1739164182,328
1739164185,329
1739164185,None
1739164191,323
1739164194,323
1739164194,None
1739164201,322
1739164204,329
1739164207,324
1739164210,326
1739164213,323
1739164216,323
1739164219,328
1739164222,325
1739164225,329
1739164228,323
1739164231,327
1739164235,325
1739164238,328
1739164240,329
1739164243,332
1739164246,330
1739164249,327
1739164252,327
1739164255,324
1739164258,332
1739164261,325
1739164264,324
1739164268,336
1739164271,327
1739164274,320
1739164277,328
1739164280,325
1739164283,327
1739164286,322
1739164289,332
1739164292,333
1739164295,331
1739164298,321
1739164301,329
1739164304,325
1739164304,None
1739164310,327
1739164313,330
1739164316,332
1739164320,328
1739164322,328
1739164322,None
1739164328,325
1739164331,329
1739164335,326
1739164338,331
1739164340,326
1739164344,329
1739164347,327
1739164350,327
1739164353,326
1739164356,321
1739164359,326
1739164359,None
1739164365,326
1739164368,325
1739164372,325
1739164374,336
1739164377,333
1739164381,328
1739164384,333
1739164387,329
1739164390,325
1739164393,332
1739164396,329
1739164399,327
1739164402,332
1739164402,None
1739164408,325
1739164411,331
1739164414,328
1739164417,329
1739164421,329
1739164423,326
1739164426,330
1739164429,326
1739164432,330
1739164435,332
1739164438,326
1739164441,330
1739164444,336
1739164447,332
1739164447,None
1739164454,330
1739164456,328
1739164459,326
1739164462,319
1739164465,328
1739164469,329
1739164471,324
1739164475,322
1739164478,327
1739164480,327
1739164484,320
1739164487,320
1739164490,320
1739164493,324
1739164496,315
1739164499,321
1739164502,320
1739164505,314
1739164508,318
1739164512,316
1739164514,318
1739164517,317
1739164520,363
1739164523,588
1739164526,585
1739164529,589
1739164533,482
1739164536,321
1739164539,317
1739164539,None
1739164545,315
1739164548,320
1739164551,318
1739164554,320
1739164558,317
1739164560,320
1739164563,312
1739164566,327
1739164569,321
1739164573,319
1739164575,317
1739164578,315
1739164581,319
1739164585,326
1739164587,324
1739164591,320
1739164594,315
1739164594,None
1739164599,323
1739164602,321
1739164606,321
1739164609,325
1739164612,321
1739164615,317
1739164618,316
1739164621,326
1739164624,320
1739164627,320
1739164630,316
1739164633,322
1739164636,324
1739164639,317
1739164642,317
1739164645,315
1739164649,323
1739164651,317
1739164654,318
1739164657,326
1739164661,320
1739164661,None
1739164667,320
1739164670,317
1739164673,314
1739164676,321
1739164679,318
1739164682,320
1739164682,None
1739164688,316
1739164688,None
1739164688,None
1739164688,None
1739164700,313
1739164703,320
1739164706,316
1739164709,319
1739164713,313
1739164715,316
1739164718,316
1739164722,318
1739164725,315
1739164727,315
1739164731,317
1739164734,313
1739164737,318
1739164740,311
1739164743,314
1739164746,316
1739164749,316
1739164752,316
1739164752,None
1739164758,317
1739164761,319
1739164764,316
1739164767,313
1739164767,None
1739164773,316
1739164776,315
1739164779,319
1739164779,None
1739164786,314
1739164789,320
1739164792,317
1739164796,324
1739164798,311
1739165659,245
1739165662,244
1739165665,245
1739165668,240
1739165671,246
1739165674,242
1739165677,240
1739165680,245
1739165683,241
1739165686,242
1739165689,243
1739165692,239
1739165695,247
1739165698,245
1739165701,247
1739165704,245
1739165708,242
1739165710,246
1739165713,240
1739165716,241
1739165720,243
1739165723,238
1739165726,241
1739165729,240
1739165732,242
1739165735,245
1739165739,241
1739165739,None
1739165744,248
1739165747,242
1739165750,240
1739165753,239
1739165756,246
1739165759,243
1739165762,237
1739165765,243
1739165768,243
1739165771,242
1739165774,248
1739165778,242
1739165781,247
1739165783,247
1739165787,245
1739165790,245
1739165793,239
1739165796,248
1739165799,244
1739165802,249
1739165805,243
1739165808,458
1739165811,513
1739165811,None
1739165817,513
1739165817,None
1739165823,241
1739165826,248
1739165829,244
1739165832,249
1739165835,242
1739165835,None
1739165841,240
1739165845,242
1739165845,None
1739165851,240
1739165853,245
1739165857,244
1739165860,240
1739165863,242
1739165866,242
1739165869,243
1739165872,242
1739165875,240
1739165878,246
1739165881,239
1739165884,242
1739165887,243
1739165890,250
1739165890,None
1739165896,245
1739165899,240
1739165902,243
1739165905,236
1739165908,246
1739165911,243
1739165914,243
1739165917,243
1739165920,242
1739165923,247
1739165927,258
1739165929,272
1739165929,None
1739165935,245
1739165939,245
1739165942,241
1739165945,243
1739165948,238
1739165951,247
1739165954,241
1739165957,239
1739165960,248
1739165963,249
1739165966,283
1739165969,325
1739165972,351
1739165976,359
1739165978,362
1739165981,348
1739165984,344
1739165988,342
1739165990,337
1739165993,339
1739165997,334
1739166000,333
1739166003,330
1739166003,None
1739166009,327
1739166012,329
1739166012,None
1739166018,324
1739166021,316
1739166024,322
1739166028,316
1739166030,315
1739166033,314
1739166037,320
1739166040,315
1739166043,312
1739166045,318
1739166049,313
1739166052,314
1739166054,312
1739166054,None
1739166060,316
1739166064,307
1739166067,313
1739166067,None
1739166073,312
1739166076,306
1739166079,310
1739166082,302
1739166086,310
1739166088,305
1739166091,314
1739166094,309
1739166097,313
1739166100,308
1739166103,311
1739166106,309
1739166110,311
1739166113,305
1739166115,303
1739166119,307
1739166123,306
1739166125,309
1739166128,305
1739166131,311
1739166131,None
1739166137,308
1739166140,306
1739166143,305
1739166146,306
1739166149,305
1739166152,308
1739166155,306
1739166158,308
1739166161,304
1739166165,305
1739166168,303
1739166170,306
1739166173,303
1739166176,302
1739166180,306
1739166183,300
1739166185,306
1739166189,300
1739166192,305
1739166192,None
1739166198,306
1739166201,302
1739166201,None
1739166207,299
1739166210,304
1739166213,298
1739166216,303
1739166219,300
1739166222,305
1739166225,298
1739166228,303
1739166232,302
1739166234,302
1739166237,295
1739166240,301
1739166243,297
1739166247,302
1739166250,298
1739166252,307
1739166252,None
1739166259,302
1739166262,306
1739166265,301
1739166268,305
1739166271,306
1739166274,520
1739166277,565
1739166280,570
1739166283,548
1739166286,304
1739166289,300
1739166292,307
1739166295,303
1739166295,None
1739166295,None
1739166304,306
1739166308,301
1739166310,301
1739166314,307
1739166317,298
1739166319,308
1739166323,304
1739166326,302
1739166329,306
1739166332,302
1739166335,307
1739166338,300
1739166341,304
1739166344,297
1739166347,303
1739166350,295
1739166354,301
1739166357,299
1739166359,300
1739166363,296
1739166365,302
1739166368,297
1739166372,297
1739166374,294
1739166378,298
1739166381,296
1739166384,306
1739166387,293
1739166390,301
1739166393,299
1739166396,295
1739166399,301
1739166402,302
1739166405,297
1739166408,299
1739166411,299
1739166414,296
1739166418,304
1739166421,299
1739166424,295
1739166427,302
1739166430,301
1739166433,297
1739166436,296
1739166436,None
1739166442,301
1739166445,298
1739166448,296
1739166451,296
1739166454,299
1739166457,296
1739166460,295
1739166463,301
1739166466,297
1739166469,291
1739166472,301
1739166475,300
1739166479,298
1739166481,301
1739166484,300
1739166484,None
1739166491,295
1739166494,301
1739166496,297
1739166500,302
1739166503,299
1739166503,None
1739166509,301
1739166512,306
1739166515,300
1739166519,306
1739166521,301
1739166524,306
1739166527,302
1739166530,303
1739166533,299
1739166536,307
1739166539,303
1739166539,None
1739166545,303
1739166549,316
1739166551,314
1739166554,325
1739166557,301
1739166560,305
1739166564,302
1739166567,306
1739166569,304
1739166572,299
1739166576,304
1739166579,301
1739166582,305
1739166585,305
1739166588,300
1739166591,304
1739166594,301
1739166597,297
1739166601,308
1739166603,304
1739166606,306
1739166606,None
1739166613,304
1739166615,302
1739166618,303
1739166622,305
1739166625,304
1739166627,304
1739166631,311
1739166633,305
1739166633,None
1739166640,307
1739166643,306
1739166646,312
1739166649,306
1739166652,304
1739166655,312
1739166658,301
1739166661,311
1739166665,303
1739166668,307
1739166671,306
1739166673,304
1739166677,308
1739166680,304
1739166683,303
1739166686,309
1739166689,311
1739166692,300
1739166695,308
1739166698,302
1739166701,304
1739166704,300
1739166707,309
1739166710,310
1739166713,309
1739166716,305
1739166719,302
1739166722,308
1739166725,549
1739166725,None
1739166731,567
1739166735,572
1739166738,449
1739166741,302
1739166741,None
1739166747,301
1739166750,310
1739166753,305
1739166756,304
1739166759,306
1739166762,301
1739166765,306
1739166768,305
1739166772,306
1739166774,301
1739166777,301
1739166780,303
1739166783,300
1739166787,304
1739166790,301
1739166790,None
1739166795,303
1739166799,304
1739166802,302
1739166804,300
1739166807,303
1739166811,301
1739166814,306
1739166817,299
1739166820,304
1739166823,301
1739166827,305
1739166829,301
1739166832,305
1739166835,300
1739166838,303
1739166841,304
1739166844,303
1739166847,307
1739166850,304
1739166853,304
1739166857,304
1739166860,303
1739166863,303
1739166866,299
1739166869,300
1739166869,None
1739166875,301
1739166878,302
1739166881,300
1739166884,305
1739166887,304
1739166890,306
1739166893,299
1739166896,304
1739166899,301
1739166902,308
1739166905,304
1739166909,303
1739166912,309
1739166914,308
1739166918,305
1739166921,299
1739166924,304
1739166926,302
1739166930,304
1739166933,305
1739166936,301
1739166940,306
1739166942,303
1739166942,None
1739166942,None
1739166951,301
1739166954,300
1739166957,304
1739166960,301
1739166963,302
1739166966,302
1739166969,297
1739166969,None
1739166975,306
1739166975,None
1739166981,296
1739166985,305
1739166988,300
1739166990,298
1739166994,305
1739166997,300
1739167000,302
1739167003,299
1739167006,303
1739167009,300
1739167012,302
1739167015,306
1739167018,300
1739167021,303
1739167021,None
1739167028,299
1739167030,303
1739167030,None
1739167036,307
1739167039,305
1739167039,None
1739167046,309
1739167048,305
1739167052,295
1739167052,None
1739167058,295
1739167062,295
1739167064,294
1739167067,294
1739167070,294
1739167073,294
1739167076,292
1739167079,291
1739167082,291
1739167086,291
1739167088,289
1739167091,289
1739167094,290
1739167098,289
1739167100,288
1739167100,None
1739167106,291
1739167110,289
1739167113,291
1739167116,288
1739167118,289
1739167121,288
1739167125,287
1739167128,286
1739167131,287
1739167134,287
1739167137,288
1739167140,287
1739167143,286
1739167143,None
1739167149,289
1739167152,287
1739167155,288
1739167159,288
1739167162,289
1739167164,286
1739167167,291
1739167167,None
1739167174,286
1739167176,289
1739167179,295
1739167183,291
1739167185,286
1739167189,286
1739167192,291
1739167195,293
1739167198,286
1739167201,286
1739167204,287
1739167208,288
1739167210,294
1739167213,290
1739167216,293
1739167216,None
1739167223,291
1739167225,300
1739167228,407
1739167231,563
1739167235,558
1739167238,561
1739167240,459
1739167244,299
1739167247,300
1739167250,299
1739167253,299
1739167256,298
1739167256,None
1739167262,301
1739167266,296
1739167268,300
1739167271,296
1739167274,299
1739167277,295
1739167280,302
1739167284,301
1739167286,299
1739167289,297
1739167293,297
1739167296,296
1739167296,None
1739167301,293
1739167304,292
1739167308,300
1739167311,294
1739167314,288
1739167316,293
1739167320,293
1739167323,306
1739167326,299
1739167329,286
1739167332,289
1739167335,290
1739167338,290
1739167341,287
1739167344,291
1739167347,300
1739167350,294
1739167354,293
1739167356,296
1739167359,288
1739167363,296
1739167365,291
1739167368,286
1739167372,289
1739167375,281
1739167378,292
1739167381,285
1739167384,289
1739167387,291
1739167390,282
1739167393,288
1739167396,289
1739167399,286
1739167403,289
1739167405,287
1739167405,None
1739167412,290
1739167415,292
1739167418,289
1739167421,292
1739167424,298
1739167427,295
1739167430,288
1739167433,290
1739167436,291
1739167440,292
1739167442,297
1739167442,None
1739167448,286
1739167451,290
1739167454,290
1739167457,287
1739167460,290
1739167463,288
1739167466,286
1739167466,None
1739167472,286
1739167475,289
1739167479,290
1739167481,291
1739167485,294
1739167488,294
1739167490,297
1739167490,None
1739167497,286
1739167500,288
1739167503,296
1739167503,None
1739167503,None
1739167503,None
1739167503,None
1739167518,289
1739167521,289
1739167524,294
1739167527,289
1739167530,296
1739167534,286
1739167536,294
1739167540,288
1739167542,316
1739167545,293
1739167549,290
1739167552,290
1739167554,291
1739167558,289
1739167558,None
1739167564,294
1739167567,290
1739167570,293
1739167573,290
1739167573,None
1739167579,286
1739167582,290
1739167585,286
1739167589,293
1739167591,286
1739167594,291
1739167598,287
1739167601,290
1739167603,286
1739167606,287
1739167610,288
1739167613,289
1739167613,None
1739167618,285
1739167622,288
1739167625,284
1739167628,290
1739167631,287
1739167634,288
1739167637,290
1739167640,283
1739167640,None
1739167646,294
1739167650,290
1739167650,None
1739167655,295
1739167658,288
1739167661,295
1739167665,296
1739167668,291
1739167670,297
1739167673,295
1739167676,293
1739167679,477
1739167683,550
1739167685,550
1739167689,549
1739167692,402
1739167695,291
1739167698,291
1739167701,281
1739167704,291
1739167707,295
1739167710,281
1739167713,293
1739167716,290
1739167719,283
1739167722,292
1739167725,287
1739167728,291
1739167731,290
1739167734,287
1739167737,291
1739167740,285
1739167743,292
1739167747,285
1739167750,294
1739167753,289
1739167756,287
1739167759,290
1739167759,None
1739167766,300
1739167768,288
1739167771,296
1739167774,290
1739167777,294
1739167781,293
1739167783,298
1739167787,292
1739167789,294
1739167793,288
1739167796,294
1739167799,290
