1739026803,476
1739026806,213
1739026809,211
1739026812,208
1739026815,215
1739026818,207
1739026821,217
1739026824,214
1739026827,208
1739026831,212
1739026833,210
1739026837,212
1739026840,212
1739026840,None
1739026845,204
1739026849,204
1739026852,206
1739026855,201
1739026858,237
1739026861,254
1739026864,235
1739026867,222
1739026870,211
1739026874,221
1739026876,219
1739026879,213
1739026882,219
1739026885,217
1739026889,217
1739026891,218
1739026894,221
1739026897,219
1739026901,212
1739026904,211
1739026907,197
1739026910,193
1739026913,201
1739026913,None
1739026919,196
1739026922,202
1739026925,195
1739026928,192
1739026931,208
1739026934,199
1739026937,194
1739026940,206
1739026943,201
1739026946,199
1739026949,203
1739026952,197
1739026956,201
1739026959,195
1739026961,261
1739026964,448
1739026968,452
1739026971,461
1739026974,270
1739026977,198
1739026980,216
1739026983,208
1739026986,203
1739026989,198
1739026992,212
1739026995,209
1739026998,200
1739027001,204
1739027004,195
1739027007,208
1739027010,200
1739027013,196
1739027017,206
1739027019,201
1739027023,201
1739027025,204
1739027029,204
1739027032,194
1739027035,199
1739027038,202
1739027040,197
1739027044,205
1739027047,197
1739027050,195
1739027053,204
1739027056,192
1739027059,193
1739027062,200
1739027066,207
1739027068,203
1739027071,199
1739027074,195
1739027077,189
1739027077,None
1739027083,197
1739027086,189
1739027090,222
1739027092,216
1739027095,210
1739027098,199
1739027102,216
1739027105,216
1739027108,195
1739027111,199
1739027114,194
1739027117,202
1739027120,216
1739027123,229
1739027126,227
1739027129,220
1739027132,203
1739027135,208
1739027138,205
1739027141,208
1739027144,211
1739027144,None
1739027151,497
1739027153,482
1739027156,476
1739027159,279
1739027162,252
1739027166,215
1739027169,229
1739027171,211
1739027174,213
1739027177,216
1739027181,208
1739027184,214
1739027187,215
1739027187,None
1739027193,212
1739027196,205
1739027199,213
1739027202,208
1739027205,199
1739027205,None
1739027211,208
1739027214,199
1739027217,194
1739027220,201
1739027223,200
1739027226,197
1739027226,None
1739027232,197
1739027236,198
1739027236,None
1739027241,220
1739027241,None
1739027241,None
1739027251,205
1739027254,195
1739027257,227
1739027260,211
1739027263,204
1739027266,209
1739027270,208
1739027272,203
1739027275,209
1739027279,204
1739027281,206
1739027284,214
1739027284,None
1739027291,464
1739027291,None
1739027291,None
1739027291,None
1739027303,275
1739027306,216
1739027309,212
1739027312,231
1739027315,216
1739027318,239
1739027318,None
1739027324,236
1739027327,222
1739027330,216
1739027333,214
1739027336,210
1739027340,213
1739027343,208
1739027346,214
1739027349,211
1739027352,208
1739027355,207
1739027358,205
1739027361,217
1739027364,215
1739027367,205
1739027370,213
1739027373,205
1739027376,201
1739027379,208
1739027383,217
1739027386,219
1739027388,221
1739027392,204
1739027395,196
1739027398,211
1739027400,207
1739027404,201
1739027407,208
1739027410,209
1739027413,206
1739027416,212
1739027419,205
1739027422,205
1739027425,207
1739027428,207
1739027431,208
1739027434,216
1739027437,213
1739027440,221
1739027444,221
1739027447,207
1739027449,215
1739027452,216
1739027456,220
1739027459,215
1739027462,221
1739027465,220
1739027468,219
1739027471,218
1739027474,216
1739027477,222
1739027480,217
1739027483,221
1739027486,216
1739027489,232
1739027492,227
1739027495,226
1739027499,218
1739027502,223
1739027505,216
1739027505,None
1739027510,222
1739027514,221
1739027517,222
1739027520,223
1739027520,None
1739027526,228
1739027529,214
1739027532,225
1739027535,217
1739027538,223
1739027541,219
1739027544,480
1739027544,None
1739027550,479
1739027554,478
1739027557,257
1739027559,219
1739027562,220
1739027566,217
1739027569,223
1739027571,221
1739027575,216
1739027578,225
1739027581,222
1739027584,225
1739027587,225
1739027587,None
1739027593,225
1739027596,218
1739027599,224
1739027603,218
1739027605,217
1739027608,221
1739027611,223
1739027614,224
1739027617,220
1739027621,217
1739027624,222
1739027626,215
1739027630,221
1739027633,212
1739027636,222
1739027639,219
1739027642,222
1739027645,218
1739027648,218
1739027651,224
1739027654,219
1739027657,222
1739027660,220
1739027663,225
1739027666,224
1739027669,214
1739027672,223
1739027675,214
1739027675,None
1739027682,216
1739027685,222
1739027688,212
1739027691,222
1739027694,220
1739027697,223
1739027700,347
1739027703,464
1739027706,473
1739027709,436
1739027712,219
1739027715,215
1739027718,216
1739027722,221
1739027722,None
1739027728,210
1739027730,202
1739027733,208
1739027736,215
1739027739,212
1739027743,201
1739027745,217
1739027749,209
1739027752,203
1739027755,214
1739027758,218
1739027761,212
1739027764,211
1739027767,214
1739027770,217
1739027770,None
1739027776,214
1739027780,217
1739027782,214
1739027785,212
1739027788,215
1739027791,208
1739027794,204
1739027798,213
1739027800,208
1739027803,208
1739027803,None
1739027810,208
1739027812,215
1739027816,221
1739027819,214
1739027822,214
1739027825,228
1739027828,220
1739027831,217
1739027835,220
1739027838,215
1739027840,217
1739027843,217
1739027846,219
1739027849,222
1739027852,209
1739027855,221
1739027858,218
1739027861,216
1739027865,223
1739027865,None
1739027871,217
1739027874,218
1739027877,216
1739027880,212
1739027883,218
1739027886,209
1739027889,207
1739027892,213
1739027895,205
1739027898,211
1739027901,216
1739027905,205
1739027907,211
1739027910,210
1739027914,209
1739027916,210
1739027920,206
1739027923,218
1739027926,203
1739027926,None
1739027932,218
1739027935,210
1739027938,204
1739027941,214
1739027944,218
1739027947,227
1739027951,248
1739027954,254
1739027956,225
1739027960,196
1739027962,206
1739027966,197
1739027969,193
1739027969,None
1739027969,None
1739027978,194
1739027981,455
1739027984,457
1739027987,453
1739027990,458
1739027993,357
1739027996,199
1739028000,199
1739028002,200
1739028005,198
1739028009,211
1739028011,203
1739028014,196
1739028017,208
1739028020,200
1739028023,201
1739028026,204
1739028030,198
1739028033,451
1739028036,458
1739028039,456
1739028042,418
1739028045,202
1739028048,202
1739028051,197
1739028054,196
1739028057,205
1739028060,197
1739028060,None
1739028066,202
1739028069,200
1739028072,197
1739028072,None
1739028078,201
1739028081,198
1739028084,202
1739028088,187
1739028090,201
1739028093,202
1739028096,188
1739028099,233
1739028102,235
1739028106,240
1739028109,236
1739028111,239
1739028115,239
1739028117,232
1739028121,242
1739028124,236
1739028127,234
1739028130,239
1739028133,238
1739028133,None
1739028139,226
1739028142,222
1739028145,228
1739028148,223
1739028151,212
1739028154,213
1739028157,209
1739028157,None
1739028164,209
1739028164,None
1739028169,193
1739028172,195
1739028176,189
1739028178,186
1739028182,187
1739028185,188
1739028188,182
1739028191,187
1739028191,None
1739028197,184
1739028200,187
1739028203,180
1739028206,185
1739028209,188
1739028212,181
1739028215,187
1739028219,182
1739028222,183
1739028224,187
1739028227,182
1739028231,182
1739028233,184
1739028233,None
1739028240,183
1739028242,183
1739028245,185
1739028248,183
1739028251,187
1739028251,None
1739028258,190
1739028261,188
1739028264,191
1739028267,183
1739028270,195
1739028273,195
1739028276,188
1739028279,193
1739028282,198
1739028285,191
1739028288,198
1739028291,196
1739028294,203
1739028298,198
1739028300,198
1739028303,191
1739028303,None
1739028309,209
1739028312,195
1739028316,193
1739028319,198
1739028322,200
1739028325,194
1739028328,198
1739028331,202
1739028334,200
1739028337,196
1739028340,194
1739028343,203
1739028346,194
1739028349,199
1739028352,196
1739028352,None
1739028359,198
1739028361,195
1739028364,198
1739028367,193
1739028371,396
1739028373,433
1739028377,398
1739028380,268
1739028383,136
1739028386,130
1739028389,136
1739028392,133
1739028395,139
1739028398,135
1739028398,None
1739028404,139
1739028407,131
1739028411,141
1739028413,131
1739028417,138
1739028419,134
1739028423,142
1739028425,133
1739028429,136
1739028432,137
1739028435,139
1739028435,None
1739028435,None
1739028444,139
1739028447,132
1739028450,131
1739028453,143
1739028456,339
1739028459,391
1739028459,None
1739028465,398
1739028468,175
1739028472,139
1739028472,None
1739028477,137
1739028481,143
1739028483,137
1739028487,135
1739028490,130
1739028493,133
1739028495,138
1739028498,135
1739028502,140
1739028505,135
1739028508,137
1739028511,130
1739028514,125
1739028517,135
1739028520,140
1739028523,134
1739028526,131
1739028526,None
1739028532,137
1739028535,135
1739028538,131
1739028541,135
1739028544,137
1739028547,134
1739028550,139
1739028553,132
1739028553,None
1739028560,134
1739028562,135
1739028565,135
1739028569,131
1739028572,138
1739028575,132
1739028578,133
1739028581,135
1739028584,133
1739028587,139
1739028590,132
1739028594,137
1739028596,135
1739028599,129
1739028602,142
1739028605,133
1739028608,138
1739028611,138
1739028615,132
1739028617,138
1739028621,137
1739028623,132
1739028626,134
1739028630,134
1739028633,139
1739028636,131
1739028639,126
1739028642,129
1739028645,144
1739028648,141
1739028651,137
1739028654,133
1739028657,134
1739028660,130
1739028663,133
1739028666,142
1739028666,None
1739028672,130
1739028675,129
1739028675,None
1739028681,145
1739028685,133
1739028688,136
1739028690,133
1739028694,125
1739028697,135
1739028700,140
1739028700,None
1739028706,130
1739028709,137
1739028712,126
1739028715,135
1739028718,214
1739028724,381
1739028727,389
1739028730,179
1739028734,135
1739028736,131
1739028739,143
1739028742,140
1739028745,139
1739028748,141
1739028752,147
1739028754,141
1739028754,None
1739028761,138
1739028764,143
1739028767,145
1739028770,138
1739028770,None
1739028776,144
1739028779,140
1739028782,133
1739028782,None
1739028788,140
1739028791,140
1739028794,139
1739028797,145
1739028800,139
1739028803,142
1739028806,139
1739028810,145
1739028812,140
1739028816,143
1739028818,143
1739028821,137
1739028825,136
1739028827,144
1739028830,137
1739028834,138
1739028836,143
1739028840,136
1739028843,131
1739028846,136
1739028849,133
1739028852,126
1739028855,127
1739028858,123
1739028861,120
1739028864,126
1739028867,124
1739028870,127
1739028874,117
1739028876,129
1739028880,123
1739028882,206
1739028886,389
1739028889,382
1739028892,387
1739028895,138
1739028898,126
1739028901,119
1739028904,132
1739028907,122
1739028910,128
1739028913,124
1739028916,124
1739028919,122
1739028922,125
1739028926,125
1739028928,127
1739028928,None
1739028934,126
1739028937,123
1739028940,131
1739028944,120
1739028947,129
1739028949,125
1739028953,126
1739028956,124
1739028956,None
1739028962,122
1739028965,126
1739028968,122
1739028971,124
1739028974,123
1739028974,None
1739028974,None
1739028983,114
1739028986,129
1739028989,121
1739028992,128
1739028995,123
1739028998,118
1739029001,129
1739029004,122
1739029008,126
1739029011,125
1739029014,125
1739029017,122
1739029017,None
1739029023,129
1739029026,175
1739029029,378
1739029032,393
1739029035,388
1739029038,245
1739029041,128
1739029044,133
1739029047,132
1739029050,135
1739029053,126
1739029056,130
1739029056,None
1739029062,131
1739029066,126
1739029068,121
1739029071,131
1739029074,129
1739029077,132
1739029081,132
1739029084,123
1739029087,127
1739029090,135
1739029093,124
1739029096,124
1739029099,118
1739029102,111
1739029105,127
1739029108,129
1739029111,130
1739029114,124
1739029117,122
1739029120,124
1739029123,132
1739029126,118
1739029129,117
1739029132,125
1739029135,130
1739029139,123
1739029142,116
1739029145,122
1739029148,128
1739029151,128
1739029151,None
1739029157,127
1739029160,118
1739029163,122
1739029166,128
1739029169,124
1739029172,120
1739029175,136
1739029178,153
1739029181,199
1739029184,231
1739029187,234
1739029190,229
1739029193,222
1739029196,219
1739029200,215
1739029200,None
1739029205,215
1739029205,None
1739029211,219
1739029214,206
1739029217,210
1739029221,205
1739029224,203
1739029227,203
1739029229,201
1739029233,195
1739029236,194
1739029239,201
1739029242,190
1739029246,188
1739029248,191
1739029251,189
1739029254,197
1739029254,None
1739029261,190
1739029263,193
1739029266,191
1739029270,193
1739029272,189
1739029276,200
1739029278,193
1739029282,200
1739029285,195
1739029288,201
1739029292,196
1739029292,None
1739029297,196
1739029300,416
1739029303,465
1739029306,459
1739029309,459
1739029312,192
1739029315,204
1739029319,196
1739029322,204
1739029325,197
1739029328,199
1739029331,200
1739029334,198
1739029334,None
1739029340,196
1739029343,195
1739029346,190
1739029349,185
1739029349,None
1739029355,192
1739029358,191
1739029361,187
1739029364,194
1739029367,196
1739029370,187
1739029373,190
1739029377,185
1739029379,189
1739029382,192
1739029385,372
1739029388,443
1739029391,454
1739029395,447
1739029395,None
1739029400,193
1739029404,191
1739029407,191
1739029410,193
1739029413,186
1739029413,None
1739029419,185
1739029422,200
1739029425,188
1739029428,197
1739029431,188
1739029434,194
1739029437,190
1739029441,194
1739029443,189
1739029447,197
1739029449,194
1739029453,194
1739029455,186
1739029459,195
1739029462,187
1739029464,194
1739029468,189
1739029471,195
1739029474,189
1739029477,190
1739029480,192
1739029483,185
1739029486,198
1739029489,186
1739029492,195
1739029492,None
1739029498,183
1739029501,193
1739029504,190
1739029507,189
1739029510,197
1739029513,195
1739029516,188
1739029520,190
1739029523,183
1739029525,190
1739029528,192
1739029532,191
1739029535,186
1739029538,183
1739029541,194
1739029544,186
1739029547,189
1739029550,192
1739029553,188
1739029556,190
1739029559,187
1739029562,195
1739029566,186
1739029568,183
1739029571,196
1739029574,188
1739029577,192
1739029580,192
1739029583,187
1739029586,195
1739029590,190
1739029593,189
1739029596,195
1739029599,192
1739029601,195
1739029605,191
1739029608,187
1739029611,198
1739029614,185
1739029617,199
1739029620,190
1739029624,193
1739029626,190
1739029630,191
1739029630,None
1739029635,189
1739029638,194
1739029642,191
1739029645,194
1739029647,188
1739029651,191
1739029654,190
1739029657,193
1739029660,187
1739029663,192
1739029666,190
1739029669,189
1739029672,190
1739029675,186
1739029678,191
1739029681,189
1739029684,193
1739029688,188
1739029690,189
1739029693,349
1739029696,450
1739029699,457
1739029702,452
1739029706,199
1739029709,191
1739029712,192
1739029715,189
1739029715,None
1739029721,190
1739029724,191
1739029727,192
1739029730,187
1739029733,197
1739029736,189
1739029739,189
1739029739,None
1739029745,187
1739029748,188
1739029748,None
1739029748,None
1739029757,377
1739029760,449
1739029763,445
1739029766,453
1739029769,364
1739029769,None
1739029775,191
1739029778,191
1739029782,192
1739029782,None
1739029788,195
1739029791,186
1739029794,194
1739029797,185
1739029800,196
1739029803,191
1739029806,193
1739029809,185
1739029812,193
1739029812,None
1739029819,191
1739029821,193
1739029824,185
1739029828,194
1739029830,185
1739029833,198
1739029836,185
1739029840,196
1739029840,None
1739029846,192
1739029849,196
1739029852,193
1739029855,193
1739029858,191
1739029861,194
1739029864,189
1739029867,197
1739029871,191
1739029873,190
1739029876,199
1739029879,191
1739029882,188
1739029885,190
1739029889,190
1739029891,191
1739029894,189
1739029898,188
1739029900,192
1739029903,185
1739029906,197
1739029910,187
1739029910,None
1739029916,186
1739029919,193
1739029922,189
1739029925,191
1739029928,188
1739029931,191
1739029934,188
1739029937,191
1739029940,185
1739029943,190
1739029946,186
1739029949,193
1739029952,188
1739029955,194
1739029959,190
1739029959,None
1739029959,None
1739029968,193
1739029971,201
1739029974,197
1739029976,197
1739029980,198
1739029983,197
1739029986,201
1739029989,197
1739029992,201
1739029995,201
1739029998,204
1739030001,196
1739030004,206
1739030007,197
1739030010,203
1739030010,None
1739030016,194
1739030019,200
1739030023,199
1739030026,192
1739030029,201
1739030032,194
1739030034,185
1739030038,195
1739030041,190
1739030041,None
1739030047,197
1739030050,185
1739030053,196
1739030056,188
1739030059,192
1739030062,189
1739030065,192
1739030068,193
1739030071,192
1739030074,190
1739030078,190
1739030080,192
1739030083,195
1739030086,190
1739030090,199
1739030093,192
1739030096,200
1739030099,192
1739030101,203
1739030105,430
1739030108,461
1739030111,457
1739030114,457
1739030117,216
1739030120,195
1739030123,192
1739030126,191
1739030129,192
1739030132,195
1739030135,194
1739030138,190
1739030142,198
1739030144,187
1739030147,198
1739030150,189
1739030154,199
1739030157,184
1739030160,192
1739030163,185
1739030166,188
1739030169,323
1739030172,443
1739030172,None
1739030178,441
1739030181,430
1739030184,184
1739030187,197
1739030190,184
1739030193,195
1739030196,190
1739030199,194
1739030202,187
1739030205,189
1739030208,193
1739030211,186
1739030214,191
1739030217,187
1739030220,187
1739030224,188
1739030226,190
1739030229,179
1739030233,192
1739030237,184
1739030239,179
1739030242,195
1739030245,186
1739030248,189
1739030251,194
1739030254,183
1739030257,185
1739030260,188
1739030263,183
1739030266,187
1739030269,184
1739030272,184
1739030275,184
1739030278,185
1739030282,188
1739030285,183
1739030288,188
1739030290,179
1739030290,None
1739030297,189
1739030297,None
1739030303,184
1739030306,186
1739030309,177
1739030312,183
1739030315,189
1739030318,180
1739030321,177
1739030324,189
1739030327,182
1739030330,185
1739030334,182
1739030336,186
1739030340,185
1739030343,180
1739030345,183
1739030349,191
1739030352,185
1739030355,176
1739030358,189
1739030361,183
1739030364,176
1739030367,193
1739030370,183
1739030373,179
1739030376,181
1739030379,187
1739030382,185
1739030385,176
1739030388,185
1739030391,187
1739030394,180
1739030398,185
1739030400,189
1739030404,183
1739030406,178
1739030410,189
1739030413,183
1739030413,None
1739030419,182
1739030422,187
1739030425,190
1739030428,187
1739030431,180
1739030431,None
1739030437,191
1739030440,187
1739030443,185
1739030446,185
1739030449,185
1739030452,183
1739030455,185
1739030458,189
1739030461,183
1739030464,190
1739030467,184
1739030471,180
1739030473,195
1739030477,187
1739030480,182
1739030483,183
1739030486,187
1739030489,183
1739030492,183
1739030495,187
1739030498,186
1739030501,182
1739030504,185
1739030507,187
1739030510,177
1739030514,186
1739030516,187
1739030519,183
1739030522,183
1739030525,190
1739030528,183
1739030532,179
1739030534,190
1739030538,185
1739030541,179
1739030544,186
1739030547,187
1739030550,179
1739030553,186
1739030556,184
1739030559,192
1739030562,196
1739030565,348
1739030568,449
1739030572,455
1739030574,443
1739030577,193
1739030580,183
1739030583,208
1739030586,456
1739030589,447
1739030592,445
1739030596,358
1739030599,196
1739030601,194
1739030605,197
1739030607,187
1739030611,192
1739030614,197
1739030617,190
1739030620,187
1739030623,195
1739030626,183
1739030629,185
1739030632,186
1739030632,None
1739030638,184
1739030641,187
1739030644,186
1739030647,181
1739030650,188
1739030653,188
1739030656,181
1739030660,182
1739030662,189
1739030665,181
1739030669,181
1739030671,188
1739030675,181
1739030677,182
1739030681,187
1739030684,183
1739030687,188
1739030690,183
1739030690,None
1739030696,189
1739030699,180
1739030702,185
1739030705,192
1739030708,183
1739030711,173
1739030715,192
1739030717,186
1739030720,182
1739030723,180
1739030726,186
1739030729,183
1739030732,186
1739030736,174
1739030739,184
1739030742,187
1739030745,186
1739030748,182
1739030751,178
1739030754,193
1739030757,183
1739030760,180
1739030763,185
1739030766,187
1739030769,183
1739030772,185
1739030772,None
1739030778,184
1739030781,181
1739030781,None
1739030787,179
1739030790,188
1739030793,180
1739030796,188
1739030800,181
1739030802,182
1739030806,186
1739030808,180
1739030812,185
1739030815,185
1739030818,188
1739030821,192
1739030824,185
1739030827,194
1739030830,183
1739030833,195
1739030836,185
1739030839,193
1739030842,184
1739030842,None
1739030848,185
1739030852,193
1739030855,185
1739030855,None
1739030861,187
1739030864,187
1739030866,187
1739030870,189
1739030873,191
1739030876,183
1739030879,174
1739030882,189
1739030885,181
1739030888,191
1739030891,193
1739030891,None
1739030897,183
1739030901,177
1739030903,178
1739030906,180
1739030910,176
1739030913,181
1739030915,174
1739030919,180
1739030919,None
1739030925,180
1739030928,176
1739030931,175
1739030934,177
1739030937,176
1739030940,177
1739030943,174
1739030946,270
1739030949,431
1739030952,432
1739030955,430
1739030958,283
1739030962,183
1739030965,176
1739030967,407
1739030970,445
1739030974,443
1739030977,466
1739030980,270
1739030983,200
1739030986,211
1739030989,208
1739030992,212
1739030995,219
1739030998,221
1739031001,225
1739031004,222
1739031007,223
1739031010,204
1739031013,194
1739031016,195
1739031019,189
1739031022,205
1739031025,196
1739031028,196
1739031031,196
1739031035,196
1739031035,None
1739031041,194
1739031043,197
1739031047,186
1739031050,193
1739031053,187
1739031056,190
1739031059,182
1739031062,190
1739031066,184
1739031068,187
1739031071,188
1739031074,186
1739031078,187
1739031080,181
1739031083,184
1739031086,183
1739031090,192
1739031093,203
1739031096,193
1739031098,200
1739031102,196
1739031105,197
1739031108,205
1739031111,199
1739031114,209
1739031117,214
1739031120,210
1739031123,201
1739031126,216
1739031126,None
1739031126,None
1739031135,213
1739031139,209
1739031141,206
1739031144,217
1739031147,210
1739031150,211
1739031153,214
1739031157,205
1739031160,200
1739031163,201
1739031166,200
1739031168,197
1739031172,197
1739031175,193
1739031178,205
1739031181,197
1739031184,201
1739031187,193
1739031187,None
1739031187,None
1739031196,196
1739031199,192
1739031203,195
1739031205,191
1739031209,196
1739031211,193
1739031214,191
1739031218,193
1739031220,186
1739031224,196
1739031227,194
1739031230,192
1739031233,196
1739031236,184
1739031239,198
1739031242,189
1739031245,179
1739031248,196
1739031251,187
1739031254,190
1739031257,189
1739031261,186
1739031264,193
1739031266,185
1739031269,192
1739031273,191
1739031273,None
1739031273,None
1739031281,451
1739031284,446
1739031287,449
1739031291,628
1739031293,450
1739031297,452
1739031300,451
1739031303,377
1739031306,193
1739031309,200
1739031313,200
1739031315,193
1739031318,200
1739031321,199
1739031324,191
1739031327,203
1739031331,201
1739031333,191
1739031336,203
1739031339,196
1739031343,194
1739031346,200
1739031349,196
1739031352,193
1739031355,191
1739031358,186
1739031361,192
1739031364,189
1739031367,194
1739031370,186
1739031373,193
1739031376,186
1739031376,None
1739031382,185
1739031382,None
1739031388,189
1739031388,None
1739031394,187
1739031398,188
1739031400,189
1739031404,189
1739031407,187
1739031407,None
1739031413,194
1739031415,187
1739031419,186
1739031422,189
1739031425,187
1739031428,193
1739031431,185
1739031435,192
1739031437,187
1739031440,184
1739031443,191
1739031446,189
1739031449,184
1739031452,199
1739031455,188
1739031458,185
1739031462,196
1739031462,None
1739031468,187
1739031471,191
1739031474,189
1739031477,189
1739031480,189
1739031483,190
1739031486,189
1739031489,195
1739031492,188
1739031495,183
1739031498,194
1739031501,189
1739031504,188
1739031504,None
1739031511,197
1739031514,199
1739031516,199
1739031520,197
1739031523,197
1739031525,196
1739031525,None
1739031532,200
1739031535,194
1739031538,199
1739031541,193
1739031544,190
1739031547,202
1739031550,193
1739031553,199
1739031556,192
1739031559,203
1739031562,194
1739031566,189
1739031568,191
1739031571,191
1739031574,190
1739031577,187
1739031581,189
1739031584,189
1739031587,189
1739031590,189
1739031593,190
1739031593,None
1739031599,186
1739031602,194
1739031605,190
1739031608,188
1739031611,190
1739031614,182
1739031617,196
1739031620,185
1739031620,None
1739031620,None
1739031629,193
1739031632,184
1739031636,191
1739031639,187
1739031641,189
1739031645,192
1739031647,183
1739031651,194
1739031654,181
1739031657,193
1739031660,236
1739031663,454
1739031666,449
1739031669,447
1739031672,344
1739031675,190
1739031678,190
1739031681,189
1739031684,192
1739031687,186
1739031691,194
1739031693,187
1739031696,192
1739031699,185
1739031702,195
1739031705,189
1739031709,192
1739031711,192
1739031714,186
1739031717,189
1739031721,190
1739031724,196
1739031727,183
1739031730,358
1739031733,437
1739031736,444
1739031739,440
1739031742,228
1739031745,187
1739031748,187
1739031751,188
1739031754,189
1739031757,192
1739031760,187
1739031763,191
1739031766,193
1739031769,186
1739031772,191
1739031775,192
1739031779,181
1739031781,192
1739031784,190
1739031788,185
1739031791,190
1739031794,188
1739031797,187
1739031800,179
1739031803,183
1739031807,181
1739031809,178
1739031812,183
1739031815,181
1739031818,178
1739031821,175
1739031824,184
1739031828,177
1739031828,None
1739031833,183
1739031836,178
1739031840,184
1739031842,183
1739031845,182
1739031849,181
1739031852,185
1739031855,187
1739031858,176
1739031861,174
1739031864,185
1739031867,174
1739031870,191
1739031873,178
1739031876,183
1739031879,185
1739031882,188
1739031885,195
1739031889,192
1739031891,189
1739031891,None
1739031891,None
1739031900,133
1739031903,134
1739031907,128
1739031909,136
1739031913,131
1739031916,132
1739031919,135
1739031922,128
1739031925,140
1739031928,139
1739031931,137
1739031934,137
1739031937,144
1739031940,135
1739031943,144
1739031946,143
1739031949,136
1739031953,136
1739031956,143
1739031958,131
1739031962,140
1739031965,134
1739031968,137
1739031971,137
1739031974,134
1739031977,135
1739031980,136
1739031983,133
1739031985,137
1739031989,133
1739031992,138
1739031995,128
1739031998,137
1739032001,130
1739032005,138
1739032007,129
1739032010,133
1739032013,136
1739032017,125
1739032019,138
1739032023,134
1739032026,132
1739032026,None
1739032032,134
1739032035,132
1739032038,139
1739032041,271
1739032044,394
1739032047,395
1739032050,392
1739032053,394
1739032056,237
1739032059,136
1739032063,134
1739032065,137
1739032068,139
1739032071,133
1739032074,134
1739032077,136
1739032080,129
1739032084,134
1739032086,142
1739032089,133
1739032092,128
1739032096,123
1739032099,136
1739032101,285
1739032104,392
1739032108,383
1739032111,382
1739032114,192
1739032117,130
1739032120,131
1739032123,138
1739032126,132
1739032129,137
1739032132,126
1739032135,135
1739032135,None
1739032141,138
1739032144,127
1739032147,134
1739032150,140
1739032153,127
1739032156,134
1739032159,137
1739032163,130
1739032165,138
1739032168,133
1739032171,134
1739032175,132
1739032178,132
1739032181,136
1739032184,131
1739032187,130
1739032190,137
1739032193,132
1739032196,140
1739032199,126
1739032202,136
1739032205,132
1739032208,136
1739032211,126
1739032214,138
1739032217,131
1739032220,133
1739032223,137
1739032226,129
1739032229,139
1739032232,134
1739032236,134
1739032238,140
1739032242,135
1739032244,131
1739032247,139
1739032251,131
1739032254,140
1739032257,145
1739032260,136
1739032263,139
1739032266,144
1739032270,132
1739032272,147
1739032275,139
1739032279,134
1739032281,141
1739032284,136
1739032287,133
1739032290,142
1739032293,134
1739032297,140
1739032299,139
1739032303,134
1739032306,136
1739032309,136
1739032311,133
1739032315,136
1739032317,136
1739032321,139
1739032324,136
1739032327,141
1739032327,None
1739032327,None
1739032336,136
1739032339,135
1739032342,142
1739032345,132
1739032348,144
1739032352,136
1739032354,139
1739032358,137
1739032361,135
1739032363,143
1739032366,139
1739032370,137
1739032373,137
1739032376,129
1739032379,124
1739032382,130
1739032385,125
1739032388,129
1739032388,None
1739032394,126
1739032397,135
1739032400,130
1739032404,124
1739032406,139
1739032409,127
1739032412,131
1739032415,133
1739032419,127
1739032421,126
1739032425,133
1739032428,130
1739032431,131
1739032431,None
1739032437,133
1739032440,126
1739032443,127
1739032446,133
1739032449,126
1739032452,133
1739032455,133
1739032458,126
1739032461,136
1739032464,204
1739032467,377
1739032470,388
1739032473,384
1739032476,375
1739032479,139
1739032482,133
1739032485,129
1739032489,126
1739032492,133
1739032495,133
1739032498,126
1739032501,123
1739032504,123
1739032507,126
1739032510,125
1739032513,293
1739032516,394
1739032519,383
1739032523,385
1739032525,192
1739032529,132
1739032531,124
1739032534,127
1739032537,139
1739032540,129
1739032544,122
1739032546,139
1739032550,130
1739032552,127
1739032556,135
1739032559,132
1739032562,124
1739032565,134
1739032565,None
1739032571,126
1739032574,132
1739032577,128
1739032580,134
1739032583,136
1739032586,129
1739032589,133
1739032593,130
1739032595,126
1739032595,None
1739032601,125
1739032604,138
1739032607,126
1739032611,127
1739032613,135
1739032616,127
1739032620,134
1739032622,129
1739032626,131
1739032629,129
1739032631,133
1739032635,128
1739032638,130
1739032641,129
1739032644,129
1739032647,129
1739032650,130
1739032653,124
1739032656,129
1739032659,128
1739032662,121
1739032665,127
1739032668,130
1739032671,123
1739032674,135
1739032677,131
1739032680,126
1739032683,127
1739032686,135
1739032690,127
1739032693,121
1739032695,135
1739032699,117
1739032702,132
1739032705,135
1739032708,123
1739032710,134
1739032714,137
1739032717,180
1739032721,222
1739032723,228
1739032727,238
1739032729,236
1739032732,225
1739032735,223
1739032738,226
1739032741,229
1739032741,None
1739032747,215
1739032750,224
1739032754,221
1739032754,None
1739032760,216
1739032762,221
1739032766,210
1739032769,211
1739032772,207
1739032775,205
1739032778,208
1739032781,198
1739032784,210
1739032787,205
1739032790,206
1739032793,205
1739032796,203
1739032799,203
1739032802,206
1739032805,206
1739032808,199
1739032811,197
1739032814,197
1739032817,194
1739032821,203
1739032824,197
1739032827,192
1739032830,202
1739032833,195
1739032836,201
1739032839,198
1739032842,192
1739032845,201
1739032848,193
1739032848,None
1739032854,193
1739032857,197
1739032860,197
1739032863,195
1739032866,205
1739032869,194
1739032873,195
1739032875,199
1739032879,195
1739032881,198
1739032885,200
1739032888,197
1739032890,197
1739032894,195
1739032896,200
1739032900,450
1739032903,450
1739032906,448
1739032909,455
1739032912,201
1739032915,198
1739032918,199
1739032921,203
1739032925,193
1739032927,204
1739032930,192
1739032933,202
1739032936,195
1739032940,192
1739032942,200
1739032945,189
1739032948,208
1739032952,454
1739032955,455
1739032958,455
1739032960,414
1739032963,200
1739032963,None
1739032970,194
1739032973,192
1739032976,189
1739032979,195
1739032982,195
1739032986,193
1739032988,197
1739032988,None
1739032994,197
1739032997,191
1739033000,198
1739033003,190
1739033006,198
1739033009,192
1739033013,194
1739033016,191
1739033019,194
1739033021,193
1739033025,194
1739033027,191
1739033031,192
1739033034,199
1739033037,192
1739033040,190
1739033043,192
1739033046,207
1739033049,206
1739033052,191
1739033055,201
1739033055,None
1739033061,203
1739033064,200
1739033067,194
1739033070,211
1739033073,208
1739033076,201
1739033080,200
1739033083,204
1739033086,201
1739033088,204
1739033092,199
1739033095,209
1739033098,198
1739033101,201
1739033104,199
1739033108,187
1739033110,203
1739033113,197
1739033116,192
1739033119,199
1739033122,191
1739033125,200
1739033128,196
1739033131,192
1739033134,197
1739033138,192
1739033140,197
1739033143,194
1739033147,193
1739033149,194
1739033153,194
1739033156,196
1739033159,198
1739033162,195
1739033165,196
1739033168,199
1739033171,192
1739033174,199
1739033174,None
1739033180,190
1739033183,191
1739033186,198
1739033189,193
1739033192,194
1739033195,195
1739033198,187
1739033202,194
1739033205,190
1739033207,198
1739033211,192
1739033213,194
1739033217,199
1739033220,195
1739033223,191
1739033226,197
1739033229,195
1739033232,193
1739033235,198
1739033238,199
1739033241,189
1739033244,196
1739033247,197
1739033250,191
1739033253,200
1739033256,194
1739033259,192
1739033262,199
1739033266,194
1739033266,None
1739033271,196
1739033274,196
1739033277,194
1739033281,194
1739033283,194
1739033287,194
1739033290,187
1739033293,195
1739033296,199
1739033299,219
1739033302,451
1739033305,446
1739033308,444
1739033308,None
1739033314,189
1739033317,199
1739033320,191
1739033323,194
1739033326,196
1739033329,189
1739033332,199
1739033336,192
1739033339,197
1739033341,198
1739033345,197
1739033348,194
1739033351,199
1739033354,196
1739033357,199
1739033360,194
1739033363,198
1739033366,195
1739033369,200
1739033372,192
1739033375,212
1739033379,448
1739033381,454
1739033384,448
1739033387,442
1739033391,193
1739033394,196
1739033397,195
1739033400,198
1739033403,199
1739033406,196
1739033409,202
1739033412,192
1739033415,207
1739033418,204
1739033421,208
1739033424,197
1739033427,206
1739033430,198
1739033430,None
1739033436,199
1739033439,206
1739033442,199
1739033445,207
1739033448,206
1739033451,206
1739033455,200
1739033457,201
1739033461,203
1739033464,207
1739033467,203
1739033470,212
1739033470,None
1739033476,207
1739033479,207
1739033482,192
1739033485,202
1739033488,193
1739033491,186
1739033491,None
1739033497,187
1739033500,189
1739033503,189
1739033506,191
1739033509,191
1739033512,190
1739033512,None
1739033519,187
1739033521,196
1739033521,None
1739033528,194
1739033531,194
1739033534,191
1739033537,195
1739033539,188
1739033543,191
1739033546,188
1739033549,190
1739033549,None
1739033549,None
1739033558,194
1739033561,183
1739033564,192
1739033567,184
1739033570,195
1739033573,185
1739033577,189
1739033579,189
1739033582,191
1739033585,192
1739033589,190
1739033591,192
1739033595,190
1739033598,192
1739033600,186
1739033603,194
1739033607,191
1739033610,185
1739033612,184
1739033616,189
1739033619,189
1739033622,191
1739033625,190
1739033628,192
1739033631,191
1739033634,189
1739033637,189
1739033640,191
1739033644,189
1739033646,192
1739033649,191
1739033652,196
1739033656,194
1739033658,197
1739033662,186
1739033665,195
1739033668,194
1739033671,184
1739033674,189
1739033677,191
1739033680,191
1739033683,187
1739033686,279
1739033686,None
1739033692,446
1739033695,440
1739033698,316
1739033701,195
1739033705,183
1739033707,188
1739033710,194
1739033713,190
1739033717,182
1739033720,189
1739033720,None
1739033726,188
1739033729,183
1739033732,185
1739033735,186
1739033737,191
1739033741,192
1739033744,188
1739033747,187
1739033750,192
1739033754,189
1739033756,180
1739033760,197
1739033763,187
1739033763,None
1739033768,191
1739033768,None
1739033774,190
1739033777,186
1739033780,191
1739033784,191
1739033787,184
1739033790,191
1739033793,340
1739033796,446
1739033799,441
1739033802,447
1739033805,189
1739033808,188
1739033811,189
1739033814,185
1739033817,188
1739033817,None
1739033823,189
1739033827,181
1739033829,193
1739033832,193
1739033836,187
1739033839,188
1739033842,190
1739033845,193
1739033848,189
1739033851,187
1739033854,188
1739033857,193
1739033860,181
1739033863,189
1739033866,192
1739033870,186
1739033872,188
1739033875,193
1739033879,187
1739033881,186
1739033884,187
1739033887,183
1739033891,191
1739033893,186
1739033896,192
1739033900,189
1739033902,183
1739033905,194
1739033909,187
1739033912,186
1739033915,191
1739033918,181
1739033921,187
1739033924,190
1739033927,186
1739033930,182
1739033933,189
1739033936,189
1739033939,182
1739033943,190
1739033945,181
1739033948,191
1739033951,181
1739033954,186
1739033957,184
1739033957,None
1739033964,186
1739033967,182
1739033970,184
1739033973,186
1739033975,186
1739033979,188
1739033982,188
1739033985,181
1739033988,184
1739033991,191
1739033994,178
1739033997,190
1739034000,186
1739034003,182
1739034006,192
1739034009,180
1739034012,193
1739034015,181
1739034019,193
1739034021,184
1739034025,186
1739034028,189
1739034031,186
1739034034,186
1739034037,189
1739034040,189
1739034043,183
1739034046,183
1739034049,300
1739034052,439
1739034055,435
1739034058,420
1739034061,190
1739034064,187
1739034067,183
1739034070,186
1739034074,187
1739034076,186
1739034079,183
1739034082,191
1739034085,181
1739034088,186
1739034091,189
1739034095,191
1739034098,186
1739034101,176
1739034104,178
1739034107,194
1739034110,185
1739034113,185
1739034116,188
1739034119,193
1739034122,187
1739034122,None
1739034129,187
1739034132,189
1739034134,186
1739034137,194
1739034140,182
1739034143,188
1739034146,184
1739034149,188
1739034152,182
1739034156,190
1739034159,185
1739034162,183
1739034165,185
1739034168,187
1739034171,182
1739034174,186
1739034177,184
1739034177,None
1739034183,182
1739034186,382
1739034189,438
1739034193,446
1739034195,439
1739034198,187
1739034201,185
1739034204,187
1739034207,182
1739034210,192
1739034213,180
1739034217,188
1739034220,183
1739034223,185
1739034226,188
1739034229,183
1739034232,181
1739034235,186
1739034238,183
1739034241,186
1739034244,189
1739034247,182
1739034250,186
1739034253,207
1739034256,212
1739034259,191
1739034262,196
1739034265,185
1739034268,188
1739034271,185
1739034274,191
1739034277,187
1739034280,193
1739034284,187
1739034286,186
1739034289,180
1739034292,193
1739034296,189
1739034299,185
1739034301,185
1739034304,186
1739034308,188
1739034311,189
1739034314,191
1739034317,182
1739034320,185
1739034323,195
1739034326,185
1739034329,181
1739034332,193
1739034335,184
1739034339,187
1739034339,None
1739034344,190
1739034348,188
1739034348,None
1739034354,185
1739034357,403
1739034360,436
1739034363,442
1739034366,327
1739034369,188
1739034372,190
1739034375,185
1739034378,190
1739034381,187
1739034384,192
1739034384,None
1739034390,190
1739034393,185
1739034396,189
1739034399,179
1739034402,190
1739034405,187
1739034409,186
1739034412,186
1739034414,188
1739034418,182
1739034421,184
1739034423,182
1739034427,187
1739034430,184
1739034433,188
1739034436,184
1739034439,186
1739034442,182
1739034445,187
1739034448,182
1739034451,186
1739034454,186
1739034457,185
1739034461,182
1739034464,190
1739034467,177
1739034469,183
1739034473,182
1739034476,183
1739034479,183
1739034482,186
1739034485,186
1739034488,189
1739034491,179
1739034494,190
1739034497,190
1739034500,181
1739034503,183
1739034506,189
1739034509,182
1739034512,183
1739034515,191
1739034518,181
1739034521,187
1739034525,181
1739034528,187
1739034531,190
1739034533,186
1739034536,181
1739034540,180
1739034543,193
1739034543,None
1739034549,179
1739034552,181
1739034555,178
1739034558,186
1739034561,181
1739034564,188
1739034564,None
1739034570,175
1739034570,None
1739034576,191
1739034579,182
1739034582,177
1739034585,183
1739034585,None
1739034585,None
1739034594,439
1739034594,None
1739034600,441
1739034603,206
1739034606,182
1739034609,176
1739034612,193
1739034615,182
1739034618,180
1739034621,189
1739034624,183
1739034627,181
1739034631,194
1739034634,191
1739034637,189
1739034640,195
1739034643,186
1739034646,201
1739034649,189
1739034652,290
1739034655,444
1739034658,445
1739034661,445
1739034664,293
1739034668,195
1739034670,196
1739034674,186
1739034676,193
1739034680,186
1739034682,186
1739034686,193
1739034689,187
1739034692,194
1739034695,191
1739034698,193
1739034701,197
1739034705,188
1739034707,195
1739034710,187
1739034713,195
1739034716,186
1739034719,196
1739034722,191
1739034726,195
1739034728,191
1739034732,189
1739034734,192
1739034738,190
1739034740,192
1739034744,196
1739034747,191
1739034750,186
1739034753,199
1739034756,191
1739034759,189
1739034762,192
1739034762,None
1739034768,192
1739034771,198
1739034774,193
1739034777,185
1739034780,198
1739034783,197
1739034786,192
1739034789,183
1739034793,192
1739034795,192
1739034799,188
1739034801,191
1739034805,187
1739034808,184
1739034811,188
1739034814,193
1739034817,193
1739034820,181
1739034823,196
1739034826,194
1739034829,190
1739034832,192
1739034835,190
1739034838,193
1739034841,194
1739034844,196
1739034847,184
1739034850,198
1739034853,191
1739034856,183
1739034859,199
1739034859,None
1739034866,195
1739034868,197
1739034872,194
1739034875,194
1739034877,194
1739034881,188
1739034884,197
1739034884,None
1739034890,204
1739034893,198
1739034893,None
1739034899,192
1739034902,203
1739034905,197
1739034908,204
1739034911,202
1739034914,198
1739034917,196
1739034920,201
1739034923,194
1739034926,193
1739034929,200
1739034933,193
1739034936,203
1739034938,198
1739034941,190
1739034941,None
1739034948,448
1739034950,440
1739034954,443
1739034957,253
1739034957,None
1739034963,180
1739034966,179
1739034969,185
1739034972,178
1739034975,186
1739034978,187
1739034981,176
1739034984,188
1739034987,190
1739034990,182
1739034993,187
1739034996,191
1739035000,190
1739035003,185
1739035005,188
1739035009,193
1739035012,184
1739035015,237
1739035018,449
1739035021,440
1739035024,433
1739035027,379
1739035030,193
1739035033,188
1739035036,190
1739035039,190
1739035042,190
1739035045,197
1739035048,184
1739035051,196
1739035054,192
1739035057,185
1739035057,None
1739035063,195
1739035067,188
1739035070,190
1739035073,199
1739035076,188
1739035079,191
1739035082,188
1739035085,194
1739035088,184
1739035091,194
1739035094,190
1739035097,188
1739035100,301
1739035103,379
1739035106,370
1739035109,372
1739035112,376
1739035116,379
1739035118,377
1739035122,374
1739035125,379
1739035127,379
1739035130,371
1739035130,None
1739035130,None
1739035140,372
1739035143,381
1739035146,376
1739035149,372
1739035152,354
1739035156,350
1739035158,357
1739035161,346
1739035164,354
1739035167,351
1739035167,None
1739035173,352
1739035177,351
1739035179,339
1739035182,355
1739035182,None
1739035188,336
1739035192,348
1739035195,344
1739035198,345
1739035201,345
1739035204,349
1739035207,348
1739035211,354
1739035213,346
1739035216,349
1739035219,339
1739035222,339
1739035225,345
1739035225,None
1739035231,341
1739035234,338
1739035237,341
1739035240,342
1739035244,338
1739035247,346
1739035250,339
1739035252,344
1739035255,334
1739035259,337
1739035261,336
1739035265,335
1739035267,332
1739035270,341
1739035274,337
1739035274,None
1739035280,338
1739035283,341
1739035286,343
1739035289,336
1739035292,344
1739035295,331
1739035298,344
1739035301,339
1739035304,336
1739035304,None
1739035310,337
1739035313,336
1739035316,344
1739035319,335
1739035323,342
1739035323,None
1739035329,345
1739035332,344
1739035335,335
1739035338,328
1739035338,None
1739035344,345
1739035347,352
1739035350,342
1739035350,None
1739035356,352
1739035359,351
1739035362,550
1739035366,547
1739035369,551
1739035372,388
1739035375,291
1739035378,285
1739035381,298
1739035383,292
1739035387,299
1739035390,296
1739035393,291
1739035396,296
1739035396,None
1739035402,545
1739035405,547
1739035408,546
1739035411,370
1739035414,295
1739035418,298
1739035423,282
1739035423,None
1739035427,294
1739035430,287
1739035433,290
1739035433,None
1739035433,None
1739035443,288
1739035445,293
1739035449,286
1739035452,296
1739035455,294
1739035455,None
1739035461,292
1739035464,292
1739035466,293
1739035470,293
1739035473,289
1739035476,295
1739035479,296
1739035482,290
1739035485,291
1739035488,295
1739035491,291
1739035494,283
1739035494,None
1739035501,291
1739035504,293
1739035506,290
1739035510,295
1739035513,289
1739035516,286
1739035519,297
1739035521,298
1739035525,285
1739035528,295
1739035531,282
1739035534,302
1739035537,286
1739035540,289
1739035540,None
1739035546,286
1739035549,285
1739035552,284
1739035555,290
1739035558,291
1739035561,284
1739035565,291
1739035568,294
1739035570,295
1739035574,286
1739035577,287
1739035580,292
1739035583,296
1739035586,289
1739035589,289
1739035592,291
1739035596,293
1739035598,296
1739035601,290
1739035604,296
1739035608,292
1739035610,300
1739035614,293
1739035616,289
1739035616,None
1739035622,290
1739035625,300
1739035629,294
1739035632,287
1739035635,300
1739035638,292
1739035640,291
1739035643,281
1739035647,302
1739035650,293
1739035653,287
1739035656,287
1739035659,281
1739035662,293
1739035665,291
1739035668,289
1739035671,292
1739035675,288
1739035677,284
1739035680,291
1739035683,285
1739035686,282
1739035689,289
1739035693,288
1739035695,294
1739035699,287
1739035702,284
1739035705,296
1739035707,288
1739035710,290
1739035714,290
1739035717,289
1739035720,288
1739035723,289
1739035726,287
1739035729,292
1739035732,297
1739035735,522
1739035738,558
1739035741,557
1739035744,553
1739035744,None
1739035750,293
1739035754,299
1739035756,301
1739035759,294
1739035759,None
1739035765,297
1739035768,298
1739035771,287
1739035775,292
1739035777,284
1739035781,302
1739035784,279
1739035787,286
1739035790,424
1739035793,555
1739035796,553
1739035799,542
1739035802,291
1739035805,292
1739035808,278
1739035811,290
1739035814,280
1739035817,289
1739035820,281
1739035823,280
1739035826,288
1739035829,289
1739035832,284
1739035836,274
1739035839,285
1739035842,272
1739035845,283
1739035845,None
1739035851,281
1739035854,285
1739035854,None
1739035860,290
1739035864,286
1739035866,280
1739035870,290
1739035872,282
1739035875,284
1739035878,283
1739035882,285
1739035884,280
1739035888,290
1739035888,None
1739035894,293
1739035897,282
1739035900,276
1739035903,290
1739035906,286
1739035909,282
1739035912,282
1739035915,293
1739035918,291
1739035921,285
1739035924,289
1739035927,288
1739035930,284
1739035933,278
1739035937,289
1739035939,278
1739035942,276
1739035946,290
1739035948,290
1739035951,282
1739035951,None
1739035958,287
1739035960,277
1739035963,284
1739035967,284
1739035970,281
1739035973,278
1739035976,291
1739035979,281
1739035982,276
1739035985,290
1739035988,279
1739035991,283
1739035994,281
1739035997,278
1739036000,280
1739036003,275
1739036006,271
1739036009,276
1739036013,280
1739036015,287
1739036019,279
1739036022,276
1739036025,282
1739036028,284
1739036031,284
1739036034,288
1739036037,290
1739036040,280
1739036043,280
1739036046,283
1739036046,None
1739036052,285
1739036055,278
1739036058,279
1739036061,286
1739036064,283
1739036064,None
1739036070,283
1739036073,273
1739036077,286
1739036079,285
1739036082,283
1739036085,280
1739036085,None
1739036085,None
1739036095,288
1739036098,281
1739036098,None
1739036104,290
1739036107,285
1739036110,283
1739036113,284
1739036116,286
1739036119,287
1739036122,288
1739036125,282
1739036129,285
1739036129,None
1739036134,276
1739036137,283
1739036140,493
1739036143,543
1739036146,546
1739036149,545
1739036152,310
1739036156,281
1739036158,287
1739036158,None
1739036165,285
1739036168,294
1739036171,474
1739036174,544
1739036177,563
1739036180,622
1739036182,420
1739036186,390
1739036189,388
1739036192,379
1739036192,None
1739036198,369
1739036201,378
1739036204,374
1739036207,367
1739036210,371
1739036213,367
1739036216,373
1739036219,370
1739036222,358
1739036222,None
1739036229,359
1739036231,357
1739036234,359
1739036238,355
1739036241,354
1739036244,323
1739036247,197
1739036250,196
1739036253,199
1739036256,195
1739036256,None
1739036262,192
1739036265,199
1739036268,192
1739036271,192
1739036274,191
1739036277,196
1739036280,192
1739036283,200
1739036286,201
1739036289,187
1739036293,195
1739036295,193
1739036298,189
1739036301,189
1739036305,200
1739036308,193
1739036311,198
1739036314,196
1739036317,196
1739036320,189
1739036320,None
1739036326,189
1739036329,182
1739036332,191
1739036335,190
1739036339,197
1739036341,197
1739036344,197
1739036348,199
1739036350,193
1739036353,190
1739036357,199
1739036360,192
1739036362,194
1739036365,199
1739036369,201
1739036372,191
1739036375,196
1739036378,193
1739036381,188
1739036384,208
1739036384,None
1739036390,192
1739036393,199
1739036396,192
1739036399,196
1739036402,200
1739036405,198
1739036405,None
1739036411,191
1739036414,199
1739036418,194
1739036420,192
1739036423,193
1739036427,189
1739036429,196
1739036429,None
1739036436,192
1739036439,194
1739036442,199
1739036445,195
1739036448,191
1739036451,188
1739036451,None
1739036457,195
1739036460,198
1739036463,194
1739036466,185
1739036469,198
1739036473,197
1739036475,190
1739036479,194
1739036482,188
1739036485,191
1739036488,190
1739036491,193
1739036494,191
1739036497,188
1739036501,192
1739036503,200
1739036506,194
1739036509,196
1739036512,450
1739036515,448
1739036515,None
1739036521,453
1739036524,194
1739036527,192
1739036530,189
1739036533,190
1739036537,200
1739036540,185
1739036542,191
1739036546,187
1739036546,None
1739036552,196
1739036555,193
1739036558,195
1739036561,190
1739036564,190
1739036567,197
1739036570,194
1739036573,198
1739036573,None
1739036579,188
1739036582,198
1739036582,None
1739036588,196
1739036591,194
1739036594,195
1739036598,456
1739036600,460
1739036603,454
1739036606,370
1739036609,193
1739036612,193
1739036612,None
1739036619,198
1739036622,196
1739036625,187
1739036628,198
1739036631,192
1739036634,198
1739036637,184
1739036640,194
1739036643,190
1739036646,191
1739036649,194
1739036652,191
1739036655,188
1739036658,192
1739036661,194
1739036664,187
1739036667,199
1739036667,None
1739036673,183
1739036677,196
1739036679,192
1739036682,189
1739036686,187
1739036689,193
1739036692,192
1739036694,185
1739036698,196
1739036701,187
1739036704,198
1739036707,186
1739036710,197
1739036713,190
1739036716,191
1739036719,195
1739036719,None
1739036725,196
1739036729,192
1739036731,196
1739036734,195
1739036738,193
1739036741,194
1739036744,196
1739036747,187
1739036749,198
1739036753,196
1739036756,184
1739036756,None
1739036762,188
1739036765,195
1739036768,196
1739036771,194
1739036774,194
1739036777,190
1739036780,197
1739036784,185
1739036786,189
1739036790,191
1739036792,181
1739036795,198
1739036798,186
1739036801,192
1739036804,192
1739036807,199
1739036810,195
1739036814,196
1739036817,194
1739036820,188
1739036823,193
1739036826,198
1739036826,None
1739036832,189
1739036835,195
1739036838,197
1739036841,187
1739036844,191
1739036847,193
1739036850,195
1739036853,186
1739036857,194
1739036859,192
1739036863,193
1739036865,190
1739036868,181
1739036871,195
1739036874,189
1739036878,197
1739036881,193
1739036883,195
1739036887,184
1739036889,195
1739036893,191
1739036896,196
1739036898,192
1739036902,187
1739036905,424
1739036908,450
1739036911,453
1739036914,387
1739036918,192
1739036920,195
1739036920,None
1739036926,189
1739036929,194
1739036932,189
1739036935,191
1739036938,194
1739036942,191
1739036944,194
1739036947,197
1739036951,198
1739036953,195
1739036957,197
1739036960,198
1739036963,191
1739036965,192
1739036969,197
1739036972,190
1739036975,192
1739036978,246
1739036981,452
1739036985,459
1739036987,459
1739036990,309
1739036993,192
1739036996,181
1739036999,189
1739037002,181
1739037005,192
1739037008,188
1739037012,187
1739037015,189
1739037017,194
1739037021,192
1739037024,193
1739037027,194
1739037030,194
1739037033,187
1739037036,194
1739037039,194
1739037042,191
1739037045,200
1739037048,190
1739037051,191
1739037054,188
1739037057,191
1739037060,195
1739037063,197
1739037066,191
1739037069,191
1739037073,197
1739037076,196
1739037079,186
1739037082,192
1739037085,190
1739037088,193
1739037091,194
1739037091,None
1739037097,198
1739037100,185
1739037103,193
1739037106,198
1739037109,185
1739037112,191
1739037115,192
1739037118,193
1739037121,191
1739037124,201
1739037127,192
1739037130,191
1739037130,None
1739037136,188
1739037140,189
1739037143,192
1739037146,190
1739037149,192
1739037149,None
1739037155,189
1739037158,184
1739037161,191
1739037164,190
1739037167,189
1739037170,189
1739037173,185
1739037176,191
1739037179,187
1739037182,189
1739037185,196
1739037189,187
1739037191,196
1739037194,185
1739037197,196
1739037200,187
1739037203,190
1739037207,189
1739037210,188
1739037212,187
1739037216,193
1739037219,184
1739037223,185
1739037225,191
1739037228,185
1739037231,189
1739037234,195
1739037237,187
1739037240,187
1739037243,189
1739037246,189
1739037249,178
1739037252,186
1739037255,190
1739037258,182
1739037261,296
1739037264,450
1739037267,440
1739037270,450
1739037274,440
1739037277,195
1739037280,186
1739037283,182
1739037286,184
1739037286,None
1739037292,188
1739037295,187
1739037298,180
1739037301,187
1739037304,178
1739037307,192
1739037311,192
1739037313,186
1739037317,190
1739037319,187
1739037319,None
1739037326,185
1739037328,190
1739037332,192
1739037332,None
1739037332,None
1739037341,184
1739037344,190
1739037347,183
1739037350,195
1739037353,196
1739037353,None
1739037353,None
1739037362,184
1739037366,190
1739037368,191
1739037371,190
1739037374,185
1739037377,190
1739037381,179
1739037384,195
1739037387,186
1739037390,190
1739037390,None
1739037390,None
1739037399,183
1739037402,188
1739037405,184
1739037408,353
1739037411,445
1739037414,447
1739037417,449
1739037421,225
1739037423,195
1739037426,182
1739037429,186
1739037433,181
1739037436,188
1739037438,179
1739037441,185
1739037445,192
1739037447,183
1739037451,192
1739037451,None
1739037457,172
1739037460,173
1739037464,178
1739037467,174
1739037469,171
1739037472,179
1739037475,175
1739037479,172
1739037481,165
1739037481,None
1739037488,174
1739037490,169
1739037490,None
1739037497,178
1739037500,174
1739037503,166
1739037503,None
1739037509,178
1739037509,None
1739037515,168
1739037515,None
1739037521,175
1739037524,170
1739037527,175
1739037530,175
1739037533,174
1739037536,178
1739037540,174
1739037542,167
1739037545,172
1739037548,175
1739037551,173
1739037554,171
1739037558,180
1739037561,174
1739037564,173
1739037567,178
1739037570,177
1739037573,173
1739037576,170
1739037579,180
1739037582,174
1739037585,171
1739037585,None
1739037591,181
1739037594,178
1739037594,None
1739037600,182
1739037603,185
1739037603,None
1739037610,193
1739037612,183
1739037615,181
1739037618,189
1739037622,193
1739037625,188
1739037628,190
1739037631,195
1739037634,188
1739037637,194
1739037640,192
1739037643,182
1739037643,None
1739037649,196
1739037649,None
1739037655,194
1739037658,187
1739037658,None
1739037664,185
1739037668,177
1739037670,185
1739037670,None
1739037677,197
1739037680,184
1739037683,187
1739037685,180
1739037689,184
1739037692,187
1739037695,189
1739037698,440
1739037701,436
1739037704,437
1739037707,438
1739037707,None
1739037713,230
1739037716,186
1739037719,184
1739037722,175
1739037726,180
1739037729,176
1739037731,181
1739037735,177
1739037737,183
1739037740,183
1739037740,None
1739037747,184
1739037750,182
1739037753,180
1739037756,184
1739037759,171
1739037762,189
1739037762,None
1739037768,182
1739037771,180
1739037774,182
1739037777,186
1739037780,186
1739037783,180
1739037786,182
1739037789,182
1739037793,182
1739037795,189
1739037799,182
1739037802,180
1739037805,185
1739037808,180
1739037811,181
1739037814,185
1739037816,181
1739037820,184
1739037823,178
1739037826,191
1739037829,182
1739037832,174
1739037835,195
1739037838,181
1739037841,188
1739037844,183
1739037847,183
1739037847,None
1739037853,187
1739037856,188
1739037859,342
1739037859,None
1739037865,443
1739037868,438
1739037871,193
1739037874,186
1739037878,178
1739037881,187
1739037884,186
1739037886,181
1739037890,183
1739037893,184
1739037896,183
1739037899,182
1739037902,186
1739037905,187
1739037908,185
1739037911,178
1739037914,185
1739037918,187
1739037920,189
1739037924,194
1739037926,189
1739037930,190
1739037933,187
1739037935,187
1739037935,None
1739037942,187
1739037945,194
1739037947,191
1739037950,190
1739037954,192
1739037956,183
1739037960,195
1739037963,191
1739037966,192
1739037969,196
1739037972,187
1739037975,183
1739037978,186
1739037981,187
1739037984,181
1739037987,174
1739037990,185
1739037993,182
1739037996,175
1739037999,190
1739038003,184
1739038005,173
1739038008,182
1739038012,184
1739038014,176
1739038017,177
1739038021,183
1739038024,186
1739038027,196
1739038030,185
1739038033,334
1739038036,348
1739038039,337
1739038043,355
1739038045,352
1739038048,341
1739038051,349
1739038054,353
1739038054,None
1739038060,351
1739038063,343
1739038066,349
1739038070,355
1739038072,348
1739038076,346
1739038076,None
1739038082,347
1739038085,348
1739038088,350
1739038091,350
1739038094,343
1739038097,350
1739038100,351
1739038103,339
1739038106,353
1739038109,348
1739038112,339
1739038115,350
1739038118,344
1739038121,345
1739038124,341
1739038127,351
1739038130,345
1739038133,339
1739038136,355
1739038139,345
1739038142,339
1739038145,348
1739038148,349
1739038152,345
1739038154,340
1739038158,345
1739038160,349
1739038164,543
1739038167,598
1739038170,612
1739038170,None
1739038170,None
1739038179,352
1739038182,343
1739038185,348
1739038188,351
1739038191,353
1739038194,344
1739038198,346
1739038198,None
1739038204,340
1739038207,354
1739038210,346
1739038213,347
1739038216,348
1739038219,347
1739038222,346
1739038225,350
1739038228,346
1739038231,347
1739038234,339
1739038237,350
1739038240,343
1739038243,350
1739038246,346
1739038249,344
1739038252,344
1739038256,345
1739038258,354
1739038261,340
1739038265,547
1739038267,600
1739038271,612
1739038274,603
1739038277,483
1739038280,346
1739038283,347
1739038286,347
1739038286,None
1739038292,343
1739038295,350
1739038298,344
1739038301,339
1739038304,350
1739038307,342
1739038310,355
1739038314,347
1739038316,344
1739038320,347
1739038322,348
1739038325,350
1739038329,350
1739038332,350
1739038335,340
1739038338,352
1739038341,348
1739038344,338
1739038347,349
1739038351,348
1739038353,351
1739038356,349
1739038359,347
1739038362,345
1739038365,348
1739038368,349
1739038371,343
1739038374,348
1739038377,342
1739038380,349
1739038384,344
1739038387,351
1739038390,346
1739038393,345
1739038396,346
1739038399,348
1739038402,347
1739038405,348
1739038408,342
1739038411,349
1739038414,341
1739038417,353
1739038420,348
1739038423,343
1739038426,348
1739038429,347
1739038432,352
1739038435,343
1739038438,347
1739038441,349
1739038445,342
1739038447,340
1739038450,351
1739038454,340
1739038457,353
1739038459,344
1739038463,349
1739038466,347
1739038469,341
1739038472,344
1739038476,346
1739038478,342
1739038481,339
1739038485,351
1739038487,339
1739038490,354
1739038493,348
1739038496,343
1739038499,352
1739038502,342
1739038505,349
1739038508,345
1739038512,347
1739038514,348
1739038518,345
1739038521,346
1739038524,343
1739038527,347
1739038530,350
1739038533,343
1739038537,352
1739038539,344
1739038542,348
1739038545,346
1739038548,346
1739038551,350
1739038554,344
1739038558,339
1739038561,338
1739038564,344
1739038567,337
1739038570,331
1739038573,345
1739038576,335
1739038579,339
1739038582,345
1739038585,332
1739038588,335
1739038591,338
1739038594,341
1739038597,333
1739038597,None
1739038603,337
1739038607,330
1739038609,342
1739038613,336
1739038613,None
1739038619,601
1739038622,596
1739038625,597
1739038628,567
1739038631,337
1739038634,340
1739038637,337
1739038640,325
1739038643,342
1739038646,342
1739038649,343
1739038652,347
1739038655,354
1739038655,None
1739038661,348
1739038664,316
1739038664,None
1739038670,290
1739038674,293
1739038677,287
1739038680,298
1739038683,292
1739038686,287
1739038689,294
1739038692,297
1739038695,289
1739038699,296
1739038701,290
1739038704,289
1739038707,291
1739038707,None
1739038713,288
1739038716,297
1739038720,294
1739038722,290
1739038725,294
1739038729,293
1739038732,286
1739038735,286
1739038738,291
1739038741,284
1739038743,284
1739038747,448
1739038750,550
1739038753,555
1739038756,548
1739038756,None
1739038762,298
1739038765,292
1739038768,284
1739038772,293
1739038775,287
1739038777,284
1739038780,286
1739038784,287
1739038786,284
1739038789,284
1739038792,290
1739038796,290
1739038799,287
1739038799,None
1739038805,299
1739038808,290
1739038810,285
1739038814,290
1739038817,294
1739038820,289
1739038823,288
1739038826,291
1739038829,291
1739038829,None
1739038835,293
1739038838,284
1739038842,292
1739038845,293
1739038847,288
1739038851,289
1739038851,None
1739038857,285
1739038860,286
1739038863,293
1739038866,289
1739038866,None
1739038872,290
1739038875,294
1739038878,284
1739038881,286
1739038885,292
1739038885,None
1739038891,289
1739038894,290
1739038896,287
1739038900,283
1739038903,275
1739038906,277
1739038908,281
1739038912,278
1739038915,281
1739038918,278
1739038921,276
1739038924,283
1739038927,276
1739038930,284
1739038934,280
1739038936,276
1739038939,282
1739038943,274
1739038945,275
1739038949,283
1739038952,277
1739038955,281
1739038958,279
1739038961,275
1739038964,282
1739038967,279
1739038970,277
1739038973,282
1739038976,277
1739038979,274
1739038982,284
1739038986,279
1739038988,275
1739038992,283
1739038995,278
1739038998,277
1739039001,316
1739039003,541
1739039007,537
1739039010,532
1739039013,543
1739039016,408
1739039019,276
1739039023,284
1739039025,280
1739039028,276
1739039031,284
1739039034,278
1739039037,283
1739039040,277
1739039043,284
1739039046,280
1739039049,280
1739039052,275
1739039056,281
1739039058,277
1739039062,282
1739039064,277
1739039067,285
1739039071,279
1739039074,282
1739039077,281
1739039080,285
1739039083,278
1739039086,288
1739039089,279
1739039089,None
1739039095,285
1739039098,289
1739039101,292
1739039104,289
1739039107,295
1739039110,288
1739039113,297
1739039116,291
1739039119,289
1739039119,None
1739039125,291
1739039128,294
1739039132,291
1739039134,291
1739039138,288
1739039141,303
1739039144,291
1739039147,292
1739039150,308
1739039153,299
1739039156,298
1739039159,298
1739039162,299
1739039165,303
1739039168,295
1739039172,308
1739039174,297
1739039177,292
1739039180,302
1739039183,303
1739039186,295
1739039186,None
1739039193,289
1739039193,None
1739039198,552
1739039201,549
1739039205,560
1739039208,503
1739039208,None
1739039214,283
1739039217,278
1739039220,282
1739039223,195
1739039226,125
1739039229,120
1739039232,119
1739039235,123
1739039239,115
1739039241,127
1739039244,124
1739039248,122
1739039250,120
1739039253,122
1739039256,124
1739039259,122
1739039262,123
1739039262,None
1739039269,129
1739039272,124
1739039274,129
1739039278,117
1739039281,126
1739039284,123
1739039287,125
1739039290,124
1739039293,124
1739039296,124
1739039299,123
1739039302,126
1739039305,125
1739039308,119
1739039312,127
1739039314,120
1739039317,123
1739039320,122
1739039323,122
1739039323,None
1739039330,120
1739039332,129
1739039332,None
1739039339,113
1739039341,131
1739039345,119
1739039348,116
1739039351,124
1739039354,120
1739039357,122
1739039360,122
1739039363,119
1739039366,126
1739039369,119
1739039369,None
1739039375,119
1739039378,123
1739039381,120
1739039385,120
1739039388,118
1739039388,None
1739039393,122
1739039396,123
1739039400,124
1739039403,119
1739039405,125
1739039409,116
1739039412,120
1739039415,124
1739039418,126
1739039421,113
1739039424,123
1739039427,126
1739039430,115
1739039430,None
1739039436,129
1739039439,119
1739039442,121
1739039442,None
1739039448,126
1739039451,125
1739039454,127
1739039457,113
1739039460,144
1739039463,391
1739039467,382
1739039470,374
1739039473,375
1739039473,None
1739039479,124
1739039482,116
1739039485,125
1739039488,115
1739039491,119
1739039494,142
1739039497,137
1739039500,128
1739039503,185
1739039506,240
1739039509,233
1739039512,244
1739039515,220
1739039518,226
1739039522,225
1739039522,None
1739039522,None
1739039530,206
1739039534,217
1739039537,204
1739039539,209
1739039542,209
1739039542,None
1739039549,192
1739039552,198
1739039555,193
1739039558,198
1739039561,191
1739039564,200
1739039567,187
1739039570,199
1739039573,188
1739039576,194
1739039579,191
1739039579,None
1739039585,189
1739039588,193
1739039591,185
1739039594,193
1739039598,193
1739039601,185
1739039604,194
1739039607,195
1739039610,437
1739039613,449
1739039616,455
1739039619,313
1739039622,194
1739039625,184
1739039629,191
1739039631,193
1739039631,None
1739039638,188
1739039641,192
1739039643,186
1739039647,185
1739039650,192
1739039653,194
1739039656,187
1739039659,190
1739039662,188
1739039665,179
1739039665,None
1739039672,188
1739039674,180
1739039674,None
1739039680,190
1739039683,189
1739039686,190
1739039689,189
1739039692,186
1739039696,186
1739039698,194
1739039698,None
1739039698,None
1739039708,190
1739039711,184
1739039713,191
1739039717,190
1739039720,194
1739039723,182
1739039726,192
1739039729,188
1739039732,189
1739039735,191
1739039738,191
1739039741,194
1739039741,None
1739039741,None
1739039750,192
1739039753,185
1739039756,192
1739039759,186
1739039762,185
1739039766,191
1739039768,189
1739039771,191
1739039774,186
1739039778,193
1739039781,188
1739039784,188
1739039787,189
1739039790,189
1739039793,191
1739039796,192
1739039796,None
1739039802,187
1739039805,189
1739039808,184
1739039811,191
1739039814,185
1739039814,None
1739039820,187
1739039824,190
1739039826,187
1739039830,187
1739039830,None
1739039830,None
1739039830,None
1739039842,186
1739039844,194
1739039848,183
1739039851,192
1739039854,190
1739039857,190
1739039860,191
1739039863,189
1739039866,191
1739039869,189
1739039872,194
1739039876,181
1739039878,189
1739039881,194
1739039884,401
1739039887,448
1739039890,450
1739039894,434
1739039894,None
1739039900,189
1739039900,None
1739039906,189
1739039909,194
1739039912,180
1739039915,185
1739039918,196
1739039921,190
1739039924,190
1739039928,177
1739039931,192
1739039933,196
1739039937,188
1739039939,186
1739039943,187
1739039945,186
1739039949,186
1739039951,195
1739039955,189
1739039958,178
1739039961,194
1739039963,191
1739039967,186
1739039970,187
1739039973,187
1739039976,186
1739039976,None
1739039982,183
1739039985,186
1739039988,318
1739039991,452
1739039994,457
1739039997,460
1739040000,187
1739040003,192
1739040006,194
1739040009,188
1739040009,None
1739040016,187
1739040018,193
1739040021,186
1739040025,189
1739040027,192
1739040030,182
1739040034,196
1739040037,188
1739040040,195
1739040043,193
1739040046,187
1739040048,191
1739040052,184
1739040055,188
1739040058,185
1739040061,185
1739040064,187
1739040067,187
1739040070,192
1739040073,184
1739040077,196
1739040079,185
1739040082,187
1739040082,None
1739040089,183
1739040092,189
1739040094,183
1739040098,191
1739040101,194
1739040104,189
1739040107,176
1739040110,194
1739040113,195
1739040116,191
1739040119,182
1739040122,189
1739040125,187
1739040128,194
1739040131,185
1739040134,191
1739040137,191
1739040140,184
1739040144,180
1739040146,198
1739040150,192
1739040152,186
1739040156,180
1739040159,191
1739040162,189
1739040165,191
1739040168,186
1739040171,189
1739040174,191
1739040177,184
1739040180,192
1739040183,185
1739040186,184
1739040186,None
1739040192,182
1739040195,194
1739040198,187
1739040201,187
1739040201,None
1739040207,190
1739040210,185
1739040213,187
1739040216,186
1739040219,184
1739040222,192
1739040225,179
1739040228,195
1739040231,185
1739040235,192
1739040238,189
1739040240,186
1739040244,184
1739040247,185
1739040250,187
1739040253,186
1739040256,181
1739040259,191
1739040262,184
1739040265,191
1739040268,186
1739040271,186
1739040274,191
1739040277,186
1739040280,191
1739040283,191
1739040286,183
1739040289,190
1739040292,181
1739040295,383
1739040298,442
1739040298,None
1739040305,445
1739040308,444
1739040311,226
1739040314,183
1739040314,None
1739040320,182
1739040323,190
1739040326,184
1739040326,None
1739040332,190
1739040335,182
1739040335,None
1739040341,185
1739040345,188
1739040347,183
1739040350,187
1739040350,None
1739040357,180
1739040360,192
1739040363,191
1739040367,406
1739040368,452
1739040372,452
1739040375,455
1739040378,272
1739040381,194
1739040384,193
1739040387,179
1739040390,197
1739040393,186
1739040396,186
1739040399,191
1739040402,185
1739040405,182
1739040408,185
1739040408,None
1739040408,None
1739040408,None
1739040421,179
1739040424,191
1739040427,186
1739040430,183
1739040433,184
1739040436,182
1739040439,183
1739040443,180
1739040445,191
1739040448,182
1739040451,182
1739040454,190
1739040457,186
1739040460,183
1739040463,187
1739040466,186
1739040469,179
1739040469,None
1739040475,190
1739040475,None
1739040481,187
1739040485,183
1739040489,183
1739040491,187
1739040493,183
1739040497,189
1739040500,181
1739040503,183
1739040506,189
1739040509,185
1739040512,181
1739040515,185
1739040518,186
1739040521,172
1739040524,181
1739040528,182
1739040530,182
1739040530,None
1739040537,179
1739040539,185
1739040542,183
1739040546,189
1739040549,176
1739040552,187
1739040555,176
1739040559,184
1739040561,178
1739040564,186
1739040567,183
1739040570,183
1739040573,183
1739040576,178
1739040576,None
1739040582,179
1739040586,179
1739040588,185
1739040588,None
1739040595,190
1739040598,178
1739040600,178
1739040603,181
1739040607,181
1739040610,188
1739040613,180
1739040616,180
1739040619,186
1739040622,183
1739040625,173
1739040629,190
1739040629,None
1739040634,179
1739040637,184
1739040640,182
1739040643,181
1739040646,180
1739040649,184
1739040652,184
1739040655,189
1739040658,183
1739040662,184
1739040664,189
1739040667,181
1739040667,None
1739040674,185
1739040677,178
1739040680,182
1739040683,186
1739040686,181
1739040689,181
1739040692,186
1739040695,183
1739040698,187
1739040701,177
1739040704,170
1739040707,186
1739040710,183
1739040713,181
1739040716,183
1739040719,180
1739040722,178
1739040726,184
1739040729,180
1739040729,None
1739040735,178
1739040738,174
1739040740,181
1739040744,189
1739040747,185
1739040750,177
1739040753,183
1739040756,183
1739040759,179
1739040762,183
1739040762,None
1739040768,182
1739040771,180
1739040774,183
1739040778,185
1739040780,418
1739040783,440
1739040787,428
1739040789,440
1739040793,383
1739040795,187
1739040799,180
1739040802,181
1739040805,186
1739040808,347
1739040811,443
1739040814,434
1739040817,442
1739040820,208
1739040823,186
1739040826,172
1739040829,182
1739040832,180
1739040835,186
1739040838,182
1739040841,184
1739040844,177
1739040848,185
1739040850,183
1739040854,183
1739040857,189
1739040860,175
1739040863,187
1739040866,184
1739040869,177
1739040869,None
1739040869,None
1739040878,183
1739040881,178
1739040884,187
1739040888,182
1739040890,179
1739040893,186
1739040896,172
1739040899,190
1739040903,176
1739040905,180
1739040908,180
1739040912,180
1739040912,None
1739040918,178
1739040921,183
1739040924,176
1739040927,184
1739040930,175
1739040933,184
1739040936,176
1739040936,None
1739040942,182
1739040945,179
1739040945,None
1739040951,185
1739040954,173
1739040957,186
1739040961,184
1739040963,181
1739040966,177
1739040969,186
1739040969,None
1739040976,180
1739040979,181
1739040982,175
1739040984,176
1739040984,None
1739040991,176
1739040994,175
1739040997,181
1739041000,178
1739041003,177
1739041006,174
1739041009,268
1739041012,334
1739041015,323
1739041018,329
1739041021,331
1739041024,322
1739041027,332
1739041030,326
1739041033,320
1739041036,330
1739041040,323
1739041042,328
1739041045,325
1739041049,329
1739041051,333
1739041055,323
1739041055,None
1739041061,337
1739041064,327
1739041067,326
1739041070,332
1739041070,None
1739041076,327
1739041079,332
1739041082,328
1739041082,None
1739041088,325
1739041088,None
1739041088,None
1739041097,324
1739041101,334
1739041104,327
1739041104,None
1739041110,335
1739041113,330
1739041116,334
1739041119,330
1739041122,329
1739041125,332
1739041128,334
1739041131,330
1739041134,340
1739041137,328
1739041140,334
1739041143,332
1739041146,332
1739041150,330
1739041152,331
1739041155,335
1739041158,328
1739041161,338
1739041164,333
1739041168,332
1739041170,335
1739041174,329
1739041177,331
1739041180,333
1739041183,332
1739041186,329
1739041189,334
1739041192,325
1739041195,329
1739041198,336
1739041201,326
1739041204,337
1739041207,327
1739041207,None
1739041213,333
1739041216,331
1739041219,327
1739041219,None
1739041225,590
1739041229,697
1739041232,841
1739041235,717
1739041235,None
1739041241,423
1739041244,338
1739041244,None
1739041250,329
1739041253,332
1739041256,334
1739041259,328
1739041262,336
1739041265,327
1739041268,326
1739041271,338
1739041271,None
1739041277,329
1739041280,327
1739041283,335
1739041286,338
1739041290,331
1739041292,336
1739041295,332
1739041299,336
1739041302,331
1739041305,327
1739041308,336
1739041308,None
1739041314,333
1739041317,333
1739041320,327
1739041323,329
1739041326,334
1739041329,335
1739041332,329
1739041335,332
1739041338,336
1739041341,323
1739041344,330
1739041347,332
1739041350,325
1739041353,335
1739041356,329
1739041359,332
1739041359,None
1739041365,327
1739041369,337
1739041372,331
1739041375,326
1739041378,329
1739041381,331
1739041384,325
1739041387,327
1739041390,343
1739041393,333
1739041396,339
1739041399,338
1739041403,328
1739041406,349
1739041408,341
1739041411,334
1739041415,336
1739041415,None
1739041420,338
1739041424,341
1739041426,335
1739041430,343
1739041432,340
1739041436,337
1739041439,333
1739041442,340
1739041445,341
1739041448,332
1739041451,343
1739041455,338
1739041457,336
1739041460,336
1739041463,341
1739041466,337
1739041469,342
1739041472,337
1739041475,339
1739041478,342
1739041481,343
1739041484,340
1739041488,340
1739041491,335
1739041494,333
1739041496,345
1739041500,338
1739041503,337
1739041506,337
1739041509,336
1739041512,335
1739041512,None
1739041518,338
1739041522,342
1739041524,334
1739041527,343
1739041531,346
1739041534,335
1739041537,347
1739041539,336
1739041543,348
1739041546,345
1739041549,341
1739041551,343
1739041555,343
1739041558,345
1739041561,346
1739041564,346
1739041567,345
1739041570,343
1739041573,349
1739041576,341
1739041579,348
1739041582,341
1739041586,345
1739041588,342
1739041591,347
1739041594,344
1739041597,348
1739041597,None
1739041603,348
1739041607,350
1739041610,343
1739041613,351
1739041615,585
1739041619,601
1739041622,590
1739041622,None
1739041628,344
1739041631,349
1739041634,345
1739041637,344
1739041640,463
1739041644,602
1739041646,599
1739041649,598
1739041653,436
1739041656,341
1739041658,348
1739041661,341
1739041665,349
1739041668,341
1739041670,341
1739041674,346
1739041676,344
1739041680,342
1739041683,345
1739041686,349
1739041689,334
1739041692,343
1739041695,346
1739041699,336
1739041701,347
1739041704,346
1739041704,None
1739041710,343
1739041713,342
1739041716,341
1739041719,347
1739041722,338
1739041725,342
1739041725,None
1739041731,343
1739041734,342
1739041738,351
1739041741,343
1739041744,340
1739041747,340
1739041750,345
1739041750,None
1739041756,347
1739041760,334
1739041762,336
1739041765,357
1739041768,345
1739041771,344
1739041774,339
1739041778,347
1739041780,343
1739041783,346
1739041786,342
1739041789,342
1739041793,347
1739041795,343
1739041799,344
1739041801,346
1739041805,342
1739041807,345
1739041810,346
1739041813,343
1739041816,344
1739041820,344
1739041822,344
1739041826,344
1739041829,348
1739041829,None
1739041835,345
1739041838,344
1739041841,345
1739041844,345
1739041847,342
1739041850,349
1739041853,348
1739041856,340
1739041859,348
1739041863,341
1739041865,339
1739041868,349
1739041872,343
1739041874,345
1739041877,349
1739041881,348
1739041884,350
1739041887,340
1739041889,342
1739041893,352
1739041893,None
1739041899,281
1739041902,287
1739041905,282
1739041908,282
1739041908,None
1739041914,287
1739041917,282
1739041920,287
1739041923,283
1739041926,281
1739041930,288
1739041932,279
1739041936,288
1739041938,274
1739041941,286
1739041945,283
1739041947,281
1739041950,286
1739041953,286
1739041957,302
1739041960,537
1739041963,527
1739041967,536
1739041969,538
1739041972,346
1739041975,288
1739041978,282
1739041981,284
1739041984,286
1739041987,284
1739041990,282
1739041993,284
1739041996,281
1739042000,283
1739042002,289
1739042006,279
1739042008,293
1739042012,282
1739042015,286
1739042018,284
1739042021,281
1739042024,287
1739042027,286
1739042030,279
1739042033,290
1739042036,282
1739042040,286
1739042042,286
1739042045,283
1739042048,288
1739042051,286
1739042054,288
1739042058,288
1739042060,281
1739042063,289
1739042066,284
1739042069,286
1739042073,288
1739042076,461
1739042079,546
1739042082,536
1739042085,532
1739042088,388
1739042091,289
1739042091,None
1739042097,288
1739042100,281
1739042103,281
1739042106,289
1739042109,279
1739042112,286
1739042116,284
1739042118,279
1739042121,286
1739042125,284
1739042127,287
1739042130,287
1739042134,288
1739042136,284
1739042139,273
1739042142,292
1739042146,284
1739042149,273
1739042152,285
1739042155,285
1739042158,282
1739042161,282
1739042164,284
1739042167,286
1739042170,285
1739042173,285
1739042176,280
1739042179,284
1739042182,285
1739042185,284
1739042188,286
1739042191,288
1739042194,284
1739042197,284
1739042200,199
1739042204,136
1739042206,132
1739042209,139
1739042213,129
1739042215,132
1739042218,141
1739042222,133
1739042225,125
1739042228,138
1739042231,136
1739042234,130
1739042234,None
1739042240,131
1739042243,136
1739042246,130
1739042249,136
1739042253,122
1739042255,135
1739042258,137
1739042261,128
1739042264,127
1739042268,136
1739042271,130
1739042273,133
1739042277,126
1739042280,132
1739042283,139
1739042286,134
1739042289,130
1739042292,135
1739042292,None
1739042298,130
1739042301,133
1739042304,130
1739042307,133
1739042310,132
1739042310,None
1739042317,137
1739042319,125
1739042322,136
1739042326,134
1739042329,128
1739042332,137
1739042335,130
1739042338,134
1739042341,133
1739042344,131
1739042347,134
1739042347,None
1739042353,130
1739042356,135
1739042359,131
1739042359,None
1739042366,134
1739042369,123
1739042371,309
1739042374,380
1739042377,387
1739042380,353
1739042383,134
1739042387,130
1739042390,125
1739042393,128
1739042396,128
1739042399,133
1739042402,127
1739042405,124
1739042409,131
1739042409,None
1739042415,129
1739042417,129
1739042420,130
1739042423,129
1739042426,131
1739042429,131
1739042433,132
1739042436,123
1739042439,136
1739042442,127
1739042445,123
1739042448,126
1739042451,122
1739042454,132
1739042457,130
1739042457,None
1739042463,129
1739042463,None
1739042469,123
1739042472,131
1739042475,121
1739042478,118
1739042478,None
1739042484,120
1739042484,None
1739042490,121
1739042494,124
1739042496,117
1739042500,118
1739042503,118
1739042506,118
1739042509,123
1739042512,118
1739042515,205
1739042518,370
1739042521,373
1739042524,375
1739042527,371
1739042530,163
1739042533,120
1739042536,124
1739042540,115
1739042542,127
1739042545,123
1739042549,111
1739042551,130
1739042555,124
1739042557,124
1739042560,120
1739042564,120
1739042567,120
1739042570,125
1739042573,115
1739042576,126
1739042579,124
1739042582,119
1739042582,None
1739042588,126
1739042591,121
1739042595,121
1739042597,124
1739042600,122
1739042603,122
1739042606,121
1739042609,127
1739042612,118
1739042615,122
1739042618,126
1739042622,116
1739042625,120
1739042628,125
1739042631,121
1739042634,120
1739042637,125
1739042640,127
1739042643,113
1739042647,128
1739042649,121
1739042652,123
1739042655,126
1739042658,120
1739042661,123
1739042664,125
1739042667,120
1739042670,120
1739042673,125
1739042677,125
1739042677,None
1739042683,127
1739042686,120
1739042689,122
1739042692,119
1739042695,124
1739042698,352
1739042701,377
1739042704,374
1739042707,370
1739042710,148
1739042713,122
1739042717,117
1739042719,128
1739042722,124
1739042726,122
1739042728,127
1739042731,171
1739042735,208
1739042735,None
1739042741,237
1739042744,222
1739042747,218
1739042750,212
1739042753,208
1739042756,219
1739042759,212
1739042762,205
1739042765,211
1739042768,210
1739042771,201
1739042774,212
1739042777,202
1739042780,190
1739042783,202
1739042787,190
1739042790,190
1739042792,192
1739042796,187
1739042796,None
1739042802,184
1739042805,192
1739042808,189
1739042811,182
1739042814,194
1739042817,187
1739042820,188
1739042823,188
1739042826,184
1739042829,191
1739042832,186
1739042835,191
1739042838,190
1739042841,179
1739042844,187
1739042847,191
1739042850,184
1739042853,188
1739042853,None
1739042860,187
1739042862,191
1739042865,183
1739042869,197
1739042872,189
1739042872,None
1739042878,199
1739042878,None
1739042878,None
1739042887,191
1739042890,195
1739042893,189
1739042896,184
1739042899,192
1739042902,191
1739042905,183
1739042908,185
1739042912,191
1739042914,185
1739042918,188
1739042921,190
1739042924,189
1739042927,184
1739042930,190
1739042933,182
1739042936,190
1739042939,181
1739042942,190
1739042945,192
1739042948,185
1739042948,None
1739042954,228
1739042954,None
1739042960,442
1739042963,440
1739042966,381
1739042969,185
1739042973,189
1739042976,182
1739042978,189
1739042982,188
1739042985,181
1739042988,193
1739042991,187
1739042994,180
1739042997,189
1739043000,183
1739043003,187
1739043006,189
1739043006,None
1739043012,188
1739043015,192
1739043018,182
1739043021,193
1739043024,185
1739043028,190
1739043031,190
1739043033,183
1739043037,193
1739043040,186
1739043043,194
1739043046,187
1739043049,188
1739043052,187
1739043055,189
1739043058,186
1739043061,192
1739043064,185
1739043067,188
1739043067,None
1739043073,192
1739043076,192
1739043079,180
1739043082,194
1739043085,180
1739043088,192
1739043091,181
1739043094,257
1739043097,439
1739043097,None
1739043104,437
1739043107,206
1739043110,188
1739043112,183
1739043116,188
1739043118,186
1739043122,185
1739043122,None
1739043128,184
1739043131,189
1739043134,190
1739043137,188
1739043140,190
1739043143,190
1739043146,181
1739043149,198
1739043152,188
1739043155,182
1739043158,187
1739043162,191
1739043164,182
1739043168,187
1739043170,187
1739043173,190
1739043177,192
1739043180,183
1739043183,191
1739043186,194
1739043189,181
1739043192,194
1739043195,188
1739043198,191
1739043201,181
1739043205,186
1739043207,187
1739043210,186
1739043213,184
1739043217,192
1739043220,179
1739043223,197
1739043226,185
1739043229,188
1739043232,190
1739043235,187
1739043238,190
1739043241,190
1739043244,183
1739043247,190
1739043250,182
1739043253,196
1739043256,181
1739043259,189
1739043262,188
1739043265,186
1739043268,188
1739043271,187
1739043274,188
1739043278,186
1739043278,None
1739043283,186
1739043283,None
1739043283,None
1739043293,182
1739043296,195
1739043296,None
1739043302,186
1739043302,None
1739043308,187
1739043308,None
1739043314,179
1739043317,196
1739043320,189
1739043323,185
1739043326,189
1739043329,192
1739043332,190
1739043336,188
1739043339,184
1739043341,194
1739043345,186
1739043348,186
1739043350,192
1739043354,183
1739043356,189
1739043360,193
1739043362,186
1739043366,185
1739043369,192
1739043372,194
1739043375,351
1739043379,444
1739043381,443
1739043385,361
1739043387,197
1739043390,201
1739043393,195
1739043396,196
1739043399,196
1739043403,195
1739043405,198
1739043405,None
1739043412,198
1739043415,196
1739043418,185
1739043418,None
1739043424,198
1739043424,None
1739043430,197
1739043433,195
1739043436,194
1739043439,198
1739043442,192
1739043445,195
1739043449,191
1739043451,187
1739043454,189
1739043457,183
1739043460,191
1739043460,None
1739043466,441
1739043469,438
1739043473,437
1739043475,234
1739043479,181
1739043481,196
1739043485,190
1739043485,None
1739043485,None
1739043494,185
1739043497,186
1739043500,188
1739043503,191
1739043506,187
1739043509,188
1739043512,190
1739043515,183
1739043518,193
1739043521,192
1739043524,183
1739043527,190
1739043527,None
1739043534,185
1739043537,188
1739043540,188
1739043543,189
1739043546,187
1739043549,193
1739043552,190
1739043555,192
1739043558,185
1739043558,None
1739043564,183
1739043567,192
1739043570,183
1739043573,191
1739043576,193
1739043579,192
1739043582,193
1739043585,187
1739043588,194
1739043591,194
1739043595,183
1739043597,195
1739043600,188
1739043604,196
1739043607,188
1739043610,184
1739043613,191
1739043616,186
1739043619,187
1739043622,186
1739043625,192
1739043628,186
1739043631,188
1739043634,189
1739043637,186
1739043640,191
1739043643,185
1739043646,185
1739043649,189
1739043652,184
1739043656,190
1739043658,182
1739043662,187
1739043665,184
1739043668,189
1739043671,188
1739043674,186
1739043677,186
1739043680,190
1739043683,185
1739043686,185
1739043689,185
1739043692,184
1739043695,193
1739043698,181
1739043702,179
1739043705,184
1739043707,186
1739043710,181
1739043714,184
1739043717,181
1739043720,181
1739043723,189
1739043725,186
1739043729,182
1739043732,179
1739043735,190
1739043738,186
1739043741,177
1739043744,183
1739043747,184
1739043751,186
1739043753,268
1739043756,441
1739043759,431
1739043762,450
1739043766,263
1739043768,180
1739043772,191
1739043775,185
1739043778,185
1739043781,187
1739043784,189
1739043787,183
1739043790,435
1739043793,435
1739043796,433
1739043799,438
1739043802,181
1739043805,187
1739043808,184
1739043811,184
1739043815,183
1739043817,184
1739043820,182
1739043823,190
1739043827,175
1739043830,190
1739043833,178
1739043835,180
1739043839,185
1739043842,185
1739043845,178
1739043848,187
1739043851,186
1739043854,179
1739043857,187
1739043860,184
1739043863,184
1739043866,183
1739043866,None
1739043872,181
1739043875,184
1739043879,179
1739043882,180
1739043884,189
1739043888,177
1739043891,188
1739043894,177
1739043897,179
1739043900,182
1739043903,180
1739043906,178
1739043909,186
1739043912,175
1739043915,185
1739043918,183
1739043921,177
1739043924,186
1739043927,181
1739043930,183
1739043933,188
1739043936,186
1739043939,179
1739043939,None
1739043946,181
1739043948,184
1739043952,180
1739043955,182
1739043958,182
1739043961,184
1739043964,185
1739043967,184
1739043970,184
1739043973,183
1739043976,186
1739043979,189
1739043982,177
1739043985,190
1739043988,322
1739043991,335
1739043994,339
1739043997,331
1739044000,334
1739044003,338
1739044006,331
1739044009,340
1739044013,332
1739044013,None
1739044019,336
1739044021,328
1739044025,336
1739044028,335
1739044031,335
1739044034,330
1739044037,337
1739044040,337
1739044043,332
1739044046,336
1739044049,339
1739044049,None
1739044056,330
1739044058,337
1739044061,334
1739044064,340
1739044067,329
1739044070,335
1739044074,337
1739044074,None
1739044074,None
1739044082,343
1739044086,334
1739044089,330
1739044092,335
1739044095,334
1739044098,335
1739044101,324
1739044104,330
1739044107,341
1739044110,328
1739044113,325
1739044116,339
1739044120,333
1739044122,330
1739044125,335
1739044128,327
1739044132,397
1739044134,584
1739044137,588
1739044140,583
1739044144,742
1739044147,664
1739044150,588
1739044152,585
1739044156,376
1739044159,329
1739044159,None
1739044165,333
1739044169,335
1739044171,334
1739044175,334
1739044177,334
1739044180,325
1739044183,341
1739044186,326
1739044190,335
1739044193,332
1739044195,337
1739044198,328
1739044201,332
1739044201,None
1739044208,322
1739044208,None
1739044214,330
1739044217,326
1739044219,333
1739044223,336
1739044226,336
1739044228,332
1739044232,333
1739044235,334
1739044238,328
1739044241,339
1739044244,331
1739044247,336
1739044251,335
1739044251,None
1739044256,329
1739044260,338
1739044262,329
1739044266,334
1739044269,333
1739044272,337
1739044274,335
1739044278,324
1739044280,339
1739044284,332
1739044287,331
1739044290,339
1739044293,331
1739044296,338
1739044299,332
1739044302,333
1739044306,330
1739044308,336
1739044311,329
1739044314,335
1739044317,329
1739044321,336
1739044324,333
1739044326,333
1739044330,334
1739044333,335
1739044336,334
1739044339,332
1739044342,331
1739044345,334
1739044348,329
1739044351,336
1739044354,336
1739044357,332
1739044357,None
1739044363,331
1739044366,328
1739044369,338
1739044372,332
1739044375,331
1739044378,333
1739044381,332
1739044384,330
1739044387,339
1739044391,331
1739044393,327
1739044397,338
1739044399,332
1739044403,329
1739044406,329
1739044408,335
1739044412,343
1739044415,340
1739044418,346
1739044422,333
1739044424,331
1739044427,338
1739044430,348
1739044433,348
1739044436,351
1739044439,345
1739044442,347
1739044445,353
1739044448,347
1739044451,353
1739044454,347
1739044457,349
1739044460,354
1739044464,345
1739044467,349
1739044470,349
1739044473,347
1739044477,350
1739044479,347
1739044482,351
1739044485,348
1739044488,352
1739044491,350
1739044494,344
1739044497,346
1739044500,336
1739044503,346
1739044506,335
1739044509,343
1739044512,341
1739044516,347
1739044518,337
1739044522,343
1739044525,342
1739044528,341
1739044531,341
1739044534,465
1739044537,680
1739044540,846
1739044543,846
1739044546,684
1739044550,451
1739044553,339
1739044555,346
1739044558,339
1739044561,347
1739044564,338
1739044568,343
1739044571,339
1739044571,None
1739044576,343
1739044580,342
1739044583,343
1739044585,336
1739044589,344
1739044592,334
1739044595,344
1739044598,342
1739044601,346
1739044604,343
1739044607,338
1739044610,345
1739044613,338
1739044616,346
1739044619,339
1739044622,342
1739044625,348
1739044625,None
1739044631,342
1739044634,340
1739044637,336
1739044641,344
1739044643,335
1739044647,347
1739044650,338
1739044653,341
1739044655,343
1739044659,341
1739044662,338
1739044665,339
1739044668,344
1739044671,340
1739044674,342
1739044677,348
1739044680,336
1739044683,337
1739044686,347
1739044689,339
1739044692,340
1739044695,345
1739044698,344
1739044701,345
1739044705,336
1739044707,342
1739044710,347
1739044714,341
1739044716,335
1739044720,345
1739044723,339
1739044726,342
1739044729,344
1739044732,336
1739044735,347
1739044738,343
1739044741,344
1739044744,345
1739044747,345
1739044750,342
1739044753,345
1739044756,347
1739044759,338
1739044762,345
1739044765,345
1739044765,None
1739044771,343
1739044774,345
1739044778,340
1739044781,342
1739044784,340
1739044787,344
1739044787,None
1739044793,349
1739044796,342
1739044799,342
1739044802,344
1739044802,None
1739044808,353
1739044811,343
1739044814,339
1739044817,342
1739044820,336
1739044823,342
1739044827,343
1739044830,334
1739044832,341
1739044835,347
1739044838,344
1739044841,336
1739044844,343
1739044848,347
1739044851,342
1739044853,346
1739044857,343
1739044860,340
1739044863,338
1739044866,346
1739044866,None
1739044872,338
1739044875,346
1739044878,335
1739044881,344
1739044884,338
1739044887,344
1739044890,341
1739044893,341
1739044896,342
1739044900,341
1739044902,342
1739044905,340
1739044908,337
1739044911,341
1739044914,336
1739044917,346
1739044921,344
1739044924,344
1739044927,343
1739044927,None
1739044933,417
1739044936,578
1739044939,603
1739044942,604
1739044945,725
1739044948,599
1739044951,597
1739044954,594
1739044957,553
1739044960,345
1739044963,337
1739044966,328
1739044969,282
1739044972,290
1739044975,283
1739044978,290
1739044981,286
1739044985,291
1739044988,287
1739044991,287
1739044994,285
1739044997,281
1739045000,286
1739045003,289
1739045006,281
1739045009,288
1739045012,285
1739045015,277
1739045018,286
1739045021,286
1739045024,282
1739045027,285
1739045030,279
1739045030,None
1739045037,284
1739045037,None
1739045043,277
1739045046,287
1739045049,283
1739045052,281
1739045055,278
1739045058,287
1739045061,283
1739045064,279
1739045067,281
1739045070,286
1739045073,287
1739045076,280
1739045080,276
1739045082,287
1739045082,None
1739045088,279
1739045091,289
1739045095,283
1739045095,None
1739045101,285
1739045104,285
1739045107,282
1739045110,286
1739045113,283
1739045116,285
1739045119,286
1739045122,279
1739045125,289
1739045128,277
1739045131,289
1739045134,279
1739045137,286
1739045140,284
1739045143,279
1739045146,283
1739045150,278
1739045153,281
1739045155,286
1739045159,273
1739045162,289
1739045162,None
1739045168,282
1739045171,285
1739045174,282
1739045174,None
1739045181,133
1739045183,137
1739045183,None
1739045189,133
1739045192,138
1739045195,129
1739045198,134
1739045202,133
1739045204,128
1739045207,132
1739045210,132
1739045213,131
1739045217,130
1739045220,138
1739045223,132
1739045226,138
1739045229,129
1739045232,139
1739045235,131
1739045238,134
1739045241,126
1739045244,133
1739045247,129
1739045250,131
1739045253,135
1739045256,129
1739045260,135
1739045262,126
1739045265,136
1739045268,130
1739045272,124
1739045275,138
1739045278,125
1739045281,132
1739045284,134
1739045287,129
1739045290,128
1739045293,131
1739045296,130
1739045299,128
1739045302,135
1739045305,123
1739045308,133
1739045311,131
1739045315,133
1739045317,131
1739045317,None
1739045324,131
1739045327,189
1739045330,354
1739045333,380
1739045336,380
1739045339,377
1739045342,127
1739045345,132
1739045348,125
1739045351,136
1739045354,132
1739045357,133
1739045361,130
1739045363,132
1739045366,133
1739045369,129
1739045373,131
1739045375,132
1739045378,127
1739045381,138
1739045385,375
1739045388,377
1739045391,382
1739045394,375
1739045397,129
1739045400,127
1739045403,134
1739045406,137
1739045409,120
1739045412,129
1739045415,139
1739045418,130
1739045421,124
1739045424,134
1739045427,132
1739045430,133
1739045433,126
1739045437,131
1739045439,135
1739045442,134
1739045445,133
1739045449,142
1739045452,138
1739045455,133
1739045457,139
1739045461,137
1739045464,135
1739045467,133
1739045470,136
1739045473,139
1739045476,133
1739045479,130
1739045482,148
1739045485,138
1739045488,129
1739045491,144
1739045494,132
1739045497,135
1739045500,139
1739045504,138
1739045506,133
1739045509,137
1739045512,142
1739045515,134
1739045519,133
1739045522,144
1739045524,138
1739045528,137
1739045528,None
1739045533,136
1739045537,142
1739045540,137
1739045543,139
1739045546,131
1739045549,127
1739045552,137
1739045555,141
1739045558,130
1739045558,None
1739045564,121
1739045567,128
1739045570,128
1739045573,127
1739045576,128
1739045579,124
1739045583,129
1739045586,141
1739045588,138
1739045591,127
1739045595,142
1739045598,138
1739045600,135
1739045604,139
1739045604,None
1739045610,138
1739045612,134
1739045616,140
1739045619,140
1739045622,129
1739045625,143
1739045629,136
1739045631,131
1739045634,146
1739045637,139
1739045640,140
1739045643,131
1739045646,132
1739045649,135
1739045652,126
1739045655,131
1739045658,134
1739045662,125
1739045664,131
1739045667,128
1739045671,122
1739045673,131
1739045676,128
1739045680,130
1739045683,129
1739045686,136
1739045689,127
1739045692,130
1739045696,134
1739045698,125
1739045701,135
1739045704,134
1739045707,127
1739045710,131
1739045713,129
1739045716,127
1739045719,131
1739045722,121
1739045725,117
1739045728,124
1739045732,201
1739045735,618
1739045738,615
1739045741,618
1739045744,410
1739045747,116
1739045750,121
1739045753,126
1739045757,127
1739045759,124
1739045762,124
1739045766,123
1739045769,119
1739045772,128
1739045775,128
1739045778,120
1739045781,130
1739045784,121
1739045787,127
1739045787,None
1739045793,125
1739045795,121
1739045799,128
1739045802,122
1739045805,129
1739045808,131
1739045811,129
1739045814,195
1739045817,225
1739045820,231
1739045823,231
1739045826,218
1739045829,217
1739045832,214
1739045835,219
1739045838,212
1739045842,210
1739045844,210
1739045848,205
1739045851,205
1739045854,206
1739045856,201
1739045860,200
1739045863,194
1739045866,199
1739045869,191
1739045872,192
1739045872,None
1739045878,187
1739045881,188
1739045884,186
1739045887,187
1739045890,193
1739045893,183
1739045896,194
1739045899,190
1739045902,179
1739045905,192
1739045908,186
1739045908,None
1739045914,184
1739045917,190
1739045920,193
1739045923,184
1739045926,189
1739045929,194
1739045932,183
1739045932,None
1739045939,191
1739045941,186
1739045945,191
1739045947,181
1739045951,183
1739045954,195
1739045957,192
1739045960,190
1739045963,185
1739045966,184
1739045969,184
1739045973,187
1739045975,187
1739045978,190
1739045981,190
1739045984,184
1739045988,190
1739045990,199
1739045993,187
1739045996,185
1739046000,186
1739046003,185
1739046006,191
1739046009,182
1739046012,179
1739046015,192
1739046018,185
1739046021,185
1739046024,187
1739046024,None
1739046030,185
1739046033,180
1739046036,188
1739046039,185
1739046042,188
1739046045,183
1739046048,185
1739046051,187
1739046055,188
1739046058,186
1739046061,190
1739046061,None
1739046067,188
1739046070,180
1739046073,188
1739046076,186
1739046079,185
1739046082,188
1739046085,187
1739046088,183
1739046091,189
1739046091,None
1739046098,193
1739046100,180
1739046103,187
1739046106,187
1739046110,183
1739046112,182
1739046115,184
1739046119,178
1739046122,180
1739046122,None
1739046127,180
1739046131,364
1739046131,None
1739046137,436
1739046140,434
1739046143,243
1739046146,442
1739046149,437
1739046152,434
1739046155,434
1739046158,181
1739046161,190
1739046164,187
1739046167,183
1739046170,185
1739046173,185
1739046177,188
1739046180,183
1739046182,178
1739046186,190
1739046189,185
1739046191,179
1739046195,187
1739046198,185
1739046201,189
1739046205,188
1739046207,184
1739046210,182
1739046213,182
1739046216,185
1739046219,183
1739046223,177
1739046225,185
1739046228,187
1739046231,181
1739046235,183
1739046237,187
1739046241,180
1739046244,185
1739046247,187
1739046250,182
1739046253,180
1739046256,180
1739046258,183
1739046258,None
1739046265,191
1739046268,176
1739046271,183
1739046274,181
1739046277,177
1739046281,183
1739046283,179
1739046286,186
1739046286,None
1739046286,None
1739046295,184
1739046298,186
1739046302,185
1739046304,184
1739046308,177
1739046310,182
1739046314,174
1739046317,187
1739046317,None
1739046323,182
1739046326,181
1739046326,None
1739046332,182
1739046335,183
1739046338,187
1739046338,None
1739046344,183
1739046347,190
1739046350,182
1739046353,176
1739046357,191
1739046360,182
1739046363,182
1739046366,185
1739046369,185
1739046372,180
1739046375,188
1739046378,180
1739046378,None
1739046384,195
1739046387,197
1739046390,189
1739046393,187
1739046396,185
1739046399,190
1739046402,194
1739046405,183
1739046408,186
1739046411,186
1739046414,189
1739046417,190
1739046417,None
1739046423,195
1739046426,187
1739046429,184
1739046432,196
1739046432,None
1739046438,193
1739046442,185
1739046445,181
1739046448,317
1739046451,436
1739046453,434
1739046457,436
1739046460,246
1739046463,181
1739046466,189
1739046469,182
1739046472,184
1739046475,188
1739046478,186
1739046481,180
1739046484,182
1739046487,189
1739046491,180
1739046494,185
1739046496,192
1739046499,184
1739046503,179
1739046505,188
1739046508,183
1739046512,181
1739046514,184
1739046518,178
1739046521,184
1739046524,186
1739046527,184
1739046530,174
1739046533,187
1739046536,189
1739046539,181
1739046542,182
1739046545,342
1739046548,440
1739046548,None
1739046554,439
1739046557,239
1739046560,179
1739046560,None
1739046566,182
1739046569,178
1739046573,192
1739046576,182
1739046578,182
1739046581,187
1739046585,183
1739046588,182
1739046588,None
1739046594,185
1739046597,178
1739046600,179
1739046603,188
1739046606,183
1739046609,177
1739046612,188
1739046615,183
1739046618,178
1739046621,185
1739046624,181
1739046627,182
1739046630,178
1739046633,185
1739046636,184
1739046639,175
1739046642,182
1739046645,187
1739046648,173
1739046651,186
1739046654,181
1739046658,177
1739046660,185
1739046664,178
1739046667,175
1739046670,176
1739046673,181
1739046676,180
1739046679,184
1739046682,176
1739046685,185
1739046689,173
1739046691,186
1739046694,177
1739046697,183
1739046700,178
1739046703,180
1739046706,182
1739046709,183
1739046712,179
1739046716,181
1739046718,177
1739046721,182
1739046724,173
1739046727,182
1739046730,177
1739046734,189
1739046736,177
1739046740,183
1739046743,179
1739046746,178
1739046749,179
1739046752,180
1739046755,179
1739046757,179
1739046761,177
1739046764,182
1739046767,178
1739046770,177
1739046773,176
1739046776,177
1739046780,178
1739046782,178
1739046785,173
1739046788,180
1739046791,170
1739046794,184
1739046798,174
1739046800,178
1739046804,177
1739046807,178
1739046810,176
1739046813,424
1739046816,432
1739046819,436
1739046822,435
1739046825,289
1739046828,174
1739046831,180
1739046834,173
1739046837,182
1739046840,177
1739046843,174
1739046846,178
1739046849,185
1739046852,177
1739046855,173
1739046858,183
1739046861,178
1739046865,176
1739046867,173
1739046870,174
1739046874,180
1739046876,180
1739046880,181
1739046880,None
1739046886,174
1739046886,None
1739046892,187
1739046895,181
1739046898,174
1739046901,178
1739046901,None
1739046907,181
1739046910,181
1739046913,179
1739046916,169
1739046920,184
1739046922,179
1739046925,166
1739046928,176
1739046931,174
1739046934,172
1739046937,174
1739046940,177
1739046943,173
1739046947,175
1739046949,178
1739046953,166
1739046955,337
1739046959,433
1739046962,440
1739046965,481
1739046968,394
1739046971,331
1739046974,329
1739046977,337
1739046980,329
1739046983,333
1739046986,332
1739046989,331
1739046992,332
1739046996,328
1739046998,366
1739047001,375
1739047004,369
1739047007,375
1739047010,373
1739047013,374
1739047017,372
1739047019,372
1739047023,373
1739047026,370
1739047029,374
1739047029,None
1739047035,374
1739047038,359
1739047041,368
1739047044,357
1739047047,351
1739047050,352
1739047053,348
1739047056,338
1739047060,339
1739047062,331
1739047066,324
1739047068,331
1739047071,326
1739047075,322
1739047078,313
1739047081,318
1739047084,310
1739047087,317
1739047090,314
1739047093,315
1739047096,312
1739047099,311
1739047102,314
1739047105,317
1739047108,316
1739047111,314
1739047114,318
1739047117,317
1739047121,316
1739047123,318
1739047126,317
1739047126,None
1739047132,313
1739047135,320
1739047139,313
1739047142,319
1739047145,316
1739047145,None
1739047151,321
1739047154,326
1739047157,324
1739047160,323
1739047163,330
1739047166,321
1739047169,335
1739047172,330
1739047175,324
1739047178,335
1739047181,328
1739047184,326
1739047187,337
1739047190,322
1739047193,331
1739047196,331
1739047196,None
1739047203,337
1739047206,330
1739047209,461
1739047212,589
1739047215,587
1739047218,588
1739047221,507
1739047224,324
1739047227,325
1739047230,331
1739047233,337
1739047236,323
1739047239,334
1739047242,332
1739047245,322
1739047248,323
1739047251,329
1739047254,338
1739047257,329
1739047260,325
1739047263,319
1739047267,330
1739047270,328
1739047272,321
1739047275,332
1739047279,328
1739047282,330
1739047285,330
1739047288,328
1739047291,330
1739047294,323
1739047297,333
1739047300,324
1739047304,333
1739047306,327
1739047309,333
1739047312,329
1739047312,None
1739047319,330
1739047321,330
1739047325,325
1739047327,335
1739047331,333
1739047331,None
1739047337,331
1739047340,329
1739047342,332
1739047346,328
1739047349,329
1739047352,327
1739047355,325
1739047358,329
1739047361,333
1739047365,320
1739047367,552
1739047370,591
1739047373,586
1739047376,599
1739047379,383
1739047383,327
1739047385,327
1739047389,328
1739047392,331
1739047394,330
1739047398,331
1739047401,333
1739047404,326
1739047404,None
1739047410,333
1739047413,326
1739047416,329
1739047419,330
1739047422,326
1739047425,324
1739047428,332
1739047431,326
1739047434,328
1739047434,None
1739047440,326
1739047444,326
1739047447,324
1739047450,329
1739047453,330
1739047456,326
1739047456,None
1739047456,None
1739047465,318
1739047465,None
1739047471,327
1739047474,321
1739047477,337
1739047480,328
1739047483,326
1739047486,332
1739047489,329
1739047489,None
1739047489,None
1739047499,321
1739047501,334
1739047504,322
1739047508,330
1739047511,324
1739047513,334
1739047517,324
1739047520,326
1739047523,328
1739047526,330
1739047529,327
1739047532,325
1739047535,324
1739047538,336
1739047541,329
1739047544,342
1739047544,None
1739047551,333
1739047553,341
1739047556,329
1739047559,337
1739047562,338
1739047566,436
1739047568,594
1739047572,597
1739047575,589
1739047578,447
1739047581,335
1739047584,337
1739047587,333
1739047590,339
1739047593,333
1739047596,341
1739047599,333
1739047602,342
1739047605,337
1739047608,338
1739047611,335
1739047614,337
1739047614,None
1739047621,334
1739047624,341
1739047626,338
1739047629,330
1739047632,339
1739047636,336
1739047638,331
1739047641,342
1739047644,337
1739047648,332
1739047651,342
1739047653,337
1739047657,338
1739047660,336
1739047663,339
1739047666,334
1739047669,337
1739047672,341
1739047675,332
1739047678,342
1739047678,None
1739047684,342
1739047687,332
1739047691,337
1739047693,334
1739047697,336
1739047699,340
1739047703,332
1739047706,339
1739047709,330
1739047712,334
1739047715,332
1739047718,339
1739047721,330
1739047724,340
1739047727,333
1739047730,333
1739047730,None
1739047737,335
1739047739,332
1739047743,336
1739047745,339
1739047748,329
1739047751,332
1739047754,335
1739047757,330
1739047761,321
1739047764,335
1739047767,333
1739047770,329
1739047772,328
1739047776,331
1739047779,329
1739047782,330
1739047785,332
1739047785,None
1739047785,None
1739047794,331
1739047797,333
1739047800,327
1739047803,324
1739047806,336
1739047809,330
1739047812,327
1739047815,339
1739047818,329
1739047822,501
1739047824,596
1739047828,598
1739047831,589
1739047833,522
1739047837,328
1739047840,339
1739047843,325
1739047846,342
1739047849,328
1739047852,335
1739047855,333
1739047858,334
1739047861,333
1739047864,329
1739047867,333
1739047871,331
1739047873,334
1739047876,336
1739047879,329
1739047882,334
1739047885,332
1739047888,320
1739047891,336
1739047894,334
1739047898,329
1739047901,332
1739047904,335
1739047907,328
1739047910,331
1739047913,334
1739047916,336
1739047919,328
1739047922,332
1739047925,341
1739047928,527
1739047931,591
1739047934,590
1739047937,580
1739047941,410
1739047944,306
1739047946,276
1739047949,282
1739047952,277
1739047955,282
1739047958,290
1739047962,283
1739047965,281
1739047968,282
1739047970,291
1739047974,285
1739047977,279
1739047980,282
1739047983,292
1739047986,283
1739047989,280
1739047992,285
1739047995,288
1739047999,283
1739047999,None
1739048004,279
1739048007,282
1739048011,283
1739048014,275
1739048016,265
1739048019,282
1739048023,275
1739048025,271
1739048029,273
1739048032,269
1739048035,277
1739048038,268
1739048041,277
1739048044,275
1739048047,264
1739048050,279
1739048053,274
1739048056,273
1739048059,269
1739048059,None
1739048065,283
1739048068,271
1739048068,None
1739048074,272
1739048077,271
1739048080,276
1739048083,277
1739048086,274
1739048089,276
1739048092,277
1739048095,271
1739048098,274
1739048102,276
1739048105,279
1739048108,292
1739048111,295
1739048114,298
1739048117,297
1739048120,292
1739048123,317
1739048126,312
1739048129,315
1739048132,307
1739048135,313
1739048139,308
1739048141,306
1739048144,311
1739048148,307
1739048150,309
1739048153,306
1739048157,222
1739048159,158
1739048162,157
1739048166,151
1739048166,None
1739048171,151
1739048175,164
1739048178,151
1739048182,155
1739048184,155
1739048187,158
1739048187,None
1739048193,157
1739048196,142
1739048196,None
1739048202,149
1739048205,151
1739048208,147
1739048211,153
1739048211,None
1739048217,151
1739048220,149
1739048224,150
1739048227,157
1739048227,None
1739048233,146
1739048236,149
1739048239,144
1739048242,152
1739048245,145
1739048248,150
1739048251,150
1739048254,287
1739048257,406
1739048260,406
1739048264,408
1739048266,294
1739048269,152
1739048269,None
1739048276,142
1739048278,152
1739048282,141
1739048284,139
1739048288,156
1739048291,145
1739048294,144
1739048297,151
1739048300,142
1739048303,151
1739048306,145
1739048309,148
1739048312,153
1739048315,146
1739048318,146
1739048321,160
1739048324,146
1739048327,142
1739048330,148
1739048333,153
1739048336,147
1739048339,148
1739048343,140
1739048343,None
1739048348,147
1739048352,154
1739048355,395
1739048358,397
1739048361,398
1739048364,401
1739048367,146
1739048370,153
1739048373,151
1739048376,153
1739048379,145
1739048382,142
1739048385,155
1739048388,142
1739048391,148
1739048394,152
1739048397,144
1739048400,140
1739048403,150
1739048406,149
1739048409,148
1739048412,145
1739048416,151
1739048418,146
1739048422,142
1739048422,None
1739048422,None
1739048430,139
1739048434,140
1739048437,140
1739048440,149
1739048443,145
1739048443,None
1739048449,143
1739048452,142
1739048455,153
1739048458,147
1739048461,143
1739048464,151
1739048467,142
1739048467,None
1739048473,152
1739048476,149
1739048479,145
1739048482,152
1739048485,143
1739048489,151
1739048492,147
1739048492,None
1739048498,142
1739048501,153
1739048504,144
1739048507,148
1739048510,144
1739048513,146
1739048516,146
1739048516,None
1739048522,139
1739048525,152
1739048528,143
1739048532,150
1739048534,142
1739048534,None
1739048541,148
1739048543,149
1739048547,156
1739048550,151
1739048550,None
1739048556,157
1739048559,146
1739048562,160
1739048565,139
1739048568,113
1739048568,None
1739048574,115
1739048577,118
1739048580,113
1739048583,118
1739048587,121
1739048590,118
1739048593,110
1739048595,116
1739048599,122
1739048602,110
1739048605,100
1739048608,114
1739048611,108
1739048614,108
1739048617,108
1739048620,110
1739048623,113
1739048626,105
1739048629,115
1739048633,107
1739048636,115
1739048638,114
1739048641,107
1739048644,113
1739048647,115
1739048650,110
1739048654,108
1739048657,115
1739048660,112
1739048663,113
1739048663,None
1739048663,None
1739048672,107
1739048672,None
1739048678,106
1739048678,None
1739048685,162
1739048687,330
1739048690,584
1739048693,614
1739048696,610
1739048699,366
1739048702,164
1739048705,106
1739048709,121
1739048712,116
1739048714,108
1739048717,113
1739048721,106
1739048721,None
1739048726,114
1739048730,110
1739048732,108
1739048736,118
1739048739,130
1739048739,None
1739048745,111
1739048748,118
1739048751,114
1739048755,114
1739048757,116
1739048760,107
1739048764,111
1739048766,122
1739048769,110
1739048772,112
1739048775,121
1739048778,109
1739048781,109
1739048784,126
1739048788,116
1739048791,188
1739048794,220
1739048797,217
1739048799,221
1739048803,216
1739048806,207
1739048809,197
1739048812,199
1739048815,207
1739048818,199
1739048821,193
1739048824,196
1739048827,200
1739048830,192
1739048833,192
1739048836,185
1739048840,177
1739048842,172
1739048845,180
1739048849,187
1739048851,184
1739048855,182
1739048858,177
1739048861,176
1739048864,185
1739048867,177
1739048870,174
1739048870,None
1739048876,185
1739048879,177
1739048882,176
1739048885,178
1739048888,181
1739048891,172
1739048891,None
1739048897,174
1739048900,174
1739048904,177
1739048904,None
1739048909,179
1739048912,176
1739048916,169
1739048919,180
1739048922,173
1739048925,175
1739048928,178
1739048931,172
1739048934,176
1739048937,179
1739048940,180
1739048943,176
1739048946,171
1739048949,185
1739048952,175
1739048955,171
1739048958,176
1739048961,176
1739048965,171
1739048968,181
1739048971,167
1739048974,177
1739048977,187
1739048980,175
1739048980,None
1739048986,171
1739048989,179
1739048992,177
1739048995,172
1739048998,177
1739049001,165
1739049004,174
1739049007,181
1739049011,179
1739049013,173
1739049016,174
1739049019,189
1739049022,173
1739049026,174
1739049028,176
1739049032,172
1739049035,175
1739049038,171
1739049041,181
1739049044,173
1739049047,169
1739049050,181
1739049053,169
1739049056,183
1739049059,430
1739049062,423
1739049065,429
1739049068,357
1739049072,179
1739049074,177
1739049077,172
1739049077,None
1739049083,177
1739049086,181
1739049090,417
1739049092,430
1739049096,431
1739049098,403
1739049101,170
1739049105,177
1739049108,179
1739049111,174
1739049114,177
1739049117,173
1739049120,168
1739049124,179
1739049126,182
1739049130,176
1739049133,174
1739049135,181
1739049138,177
1739049142,173
1739049144,178
1739049148,176
1739049151,173
1739049151,None
1739049157,172
1739049160,179
1739049163,171
1739049166,177
1739049169,171
1739049172,178
1739049175,170
1739049178,175
1739049181,176
1739049184,173
1739049187,173
1739049190,175
1739049193,172
1739049196,180
1739049200,170
1739049202,178
1739049206,170
1739049209,171
1739049211,176
1739049214,172
1739049218,178
1739049221,175
1739049224,175
1739049227,177
1739049230,169
1739049233,174
1739049236,177
1739049240,169
1739049242,181
1739049245,174
1739049248,172
1739049252,178
1739049254,174
1739049258,179
1739049261,174
1739049264,174
1739049266,178
1739049269,172
1739049273,175
1739049276,176
1739049279,175
1739049279,None
1739049285,181
1739049288,174
1739049291,176
1739049294,176
1739049294,None
1739049300,177
1739049300,None
1739049300,None
1739049309,174
1739049312,171
1739049315,179
1739049318,172
1739049321,177
1739049324,175
1739049327,170
1739049330,180
1739049334,169
1739049337,173
1739049339,175
1739049343,174
1739049346,174
1739049348,174
1739049352,170
1739049355,174
1739049357,176
1739049361,170
1739049364,177
1739049367,177
1739049367,None
1739049373,181
1739049376,176
1739049379,184
1739049382,177
1739049385,185
1739049388,179
1739049391,178
1739049394,186
1739049394,None
1739049400,179
1739049404,185
1739049407,176
1739049410,264
1739049412,437
1739049416,429
1739049419,433
1739049421,183
1739049425,182
1739049428,172
1739049431,170
1739049434,182
1739049437,171
1739049440,169
1739049443,177
1739049443,None
1739049449,172
1739049452,177
1739049456,175
1739049458,171
1739049461,179
1739049465,165
1739049468,178
1739049471,170
1739049474,175
1739049477,173
1739049480,178
1739049483,173
1739049486,175
1739049489,176
1739049492,174
1739049495,173
1739049498,168
1739049501,180
1739049504,169
1739049507,227
1739049511,435
1739049514,422
1739049516,438
1739049520,342
1739049523,173
1739049526,181
1739049529,176
1739049532,173
1739049535,177
1739049538,175
1739049541,178
1739049544,177
1739049547,181
1739049550,174
1739049553,168
1739049556,182
1739049559,178
1739049562,178
1739049565,172
1739049568,170
1739049568,None
1739049574,182
1739049578,176
1739049580,174
1739049584,169
1739049587,174
1739049590,181
1739049593,189
1739049596,227
1739049599,231
1739049602,232
1739049605,227
1739049608,228
1739049611,227
1739049614,226
1739049617,230
1739049620,227
1739049623,228
1739049626,221
1739049626,None
1739049632,212
1739049635,208
1739049638,196
1739049638,None
1739049638,None
1739049647,183
1739049651,184
1739049654,181
1739049657,296
1739049660,439
1739049663,444
1739049666,438
1739049669,444
1739049672,438
1739049675,441
1739049675,None
1739049681,441
1739049684,433
1739049687,433
1739049691,431
1739049693,424
1739049697,429
1739049699,428
1739049703,430
1739049706,434
1739049709,438
1739049711,430
1739049714,430
1739049717,425
1739049721,684
1739049724,682
1739049727,692
1739049730,688
1739049730,None
1739049737,424
1739049739,426
1739049742,423
1739049746,418
1739049748,424
1739049751,429
1739049754,424
1739049757,420
1739049760,430
1739049763,440
1739049763,None
1739049769,429
1739049772,425
1739049775,425
1739049779,428
1739049782,423
1739049785,429
1739049788,424
1739049791,428
1739049794,432
1739049797,422
1739049797,None
1739049803,425
1739049806,289
1739049810,167
1739049812,162
1739049815,164
1739049818,167
1739049823,161
1739049824,163
1739049827,169
1739049831,161
1739049834,162
1739049836,170
1739049839,164
1739049843,162
1739049845,193
1739049849,234
1739049851,238
1739049855,252
1739049858,250
1739049861,242
1739049861,None
1739049867,252
1739049870,251
1739049873,248
1739049876,246
1739049879,252
1739049882,254
1739049885,249
1739049888,251
1739049891,251
1739049894,246
1739049897,251
1739049900,255
1739049903,251
1739049906,251
1739049910,247
1739049912,259
1739049916,251
1739049918,246
1739049922,256
1739049925,252
1739049927,367
1739049931,506
1739049934,490
1739049937,488
1739049940,287
1739049943,239
1739049947,240
1739049949,247
1739049952,243
1739049955,248
1739049958,241
1739049962,246
1739049964,238
1739049968,242
1739049970,235
1739049973,240
1739049977,233
1739049979,236
1739049982,234
1739049986,233
1739049988,228
1739049991,229
1739049995,234
1739049998,230
1739050001,239
1739050004,233
1739050007,232
1739050007,None
1739050013,240
1739050016,240
1739050019,243
1739050023,239
1739050026,241
1739050028,253
1739050031,252
1739050035,246
1739050037,245
1739050041,264
1739050044,277
1739050047,270
1739050050,274
1739050053,269
1739050056,275
1739050059,279
1739050062,270
1739050065,281
1739050068,275
1739050071,286
1739050074,285
1739050077,279
1739050080,288
1739050080,None
1739050086,285
1739050090,290
1739050092,289
1739050096,283
1739050099,282
1739050099,None
1739050104,275
1739050107,285
1739050111,293
1739050114,288
1739050117,403
1739050120,532
1739050123,533
1739050126,537
1739050129,525
1739050132,419
1739050135,278
1739050135,None
1739050141,295
1739050144,285
1739050147,289
1739050151,290
1739050153,282
1739050156,284
1739050159,286
1739050162,290
1739050166,286
1739050169,281
1739050172,290
1739050175,287
1739050178,284
1739050182,293
1739050184,296
1739050188,284
1739050190,292
1739050194,286
1739050196,282
1739050199,286
1739050202,293
1739050205,291
1739050208,291
1739050211,287
1739050215,280
1739050217,286
1739050220,287
1739050223,284
1739050223,None
1739050230,255
1739050233,207
1739050236,188
1739050239,175
1739050242,178
1739050245,181
1739050248,183
1739050251,187
1739050254,192
1739050258,309
1739050260,450
1739050263,454
1739050266,454
1739050270,458
1739050272,199
1739050275,183
1739050278,196
1739050278,None
1739050285,218
1739050287,229
1739050291,228
1739050294,215
1739050297,213
1739050300,212
1739050303,207
1739050306,214
1739050309,212
1739050312,209
1739050315,215
1739050318,209
1739050321,218
1739050324,207
1739050327,213
1739050330,211
1739050333,212
1739050336,212
1739050340,211
1739050342,211
1739050346,210
1739050348,213
1739050351,211
1739050355,206
1739050358,208
1739050358,None
1739050364,217
1739050367,210
1739050370,220
1739050373,217
1739050376,214
1739050379,215
1739050382,221
1739050385,217
1739050388,210
1739050391,225
1739050395,217
1739050397,208
1739050400,216
1739050404,223
1739050406,217
1739050410,215
1739050413,215
1739050416,223
1739050419,221
1739050422,220
1739050425,229
1739050428,233
1739050431,226
1739050434,222
1739050437,233
1739050440,227
1739050443,230
1739050446,234
1739050449,228
1739050452,230
1739050455,228
1739050458,228
1739050462,228
1739050465,229
1739050468,229
1739050470,232
1739050474,224
1739050476,239
1739050479,231
1739050483,222
1739050486,235
1739050489,229
1739050492,228
1739050495,235
1739050498,226
1739050501,236
1739050504,233
1739050507,230
1739050510,230
1739050513,226
1739050513,None
1739050513,None
1739050522,226
1739050525,233
1739050528,235
1739050532,227
1739050532,None
1739050538,232
1739050541,229
1739050543,226
1739050547,224
1739050550,233
1739050553,229
1739050556,219
1739050559,236
1739050562,228
1739050565,224
1739050568,227
1739050571,235
1739050574,225
1739050577,224
1739050580,226
1739050583,410
1739050586,482
1739050590,476
1739050592,469
1739050595,351
1739050595,None
1739050602,229
1739050604,230
1739050604,None
1739050611,231
1739050613,236
1739050617,229
1739050620,231
1739050624,224
1739050626,347
1739050629,494
1739050632,484
1739050635,477
1739050638,416
1739050641,224
1739050644,235
1739050647,225
1739050650,227
1739050653,228
1739050656,226
1739050659,232
1739050662,229
1739050666,228
1739050668,228
1739050672,227
1739050675,227
1739050677,232
1739050681,227
1739050684,237
1739050687,229
1739050690,232
1739050693,227
1739050696,229
1739050699,231
1739050702,229
1739050705,233
1739050708,225
1739050711,226
1739050714,227
1739050717,230
1739050720,231
1739050723,217
1739050727,229
1739050730,233
1739050732,227
1739050736,220
1739050738,233
1739050742,232
1739050745,224
1739050748,227
1739050751,232
1739050754,227
1739050754,None
1739050760,227
1739050763,230
1739050766,238
1739050769,227
1739050772,222
1739050775,235
1739050778,230
1739050782,225
1739050784,236
1739050787,224
1739050791,230
1739050793,231
1739050797,230
1739050799,233
1739050799,None
1739050806,225
1739050808,233
1739050812,190
1739050815,169
1739050818,168
1739050818,None
1739050824,174
1739050827,169
1739050830,169
1739050833,178
1739050836,175
1739050839,167
1739050843,163
1739050845,162
1739050848,161
1739050851,152
1739050855,142
1739050858,133
1739050861,139
1739050863,142
1739050867,135
1739050870,138
1739050872,144
1739050876,134
1739050879,135
1739050882,142
1739050885,137
1739050885,None
1739050891,134
1739050894,138
1739050897,137
1739050900,140
1739050903,135
1739050906,132
1739050909,143
1739050912,137
1739050915,133
1739050919,142
1739050921,140
1739050925,134
1739050928,136
1739050931,140
1739050934,137
1739050937,135
1739050940,140
1739050943,141
1739050946,134
1739050949,142
1739050952,162
1739050955,178
1739050958,175
1739050961,180
1739050964,264
1739050967,425
1739050970,421
1739050973,603
1739050973,None
1739050979,429
1739050982,424
1739050982,None
1739050988,181
1739050991,178
1739050994,177
1739050997,176
1739051000,172
1739051004,167
1739051007,156
1739051010,159
1739051010,None
1739051010,None
1739051019,152
1739051022,144
1739051025,139
1739051028,141
1739051031,133
1739051034,136
1739051037,128
1739051041,134
1739051043,127
1739051046,128
1739051049,133
1739051049,None
1739051056,164
1739051056,None
1739051062,177
1739051065,165
1739051068,159
1739051071,161
1739051074,154
1739051077,160
1739051080,156
1739051084,159
1739051086,155
1739051089,162
1739051093,157
1739051095,159
1739051099,158
1739051101,161
1739051104,164
1739051108,166
1739051110,165
1739051114,170
1739051117,169
1739051120,170
1739051123,172
1739051126,167
1739051129,160
1739051132,168
1739051135,156
1739051138,151
1739051141,148
1739051144,147
1739051147,146
1739051150,151
1739051153,143
1739051156,147
1739051160,145
1739051163,150
1739051165,146
1739051168,145
1739051172,144
1739051175,149
1739051178,148
1739051181,136
1739051184,149
1739051187,137
1739051190,142
1739051193,140
1739051197,144
1739051199,150
1739051202,140
1739051206,141
1739051208,142
1739051211,143
1739051215,134
1739051217,142
1739051221,136
1739051224,143
1739051226,143
1739051230,142
1739051233,147
1739051236,139
1739051239,144
1739051242,141
1739051245,140
1739051248,143
1739051248,None
1739051254,134
1739051257,143
1739051257,None
1739051263,136
1739051263,None
1739051270,144
1739051272,151
1739051276,147
1739051278,149
1739051282,150
1739051285,149
1739051288,147
1739051291,149
1739051294,146
1739051297,148
1739051300,152
1739051303,151
1739051306,149
1739051309,147
1739051312,153
1739051315,146
1739051318,147
1739051321,144
1739051324,149
1739051327,153
1739051327,None
1739051333,141
1739051336,142
1739051339,152
1739051342,147
1739051346,143
1739051348,141
1739051352,148
1739051355,140
1739051358,135
1739051361,137
1739051361,None
1739051361,None
1739051361,None
1739051373,397
1739051376,458
1739051379,632
1739051382,549
1739051385,398
1739051388,260
1739051388,None
1739051394,139
1739051397,150
1739051400,144
1739051400,None
1739051406,149
1739051409,150
1739051413,142
1739051415,149
1739051419,140
1739051422,147
1739051425,141
1739051428,152
1739051431,137
1739051434,147
1739051437,145
1739051440,140
1739051443,144
1739051446,139
1739051449,149
1739051452,140
1739051455,143
1739051458,138
1739051461,147
1739051464,146
1739051467,140
1739051471,142
1739051474,128
1739051476,142
1739051480,133
1739051483,135
1739051485,138
1739051489,133
1739051492,143
1739051492,None
1739051498,135
1739051501,135
1739051504,133
1739051507,131
1739051511,141
1739051513,132
1739051516,133
1739051519,140
1739051523,134
1739051526,128
1739051529,133
1739051533,132
1739051535,132
1739051538,142
1739051541,128
1739051544,136
1739051547,131
1739051550,137
1739051553,130
1739051556,132
1739051559,140
1739051562,138
1739051565,131
1739051568,133
1739051572,134
1739051575,135
1739051578,136
1739051580,135
1739051583,137
1739051587,135
1739051590,139
1739051593,139
1739051595,137
1739051599,142
1739051602,139
1739051605,137
1739051608,137
1739051611,134
1739051614,134
1739051617,138
1739051623,127
1739051624,130
1739051627,133
1739051631,122
1739051633,126
1739051637,138
1739051640,126
1739051642,125
1739051646,135
1739051649,126
1739051649,None
1739051655,130
1739051658,129
1739051661,132
1739051664,127
1739051667,124
1739051670,134
1739051673,142
1739051677,134
1739051679,213
1739051682,233
1739051685,241
1739051688,237
1739051692,226
1739051695,226
1739051697,219
1739051697,None
1739051704,222
1739051707,220
1739051710,222
1739051713,211
1739051716,441
1739051720,459
1739051722,456
1739051725,419
1739051728,200
1739051731,198
1739051734,205
1739051737,193
1739051740,196
1739051743,202
1739051747,200
1739051750,196
1739051752,191
1739051756,187
1739051759,203
1739051762,198
1739051765,190
1739051768,195
1739051771,195
1739051775,192
1739051775,None
1739051780,454
1739051783,453
1739051786,440
1739051790,295
1739051790,None
1739051796,187
1739051798,197
1739051801,192
1739051805,195
1739051805,None
1739051811,195
1739051814,197
1739051817,196
1739051820,192
1739051823,199
1739051823,None
1739051830,198
1739051832,187
1739051835,197
1739051838,208
1739051841,229
1739051844,219
1739051847,218
1739051851,222
1739051853,221
1739051857,227
1739051859,224
1739051863,220
1739051865,213
1739051869,222
1739051872,223
1739051875,232
1739051878,225
1739051881,226
1739051884,221
1739051887,221
1739051890,220
1739051893,221
1739051896,219
1739051899,224
1739051902,222
1739051906,216
1739051908,225
1739051912,216
1739051914,220
1739051917,215
1739051917,None
1739051924,194
1739051927,194
1739051930,198
1739051932,188
1739051935,195
1739051939,196
1739051942,196
1739051945,199
1739051948,191
1739051951,200
1739051954,192
1739051957,199
1739051960,194
1739051963,198
1739051966,194
1739051969,197
1739051973,193
1739051975,198
1739051978,192
1739051982,191
1739051985,193
1739051987,190
1739051991,193
1739051994,195
1739051997,190
1739052000,193
1739052003,195
1739052006,193
1739052009,191
1739052012,190
1739052015,193
1739052018,194
1739052021,194
1739052024,186
1739052027,195
1739052030,190
1739052033,195
1739052037,195
1739052039,184
1739052042,198
1739052046,192
1739052049,193
1739052051,190
1739052055,190
1739052058,308
1739052061,436
1739052064,444
1739052064,None
1739052064,None
1739052073,184
1739052077,192
1739052080,198
1739052082,191
1739052086,188
1739052088,194
1739052092,184
1739052094,188
1739052097,195
1739052101,196
1739052103,190
1739052107,191
1739052110,185
1739052113,194
1739052116,196
1739052119,199
1739052122,196
1739052125,190
1739052128,370
1739052131,453
1739052134,451
1739052137,450
1739052137,None
1739052143,199
1739052146,195
1739052146,None
1739052152,189
1739052152,None
1739052159,201
1739052162,191
1739052164,192
1739052167,199
1739052170,194
1739052173,189
1739052177,184
1739052180,189
1739052180,None
1739052186,203
1739052189,197
1739052192,194
1739052192,None
1739052198,197
1739052201,195
1739052204,195
1739052208,201
1739052208,None
1739052213,194
1739052216,199
1739052220,203
1739052220,None
1739052226,195
1739052228,209
1739052231,198
1739052235,201
1739052238,200
1739052238,None
1739052244,197
1739052247,203
1739052250,191
1739052253,196
1739052256,200
1739052259,213
1739052262,200
1739052265,198
1739052268,196
1739052272,196
1739052274,205
1739052277,198
1739052280,193
1739052283,194
1739052287,198
1739052289,208
1739052292,201
1739052296,192
1739052299,196
1739052299,None
1739052305,199
1739052308,192
1739052311,199
1739052314,198
1739052317,195
1739052320,187
1739052323,193
1739052323,None
1739052329,197
1739052332,191
1739052336,195
1739052338,189
1739052342,193
1739052345,194
1739052348,194
1739052350,191
1739052354,200
1739052357,192
1739052360,190
1739052363,191
1739052366,194
1739052369,198
1739052372,197
1739052375,195
1739052375,None
1739052381,196
1739052384,197
1739052387,197
1739052390,231
1739052390,None
1739052390,None
1739052399,430
1739052403,205
1739052405,180
1739052409,177
1739052411,183
1739052415,171
1739052418,181
1739052421,176
1739052424,172
1739052427,179
1739052430,179
1739052433,174
1739052436,175
1739052439,179
1739052442,178
1739052445,177
1739052448,173
1739052451,179
1739052454,189
1739052457,180
1739052460,177
1739052460,None
1739052466,182
1739052469,177
1739052472,185
1739052476,182
1739052479,182
1739052482,173
1739052485,188
1739052488,182
1739052491,179
1739052494,188
1739052497,179
1739052500,181
1739052503,182
1739052506,180
1739052509,176
1739052512,181
1739052515,175
1739052518,186
1739052521,173
1739052525,182
1739052527,176
1739052530,180
1739052534,180
1739052537,173
1739052540,178
1739052543,180
1739052546,178
1739052549,178
1739052552,185
1739052555,182
1739052558,174
1739052561,178
1739052564,173
1739052567,178
1739052567,None
1739052573,182
1739052577,401
1739052580,427
1739052582,430
1739052585,422
1739052585,None
1739052592,170
1739052595,177
1739052598,173
1739052601,177
1739052604,176
1739052607,172
1739052610,176
1739052613,179
1739052616,172
1739052619,185
1739052622,174
1739052622,None
1739052628,178
1739052632,177
1739052632,None
1739052637,175
1739052637,None
1739052643,175
1739052646,170
1739052646,None
1739052653,173
1739052656,176
1739052659,174
1739052659,None
1739052665,176
1739052665,None
1739052671,171
1739052674,177
1739052678,168
1739052680,178
1739052683,176
1739052686,173
1739052689,173
1739052692,169
1739052695,171
1739052695,None
1739052701,169
1739052704,171
1739052707,165
1739052710,177
1739052713,244
1739052716,412
1739052719,422
1739052723,414
1739052725,351
1739052729,172
1739052732,172
1739052735,170
1739052738,174
1739052741,170
1739052744,172
1739052747,167
1739052750,172
1739052753,172
1739052756,167
1739052759,169
1739052762,168
1739052765,169
1739052768,167
1739052771,176
1739052774,167
1739052778,169
1739052780,180
1739052780,None
1739052787,175
1739052789,173
1739052793,170
1739052796,171
1739052799,171
1739052802,172
1739052805,174
1739052808,176
1739052810,168
1739052814,175
1739052817,172
1739052820,169
1739052823,178
1739052826,172
1739052829,171
1739052832,172
1739052835,172
1739052838,166
1739052841,175
1739052844,169
1739052847,174
1739052850,169
1739052853,167
1739052857,172
1739052860,170
1739052862,170
1739052866,171
1739052868,167
1739052872,172
1739052875,167
1739052878,168
1739052881,176
1739052884,167
1739052887,171
1739052890,166
1739052893,169
1739052896,169
1739052899,171
1739052902,173
1739052905,174
1739052908,166
1739052911,177
1739052914,168
1739052917,173
1739052920,168
1739052923,169
1739052926,171
1739052930,171
1739052932,169
1739052936,172
1739052939,166
1739052942,174
1739052942,None
1739052948,167
1739052951,174
1739052954,167
1739052958,380
1739052960,428
1739052960,None
1739052966,423
1739052966,None
1739052972,174
1739052975,181
1739052978,173
1739052981,168
1739052985,163
1739052987,175
1739052990,167
1739052994,179
1739052997,167
1739053000,173
1739053002,172
1739053006,164
1739053009,174
1739053012,176
1739053015,173
1739053018,165
1739053021,168
1739053021,None
1739053027,169
1739053030,173
1739053033,173
1739053037,173
1739053040,176
1739053042,166
1739053042,None
1739053049,174
1739053051,169
1739053055,165
1739053058,171
1739053061,170
1739053064,165
1739053067,299
1739053070,419
1739053073,408
1739053073,None
1739053079,188
1739053079,None
1739053085,169
1739053088,166
1739053091,166
1739053094,161
1739053097,171
1739053100,161
1739053104,174
1739053107,165
1739053109,170
1739053109,None
1739053116,167
1739053118,164
1739053122,167
1739053125,166
1739053128,167
1739053131,159
1739053134,170
1739053137,166
1739053140,161
1739053143,163
1739053146,163
1739053146,None
1739053152,164
1739053155,163
1739053158,152
1739053161,163
1739053164,157
1739053167,161
1739053170,163
1739053173,160
1739053177,167
1739053179,164
1739053183,158
1739053183,None
1739053189,161
1739053192,159
1739053194,170
1739053194,None
1739053201,166
1739053204,162
1739053207,166
1739053210,170
1739053213,164
1739053216,165
1739053219,161
1739053222,168
1739053225,161
1739053228,167
1739053232,163
1739053234,169
1739053238,163
1739053241,165
1739053244,165
1739053247,165
1739053250,168
1739053252,166
1739053256,164
1739053256,None
1739053256,None
1739053265,168
1739053268,164
1739053271,163
1739053274,164
1739053278,166
1739053280,167
1739053283,165
1739053286,164
1739053289,173
1739053292,164
1739053296,160
1739053298,171
1739053301,163
1739053304,166
1739053307,169
1739053307,None
1739053314,161
1739053317,165
1739053320,169
1739053323,173
1739053326,178
1739053329,171
1739053332,182
1739053335,177
1739053338,175
1739053342,176
1739053344,175
1739053347,174
1739053350,175
1739053353,181
1739053357,178
1739053360,179
1739053360,None
1739053365,432
1739053368,421
1739053372,429
1739053375,251
1739053378,173
1739053381,174
1739053384,172
1739053387,179
1739053390,173
1739053393,182
1739053396,176
1739053396,None
1739053402,172
1739053405,180
1739053409,173
1739053412,173
1739053414,170
1739053418,175
1739053418,None
1739053423,177
1739053427,194
1739053430,199
1739053433,227
1739053436,436
1739053439,442
1739053439,None
1739053445,419
1739053448,312
1739053451,194
1739053454,207
1739053457,210
1739053460,197
1739053463,204
1739053466,193
1739053469,184
1739053472,174
1739053472,None
1739053478,174
1739053482,177
1739053485,174
1739053487,177
1739053490,174
1739053493,175
1739053497,175
1739053500,181
1739053503,175
1739053506,173
1739053509,177
1739053512,174
1739053515,184
1739053518,172
1739053521,175
1739053524,178
1739053527,176
1739053530,176
1739053534,175
1739053536,182
1739053539,178
1739053542,180
1739053545,175
1739053548,177
1739053551,170
1739053555,167
1739053557,173
1739053561,173
1739053563,172
1739053567,174
1739053570,175
1739053573,178
1739053576,180
1739053578,176
1739053582,175
1739053585,163
1739053588,175
1739053591,182
1739053594,174
1739053597,173
1739053600,174
1739053603,170
1739053607,179
1739053610,178
1739053613,176
1739053616,176
1739053618,180
1739053621,179
1739053621,None
1739053627,184
1739053631,173
1739053634,183
1739053637,178
1739053640,187
1739053643,185
1739053646,179
1739053649,181
1739053652,179
1739053655,173
1739053658,131
1739053661,121
1739053664,124
1739053667,123
1739053670,119
1739053670,None
1739053676,117
1739053679,128
1739053682,121
1739053685,130
1739053689,118
1739053691,122
1739053691,None
1739053691,None
1739053700,124
1739053704,118
1739053707,124
1739053710,119
1739053713,122
1739053717,116
1739053719,117
1739053722,116
1739053725,123
1739053728,117
1739053731,119
1739053734,119
1739053737,122
1739053741,117
1739053744,120
1739053746,126
1739053750,194
1739053753,387
1739053753,None
1739053759,387
1739053762,278
1739053766,138
1739053768,139
1739053771,136
1739053774,132
1739053777,138
1739053780,137
1739053783,130
1739053786,130
1739053789,135
1739053792,145
1739053795,135
1739053795,None
1739053801,137
1739053804,141
1739053808,137
1739053810,144
1739053814,135
1739053817,139
1739053820,140
1739053823,136
1739053826,134
1739053829,139
1739053832,131
1739053835,208
1739053838,384
1739053841,391
1739053844,388
1739053847,392
1739053851,179
1739053853,141
1739053856,140
1739053859,138
1739053862,142
1739053865,135
1739053869,135
1739053871,138
1739053875,138
1739053878,141
1739053881,139
1739053881,None
1739053887,140
1739053890,137
1739053893,136
1739053896,138
1739053896,None
1739053902,139
1739053905,133
1739053908,137
1739053911,141
1739053911,None
1739053918,139
1739053920,145
1739053923,132
1739053927,141
1739053929,137
1739053933,134
1739053935,139
1739053939,127
1739053942,136
1739053944,139
1739053948,135
1739053951,129
1739053951,None
1739053957,147
1739053961,134
1739053963,132
1739053963,None
1739053969,138
1739053972,135
1739053976,136
1739053978,137
1739053981,136
1739053984,136
1739053987,139
1739053991,130
1739053994,146
1739053996,139
1739053999,143
1739054002,136
1739054005,137
1739054009,133
1739054012,142
1739054015,137
1739054018,138
1739054021,143
1739054024,136
1739054027,138
1739054030,138
1739054033,140
1739054037,139
1739054039,140
1739054043,136
1739054045,140
1739054048,142
1739054051,142
1739054054,133
1739054057,141
1739054060,131
1739054063,140
1739054066,135
1739054069,135
1739054072,138
1739054076,135
1739054079,137
1739054082,141
1739054085,135
1739054088,144
1739054091,610
1739054094,945
1739054097,956
1739054100,950
1739054103,949
1739054106,958
1739054109,952
1739054112,951
1739054115,953
1739054118,949
1739054122,951
1739054124,948
1739054127,951
1739054131,997
1739054134,1192
1739054137,521
1739054139,1063
1739054143,1198
1739054146,953
1739054149,829
1739054152,305
1739054155,1256
1739054158,1247
1739054161,1244
1739054164,1243
1739054167,1236
1739054170,1244
1739054173,1244
1739054176,1236
1739054179,1237
1739054182,1237
1739054185,1238
1739054188,1236
1739054191,1247
1739054195,1237
1739054198,1234
1739054198,None
1739054198,None
1739054206,1238
1739054210,1235
1739054213,1239
1739054216,1231
1739054219,1246
1739054222,1262
1739054225,1482
1739054228,1487
1739054231,1481
1739054234,1482
1739054237,1260
1739054241,1240
1739054243,1234
1739054246,1238
1739054249,1242
1739054253,1236
1739054255,1242
1739054259,1239
1739054262,1231
1739054265,1237
1739054268,1233
1739054271,1231
1739054274,1234
1739054274,None
1739054280,1229
1739054283,1236
1739054286,1234
1739054289,1227
1739054292,1243
1739054295,1234
1739054295,None
1739054302,1235
1739054305,1242
1739054307,1241
1739054310,1237
1739054313,1237
1739054316,1230
1739054319,1234
1739054323,1224
1739054326,1233
1739054329,1239
1739054332,1237
1739054335,1236
1739054338,1236
1739054341,1245
1739054344,1240
1739054347,1237
1739054350,1232
1739054353,1238
1739054356,1239
1739054359,1230
1739054362,1231
1739054365,1229
1739054368,1236
1739054371,1232
1739054374,801
1739054378,156
1739054380,151
1739054383,154
1739054387,148
1739054389,156
1739054393,150
1739054396,148
1739054399,155
1739054402,162
1739054405,151
1739054408,148
1739054411,153
1739054414,151
1739054417,150
1739054420,148
1739054423,145
1739054426,148
1739054429,166
1739054432,152
1739054436,150
1739054438,150
1739054441,155
1739054444,153
1739054448,161
1739054448,None
1739054454,158
1739054457,156
1739054460,166
1739054463,164
1739054466,159
1739054469,153
1739054472,166
1739054475,152
1739054478,158
1739054481,165
1739054484,158
1739054487,156
1739054490,157
1739054493,163
1739054496,152
1739054496,None
1739054502,159
1739054505,161
1739054509,161
1739054512,208
1739054514,235
1739054518,254
1739054520,255
1739054524,258
1739054527,244
1739054530,248
1739054530,None
1739054536,494
1739054539,495
1739054542,960
1739054545,1151
1739054548,1016
1739054551,1019
1739054554,1012
1739054557,1026
1739054560,1013
1739054563,1010
1739054566,1016
1739054569,1002
1739054572,560
1739054575,222
1739054578,221
1739054578,None
1739054585,223
1739054587,223
1739054590,221
1739054594,214
1739054597,201
1739054600,201
1739054603,248
1739054606,449
1739054609,445
1739054612,444
1739054615,206
1739054618,196
1739054621,196
1739054624,199
1739054627,192
1739054630,198
1739054633,196
1739054633,None
1739054633,None
1739054642,191
1739054645,193
1739054648,200
1739054652,193
1739054654,194
1739054658,199
1739054661,194
1739054664,193
1739054667,193
1739054669,191
1739054673,198
1739054676,200
1739054679,190
1739054682,194
1739054685,205
1739054688,192
1739054691,194
1739054694,205
1739054697,195
1739054700,200
1739054703,198
1739054706,198
1739054709,194
1739054712,196
1739054715,198
1739054718,190
1739054721,198
1739054724,266
1739054728,1303
1739054730,1308
1739054734,1182
1739054737,1174
1739054740,1330
1739054743,1329
1739054746,1332
1739054749,1332
1739054752,1329
1739054755,1323
1739054758,1326
1739054761,1322
1739054764,1326
1739054767,1296
1739054770,1299
1739054773,1298
1739054776,1297
1739054779,1299
1739054782,1297
1739054786,1299
1739054788,1299
1739054791,1300
1739054794,1293
1739054794,None
1739054794,None
1739054804,1299
1739054807,1303
1739054809,1299
1739054813,1295
1739054816,1300
1739054816,None
1739054822,1290
1739054825,1299
1739054825,None
1739054831,1298
1739054834,1301
1739054838,1309
1739054840,1299
1739054843,1299
1739054847,1301
1739054849,1294
1739054853,1302
1739054855,1292
1739054858,1301
1739054862,1299
1739054865,1285
1739054868,1298
1739054871,1297
1739054871,None
1739054877,1300
1739054880,1305
1739054883,1298
1739054886,1290
1739054889,1296
1739054892,1289
1739054895,1302
1739054899,1293
1739054901,1289
1739054904,1294
1739054907,1295
1739054910,1296
1739054913,1365
1739054916,2570
1739054919,2600
1739054919,None
1739054926,2294
1739054929,2355
1739054931,2354
1739054934,2351
1739054938,2350
1739054941,2346
1739054944,2350
1739054948,2596
1739054950,2596
1739054953,2588
1739054956,2570
1739054959,2338
1739054963,2349
1739054965,2344
1739054968,2345
1739054971,2348
1739054974,2349
1739054977,2382
1739054977,None
1739054983,3703
1739054983,None
1739054989,3773
1739054992,3752
1739054996,3746
1739054999,3754
1739055002,3743
1739055005,3746
1739055008,3742
1739055011,3736
1739055014,3747
1739055017,3748
1739055020,3740
1739055023,3743
1739055026,3592
1739055026,None
1739055032,2352
1739055035,2351
1739055038,2346
1739055041,2362
1739055045,2349
1739055047,2349
1739055050,2346
1739055053,2351
1739055057,2348
1739055060,2335
1739055062,2345
1739055066,2336
1739055069,2338
1739055072,2338
1739055075,2337
1739055078,2341
1739055081,2345
1739055084,2349
1739055087,2353
1739055090,2347
1739055093,2338
1739055096,2347
1739055099,2336
1739055099,None
1739055099,None
1739055108,2344
1739055112,2343
1739055115,2345
1739055118,2342
1739055118,None
1739055123,2341
1739055127,2199
1739055130,2034
1739055133,2088
1739055136,2036
1739055139,2087
1739055142,2038
1739055145,2091
1739055148,2028
1739055151,1732
1739055154,977
1739055157,1045
1739055160,979
1739055164,933
1739055166,1086
1739055170,933
1739055170,None
1739055176,931
1739055176,None
1739055182,926
1739055185,1078
1739055188,935
1739055191,1084
1739055194,936
1739055197,1082
1739055200,928
1739055203,442
1739055206,209
1739055209,210
1739055209,None
1739055215,211
1739055218,208
1739055222,213
1739055225,205
1739055228,209
1739055228,None
1739055234,207
1739055237,216
1739055240,211
1739055240,None
1739055246,248
1739055249,229
1739055252,429
1739055255,482
1739055258,480
1739055261,471
1739055264,450
1739055267,206
1739055267,None
1739055273,206
1739055276,212
1739055280,210
1739055283,212
1739055286,210
1739055289,209
1739055291,214
1739055295,206
1739055298,210
1739055301,210
1739055304,211
1739055307,239
1739055310,222
1739055313,207
1739055316,210
1739055319,212
1739055322,374
1739055325,464
1739055328,462
1739055331,322
1739055335,213
1739055338,204
1739055340,216
1739055343,213
1739055343,None
1739055350,209
1739055353,211
1739055356,207
1739055359,214
1739055362,210
1739055365,212
1739055369,208
1739055371,213
1739055374,206
1739055377,215
1739055380,224
1739055383,222
1739055386,205
1739055389,205
1739055393,208
1739055395,212
1739055399,212
1739055401,212
1739055401,None
1739055408,216
1739055411,211
1739055414,205
1739055416,213
1739055416,None
1739055422,228
1739055426,237
1739055429,236
1739055432,252
1739055435,254
1739055435,None
1739055441,206
1739055444,217
1739055447,210
1739055450,206
1739055454,217
1739055456,209
1739055459,207
1739055463,219
1739055466,213
1739055469,208
1739055472,211
1739055474,209
1739055478,214
1739055481,211
1739055484,215
1739055487,212
1739055490,212
1739055493,204
1739055496,216
1739055499,208
1739055502,209
1739055505,208
1739055508,213
1739055511,207
1739055514,205
1739055517,211
1739055520,210
1739055523,215
1739055526,208
1739055529,207
1739055532,210
1739055536,212
1739055539,209
1739055542,211
1739055544,214
1739055548,211
1739055551,214
1739055554,207
1739055557,213
1739055560,201
1739055563,218
1739055566,209
1739055569,208
1739055572,216
1739055575,209
1739055578,211
1739055581,211
1739055584,217
1739055587,238
1739055590,237
1739055593,247
1739055596,225
1739055596,None
1739055602,238
1739055605,220
1739055605,None
1739055611,209
1739055615,203
1739055618,205
1739055621,214
1739055624,203
1739055627,204
1739055630,206
1739055633,270
1739055636,464
1739055639,472
1739055642,470
1739055645,398
1739055648,204
1739055651,207
1739055654,207
1739055657,207
1739055660,205
1739055663,240
1739055666,459
1739055669,464
1739055672,461
1739055675,339
1739055679,209
1739055682,209
1739055685,206
1739055688,208
1739055691,215
1739055691,None
1739055697,202
1739055700,207
1739055703,212
1739055706,213
1739055709,204
1739055712,205
1739055715,213
1739055718,209
1739055721,216
1739055724,216
1739055727,205
1739055730,205
1739055734,204
1739055736,199
1739055739,206
1739055743,201
1739055745,199
1739055749,204
1739055751,207
1739055754,209
1739055758,206
1739055758,None
1739055764,201
1739055766,194
1739055770,206
1739055773,205
1739055776,204
1739055779,207
1739055782,202
1739055785,204
1739055788,210
1739055791,210
1739055794,215
1739055797,209
1739055800,208
1739055803,203
1739055806,206
1739055809,222
1739055812,219
1739055816,213
1739055816,None
1739055821,207
1739055825,205
1739055828,231
1739055831,237
1739055833,231
1739055833,None
1739055833,None
1739055843,238
1739055846,229
1739055849,217
1739055852,207
1739055855,193
1739055858,238
1739055862,244
1739055864,238
1739055867,228
1739055870,222
1739055873,218
1739055876,211
1739055879,202
1739055882,198
1739055882,None
1739055889,228
1739055889,None
1739055895,231
1739055898,232
1739055901,226
1739055904,222
1739055907,222
1739055910,214
1739055913,223
1739055917,222
1739055919,218
1739055922,228
1739055925,219
1739055929,229
1739055932,223
1739055935,244
1739055937,250
1739055941,262
1739055944,256
1739055947,260
1739055950,255
1739055953,254
1739055956,250
1739055959,260
1739055959,None
1739055965,261
1739055968,252
1739055971,264
1739055975,257
1739055977,256
1739055980,232
1739055983,229
1739055986,225
1739055989,222
1739055992,215
1739055996,215
1739055999,205
1739056002,208
1739056005,338
1739056008,450
1739056011,447
1739056014,448
1739056017,386
1739056020,202
1739056023,202
1739056026,197
1739056029,204
1739056032,325
1739056035,461
1739056038,468
1739056041,475
1739056044,477
1739056047,486
1739056050,477
1739056054,485
1739056056,481
1739056060,480
1739056062,481
1739056066,482
1739056069,459
1739056071,455
1739056074,462
1739056078,458
1739056081,453
1739056084,455
1739056087,451
1739056090,445
1739056094,450
1739056096,456
1739056099,449
1739056102,447
1739056105,450
1739056108,462
1739056112,463
1739056114,465
1739056117,467
1739056121,470
1739056123,467
1739056127,464
1739056130,466
1739056130,None
1739056136,476
1739056139,460
1739056142,466
1739056142,None
1739056148,464
1739056151,480
1739056154,511
1739056157,497
1739056157,None
1739056163,480
1739056166,475
1739056169,486
1739056172,479
1739056175,443
1739056178,221
1739056181,219
1739056185,228
1739056188,212
1739056191,201
1739056194,199
1739056197,180
1739056200,176
1739056203,186
1739056206,179
1739056209,190
1739056213,179
1739056215,187
1739056218,184
1739056222,181
1739056225,180
1739056225,None
1739056230,181
1739056234,180
1739056236,184
1739056240,184
1739056243,178
1739056246,184
1739056249,178
1739056252,176
1739056255,183
1739056258,179
1739056262,180
1739056262,None
1739056267,180
1739056267,None
1739056273,181
1739056276,186
1739056280,184
1739056282,179
1739056286,184
1739056289,173
1739056292,184
1739056295,173
1739056298,182
1739056298,None
1739056304,184
1739056307,178
1739056310,180
1739056313,178
1739056316,176
1739056319,180
1739056322,179
1739056325,178
1739056328,183
1739056331,175
1739056334,187
1739056337,177
1739056341,178
1739056344,181
1739056346,179
1739056349,179
1739056352,174
1739056356,180
1739056359,178
1739056361,178
1739056364,171
1739056364,None
1739056371,180
1739056374,178
1739056377,178
1739056380,177
1739056383,181
1739056386,185
1739056389,366
1739056392,432
1739056395,434
1739056398,362
1739056401,178
1739056404,177
1739056407,183
1739056411,176
1739056413,177
1739056416,183
1739056419,177
1739056422,178
1739056426,397
1739056429,428
1739056431,432
1739056435,426
1739056438,435
1739056441,191
1739056443,180
1739056447,176
1739056447,None
1739056453,190
1739056457,201
1739056459,196
1739056462,200
1739056465,193
1739056468,202
1739056471,193
1739056471,None
1739056477,200
1739056480,194
1739056484,195
1739056486,195
1739056486,None
1739056493,192
1739056496,197
1739056499,190
1739056502,203
1739056505,190
1739056508,204
1739056511,190
1739056514,201
1739056517,195
1739056520,197
1739056523,198
1739056526,200
1739056529,196
1739056532,202
1739056536,203
1739056539,198
1739056541,193
1739056544,204
1739056547,197
1739056550,193
1739056553,198
1739056557,204
1739056560,194
1739056563,195
1739056566,201
1739056569,199
1739056572,201
1739056575,196
1739056578,200
1739056578,None
1739056584,197
1739056587,195
1739056591,205
1739056593,201
1739056596,197
1739056596,None
1739056602,203
1739056602,None
1739056609,193
1739056612,201
1739056614,204
1739056618,195
1739056620,199
1739056624,195
1739056627,196
1739056627,None
1739056633,203
1739056633,None
1739056639,201
1739056642,203
1739056642,None
1739056649,205
1739056651,196
1739056654,203
1739056657,201
1739056660,201
1739056663,199
1739056666,200
1739056669,204
1739056672,195
1739056675,204
1739056679,202
1739056681,200
1739056685,201
1739056688,195
1739056691,200
1739056694,292
1739056697,446
1739056700,444
1739056703,436
1739056706,199
1739056709,197
1739056712,198
1739056715,199
1739056718,192
1739056721,201
1739056724,194
1739056728,193
1739056731,205
1739056733,194
1739056737,191
1739056740,203
1739056743,194
1739056746,199
1739056749,206
1739056751,204
1739056755,195
1739056758,199
1739056761,199
1739056764,197
1739056767,201
1739056770,197
1739056770,None
1739056776,196
1739056779,204
1739056782,194
1739056785,204
1739056788,196
1739056791,194
1739056794,203
1739056797,303
1739056800,452
1739056804,449
1739056806,453
1739056810,378
1739056813,197
1739056815,191
1739056819,202
1739056822,193
1739056825,191
1739056828,200
1739056831,190
1739056834,201
1739056837,192
1739056840,182
1739056840,None
1739056846,178
1739056849,177
1739056852,179
1739056855,176
1739056858,178
1739056862,174
1739056864,178
1739056867,174
1739056870,182
1739056873,183
1739056877,180
1739056879,175
1739056883,179
1739056886,172
1739056889,183
1739056889,None
1739056889,None
1739056898,186
1739056901,174
1739056901,None
1739056907,174
1739056910,177
1739056913,181
1739056917,180
1739056919,174
1739056922,171
1739056926,168
1739056929,178
1739056931,187
1739056934,174
1739056934,None
1739056941,170
1739056943,176
1739056947,176
1739056950,175
1739056953,189
1739056956,181
1739056959,187
1739056959,None
1739056965,181
1739056968,186
1739056971,187
1739056974,178
1739056977,188
1739056980,181
1739056983,184
1739056986,182
1739056989,183
1739056992,186
1739056995,183
1739056998,318
1739057002,439
1739057005,434
1739057008,437
1739057011,361
1739057014,184
1739057017,188
1739057020,181
1739057023,181
1739057026,183
1739057029,185
1739057032,186
1739057035,179
1739057038,190
1739057041,180
1739057044,180
1739057048,186
1739057050,182
1739057054,185
1739057056,184
1739057059,185
1739057063,183
1739057066,185
1739057068,180
1739057072,185
1739057075,182
1739057077,181
1739057081,183
1739057081,None
1739057087,189
1739057090,180
1739057093,181
1739057096,187
1739057099,179
1739057102,180
1739057105,187
1739057108,180
1739057111,177
1739057114,183
1739057117,190
1739057120,184
1739057123,182
1739057126,176
1739057130,185
1739057133,185
1739057136,181
1739057139,177
1739057142,181
1739057145,174
1739057148,172
1739057151,348
1739057154,431
1739057157,424
1739057160,424
1739057163,281
1739057166,169
1739057169,184
1739057172,175
1739057176,175
1739057178,177
1739057181,171
1739057185,176
1739057187,171
1739057190,179
1739057194,173
1739057197,178
1739057199,176
1739057203,176
1739057206,176
1739057209,176
1739057212,180
1739057215,173
1739057218,184
1739057221,172
1739057224,179
1739057227,174
1739057231,175
1739057233,181
1739057237,175
1739057240,179
1739057243,174
1739057246,172
1739057249,177
1739057251,175
1739057255,174
1739057257,177
1739057261,169
1739057261,None
1739057261,None
1739057261,None
1739057273,177
1739057276,175
1739057279,182
1739057282,178
1739057282,None
1739057288,179
1739057291,180
1739057294,179
1739057298,180
1739057300,179
1739057300,None
1739057306,180
1739057310,186
1739057313,173
1739057315,180
1739057319,181
1739057322,179
1739057325,180
1739057328,185
1739057331,185
1739057331,None
1739057337,185
1739057340,174
1739057343,177
1739057346,184
1739057349,184
1739057349,None
1739057356,176
1739057358,176
1739057362,174
1739057364,180
1739057367,190
1739057370,187
1739057373,178
1739057377,176
1739057380,183
1739057383,182
1739057385,182
1739057389,174
1739057392,174
1739057395,176
1739057398,177
1739057401,175
1739057404,180
1739057406,174
1739057410,177
1739057413,171
1739057416,176
1739057419,174
1739057422,171
1739057426,173
1739057428,170
1739057431,174
1739057431,None
1739057437,417
1739057441,412
1739057443,414
1739057447,300
1739057449,167
1739057453,164
1739057456,167
1739057459,165
1739057462,165
1739057465,169
1739057468,165
1739057471,165
1739057474,217
1739057477,416
1739057480,413
1739057483,414
1739057487,187
1739057489,175
1739057492,184
1739057495,172
1739057498,174
1739057501,167
1739057504,172
1739057507,170
1739057510,172
1739057514,171
1739057517,169
1739057520,175
1739057523,172
1739057526,167
1739057529,171
1739057532,173
1739057535,166
1739057538,173
1739057538,None
1739057544,169
1739057547,167
1739057550,176
1739057553,169
1739057557,172
1739057559,177
1739057563,178
1739057565,174
1739057569,174
1739057569,None
1739057574,180
1739057578,176
1739057581,180
1739057581,None
1739057586,178
1739057590,181
1739057593,176
1739057596,176
1739057599,179
1739057602,169
1739057605,176
1739057608,174
1739057611,169
1739057614,174
1739057617,167
1739057620,176
1739057623,167
1739057627,172
1739057629,174
1739057632,167
1739057635,176
1739057638,167
1739057641,172
1739057644,169
1739057648,172
1739057651,171
1739057654,167
1739057657,170
1739057659,170
1739057663,174
1739057666,169
1739057669,170
1739057672,169
1739057675,167
1739057678,173
1739057681,171
1739057684,172
1739057687,167
1739057690,171
1739057693,175
1739057696,170
1739057699,173
1739057702,170
1739057705,169
1739057708,169
1739057711,172
1739057715,167
1739057718,172
1739057720,169
1739057724,172
1739057727,171
1739057730,165
1739057733,172
1739057736,168
1739057739,172
1739057742,170
1739057745,172
1739057748,169
1739057751,172
1739057754,168
1739057757,173
1739057757,None
1739057764,171
1739057766,171
1739057770,167
1739057773,172
1739057775,171
1739057779,168
1739057782,175
1739057785,176
1739057788,166
1739057788,None
1739057794,168
1739057797,168
1739057800,173
1739057800,None
1739057806,171
1739057809,174
1739057812,164
1739057815,172
1739057818,171
1739057822,170
1739057824,168
1739057828,176
1739057831,169
1739057833,174
1739057837,168
1739057840,171
1739057843,170
1739057843,None
1739057843,None
1739057852,424
1739057855,420
1739057858,319
1739057861,165
1739057865,172
1739057867,168
1739057870,170
1739057873,168
1739057876,172
1739057879,170
1739057883,169
1739057883,None
1739057889,168
1739057891,169
1739057894,162
1739057898,168
1739057901,163
1739057903,168
1739057907,164
1739057909,167
1739057913,167
1739057916,165
1739057919,169
1739057922,164
1739057925,169
1739057928,164
1739057931,169
1739057934,165
1739057937,164
1739057940,167
1739057943,162
1739057946,169
1739057949,162
1739057952,167
1739057955,165
1739057958,162
1739057961,171
1739057964,164
1739057964,None
1739057971,164
1739057974,164
1739057977,166
1739057980,164
1739057983,166
1739057986,164
1739057989,169
1739057992,165
1739057995,167
1739057998,167
1739058001,162
1739058004,164
1739058007,165
1739058010,167
1739058013,164
1739058016,166
1739058016,None
1739058022,164
1739058025,169
1739058028,163
1739058032,168
1739058035,166
1739058037,166
1739058037,None
1739058044,168
1739058047,164
1739058050,167
1739058053,173
1739058056,170
1739058059,171
1739058062,165
1739058062,None
1739058068,132
1739058071,113
1739058074,112
1739058077,108
1739058080,115
1739058083,109
1739058086,106
1739058089,117
1739058092,112
1739058095,108
1739058099,109
1739058102,108
1739058104,112
1739058107,112
1739058111,109
1739058113,110
1739058117,107
1739058120,110
1739058123,108
1739058127,105
1739058129,109
1739058132,107
1739058135,111
1739058138,105
1739058141,110
1739058144,108
1739058147,108
1739058150,112
1739058154,106
1739058156,113
1739058159,108
1739058163,110
1739058165,106
1739058168,111
1739058172,107
1739058175,110
1739058178,105
1739058181,110
1739058184,107
1739058187,105
1739058190,109
1739058194,106
1739058196,109
1739058199,107
1739058202,108
1739058205,105
1739058209,110
1739058211,107
1739058214,109
1739058217,108
1739058220,109
1739058223,110
1739058227,308
1739058230,363
1739058232,364
1739058236,361
1739058239,172
1739058242,110
1739058245,105
1739058248,112
1739058251,107
1739058254,104
1739058257,107
1739058260,105
1739058264,106
1739058266,103
1739058269,107
1739058269,None
1739058275,104
1739058278,104
1739058281,102
1739058285,108
1739058288,104
1739058291,109
1739058294,102
1739058297,109
1739058300,107
1739058303,106
1739058306,106
1739058309,108
1739058312,108
1739058315,103
1739058318,111
1739058321,106
1739058324,111
1739058327,107
1739058330,107
1739058333,108
1739058336,108
1739058339,110
1739058342,105
1739058345,108
1739058348,104
1739058351,111
1739058355,107
1739058357,102
1739058360,108
1739058360,None
1739058367,106
1739058370,103
1739058373,109
1739058375,103
1739058378,109
1739058382,101
1739058385,108
1739058388,103
1739058391,108
1739058394,106
1739058397,101
1739058400,110
1739058400,None
1739058407,104
1739058409,102
1739058409,None
1739058416,105
1739058418,104
1739058418,None
1739058424,108
1739058427,109
1739058430,104
1739058434,105
1739058437,103
1739058440,108
1739058443,108
1739058443,None
1739058449,104
1739058451,104
1739058455,111
1739058458,105
1739058461,105
1739058464,108
1739058467,112
1739058470,104
1739058473,112
1739058476,106
1739058479,104
1739058482,110
1739058485,102
1739058489,111
1739058491,104
1739058494,109
1739058497,105
1739058497,None
1739058503,105
1739058503,None
1739058503,None
1739058513,106
1739058516,107
1739058518,103
1739058522,106
1739058525,106
1739058528,107
1739058531,102
1739058534,105
1739058537,104
1739058540,105
1739058543,104
1739058546,105
1739058549,105
1739058552,105
1739058555,109
1739058558,103
1739058561,103
1739058564,112
1739058564,None
1739058564,None
1739058573,103
1739058576,108
1739058579,108
1739058583,109
1739058585,106
1739058589,99
1739058592,102
1739058595,113
1739058598,113
1739058601,108
1739058604,103
1739058607,103
1739058610,105
1739058610,None
1739058616,113
1739058619,105
1739058623,104
1739058625,111
1739058628,107
1739058631,105
1739058634,110
1739058634,None
1739058641,107
1739058643,109
1739058647,181
1739058650,364
1739058652,359
1739058656,366
1739058659,232
1739058662,108
1739058665,104
1739058665,None
1739058671,105
1739058671,None
1739058677,103
1739058680,109
1739058683,106
1739058686,109
1739058689,110
1739058692,108
1739058695,105
1739058698,103
1739058702,108
1739058705,109
1739058707,109
1739058711,107
1739058714,105
1739058717,108
1739058720,105
1739058723,108
1739058725,105
1739058729,107
1739058732,104
1739058735,107
1739058738,105
1739058741,106
1739058744,109
1739058747,104
1739058750,103
1739058753,110
1739058753,None
1739058759,105
1739058762,105
1739058765,106
1739058769,104
1739058771,108
1739058775,108
1739058778,103
1739058780,105
1739058784,110
1739058787,107
1739058790,103
1739058793,110
1739058796,107
1739058798,103
1739058802,110
1739058805,109
1739058805,None
1739058811,111
1739058811,None
1739058817,103
1739058820,112
1739058824,105
1739058826,109
1739058830,103
1739058832,103
1739058836,106
1739058839,105
1739058842,108
1739058845,104
1739058848,110
1739058851,109
1739058854,103
1739058857,109
1739058860,95
1739058860,None
1739058866,95
1739058869,100
1739058872,97
1739058875,102
1739058878,98
1739058881,96
1739058884,100
1739058888,93
1739058888,None
1739058888,None
1739058896,100
1739058900,101
1739058902,97
1739058905,100
1739058909,97
1739058909,None
1739058915,105
1739058918,95
1739058921,104
1739058924,105
1739058924,None
1739058930,183
1739058933,203
1739058936,211
1739058939,202
1739058942,197
1739058942,None
1739058948,189
1739058951,189
1739058955,189
1739058957,183
1739058960,186
1739058964,179
1739058967,181
1739058970,172
1739058973,177
1739058973,None
1739058979,171
1739058982,168
1739058982,None
1739058988,166
1739058991,166
1739058994,164
1739058998,159
1739059000,165
1739059003,163
1739059006,161
1739059009,164
1739059012,166
1739059015,162
1739059018,326
1739059021,415
1739059025,417
1739059027,397
1739059030,165
1739059034,159
1739059037,159
1739059040,161
1739059043,157
1739059043,None
1739059049,159
1739059051,162
1739059055,164
1739059058,159
1739059061,164
1739059064,158
1739059067,165
1739059070,162
1739059074,163
1739059076,159
1739059076,None
1739059082,157
1739059085,162
1739059089,159
1739059091,160
1739059095,157
1739059098,159
1739059101,159
1739059104,158
1739059106,157
1739059110,158
1739059113,159
1739059116,156
1739059119,160
1739059122,157
1739059125,159
1739059128,158
1739059131,158
1739059134,158
1739059137,159
1739059140,156
1739059144,156
1739059146,156
1739059149,161
1739059149,None
1739059155,160
1739059158,155
1739059161,158
1739059165,154
1739059165,None
1739059171,155
1739059174,155
1739059177,155
1739059179,152
1739059183,151
1739059186,154
1739059186,None
1739059192,148
1739059195,155
1739059198,151
1739059201,148
1739059204,152
1739059208,148
1739059210,150
1739059213,146
1739059217,152
1739059219,150
1739059223,153
1739059225,147
1739059228,149
1739059231,153
1739059235,154
1739059238,154
1739059241,152
1739059243,154
1739059247,152
1739059250,152
1739059253,152
1739059256,149
1739059259,153
1739059262,150
1739059265,155
1739059268,153
1739059271,156
1739059275,152
1739059277,151
1739059280,151
1739059283,152
1739059286,149
1739059289,155
1739059293,148
1739059295,153
1739059299,151
1739059302,150
1739059305,153
1739059305,None
1739059311,152
1739059314,158
1739059317,152
1739059320,151
1739059323,159
1739059326,156
1739059329,152
1739059333,150
1739059335,155
1739059338,157
1739059342,152
1739059345,152
1739059348,151
1739059351,160
1739059354,157
1739059357,154
1739059360,155
1739059360,None
1739059366,160
1739059369,161
1739059373,155
1739059375,153
1739059378,151
1739059381,159
1739059384,151
1739059387,151
1739059390,156
1739059393,192
1739059397,401
1739059399,405
1739059402,400
1739059406,342
1739059409,160
1739059412,157
1739059415,153
1739059417,157
1739059421,156
1739059424,155
1739059427,160
1739059430,155
1739059433,153
1739059436,157
1739059439,153
1739059442,155
1739059445,159
1739059448,154
1739059451,161
1739059454,156
1739059457,151
1739059461,153
1739059463,156
1739059467,161
1739059470,153
1739059472,158
1739059475,154
1739059479,159
1739059482,159
1739059485,160
1739059488,153
1739059491,160
1739059494,153
1739059497,158
1739059500,154
1739059503,157
1739059506,157
1739059509,161
1739059509,None
1739059516,157
1739059518,157
1739059521,156
1739059524,158
1739059527,160
1739059530,158
1739059534,158
1739059537,160
1739059540,160
1739059540,None
1739059546,157
1739059549,160
1739059551,160
1739059555,158
1739059558,161
1739059561,161
1739059564,160
1739059564,None
1739059570,160
1739059573,160
1739059576,158
1739059579,162
1739059582,162
1739059585,160
1739059588,164
1739059592,162
1739059594,156
1739059597,165
1739059601,159
1739059604,165
1739059606,159
1739059610,162
1739059613,160
1739059616,163
1739059619,160
1739059622,159
1739059626,162
1739059628,159
1739059631,161
1739059634,162
1739059637,157
1739059640,162
1739059643,163
1739059646,158
1739059649,160
1739059653,163
1739059653,None
1739059659,158
1739059662,164
1739059664,160
1739059668,161
1739059671,156
1739059674,158
1739059677,167
1739059680,160
1739059683,158
1739059686,159
1739059689,165
1739059692,165
1739059695,163
1739059698,158
1739059701,165
1739059704,158
1739059707,160
1739059710,163
1739059713,163
1739059716,158
1739059719,160
1739059722,168
1739059725,162
1739059729,160
1739059729,None
1739059734,160
1739059738,160
1739059741,167
1739059744,166
1739059747,159
1739059750,167
1739059752,161
1739059756,162
1739059759,162
1739059762,159
1739059765,164
1739059768,159
1739059771,166
1739059775,159
1739059777,163
1739059781,206
1739059783,427
1739059787,425
1739059790,422
1739059793,330
1739059796,158
1739059796,None
1739059802,164
1739059805,163
1739059808,159
1739059811,163
1739059814,164
1739059817,170
1739059820,160
1739059824,164
1739059827,161
1739059829,164
1739059833,162
1739059835,165
1739059838,164
1739059841,161
1739059844,166
1739059847,160
1739059850,160
1739059854,165
1739059857,159
1739059859,159
1739059863,166
1739059866,160
1739059869,161
1739059872,166
1739059875,162
1739059878,161
1739059881,164
1739059884,161
1739059887,162
1739059890,164
1739059893,164
1739059896,157
1739059900,164
1739059902,162
1739059902,None
1739059908,163
1739059912,165
1739059914,160
1739059917,162
1739059920,164
1739059924,162
1739059927,163
1739059930,163
1739059933,165
1739059933,None
1739059939,162
1739059942,162
1739059945,160
1739059948,166
1739059951,164
1739059954,159
1739059957,167
1739059960,164
1739059963,161
1739059966,165
1739059966,None
1739059973,164
1739059975,162
1739059978,166
1739059982,159
1739059984,163
1739059987,164
1739059991,159
1739059994,164
1739059997,159
1739060000,161
1739060003,166
1739060006,159
1739060009,159
1739060012,166
1739060015,159
1739060018,164
1739060021,161
1739060024,162
1739060024,None
1739060030,161
1739060030,None
1739060036,161
1739060039,161
1739060042,163
1739060045,162
1739060049,164
1739060052,162
1739060055,165
1739060058,162
1739060061,161
1739060064,165
1739060067,158
1739060070,163
1739060073,158
1739060076,163
1739060079,163
1739060079,None
1739060085,163
1739060088,158
1739060091,165
1739060094,158
1739060097,163
1739060100,159
1739060103,161
1739060107,161
1739060109,163
1739060112,159
1739060116,163
1739060119,163
1739060122,162
1739060125,158
1739060128,160
1739060131,158
1739060134,163
1739060137,158
1739060140,161
1739060143,159
1739060146,161
1739060149,159
1739060152,160
1739060155,163
1739060158,155
1739060161,161
1739060164,161
1739060168,155
1739060170,159
1739060173,163
1739060176,157
1739060180,157
1739060183,157
1739060186,162
1739060189,158
1739060192,155
1739060195,153
1739060199,166
1739060201,161
1739060204,381
1739060207,411
1739060210,419
1739060214,414
1739060217,160
1739060219,162
1739060223,159
1739060225,156
1739060229,161
1739060232,157
1739060235,162
1739060238,159
1739060241,163
1739060244,158
1739060247,164
1739060250,160
1739060253,159
1739060256,158
1739060259,162
1739060262,157
1739060266,160
1739060268,155
1739060271,159
1739060271,None
1739060277,160
1739060281,159
1739060284,159
1739060287,155
1739060290,158
1739060293,155
1739060296,156
1739060299,154
1739060302,158
1739060305,154
1739060308,160
1739060311,157
1739060314,155
1739060317,160
1739060320,154
1739060323,153
1739060327,161
1739060329,156
1739060332,158
1739060335,154
1739060338,160
1739060341,162
1739060345,157
1739060348,154
1739060350,163
1739060354,161
1739060357,154
1739060359,161
1739060363,156
1739060366,156
1739060368,159
1739060368,None
1739060375,154
1739060378,161
1739060381,158
1739060384,160
1739060387,161
1739060390,160
1739060393,157
1739060396,161
1739060399,156
1739060403,164
1739060403,None
1739060408,155
1739060412,162
1739060415,155
1739060418,159
1739060421,155
1739060424,159
1739060427,154
1739060430,156
1739060433,153
1739060436,160
1739060436,None
1739060443,160
1739060445,152
1739060448,157
1739060451,157
1739060454,161
1739060457,154
1739060460,160
1739060463,159
1739060467,157
1739060469,160
1739060472,156
1739060475,163
1739060479,157
1739060481,159
1739060485,159
1739060488,154
1739060490,163
1739060494,156
1739060497,158
1739060500,160
1739060503,156
1739060506,156
1739060509,158
1739060513,158
1739060515,154
1739060518,163
1739060521,154
1739060524,158
1739060528,162
1739060530,162
1739060533,154
1739060536,154
1739060539,161
1739060542,156
1739060545,155
1739060545,None
1739060545,None
1739060555,160
1739060555,None
1739060561,159
1739060564,152
1739060566,159
1739060570,155
1739060573,158
1739060576,158
1739060579,156
1739060582,156
1739060585,159
1739060588,156
1739060591,159
1739060594,159
1739060597,154
1739060600,157
1739060603,157
1739060607,155
1739060609,157
1739060612,151
1739060615,159
1739060619,155
1739060623,157
1739060625,159
1739060628,155
1739060628,None
1739060634,157
1739060637,263
1739060640,414
1739060643,415
1739060646,418
1739060649,378
1739060652,154
1739060655,160
1739060658,162
1739060662,153
1739060664,162
1739060668,156
1739060670,153
1739060673,160
1739060677,155
1739060680,157
1739060683,167
1739060686,166
1739060689,168
1739060692,162
1739060695,170
1739060698,163
1739060701,163
1739060704,164
1739060707,162
1739060710,165
1739060713,162
1739060717,165
1739060719,162
1739060722,167
1739060726,164
1739060728,167
1739060732,164
1739060735,168
1739060738,162
1739060741,165
1739060744,164
1739060747,166
1739060750,164
1739060753,166
1739060756,162
1739060759,165
1739060762,162
1739060765,167
1739060768,165
1739060771,170
1739060774,163
1739060777,169
1739060780,165
1739060784,164
1739060786,167
1739060790,163
1739060793,167
1739060796,165
1739060798,167
1739060802,163
1739060805,167
1739060808,167
1739060811,167
1739060814,164
1739060817,169
1739060820,161
1739060823,169
1739060826,162
1739060829,165
1739060829,None
1739060835,166
1739060838,166
1739060841,161
1739060844,166
1739060847,165
1739060850,162
1739060850,None
1739060857,166
1739060857,None
1739060863,167
1739060866,162
1739060866,None
1739060871,162
1739060875,163
1739060878,163
1739060881,162
1739060884,164
1739060887,162
1739060890,165
1739060893,164
1739060893,None
1739060899,163
1739060902,166
1739060905,163
1739060908,164
1739060911,166
1739060914,160
1739060917,163
1739060920,162
1739060923,169
1739060927,167
1739060929,162
1739060932,167
1739060935,162
1739060939,162
1739060942,168
1739060945,169
1739060948,165
1739060951,165
1739060954,170
1739060957,174
1739060960,164
1739060963,164
1739060963,None
1739060970,157
1739060972,110
1739060975,113
1739060978,108
1739060981,109
1739060984,105
1739060987,109
1739060990,109
1739060993,109
1739060997,107
1739060999,112
1739061003,109
1739061005,106
1739061008,111
1739061012,108
1739061015,106
1739061018,112
1739061021,346
1739061024,364
1739061027,367
1739061030,301
1739061033,107
1739061036,109
1739061039,109
1739061042,107
1739061045,109
1739061048,108
1739061048,None
1739061048,None
1739061057,108
1739061061,105
1739061063,106
1739061066,105
1739061069,105
1739061073,106
1739061076,108
1739061079,108
1739061082,106
1739061085,105
1739061088,105
1739061091,103
1739061094,108
1739061097,106
1739061100,105
1739061104,112
1739061106,105
1739061109,102
1739061112,109
1739061115,106
1739061119,106
1739061119,None
1739061125,105
1739061128,109
1739061131,111
1739061131,None
1739061137,109
1739061140,115
1739061143,105
1739061146,108
1739061149,110
1739061152,103
1739061155,110
1739061158,107
1739061161,106
1739061164,105
1739061167,114
1739061171,108
1739061173,107
1739061177,103
1739061180,109
1739061182,108
1739061185,105
1739061189,101
1739061192,107
1739061194,109
1739061198,104
1739061198,None
1739061204,106
1739061207,103
1739061210,109
1739061213,113
1739061216,104
1739061219,107
1739061222,109
1739061225,106
1739061228,105
1739061231,109
1739061234,107
1739061237,104
1739061240,109
1739061243,105
1739061247,106
1739061250,111
1739061253,104
1739061256,105
1739061259,111
1739061262,105
1739061265,107
1739061268,109
1739061271,106
1739061274,108
1739061277,103
1739061280,106
1739061283,105
1739061286,109
1739061289,107
1739061289,None
1739061296,103
1739061298,105
1739061301,108
1739061304,107
1739061308,112
1739061310,105
1739061313,110
1739061317,105
1739061320,108
1739061322,106
1739061326,113
1739061329,104
1739061331,109
1739061335,107
1739061338,107
1739061341,114
1739061344,108
1739061347,103
1739061350,106
1739061353,112
1739061356,108
1739061360,103
1739061362,103
1739061366,105
1739061368,111
1739061372,109
1739061372,None
1739061378,103
1739061380,101
1739061384,104
1739061387,108
1739061390,114
1739061390,None
1739061396,104
1739061399,104
1739061402,103
1739061405,101
1739061408,110
1739061411,156
1739061414,364
1739061417,359
1739061421,366
1739061421,None
1739061426,109
1739061429,104
1739061433,113
1739061435,107
1739061439,106
1739061442,110
1739061445,111
1739061448,107
1739061451,109
1739061454,109
1739061457,104
1739061460,109
1739061463,109
1739061466,108
1739061466,None
1739061466,None
1739061475,109
1739061478,105
1739061482,107
1739061484,110
1739061487,104
1739061491,109
1739061494,106
1739061497,102
1739061500,111
1739061502,105
1739061505,105
1739061505,None
1739061512,108
1739061515,104
1739061518,102
1739061521,104
1739061524,113
1739061527,107
1739061530,102
1739061530,None
1739061537,114
1739061540,107
1739061543,104
1739061546,108
1739061549,112
1739061552,107
1739061554,104
1739061558,110
1739061561,104
1739061564,104
1739061567,114
1739061570,108
1739061573,106
1739061576,107
1739061579,106
1739061582,109
1739061585,104
1739061588,109
1739061591,107
1739061594,106
1739061597,107
1739061600,106
1739061603,109
1739061606,108
1739061609,106
1739061613,104
1739061616,104
1739061619,109
1739061622,104
1739061625,109
1739061628,107
1739061631,108
1739061634,108
1739061637,106
1739061640,109
1739061643,105
1739061646,112
1739061649,104
1739061653,111
1739061655,106
1739061658,110
1739061662,108
1739061664,112
1739061668,98
1739061671,101
1739061674,99
1739061677,102
1739061680,98
1739061683,104
1739061683,None
1739061689,106
1739061692,99
1739061695,108
1739061698,97
1739061701,101
1739061704,97
1739061707,100
1739061710,99
1739061713,98
1739061716,101
1739061719,98
1739061722,105
1739061725,96
1739061728,102
1739061731,98
1739061734,103
1739061737,100
1739061740,101
1739061744,97
1739061747,104
1739061750,101
1739061753,99
1739061756,102
1739061760,101
1739061762,105
1739061765,100
1739061768,103
1739061771,98
1739061771,None
1739061777,100
1739061780,105
1739061784,96
1739061786,99
1739061789,98
1739061792,105
1739061796,99
1739061798,101
1739061801,101
1739061804,98
1739061807,99
1739061810,100
1739061814,98
1739061817,99
1739061820,98
1739061823,98
1739061826,94
1739061829,104
1739061832,102
1739061835,151
1739061838,437
1739061841,462
1739061845,460
1739061847,399
1739061850,192
1739061853,188
1739061853,None
1739061853,None
1739061863,183
1739061865,188
1739061868,179
1739061872,180
1739061875,175
1739061878,181
1739061881,170
1739061884,175
1739061887,171
1739061890,167
1739061893,168
1739061896,166
1739061899,168
1739061902,163
1739061905,168
1739061908,169
1739061911,165
1739061914,171
1739061917,162
1739061920,166
1739061923,163
1739061923,None
1739061929,169
1739061932,162
1739061935,158
1739061938,167
1739061941,163
1739061945,159
1739061948,166
1739061951,162
1739061951,None
1739061957,167
1739061960,161
1739061963,162
1739061966,162
1739061966,None
1739061972,166
1739061975,159
1739061978,162
1739061981,165
1739061984,161
1739061987,166
1739061990,166
1739061993,158
1739061997,163
1739061999,160
1739062002,161
1739062006,164
1739062009,159
1739062011,165
1739062015,163
1739062018,161
1739062021,164
1739062021,None
1739062027,160
1739062030,161
1739062033,159
1739062036,167
1739062040,162
1739062042,161
1739062046,166
1739062048,165
1739062051,161
1739062054,164
1739062058,167
1739062060,165
1739062063,161
1739062067,169
1739062070,166
1739062073,162
1739062076,168
1739062079,170
1739062082,166
1739062085,163
1739062088,170
1739062091,165
1739062094,161
1739062097,168
1739062100,167
1739062104,161
1739062106,168
1739062110,165
1739062112,161
1739062116,168
1739062119,162
1739062122,164
1739062125,165
1739062128,161
1739062131,162
1739062134,167
1739062137,165
1739062141,165
1739062143,162
1739062146,164
1739062149,165
1739062152,162
1739062155,163
1739062158,165
1739062161,165
1739062164,167
1739062167,161
1739062170,167
1739062174,163
1739062176,163
1739062180,165
1739062182,164
1739062185,165
1739062188,190
1739062192,200
1739062195,207
1739062198,203
1739062201,207
1739062204,206
1739062207,212
1739062210,205
1739062213,206
1739062216,215
1739062219,205
1739062222,205
1739062226,212
1739062228,206
1739062231,210
1739062234,208
1739062238,214
1739062241,209
1739062241,None
1739062247,213
1739062250,208
1739062253,321
1739062255,472
1739062259,467
1739062262,439
1739062265,212
1739062269,206
1739062271,206
1739062275,215
1739062278,209
1739062280,206
1739062283,215
1739062287,209
1739062289,210
1739062293,211
1739062296,209
1739062298,211
1739062302,208
1739062305,208
1739062308,211
1739062311,210
1739062314,209
1739062317,208
1739062320,215
1739062323,209
1739062326,206
1739062329,212
1739062332,206
1739062335,204
1739062338,215
1739062341,209
1739062344,212
1739062347,205
1739062350,212
1739062353,208
1739062356,207
1739062360,204
1739062362,216
1739062366,206
1739062368,206
1739062372,209
1739062375,207
1739062378,206
1739062381,211
1739062381,None
1739062387,210
1739062387,None
1739062393,213
1739062396,209
1739062399,208
1739062402,209
1739062405,207
1739062408,211
1739062411,208
1739062415,207
1739062417,207
1739062423,209
1739062424,210
1739062427,210
1739062431,208
1739062433,214
1739062436,207
1739062439,206
1739062442,212
1739062445,213
1739062448,211
1739062452,206
1739062454,216
1739062458,212
1739062460,206
1739062464,212
1739062467,212
1739062470,207
1739062473,214
1739062476,212
1739062479,209
1739062482,212
1739062485,206
1739062488,211
1739062491,207
1739062494,213
1739062497,212
1739062500,211
1739062503,209
1739062507,206
1739062509,213
1739062513,206
1739062515,211
1739062518,206
1739062518,None
1739062525,206
1739062528,208
1739062531,206
1739062534,212
1739062536,206
1739062540,211
1739062543,204
1739062546,209
1739062549,206
1739062552,210
1739062555,206
1739062559,209
1739062561,211
1739062565,206
1739062567,214
1739062570,209
1739062574,307
1739062577,470
1739062577,None
1739062583,462
1739062585,337
1739062589,213
1739062589,None
1739062595,216
1739062595,None
1739062601,207
1739062604,216
1739062604,None
1739062610,210
1739062613,207
1739062616,215
1739062620,211
1739062622,209
1739062625,206
1739062629,212
1739062632,211
1739062634,206
1739062637,213
1739062641,208
1739062644,210
1739062647,212
1739062650,206
1739062653,213
1739062656,208
1739062656,None
1739062662,207
1739062665,211
1739062669,208
1739062671,214
1739062674,208
1739062677,216
1739062680,206
1739062684,210
1739062686,208
1739062689,208
1739062693,209
1739062696,204
1739062699,211
1739062702,206
1739062705,206
1739062705,None
1739062711,204
1739062714,204
1739062717,211
1739062720,207
1739062723,206
1739062726,204
1739062729,204
1739062732,209
1739062735,214
1739062738,211
1739062741,208
1739062744,204
1739062747,207
1739062751,213
1739062753,207
1739062757,207
1739062759,202
1739062763,207
1739062765,209
1739062769,207
1739062772,206
1739062775,211
1739062778,207
1739062781,207
1739062784,207
1739062787,195
1739062790,185
1739062793,185
1739062797,175
1739062797,None
1739062797,None
1739062805,171
1739062805,None
1739062812,171
1739062815,169
1739062817,169
1739062821,163
1739062823,165
1739062827,165
1739062830,159
1739062833,163
1739062836,216
1739062839,258
1739062842,263
1739062845,256
1739062848,257
1739062851,253
1739062854,257
1739062857,254
1739062860,260
1739062863,255
1739062863,None
1739062869,256
1739062872,250
1739062876,250
1739062878,256
1739062882,250
1739062884,247
1739062888,251
1739062891,255
1739062894,248
1739062894,None
1739062894,None
1739062903,251
1739062906,249
1739062909,254
1739062912,251
1739062915,248
1739062918,250
1739062922,256
1739062924,250
1739062928,249
1739062931,256
1739062933,250
1739062937,250
1739062940,259
1739062943,251
1739062946,252
1739062949,254
1739062952,253
1739062955,256
1739062958,251
1739062961,258
1739062964,254
1739062967,253
1739062970,254
1739062973,252
1739062976,251
1739062979,250
1739062982,253
1739062985,250
1739062989,254
1739062992,248
1739062995,249
1739062998,252
1739063001,498
1739063004,506
1739063007,510
1739063010,506
1739063013,312
1739063016,251
1739063019,248
1739063022,255
1739063025,255
1739063028,252
1739063031,255
1739063034,252
1739063037,250
1739063041,258
1739063043,251
1739063047,256
1739063049,252
1739063053,257
1739063056,251
1739063058,254
1739063061,251
1739063065,252
1739063068,251
1739063071,247
1739063074,253
1739063077,250
1739063080,250
1739063083,258
1739063086,248
1739063090,248
1739063092,257
1739063095,252
1739063098,252
1739063101,251
1739063104,259
1739063104,None
1739063111,248
1739063113,254
1739063116,254
1739063120,247
1739063122,258
1739063126,252
1739063129,256
1739063131,250
1739063134,255
1739063138,252
1739063141,252
1739063144,255
1739063147,249
1739063150,252
1739063153,249
1739063156,254
1739063159,249
1739063162,255
1739063162,None
1739063168,252
1739063171,254
1739063174,252
1739063178,249
1739063180,249
1739063184,252
1739063187,246
1739063189,256
1739063193,247
1739063196,252
1739063199,249
1739063199,None
1739063205,254
1739063208,247
1739063211,248
1739063214,254
1739063217,249
1739063220,251
1739063223,254
1739063227,252
1739063229,249
1739063232,248
1739063236,252
1739063239,255
1739063242,248
1739063242,None
1739063247,247
1739063251,257
1739063254,255
1739063257,248
1739063260,249
1739063263,247
1739063266,253
1739063270,252
1739063272,249
1739063275,247
1739063278,247
1739063281,254
1739063285,252
1739063288,253
1739063291,254
1739063294,249
1739063297,253
1739063300,249
1739063303,245
1739063306,248
1739063309,243
1739063312,251
1739063315,247
1739063318,250
1739063321,249
1739063324,251
1739063327,249
1739063330,249
1739063333,255
1739063336,250
1739063339,253
1739063342,251
1739063345,253
1739063348,251
1739063351,253
1739063355,248
1739063358,253
1739063361,248
1739063364,248
1739063364,None
1739063370,250
1739063373,245
1739063376,252
1739063379,247
1739063382,250
1739063382,None
1739063388,248
1739063391,248
1739063394,246
1739063397,250
1739063401,245
1739063403,247
1739063406,247
1739063410,249
1739063412,246
1739063412,None
1739063418,246
1739063421,249
1739063424,398
1739063428,500
1739063431,501
1739063434,496
1739063437,394
1739063440,248
1739063443,249
1739063446,244
1739063446,None
1739063452,250
1739063455,248
1739063458,247
1739063461,246
1739063464,243
1739063467,250
1739063470,246
1739063473,246
1739063476,250
1739063479,248
1739063483,244
1739063486,247
1739063489,247
1739063489,None
1739063495,242
1739063498,253
1739063501,245
1739063504,243
1739063507,246
1739063510,248
1739063513,246
1739063513,None
1739063519,250
1739063522,244
1739063525,244
1739063528,249
1739063531,250
1739063531,None
1739063537,253
1739063540,244
1739063543,248
1739063547,506
1739063550,548
1739063552,654
1739063556,611
1739063559,588
1739063562,568
1739063565,563
1739063568,559
1739063571,627
1739063574,604
1739063577,586
1739063580,584
1739063583,572
1739063586,581
1739063590,627
1739063593,514
1739063596,319
1739063598,307
1739063601,282
1739063605,282
1739063608,282
1739063611,282
1739063614,282
1739063617,285
1739063620,287
1739063623,285
1739063626,284
1739063629,287
1739063632,391
1739063635,441
1739063638,436
1739063641,600
1739063644,820
1739063647,801
1739063651,789
1739063653,748
1739063657,659
1739063657,None
1739063662,667
1739063665,672
1739063669,547
1739063672,542
1739063675,543
1739063675,None
1739063681,586
1739063684,685
1739063687,678
1739063690,677
1739063693,675
1739063696,674
1739063699,690
1739063703,676
1739063705,674
1739063708,676
1739063711,677
1739063714,676
1739063717,680
1739063720,681
1739063724,682
1739063727,681
1739063727,None
1739063733,681
1739063735,676
1739063735,None
1739063742,677
1739063745,676
1739063748,677
1739063751,679
1739063754,556
1739063757,549
1739063760,551
1739063763,597
1739063766,698
1739063769,691
1739063772,693
1739063775,689
1739063778,694
1739063782,692
1739063784,688
1739063788,695
1739063790,689
1739063793,685
1739063796,693
1739063800,688
1739063802,683
1739063806,692
1739063809,639
1739063812,402
1739063815,303
1739063818,303
1739063821,306
1739063824,306
1739063827,408
1739063830,297
1739063833,304
1739063836,356
1739063839,459
1739063842,450
1739063845,444
1739063848,448
1739063851,444
1739063854,440
1739063857,438
1739063857,None
1739063863,432
1739063866,435
1739063869,440
1739063872,343
1739063876,300
1739063876,None
1739063882,298
1739063885,296
1739063888,399
1739063891,443
1739063894,446
1739063897,437
1739063900,435
1739063903,436
1739063906,432
1739063909,435
1739063912,428
1739063915,433
1739063919,428
1739063921,299
1739063924,297
1739063928,294
1739063931,343
1739063934,440
1739063934,None
1739063940,434
1739063943,348
1739063946,297
1739063949,437
1739063952,440
1739063955,434
1739063958,436
1739063958,None
1739063964,685
1739063968,596
1739063970,549
1739063973,516
1739063976,299
1739063979,450
1739063983,448
1739063986,397
1739063989,307
1739063992,445
1739063995,443
1739063998,438
1739064001,438
1739064004,435
1739064007,348
1739064010,295
1739064013,301
1739064016,297
1739064019,294
1739064022,451
1739064025,451
1739064025,None
1739064031,443
1739064034,435
1739064038,433
1739064040,432
1739064044,434
1739064047,430
1739064050,430
1739064053,352
1739064056,295
1739064059,294
1739064062,300
1739064065,296
1739064068,295
1739064071,455
1739064075,445
1739064077,439
1739064080,436
1739064080,None
1739064086,435
1739064089,432
1739064092,432
1739064096,432
1739064099,440
1739064102,349
1739064105,297
1739064107,296
1739064111,303
1739064114,301
1739064116,399
1739064120,447
1739064123,448
1739064126,441
1739064129,438
1739064132,442
1739064135,435
1739064138,433
1739064141,437
1739064144,351
1739064147,298
1739064150,302
1739064153,298
1739064157,404
1739064159,449
1739064163,398
1739064166,443
1739064169,444
1739064172,437
1739064175,440
1739064178,436
1739064181,348
1739064184,302
1739064187,300
1739064190,348
1739064193,450
1739064193,None
1739064199,440
1739064202,437
1739064206,297
1739064206,None
1739064211,345
1739064214,446
1739064214,None
1739064222,439
1739064224,438
1739064227,433
1739064227,None
1739064233,298
1739064236,299
1739064239,393
1739064242,439
1739064245,441
1739064248,300
1739064251,295
1739064255,436
1739064257,444
1739064260,436
1739064264,441
1739064267,259
1739064269,145
1739064273,153
1739064276,256
1739064279,308
1739064282,175
1739064285,204
1739064288,240
1739064291,297
1739064294,313
1739064297,218
1739064301,226
1739064303,276
1739064306,324
1739064309,414
1739064313,501
1739064316,597
1739064319,821
1739064322,916
1739064325,942
1739064328,969
1739064331,799
1739064334,771
1739064337,806
1739064340,836
1739064343,868
1739064346,877
1739064349,872
1739064353,870
1739064355,877
1739064355,None
1739064362,887
1739064365,899
1739064365,None
1739064371,924
1739064374,929
1739064377,943
1739064380,951
1739064383,963
1739064386,963
1739064389,974
1739064392,982
1739064395,987
1739064398,1003
1739064401,997
1739064404,1000
1739064408,1027
1739064411,1130
1739064413,1247
1739064417,1347
1739064420,1366
1739064423,1380
1739064425,1385
1739064428,1388
1739064428,None
1739064435,1404
1739064435,None
1739064441,1415
1739064444,1418
1739064447,1419
1739064450,1427
1739064453,1428
1739064456,1439
1739064459,1445
1739064462,1442
1739064465,1449
1739064468,1449
1739064471,1464
1739064474,1473
1739064478,1491
1739064480,1505
1739064483,1524
1739064487,1532
1739064489,1540
1739064493,1548
1739064495,1561
1739064498,1563
1739064502,1578
1739064505,1585
1739064508,1597
1739064511,1607
1739064511,None
1739064517,1622
1739064520,1635
1739064523,1643
1739064526,1655
1739064529,1820
1739064532,1888
1739064535,1898
1739064538,1919
1739064541,1921
1739064541,None
1739064547,1925
1739064550,1946
1739064554,1958
1739064554,None
1739064559,1988
1739064563,2021
1739064565,2064
1739064565,None
1739064572,2076
1739064575,2074
1739064578,2044
1739064578,None
1739064584,2009
1739064587,2025
1739064590,2020
1739064593,1913
1739064596,1911
1739064596,None
1739064602,1913
1739064605,1915
1739064609,1920
1739064612,1931
1739064614,1939
1739064617,1942
1739064621,1944
1739064624,1952
1739064627,1953
1739064630,1956
1739064633,1961
1739064636,1959
1739064639,1965
1739064642,1963
1739064645,1972
1739064648,1971
1739064651,1978
1739064655,1979
1739064655,None
1739064660,2241
1739064663,2244
1739064666,2240
1739064670,2024
1739064672,1989
1739064675,1987
1739064678,1986
1739064681,1985
1739064685,1988
1739064687,1986
1739064691,1988
1739064694,1987
1739064697,1993
1739064700,1990
1739064700,None
1739064706,1994
1739064709,1997
1739064712,1999
1739064712,None
1739064719,1951
1739064721,1840
1739064725,1838
1739064727,1835
1739064731,1836
1739064734,1831
1739064736,1829
1739064740,1828
1739064742,1819
1739064746,1822
1739064749,1826
1739064752,1822
1739064755,1831
1739064758,1816
1739064761,1725
1739064764,1724
1739064767,1724
1739064770,1721
1739064773,1719
1739064776,1716
1739064779,1722
1739064782,1715
1739064785,1717
1739064785,None
1739064791,1710
1739064794,1706
1739064798,1704
1739064801,1699
1739064804,1704
1739064807,1696
1739064810,1698
1739064813,1697
1739064817,1697
1739064819,1612
1739064822,1585
1739064825,1577
1739064828,1580
1739064831,1574
1739064834,1574
1739064837,1569
1739064840,1569
1739064843,1566
1739064846,1568
1739064849,1560
1739064852,1561
1739064856,1561
1739064858,1554
1739064861,1557
1739064864,1549
1739064867,1551
1739064871,1544
1739064874,1544
1739064877,1551
1739064880,1542
1739064880,None
1739064886,1539
1739064889,1545
1739064892,1543
1739064895,1538
1739064898,1507
1739064901,1419
1739064904,1387
1739064907,1387
1739064910,1386
1739064913,1374
1739064916,1366
1739064919,1366
1739064922,1370
1739064925,1357
1739064929,1358
1739064931,1351
1739064935,1351
1739064937,1356
1739064941,1353
1739064944,1350
1739064946,1343
1739064950,1340
1739064953,1348
1739064956,1335
1739064959,1335
1739064962,1341
1739064965,1333
1739064968,1333
1739064971,1334
1739064974,1337
1739064974,None
1739064981,1343
1739064984,1340
1739064986,1343
1739064989,1344
1739064993,1350
1739064995,1346
1739064999,1349
1739065002,1348
1739065002,None
1739065008,1347
1739065011,1348
1739065014,1408
1739065014,None
1739065020,1613
1739065020,None
1739065026,1531
1739065029,1358
1739065032,1348
1739065035,1351
1739065038,1341
1739065041,1346
1739065045,1350
1739065048,1344
1739065051,1338
1739065053,1342
1739065057,1336
1739065060,1337
1739065062,1336
1739065066,1346
1739065069,1337
1739065072,1337
1739065075,1336
1739065078,1344
1739065081,1345
1739065084,1343
1739065087,1342
1739065090,1350
1739065090,None
1739065096,1342
1739065099,1345
1739065102,1345
1739065105,1341
1739065108,1344
1739065111,1337
1739065111,None
1739065118,1344
1739065120,1335
1739065123,1344
1739065126,1335
1739065129,1334
1739065133,1328
1739065136,1332
1739065139,1371
1739065142,1426
1739065145,1426
1739065148,1429
1739065151,1432
1739065154,1437
1739065157,1440
1739065160,1441
1739065163,1441
1739065166,1448
1739065169,1448
1739065172,1454
1739065175,1452
1739065178,1458
1739065181,1458
1739065185,1464
1739065187,1463
1739065190,1465
1739065194,1472
1739065197,1470
1739065199,1467
1739065203,1471
1739065206,1473
1739065206,None
1739065212,1485
1739065215,1478
1739065218,1484
1739065221,1480
1739065224,1451
1739065227,1395
1739065230,1375
1739065233,1370
1739065236,1370
1739065239,1365
1739065242,1366
1739065245,1363
1739065248,1364
1739065252,1360
1739065254,1358
1739065257,1347
1739065261,1271
1739065264,1262
1739065267,1256
1739065267,None
1739065273,1253
1739065276,1250
1739065279,1246
1739065282,1245
1739065285,1243
1739065288,1247
1739065291,1240
1739065291,None
1739065297,1234
1739065297,None
1739065304,1157
1739065306,1147
1739065310,1148
1739065313,1150
1739065316,1144
1739065319,1142
1739065322,1146
1739065325,1138
1739065328,1144
1739065331,1137
1739065331,None
1739065337,1133
1739065337,None
1739065344,1135
1739065346,1134
1739065350,1141
1739065352,1132
1739065352,None
1739065359,1137
1739065361,1131
1739065365,1137
1739065368,1130
1739065371,1136
1739065374,1128
1739065377,1128
1739065380,1135
1739065383,1134
1739065386,1137
1739065389,1314
1739065389,None
1739065395,1395
1739065398,1395
1739065401,1217
1739065404,1138
1739065408,1144
1739065410,1142
1739065413,1139
1739065416,1137
1739065420,1105
1739065423,1055
1739065425,1038
1739065429,1034
1739065432,1037
1739065435,1030
1739065438,1026
1739065441,1028
1739065444,1026
1739065447,1022
1739065450,1021
1739065453,1015
1739065456,1018
1739065456,None
1739065456,None
1739065465,1008
1739065469,1012
1739065471,1009
1739065475,1010
1739065478,1014
1739065480,1007
1739065483,1016
1739065483,None
1739065490,1010
1739065493,1007
1739065496,1008
1739065499,1007
1739065502,1007
1739065505,1007
1739065508,1013
1739065511,1005
1739065514,1015
1739065518,1006
1739065521,1013
1739065523,1007
1739065526,1006
1739065530,1012
1739065533,1007
1739065536,1012
1739065539,995
1739065542,951
1739065544,920
1739065548,928
1739065551,922
1739065554,924
1739065554,None
1739065560,920
1739065560,None
1739065566,917
1739065569,916
1739065573,911
1739065576,915
1739065578,910
1739065581,914
1739065584,910
1739065587,915
1739065590,908
1739065593,914
1739065596,909
1739065600,913
1739065603,910
1739065606,910
1739065606,None
1739065612,910
1739065614,911
1739065618,910
1739065621,912
1739065624,909
1739065627,907
1739065630,913
1739065630,None
1739065630,None
1739065630,None
1739065643,907
1739065645,908
1739065645,None
1739065651,909
1739065655,906
1739065658,899
1739065661,850
1739065664,822
1739065667,826
1739065670,823
1739065673,824
1739065676,822
1739065679,817
1739065682,822
1739065685,818
1739065688,817
1739065691,818
1739065694,814
1739065698,815
1739065700,818
1739065704,811
1739065706,817
1739065709,813
1739065713,809
1739065715,816
1739065719,810
1739065722,814
1739065725,811
1739065728,815
1739065731,815
1739065734,814
1739065737,815
1739065740,814
1739065743,813
1739065746,815
1739065749,810
1739065752,815
1739065756,812
1739065758,811
1739065761,811
1739065764,808
1739065767,899
1739065770,1068
1739065774,1073
1739065777,1066
1739065780,956
1739065783,742
1739065786,740
1739065789,736
1739065792,736
1739065794,731
1739065798,737
1739065801,730
1739065804,727
1739065807,724
1739065807,None
1739065813,736
1739065816,742
1739065816,None
1739065816,None
1739065816,None
1739065828,722
1739065831,710
1739065834,710
1739065837,718
1739065840,714
1739065843,708
1739065843,None
1739065849,714
1739065853,717
1739065856,722
1739065859,718
1739065859,None
1739065865,723
1739065868,720
1739065871,728
1739065874,726
1739065877,722
1739065880,730
1739065883,727
1739065887,724
1739065889,725
1739065889,None
1739065895,734
1739065898,723
1739065901,681
1739065904,653
1739065908,655
1739065911,648
1739065913,648
1739065916,647
1739065920,646
1739065923,645
1739065925,649
1739065929,651
1739065932,652
1739065935,650
1739065938,650
1739065941,648
1739065941,None
1739065947,640
1739065950,642
1739065953,638
1739065953,None
1739065959,639
1739065962,637
1739065965,642
1739065968,646
1739065971,642
1739065975,640
1739065977,646
1739065980,642
1739065984,637
1739065987,641
1739065989,637
1739065993,634
1739065996,639
1739065996,None
1739066002,629
1739066005,635
1739066005,None
1739066011,632
1739066014,630
1739066017,633
1739066020,554
1739066023,682
1739066026,1833
1739066029,1829
1739066033,1806
1739066035,1796
1739066038,1782
1739066041,1785
1739066044,1771
1739066047,1770
1739066051,1761
1739066053,1761
1739066057,1753
1739066059,1758
1739066063,1756
1739066066,1750
1739066069,1753
1739066072,1748
1739066075,1752
1739066078,1747
1739066081,1747
1739066084,1740
1739066087,1743
1739066090,1747
1739066093,1766
1739066096,1885
1739066100,2992
1739066102,3119
1739066105,3125
1739066109,3117
1739066112,3115
1739066115,3121
1739066118,3119
1739066121,3115
1739066124,3124
1739066126,3119
1739066130,3121
1739066133,3119
1739066136,3120
1739066139,3162
1739066142,3223
1739066145,3242
1739066148,3239
1739066151,3246
1739066154,3246
1739066157,3251
1739066160,2709
1739066164,554
1739066166,551
1739066169,554
1739066173,559
1739066176,554
1739066179,612
1739066181,819
1739066185,824
1739066187,818
1739066191,825
1739066194,648
1739066197,568
1739066200,568
1739066203,567
1739066206,568
1739066209,567
1739066212,571
1739066215,566
1739066219,572
1739066221,574
1739066225,568
1739066228,579
1739066230,576
1739066233,570
1739066236,578
1739066239,573
1739066242,572
1739066246,581
1739066249,572
1739066252,577
1739066255,576
1739066258,574
1739066261,575
1739066264,574
1739066267,579
1739066270,572
1739066273,582
1739066276,572
1739066279,579
1739066282,577
1739066285,580
1739066288,577
1739066291,573
1739066294,578
1739066298,574
1739066301,574
1739066303,582
1739066307,574
1739066310,575
1739066312,577
1739066316,574
1739066319,574
1739066321,578
1739066325,574
1739066328,577
1739066331,579
1739066334,576
1739066337,582
1739066340,585
1739066343,582
1739066343,None
1739066349,584
1739066352,588
1739066355,579
1739066358,579
1739066361,577
1739066364,576
1739066364,None
1739066370,569
1739066373,568
1739066377,569
1739066379,569
1739066383,565
1739066385,566
1739066388,578
1739066392,560
1739066395,560
1739066398,555
1739066401,554
1739066404,557
1739066407,568
1739066407,None
1739066413,580
1739066416,567
1739066419,551
1739066422,551
1739066425,559
1739066429,549
1739066432,560
1739066434,547
1739066438,549
1739066440,549
1739066444,547
1739066447,556
1739066450,553
1739066453,551
1739066456,553
1739066459,554
1739066462,561
1739066465,557
1739066468,575
1739066471,571
1739066474,562
1739066477,574
1739066480,556
1739066483,557
1739066486,560
1739066489,568
1739066492,563
1739066495,567
1739066498,601
1739066501,622
1739066504,637
1739066507,651
1739066510,656
1739066513,669
1739066517,665
1739066520,656
1739066520,None
1739066526,655
1739066529,661
1739066532,658
1739066535,663
1739066539,659
1739066541,656
1739066544,662
1739066544,None
1739066550,658
1739066553,652
1739066556,661
1739066559,653
1739066563,653
1739066566,653
1739066568,662
1739066572,658
1739066575,656
1739066578,650
1739066581,655
1739066584,658
1739066587,655
1739066590,653
1739066593,662
1739066596,654
1739066599,653
1739066602,661
1739066605,659
1739066608,665
1739066608,None
1739066608,None
1739066617,660
1739066620,664
1739066623,660
1739066627,664
1739066629,663
1739066632,763
1739066635,924
1739066638,918
1739066642,923
1739066645,915
1739066648,657
1739066651,658
1739066654,659
1739066656,662
1739066660,657
1739066663,661
1739066666,659
1739066669,663
1739066672,661
1739066676,664
1739066678,663
1739066678,None
1739066685,669
1739066687,663
1739066691,660
1739066693,669
1739066697,665
1739066700,662
1739066702,673
1739066706,671
1739066709,662
1739066712,668
1739066715,669
1739066717,666
1739066721,659
1739066724,660
1739066727,656
1739066730,654
1739066733,660
1739066736,655
1739066739,655
1739066742,659
1739066745,654
1739066749,657
1739066751,661
1739066754,658
1739066757,655
1739066760,659
1739066764,656
1739066766,656
1739066769,655
1739066772,658
1739066776,660
1739066778,657
1739066781,656
1739066784,656
1739066787,659
1739066787,None
1739066794,660
1739066796,667
1739066800,663
1739066803,659
1739066806,668
1739066809,660
1739066812,661
1739066815,660
1739066818,666
1739066821,662
1739066824,659
1739066827,670
1739066830,665
1739066833,663
1739066836,661
1739066839,666
1739066843,670
1739066845,665
1739066849,665
1739066851,663
1739066854,668
1739066858,660
1739066861,661
1739066864,666
1739066867,662
1739066870,672
1739066873,666
1739066876,667
1739066879,668
1739066882,664
1739066885,667
1739066888,663
1739066892,672
1739066894,669
1739066897,673
1739066900,673
1739066904,670
1739066906,671
1739066909,673
1739066912,670
1739066916,673
1739066919,675
1739066921,678
1739066924,671
1739066928,670
1739066931,676
1739066934,669
1739066934,None
1739066940,672
1739066943,666
1739066946,664
1739066949,671
1739066952,668
1739066955,666
1739066958,671
1739066961,667
1739066964,670
1739066967,675
1739066971,668
1739066974,668
1739066977,668
1739066979,663
1739066983,667
1739066985,667
1739066988,664
1739066992,664
1739066995,668
1739066998,666
1739067001,669
1739067004,668
1739067007,664
1739067010,665
1739067010,None
1739067016,662
1739067019,669
1739067022,664
1739067025,666
1739067028,664
1739067031,663
1739067035,664
1739067038,667
1739067041,669
1739067043,666
1739067047,665
1739067050,661
1739067053,663
1739067056,663
1739067059,664
1739067062,797
1739067066,921
1739067068,928
1739067071,926
1739067071,None
1739067077,676
1739067080,674
1739067083,678
1739067086,671
1739067089,670
1739067092,667
1739067095,671
1739067098,667
1739067102,671
1739067105,667
1739067108,670
1739067111,669
1739067114,672
1739067117,666
1739067120,669
1739067123,678
1739067126,674
1739067129,677
1739067132,676
1739067135,680
1739067138,674
1739067141,681
1739067144,676
1739067147,680
1739067150,678
1739067153,677
1739067156,680
1739067159,675
1739067162,683
1739067165,677
1739067168,674
1739067171,681
1739067175,677
1739067178,678
1739067181,680
1739067184,672
1739067187,679
1739067190,678
1739067193,677
1739067196,676
1739067199,676
1739067202,677
1739067205,680
1739067208,683
1739067211,678
1739067214,686
1739067217,679
1739067220,682
1739067223,675
1739067226,673
1739067229,670
1739067232,669
1739067235,676
1739067238,672
1739067242,668
1739067245,673
1739067245,None
1739067251,668
1739067254,671
1739067257,667
1739067260,667
1739067262,677
1739067266,674
1739067269,666
1739067272,675
1739067275,675
1739067275,None
1739067281,666
1739067284,670
1739067287,674
1739067290,665
1739067294,670
1739067296,670
1739067300,663
1739067303,673
1739067306,670
1739067309,667
1739067312,664
1739067315,664
1739067318,660
1739067321,660
1739067324,663
1739067327,658
1739067330,661
1739067333,658
1739067336,662
1739067339,661
1739067342,661
1739067345,659
1739067348,658
1739067351,664
1739067354,659
1739067357,664
1739067360,660
1739067364,662
1739067364,None
1739067369,658
1739067372,663
1739067376,660
1739067379,646
1739067382,578
1739067382,None
1739067388,530
1739067391,530
1739067391,None
1739067397,524
1739067400,520
1739067403,517
1739067406,515
1739067409,515
1739067412,509
1739067415,513
1739067418,506
1739067421,510
1739067424,503
1739067428,507
1739067430,503
1739067433,501
1739067436,504
1739067439,497
1739067443,501
1739067445,504
1739067448,496
1739067452,499
1739067455,505
1739067458,499
1739067461,493
1739067464,499
1739067467,544
1739067470,720
1739067473,761
1739067473,None
1739067479,645
1739067482,498
1739067485,493
1739067488,492
1739067492,496
1739067494,490
1739067497,492
1739067500,482
1739067504,446
1739067506,452
1739067509,447
1739067512,443
1739067515,450
1739067519,439
1739067521,447
1739067524,442
1739067528,447
1739067530,442
1739067534,441
1739067537,437
1739067540,435
1739067540,None
1739067547,436
1739067549,432
1739067552,430
1739067555,428
1739067558,425
1739067561,429
1739067564,427
1739067567,432
1739067570,427
1739067574,431
1739067576,431
1739067579,427
1739067583,428
1739067586,426
1739067589,434
1739067592,433
1739067595,432
1739067598,435
1739067601,440
1739067604,435
1739067607,429
1739067610,432
1739067613,431
1739067616,432
1739067619,418
1739067622,404
1739067625,408
1739067628,405
1739067631,410
1739067634,406
1739067638,405
1739067641,412
1739067644,400
1739067647,408
1739067650,400
1739067653,405
1739067656,401
1739067659,402
1739067663,399
1739067665,397
1739067668,403
1739067671,399
1739067674,401
1739067678,403
1739067680,442
1739067683,439
1739067686,447
1739067686,None
1739067692,450
1739067696,444
1739067698,442
1739067702,449
1739067705,448
1739067705,None
1739067710,449
1739067710,None
1739067717,450
1739067720,451
1739067723,458
1739067726,455
1739067729,458
1739067732,452
1739067735,457
1739067738,449
1739067741,454
1739067744,453
1739067747,451
1739067750,455
1739067754,455
1739067756,453
1739067759,453
1739067763,459
1739067766,452
1739067769,450
1739067772,456
1739067775,452
1739067777,450
1739067781,449
1739067784,450
1739067787,447
1739067790,453
1739067793,447
1739067796,449
1739067796,None
1739067802,455
1739067805,448
1739067808,447
1739067811,447
1739067814,444
1739067817,454
1739067820,445
1739067824,453
1739067827,449
1739067829,448
1739067832,452
1739067835,457
1739067839,459
1739067841,451
1739067845,447
1739067848,455
1739067851,660
1739067854,705
1739067857,703
1739067860,668
1739067863,455
1739067866,449
1739067869,444
1739067872,448
1739067875,448
1739067878,451
1739067881,449
1739067884,451
1739067887,457
1739067891,452
1739067893,457
1739067896,446
1739067899,451
1739067903,446
1739067905,445
1739067908,452
1739067912,447
1739067914,451
1739067917,450
1739067921,450
1739067924,445
1739067927,447
1739067930,444
1739067933,450
1739067936,449
1739067939,443
1739067942,452
1739067945,447
1739067948,445
1739067951,452
1739067954,445
1739067957,451
1739067961,448
1739067963,449
1739067966,452
1739067970,455
1739067972,449
1739067975,441
1739067979,445
1739067981,451
1739067985,444
1739067987,446
1739067991,446
1739067993,457
1739067997,448
1739068000,451
1739068003,444
1739068006,451
1739068009,447
1739068012,446
1739068015,449
1739068018,442
1739068021,448
1739068024,451
1739068027,442
1739068031,449
1739068033,444
1739068036,449
1739068039,446
1739068042,444
1739068046,444
1739068049,442
1739068052,451
1739068055,442
1739068058,444
1739068061,442
1739068064,447
1739068067,444
1739068070,445
1739068073,444
1739068076,445
1739068079,447
1739068082,441
1739068086,447
1739068088,444
1739068092,443
1739068095,445
1739068098,438
1739068101,439
1739068103,448
1739068103,None
1739068110,442
1739068113,442
1739068116,447
1739068119,443
1739068122,443
1739068125,448
1739068125,None
1739068131,442
1739068134,444
1739068137,442
1739068141,441
1739068143,448
1739068147,444
1739068149,440
1739068153,449
1739068156,447
1739068159,440
1739068162,448
1739068165,448
1739068168,442
1739068171,440
1739068174,450
1739068177,447
1739068180,445
1739068183,440
1739068186,450
1739068189,444
1739068192,453
1739068195,455
1739068198,448
1739068201,448
1739068204,449
1739068208,449
1739068208,None
1739068208,None
1739068216,453
1739068216,None
1739068222,451
1739068226,451
1739068229,625
1739068232,713
1739068235,710
1739068238,716
1739068241,569
1739068244,453
1739068247,448
1739068250,448
1739068253,451
1739068256,448
1739068259,453
1739068262,447
1739068265,447
1739068268,451
1739068271,449
1739068274,456
1739068277,450
1739068280,452
1739068283,451
1739068287,448
1739068289,459
1739068293,456
1739068296,451
1739068298,456
1739068302,455
1739068305,450
1739068308,456
1739068311,450
1739068314,451
1739068317,455
1739068320,458
1739068323,446
1739068326,445
1739068330,457
1739068333,450
1739068333,None
1739068338,457
1739068342,451
1739068344,451
1739068347,454
1739068351,451
1739068353,449
1739068356,454
1739068356,None
1739068363,448
1739068366,457
1739068369,453
1739068372,455
1739068375,452
1739068378,450
1739068381,452
1739068384,450
1739068387,454
1739068390,452
1739068393,454
1739068396,448
1739068399,454
1739068403,447
1739068405,451
1739068408,447
1739068412,452
1739068414,447
1739068418,453
1739068421,450
1739068423,453
1739068423,None
1739068430,449
1739068433,456
1739068433,None
1739068439,452
1739068442,457
1739068445,450
1739068448,459
1739068451,460
1739068454,466
1739068454,None
1739068460,468
1739068463,464
1739068463,None
1739068469,381
1739068473,377
1739068476,375
1739068478,375
1739068482,375
1739068485,371
1739068487,375
1739068491,373
1739068494,373
1739068497,371
1739068500,367
1739068503,373
1739068506,368
1739068510,369
1739068512,369
1739068515,371
1739068518,372
1739068518,None
1739068524,377
1739068527,370
1739068530,370
1739068533,373
1739068536,373
1739068539,375
1739068543,373
1739068546,370
1739068546,None
1739068551,367
1739068555,364
1739068558,372
1739068561,368
1739068564,367
1739068567,370
1739068570,375
1739068573,365
1739068576,361
1739068579,364
1739068582,363
1739068585,362
1739068589,360
1739068592,363
1739068594,367
1739068598,364
1739068598,None
1739068604,366
1739068606,360
1739068610,356
1739068613,366
1739068616,362
1739068619,361
1739068619,None
1739068625,359
1739068628,362
1739068631,365
1739068634,363
1739068637,365
1739068640,368
1739068643,373
1739068647,365
1739068649,420
1739068649,None
1739068655,632
1739068659,630
1739068661,622
1739068665,368
1739068668,371
1739068671,365
1739068673,366
1739068677,366
1739068680,369
1739068683,369
1739068686,369
1739068689,367
1739068692,369
1739068695,369
1739068698,366
1739068701,368
1739068704,364
1739068707,362
1739068707,None
1739068714,367
1739068714,None
1739068719,362
1739068722,369
1739068726,365
1739068728,363
1739068732,366
1739068735,364
1739068738,371
1739068741,366
1739068744,367
1739068747,367
1739068750,364
1739068753,369
1739068756,365
1739068759,366
1739068762,369
1739068766,365
1739068766,None
1739068772,365
1739068775,370
1739068777,366
1739068780,369
1739068784,369
1739068786,366
1739068786,None
1739068793,368
1739068796,372
1739068799,368
1739068802,369
1739068805,371
1739068808,369
1739068811,374
1739068814,373
1739068814,None
1739068820,374
1739068820,None
1739068826,374
1739068829,368
1739068832,369
1739068835,368
1739068838,369
1739068838,None
1739068844,371
1739068847,370
1739068850,371
1739068853,373
1739068857,372
1739068860,375
1739068863,371
1739068866,376
1739068869,372
1739068872,376
1739068875,369
1739068878,376
1739068881,367
1739068884,372
1739068888,368
1739068890,372
1739068893,370
1739068897,370
1739068897,None
1739068902,368
1739068905,378
1739068905,None
1739068911,376
1739068914,376
1739068918,373
1739068920,374
1739068924,377
1739068927,374
1739068930,371
1739068933,371
1739068937,373
1739068939,368
1739068942,374
1739068945,369
1739068948,378
1739068951,371
1739068954,373
1739068957,366
1739068960,372
1739068963,367
1739068966,377
1739068969,374
1739068972,375
1739068975,376
1739068978,371
1739068982,369
1739068984,367
1739068984,None
1739068991,366
1739068991,None
1739068997,367
1739069000,367
1739069003,367
1739069006,368
1739069009,369
1739069012,368
1739069015,368
1739069018,373
1739069021,378
1739069024,368
1739069027,367
1739069030,368
1739069033,369
1739069037,368
1739069039,369
1739069043,366
1739069045,365
1739069049,367
1739069052,471
1739069055,631
1739069059,628
1739069061,629
1739069064,629
1739069064,None
1739069070,366
1739069073,365
1739069076,365
1739069080,364
1739069082,364
1739069085,364
1739069088,364
1739069088,None
1739069094,366
1739069097,367
1739069100,367
1739069104,367
1739069106,368
1739069110,365
1739069113,365
1739069115,365
1739069119,364
1739069121,364
1739069125,363
1739069128,363
1739069131,365
1739069131,None
1739069137,367
1739069140,367
1739069143,367
1739069146,364
1739069149,364
1739069152,364
1739069155,365
1739069158,366
1739069162,368
1739069164,367
1739069167,365
1739069170,368
1739069174,368
1739069177,367
1739069180,371
1739069183,370
1739069186,366
1739069189,365
1739069192,364
1739069195,364
1739069198,363
1739069201,363
1739069204,362
1739069207,363
1739069210,363
1739069213,363
1739069216,362
1739069219,363
1739069223,364
1739069225,364
1739069229,363
1739069232,363
1739069235,362
1739069238,369
1739069241,370
1739069244,372
1739069247,372
1739069250,372
1739069253,372
1739069256,372
1739069259,372
1739069262,370
1739069265,416
1739069268,628
1739069271,627
1739069274,630
1739069277,630
1739069280,631
1739069280,None
1739069287,630
1739069290,630
1739069292,630
1739069296,632
1739069299,632
1739069302,630
1739069305,629
1739069308,629
1739069311,625
1739069314,627
1739069317,626
1739069321,626
1739069323,625
1739069326,625
1739069329,629
1739069332,630
1739069332,None
1739069338,626
1739069341,627
1739069341,None
1739069348,541
1739069348,None
1739069354,366
1739069357,365
1739069360,360
1739069363,360
1739069366,361
1739069369,360
1739069372,362
1739069375,360
1739069378,358
1739069378,None
1739069384,352
1739069387,352
1739069390,351
1739069393,352
1739069396,358
1739069399,359
1739069402,419
1739069405,457
1739069408,460
1739069412,466
1739069415,457
1739069418,454
1739069421,449
1739069421,None
1739069427,455
1739069430,451
1739069433,450
1739069436,443
1739069439,440
1739069442,442
1739069445,439
1739069448,436
1739069451,431
1739069454,435
1739069457,426
1739069460,426
1739069464,424
1739069466,417
1739069470,415
1739069473,416
1739069473,None
1739069479,421
1739069482,415
1739069485,414
1739069488,415
1739069491,424
1739069494,426
1739069498,417
1739069500,419
1739069503,424
1739069506,420
1739069510,422
1739069513,440
1739069515,450
1739069519,448
1739069522,436
1739069524,460
1739069528,607
1739069531,1797
1739069533,1859
1739069537,1862
1739069540,1855
1739069543,1858
1739069546,1860
1739069549,1853
1739069552,1855
1739069555,1849
1739069558,1858
1739069562,1851
1739069565,1853
1739069567,1847
1739069571,1846
1739069571,None
1739069577,1848
1739069580,1843
1739069582,1844
1739069582,None
1739069589,1847
1739069592,1842
1739069595,767
1739069598,422
1739069601,432
1739069604,425
1739069607,427
1739069611,422
1739069614,427
1739069616,428
1739069619,424
1739069619,None
1739069626,422
1739069628,425
1739069632,425
1739069635,419
1739069638,427
1739069641,423
1739069644,430
1739069647,433
1739069650,445
1739069653,442
1739069657,445
1739069659,441
1739069662,443
1739069665,441
1739069668,444
1739069671,643
1739069671,None
1739069678,694
1739069680,688
1739069683,683
1739069687,515
1739069690,423
1739069693,421
1739069696,429
1739069699,426
1739069702,424
1739069705,422
1739069705,None
1739069711,434
1739069714,425
1739069718,427
1739069720,426
1739069724,427
1739069727,428
1739069729,437
1739069733,434
1739069736,428
1739069739,428
1739069742,430
1739069745,431
1739069748,435
1739069751,517
1739069754,1651
1739069757,1852
1739069761,1850
1739069763,1848
1739069766,1851
1739069769,1848
1739069773,1851
1739069776,1005
1739069779,458
1739069782,461
1739069785,456
1739069788,454
1739069791,452
1739069794,453
1739069797,449
1739069800,447
1739069803,445
1739069806,421
1739069809,428
1739069812,421
1739069815,429
1739069818,424
1739069822,433
1739069824,433
1739069827,432
1739069830,437
1739069833,431
1739069837,432
1739069839,434
1739069843,436
1739069846,455
1739069848,458
1739069852,448
1739069855,422
1739069858,434
1739069861,430
1739069864,429
1739069867,431
1739069870,435
1739069873,1140
1739069876,1810
1739069879,1801
1739069883,1791
1739069886,1789
1739069888,1790
1739069891,1793
1739069894,1778
1739069898,1777
1739069900,1777
1739069904,1777
1739069907,1770
1739069909,1777
1739069913,1776
1739069916,1782
1739069919,1774
1739069922,1774
1739069925,1766
1739069928,1775
1739069931,1766
1739069934,1767
1739069937,1770
1739069940,1770
1739069943,1767
1739069946,1769
1739069949,1775
1739069952,1766
1739069955,1771
1739069959,1764
1739069961,1756
1739069964,1756
1739069967,1761
1739069970,1772
1739069973,1763
1739069973,None
1739069979,1762
1739069982,1764
1739069985,1757
1739069988,1758
1739069992,1754
1739069994,1765
1739069994,None
1739070001,1759
1739070004,1755
1739070007,1751
1739070010,1757
1739070013,1755
1739070016,1752
1739070019,1752
1739070022,1749
1739070025,1750
1739070028,1892
1739070031,2020
1739070034,2026
1739070037,2025
1739070041,1866
1739070044,1757
1739070047,1758
1739070050,1766
1739070053,1762
1739070056,1759
1739070059,472
1739070062,423
1739070065,432
1739070068,424
1739070068,None
1739070074,455
1739070077,451
1739070081,423
1739070083,429
1739070086,428
1739070089,429
1739070092,431
1739070096,426
1739070099,425
1739070101,435
1739070104,425
1739070108,430
1739070111,427
1739070114,428
1739070117,436
1739070120,429
1739070123,430
1739070126,430
1739070129,436
1739070132,431
1739070135,429
1739070138,430
1739070141,431
1739070144,431
1739070147,428
1739070151,429
1739070154,435
1739070157,428
1739070159,429
1739070163,427
1739070165,428
1739070169,429
1739070171,443
1739070174,451
1739070178,435
1739070181,424
1739070184,423
1739070187,433
1739070190,425
1739070192,428
1739070196,427
1739070199,427
1739070202,427
1739070205,435
1739070208,433
1739070211,431
1739070214,435
1739070217,432
1739070220,430
1739070224,426
1739070226,430
1739070226,None
1739070232,435
1739070232,None
1739070239,428
1739070241,431
1739070245,427
1739070245,None
1739070251,435
1739070254,430
1739070257,427
1739070260,429
1739070263,431
1739070266,426
1739070269,429
1739070272,432
1739070275,435
1739070278,429
1739070282,437
1739070285,434
1739070288,431
1739070290,436
1739070293,429
1739070296,435
1739070300,429
1739070303,433
1739070306,431
1739070309,433
1739070312,442
1739070315,440
1739070318,436
1739070321,439
1739070324,434
1739070327,440
1739070330,436
1739070333,442
1739070337,436
1739070339,435
1739070342,434
1739070345,433
1739070348,484
1739070351,655
1739070354,690
1739070357,695
1739070361,690
1739070363,433
1739070367,436
1739070370,433
1739070373,436
1739070376,432
1739070379,429
1739070382,430
1739070385,433
1739070388,432
1739070391,431
1739070395,432
1739070397,430
1739070401,433
1739070403,430
1739070406,426
1739070409,434
1739070413,430
1739070416,428
1739070418,429
1739070421,426
1739070424,432
1739070428,423
1739070430,422
1739070434,430
1739070437,424
1739070440,425
1739070443,422
1739070446,427
1739070446,None
1739070452,424
1739070455,423
1739070458,425
1739070461,433
1739070464,426
1739070468,424
1739070470,423
1739070474,431
1739070477,431
1739070480,426
1739070483,431
1739070486,424
1739070488,431
1739070492,431
1739070495,429
1739070498,430
1739070498,None
1739070504,422
1739070507,425
1739070510,435
1739070514,430
1739070517,426
1739070519,425
1739070522,428
1739070525,434
1739070528,430
1739070528,None
1739070535,425
1739070537,431
1739070541,426
1739070544,425
1739070547,426
1739070550,428
1739070553,424
1739070556,429
1739070560,424
1739070562,426
1739070565,431
1739070569,426
1739070571,431
1739070574,426
1739070577,431
1739070580,426
1739070583,433
1739070587,429
1739070590,431
1739070593,426
1739070596,431
1739070599,424
1739070602,431
1739070605,427
1739070608,429
1739070611,430
1739070614,425
1739070614,None
1739070621,426
1739070621,None
1739070626,430
1739070629,425
1739070632,428
1739070636,427
1739070638,430
1739070642,428
1739070645,427
1739070648,428
1739070651,429
1739070654,428
1739070657,426
1739070657,None
1739070663,432
1739070666,429
1739070669,427
1739070672,437
1739070675,429
1739070678,430
1739070681,426
1739070685,427
1739070687,426
1739070690,434
1739070694,438
1739070697,430
1739070700,426
1739070702,427
1739070706,430
1739070709,432
1739070712,428
1739070715,425
1739070718,428
1739070721,461
1739070724,691
1739070727,690
1739070730,694
1739070733,689
1739070736,451
1739070739,426
1739070742,431
1739070745,425
1739070748,426
1739070751,430
1739070754,427
1739070757,432
1739070760,431
1739070763,430
1739070766,428
1739070769,425
1739070773,430
1739070773,None
1739070779,438
1739070781,432
1739070785,437
1739070788,430
1739070791,435
1739070794,433
1739070797,425
1739070800,433
1739070803,430
1739070803,None
1739070809,436
1739070812,432
1739070815,430
1739070818,430
1739070821,425
1739070824,425
1739070827,425
1739070830,434
1739070833,426
1739070836,425
1739070840,425
1739070843,431
1739070845,429
1739070849,426
1739070851,427
1739070855,432
1739070858,439
1739070861,456
1739070864,462
1739070867,457
1739070867,None
1739070873,459
1739070876,458
1739070879,463
1739070879,None
1739070879,None
1739070888,457
1739070888,None
1739070894,459
1739070898,464
1739070900,461
1739070903,460
1739070903,None
1739070910,466
1739070913,457
1739070916,464
1739070919,461
1739070922,457
1739070924,466
1739070928,463
1739070931,457
1739070934,462
1739070937,461
1739070940,455
1739070943,456
1739070946,460
1739070949,463
1739070952,457
1739070955,456
1739070959,457
1739070961,463
1739070964,456
1739070964,None
1739070970,454
1739070974,461
1739070977,456
1739070980,455
1739070983,461
1739070986,455
1739070989,452
1739070992,461
1739070992,None
1739070998,454
1739071001,456
1739071004,459
1739071007,453
1739071010,454
1739071010,None
1739071010,None
1739071019,457
1739071022,462
1739071026,455
1739071026,None
1739071032,456
1739071034,458
1739071038,457
1739071041,459
1739071044,461
1739071046,456
1739071050,460
1739071053,456
1739071056,461
1739071059,458
1739071062,461
1739071065,455
1739071068,456
1739071071,454
1739071074,455
1739071074,None
1739071074,None
1739071083,457
1739071087,454
1739071090,459
1739071090,None
1739071096,454
1739071098,459
1739071102,453
1739071105,459
1739071105,None
1739071111,456
1739071114,460
1739071117,453
1739071120,458
1739071123,456
1739071126,458
1739071130,458
1739071132,457
1739071135,454
1739071138,694
1739071142,728
1739071144,723
1739071147,677
1739071151,463
1739071153,461
1739071156,460
1739071159,455
1739071159,None
1739071165,455
1739071169,458
1739071172,454
1739071175,458
1739071178,454
1739071178,None
1739071184,456
1739071187,463
1739071190,453
1739071193,457
1739071196,455
1739071199,451
1739071202,460
1739071206,454
1739071209,451
1739071211,457
1739071214,454
1739071217,455
1739071220,464
1739071223,458
1739071223,None
1739071229,459
1739071233,460
1739071236,457
1739071239,460
1739071241,468
1739071245,461
1739071248,459
1739071251,457
1739071254,460
1739071257,457
1739071260,454
1739071263,456
1739071266,464
1739071269,461
1739071272,457
1739071275,454
1739071279,462
1739071281,461
1739071284,465
1739071287,469
1739071290,464
1739071293,466
1739071297,460
1739071299,459
1739071302,460
1739071305,463
1739071309,471
1739071312,461
1739071315,464
1739071318,461
1739071321,461
1739071323,468
1739071327,460
1739071330,461
1739071333,467
1739071336,466
1739071340,462
1739071342,466
1739071345,469
1739071348,463
1739071351,464
1739071354,467
1739071358,459
1739071360,470
1739071364,465
1739071366,468
1739071370,468
1739071373,466
1739071375,462
1739071379,441
1739071379,None
1739071385,397
1739071388,398
1739071391,391
1739071394,393
1739071397,393
1739071400,383
1739071403,389
1739071406,388
1739071410,380
1739071412,386
1739071415,377
1739071418,375
1739071422,381
1739071424,379
1739071424,None
1739071431,374
1739071434,374
1739071437,382
1739071437,None
1739071443,373
1739071446,377
1739071449,377
1739071452,372
1739071455,375
1739071458,373
1739071462,372
1739071462,None
1739071467,377
1739071470,371
1739071474,372
1739071476,378
1739071479,371
1739071483,373
1739071486,380
1739071489,373
1739071492,373
1739071495,378
1739071498,371
1739071501,371
1739071504,377
1739071507,374
1739071511,373
1739071513,376
1739071516,375
1739071519,371
1739071522,368
1739071525,380
1739071525,None
1739071532,517
1739071535,634
1739071537,641
1739071541,633
1739071543,476
1739071543,None
1739071550,370
1739071553,371
1739071556,370
1739071559,377
1739071562,370
1739071565,371
1739071568,369
1739071571,372
1739071574,368
1739071577,365
1739071577,None
1739071584,369
1739071586,369
1739071590,372
1739071593,370
1739071596,373
1739071599,368
1739071601,375
1739071605,371
1739071608,368
1739071611,378
1739071614,377
1739071617,380
1739071620,378
1739071623,379
1739071626,381
1739071629,383
1739071632,381
1739071636,375
1739071638,380
1739071641,376
1739071644,381
1739071647,376
1739071650,374
1739071653,379
1739071656,376
1739071660,374
1739071662,383
1739071666,372
1739071668,379
1739071672,375
1739071675,379
1739071675,None
1739071675,None
1739071684,373
1739071687,378
1739071691,375
1739071693,376
1739071696,379
1739071699,376
1739071702,376
1739071706,374
1739071708,374
1739071712,374
1739071715,377
1739071718,371
1739071721,377
1739071724,377
1739071727,380
1739071730,374
1739071733,385
1739071736,377
1739071739,380
1739071742,379
1739071745,375
1739071748,382
1739071751,377
1739071754,372
1739071754,None
1739071754,None
1739071764,375
1739071767,376
1739071769,379
1739071772,376
1739071776,379
1739071779,377
1739071782,377
1739071785,378
1739071785,None
1739071791,381
1739071791,None
1739071797,382
1739071800,380
1739071803,378
1739071807,376
1739071809,377
1739071812,380
1739071815,378
1739071818,380
1739071818,None
1739071824,377
1739071828,377
1739071831,374
1739071834,382
1739071837,377
1739071840,377
1739071843,377
1739071843,None
1739071849,378
1739071852,376
1739071855,371
1739071858,377
1739071861,371
1739071864,371
1739071867,380
1739071867,None
1739071873,373
1739071877,374
1739071879,372
1739071883,378
1739071885,375
1739071888,373
1739071891,376
1739071895,373
1739071898,380
1739071901,372
1739071904,374
1739071907,377
1739071910,377
1739071913,379
1739071916,377
1739071919,380
1739071922,377
1739071922,None
1739071928,377
1739071931,377
1739071931,None
1739071938,373
1739071940,378
1739071943,378
1739071943,None
1739071950,392
1739071952,628
1739071955,637
1739071959,630
1739071962,633
1739071965,436
1739071968,372
1739071971,380
1739071974,378
1739071977,379
1739071980,377
1739071980,None
1739071986,378
1739071990,375
1739071992,372
1739071996,372
1739071998,372
1739072001,373
1739072005,373
1739072005,None
1739072010,373
1739072013,371
1739072017,370
1739072019,373
1739072023,374
1739072026,368
1739072029,370
1739072032,378
1739072035,369
1739072038,367
1739072041,370
1739072044,367
1739072047,372
1739072050,371
1739072054,370
1739072056,376
1739072059,378
1739072062,409
1739072066,414
1739072068,410
1739072071,418
1739072074,416
1739072077,419
1739072081,419
1739072084,416
1739072087,424
1739072090,420
1739072092,426
1739072096,427
1739072099,426
1739072102,429
1739072105,425
1739072108,431
1739072111,426
1739072114,435
1739072117,425
1739072120,431
1739072123,426
1739072126,432
1739072129,428
1739072132,424
1739072135,432
1739072138,450
1739072142,459
1739072142,None
1739072148,448
1739072151,450
1739072153,448
1739072157,456
1739072160,448
1739072163,445
1739072166,446
1739072169,447
1739072172,442
1739072175,449
1739072178,446
1739072181,448
1739072184,449
1739072187,447
1739072190,449
1739072194,433
1739072196,426
1739072199,426
1739072203,424
1739072205,425
1739072209,423
1739072211,430
1739072214,429
1739072217,428
1739072220,429
1739072223,429
1739072226,431
1739072230,429
1739072233,431
1739072236,432
1739072239,427
1739072242,429
1739072245,427
1739072248,426
1739072251,430
1739072254,429
1739072257,429
1739072260,425
1739072263,429
1739072266,426
1739072269,432
1739072272,428
1739072276,428
1739072278,426
1739072281,433
1739072284,427
1739072287,432
1739072290,425
1739072293,430
1739072297,430
1739072300,427
1739072302,433
1739072306,430
1739072308,426
1739072312,434
1739072315,428
1739072318,422
1739072321,430
1739072324,426
1739072327,426
1739072330,427
1739072333,431
1739072336,426
1739072336,None
1739072342,424
1739072342,None
1739072348,433
1739072351,428
1739072354,427
1739072357,426
1739072360,434
1739072360,None
1739072367,431
1739072369,435
1739072373,434
1739072376,428
1739072379,529
1739072382,687
1739072385,690
1739072388,691
1739072391,462
1739072391,None
1739072397,434
1739072400,432
1739072403,431
1739072403,None
1739072409,433
1739072412,430
1739072415,435
1739072418,434
1739072422,429
1739072425,433
1739072427,428
1739072431,432
1739072434,427
1739072437,430
1739072440,427
1739072443,430
1739072447,426
1739072449,423
1739072452,428
1739072455,426
1739072458,427
1739072461,404
1739072464,361
1739072467,325
1739072470,328
1739072473,325
1739072477,330
1739072479,326
1739072483,332
1739072486,329
1739072488,325
1739072492,324
1739072495,324
1739072498,325
1739072501,321
1739072504,325
1739072507,325
1739072510,328
1739072513,329
1739072516,324
1739072519,325
1739072522,324
1739072526,328
1739072528,324
1739072531,313
1739072534,318
1739072537,314
1739072541,316
1739072543,319
1739072546,317
1739072550,313
1739072550,None
1739072556,314
1739072559,315
1739072562,311
1739072565,312
1739072568,318
1739072571,315
1739072574,312
1739072577,313
1739072580,310
1739072583,313
1739072586,310
1739072590,309
1739072592,322
1739072595,311
1739072599,311
1739072599,None
1739072604,308
1739072607,311
1739072607,None
1739072614,311
1739072617,314
1739072620,311
1739072624,314
1739072626,313
1739072629,318
1739072632,315
1739072635,316
1739072638,316
1739072641,318
1739072644,313
1739072647,314
1739072650,322
1739072654,314
1739072657,310
1739072659,318
1739072663,315
1739072666,310
1739072669,311
1739072672,309
1739072675,315
1739072678,316
1739072681,311
1739072681,None
1739072687,312
1739072690,313
1739072693,312
1739072696,308
1739072699,316
1739072702,310
1739072705,308
1739072709,312
1739072712,309
1739072714,307
1739072714,None
1739072721,312
1739072724,307
1739072727,313
1739072730,310
1739072733,315
1739072735,312
1739072739,305
1739072742,316
1739072745,309
1739072748,311
1739072751,308
1739072754,485
1739072754,None
1739072760,574
1739072763,572
1739072766,451
1739072770,308
1739072772,311
1739072775,313
1739072779,308
1739072782,309
1739072784,307
1739072788,314
1739072791,309
1739072794,306
1739072797,313
1739072799,308
1739072803,303
1739072806,311
1739072809,307
1739072812,306
1739072815,311
1739072818,312
1739072821,308
1739072824,313
1739072827,310
1739072830,310
1739072833,309
1739072836,311
1739072839,312
1739072842,310
1739072845,313
1739072849,312
1739072851,309
1739072854,308
1739072858,308
1739072861,312
1739072863,307
1739072867,314
1739072871,305
1739072873,316
1739072876,336
1739072879,334
1739072882,340
1739072885,339
1739072888,340
1739072892,335
1739072894,337
1739072897,342
1739072900,335
1739072903,340
1739072907,334
1739072909,336
1739072913,339
1739072916,342
1739072918,342
1739072921,337
1739072924,345
1739072928,337
1739072931,336
1739072934,317
1739072937,305
1739072940,312
1739072943,308
1739072946,312
1739072949,306
1739072952,306
1739072955,310
1739072958,306
1739072961,310
1739072965,310
1739072967,307
1739072970,310
1739072973,306
1739072977,310
1739072979,308
1739072982,303
1739072985,313
1739072985,None
1739072992,305
1739072994,311
1739072997,306
1739073001,300
1739073004,303
1739073007,294
1739073010,293
1739073013,298
1739073016,295
1739073019,294
1739073022,293
1739073025,300
1739073028,295
1739073031,294
1739073034,301
1739073037,295
1739073040,292
1739073044,301
1739073046,295
1739073049,300
1739073053,295
1739073055,301
1739073058,299
1739073062,298
1739073065,298
1739073068,298
1739073071,304
1739073074,296
1739073077,293
1739073080,301
1739073083,293
1739073086,292
1739073089,298
1739073092,296
1739073095,293
1739073098,295
1739073101,300
1739073104,294
1739073107,294
1739073110,297
1739073113,294
1739073116,297
1739073119,297
1739073122,293
1739073125,300
1739073129,292
1739073132,293
1739073135,297
1739073138,293
1739073141,293
1739073144,301
1739073147,295
1739073150,292
1739073153,302
1739073153,None
1739073159,295
1739073162,298
1739073165,297
1739073168,293
1739073171,294
1739073174,301
1739073178,295
1739073180,296
1739073183,303
1739073187,295
1739073190,301
1739073192,300
1739073196,293
1739073199,299
1739073201,296
1739073205,301
1739073208,500
1739073211,559
1739073214,558
1739073217,527
1739073220,301
1739073224,295
1739073227,300
1739073229,297
1739073232,300
1739073235,294
1739073238,298
1739073241,302
1739073245,305
1739073247,310
1739073251,361
1739073254,396
1739073257,401
1739073259,408
1739073263,396
1739073266,393
1739073266,None
1739073272,387
1739073276,393
1739073276,None
1739073281,386
1739073284,388
1739073287,380
1739073290,384
1739073294,376
1739073296,372
1739073299,378
1739073302,370
1739073306,370
1739073308,370
1739073311,368
1739073314,367
1739073317,371
1739073321,365
1739073324,367
1739073326,371
1739073330,371
1739073330,None
1739073336,361
1739073339,371
1739073342,368
1739073345,368
1739073348,366
1739073352,362
1739073354,371
1739073357,365
1739073360,361
1739073363,371
1739073366,368
1739073370,367
1739073372,371
1739073375,364
1739073379,370
1739073381,366
1739073384,367
1739073387,366
1739073390,362
1739073393,364
1739073397,364
1739073400,362
1739073403,366
1739073406,368
1739073409,362
1739073412,366
1739073415,361
1739073418,362
1739073421,365
1739073424,361
1739073427,368
1739073430,360
1739073434,370
1739073436,365
1739073439,363
1739073443,370
1739073445,367
1739073445,None
1739073452,367
1739073455,365
1739073458,370
1739073461,366
1739073464,367
1739073467,366
1739073470,370
1739073473,368
1739073476,368
1739073479,369
1739073482,366
1739073485,370
1739073488,366
1739073491,370
1739073494,364
1739073497,371
1739073500,370
1739073504,367
1739073507,375
1739073510,371
1739073510,None
1739073515,368
1739073518,361
1739073522,365
1739073525,367
1739073528,360
1739073531,359
1739073534,367
1739073537,361
1739073540,359
1739073543,364
1739073546,362
1739073549,361
1739073552,363
1739073555,359
1739073558,359
1739073561,362
1739073564,358
1739073567,358
1739073570,363
1739073574,360
1739073576,357
1739073579,364
1739073583,356
1739073586,358
1739073589,360
1739073592,360
1739073595,364
1739073598,358
1739073601,362
1739073604,532
1739073607,620
1739073610,617
1739073613,573
1739073616,397
1739073619,360
1739073622,358
1739073625,359
1739073629,356
1739073631,356
1739073634,363
1739073637,358
1739073641,361
1739073641,None
1739073647,359
1739073650,366
1739073653,361
1739073656,356
1739073659,362
1739073662,363
1739073665,356
1739073668,362
1739073671,359
1739073674,359
1739073677,366
1739073680,362
1739073683,359
1739073687,367
1739073689,362
1739073692,361
1739073695,357
1739073699,358
1739073702,365
1739073705,361
1739073707,358
1739073711,360
1739073714,357
1739073717,363
1739073720,367
1739073723,361
1739073723,None
1739073723,None
1739073732,368
1739073735,364
1739073738,360
1739073742,359
1739073744,364
1739073747,365
1739073750,368
1739073750,None
1739073756,360
1739073760,358
1739073762,355
1739073766,355
1739073766,None
1739073772,361
1739073775,361
1739073778,360
1739073781,360
1739073784,362
1739073787,363
1739073787,None
1739073793,362
1739073796,363
1739073799,365
1739073802,357
1739073805,355
1739073808,359
1739073811,355
1739073814,356
1739073817,356
1739073821,355
1739073821,None
1739073827,355
1739073830,356
1739073833,355
1739073836,355
1739073839,354
1739073842,351
1739073845,354
1739073848,355
1739073851,353
1739073854,356
1739073857,354
1739073857,None
1739073863,351
1739073866,351
1739073869,353
1739073872,352
1739073875,351
1739073879,355
1739073882,351
1739073884,354
1739073888,357
1739073890,352
1739073893,356
1739073897,355
1739073900,354
1739073903,355
1739073906,355
1739073909,352
1739073912,351
1739073912,None
1739073918,364
1739073920,361
1739073924,357
1739073927,592
1739073930,617
1739073933,623
1739073936,626
1739073939,628
1739073942,625
1739073945,624
1739073948,625
1739073951,624
1739073954,627
1739073957,621
1739073961,621
1739073963,618
1739073966,615
1739073969,615
1739073972,614
1739073976,614
1739073979,615
1739073982,615
1739073984,614
1739073989,614
1739073991,614
1739073991,None
1739073997,618
1739074000,620
1739074004,620
1739074006,619
1739074009,617
1739074012,617
1739074015,617
1739074018,620
1739074021,618
1739074024,620
1739074027,619
1739074031,619
1739074034,616
1739074036,617
1739074039,618
1739074043,620
1739074045,622
1739074049,620
1739074052,618
1739074055,624
1739074058,624
1739074061,625
1739074064,637
1739074067,624
1739074067,None
1739074073,624
1739074076,625
1739074079,624
1739074082,624
1739074085,620
1739074088,619
1739074091,619
1739074094,619
1739074097,620
1739074100,648
1739074103,657
1739074106,655
1739074109,656
1739074112,660
1739074116,662
1739074119,662
1739074122,664
1739074125,665
1739074128,666
1739074131,671
1739074134,669
1739074137,669
1739074140,669
1739074143,670
1739074146,671
1739074149,671
1739074152,675
1739074155,671
1739074158,670
1739074162,680
1739074164,676
1739074167,673
1739074171,684
1739074174,681
1739074177,680
1739074180,688
1739074183,683
1739074186,678
1739074189,685
1739074192,683
1739074195,690
1739074195,None
1739074201,601
1739074204,431
1739074207,425
1739074210,433
1739074213,432
1739074216,430
1739074220,432
1739074222,427
1739074222,None
1739074229,425
1739074232,433
1739074235,427
1739074238,426
1739074241,425
1739074244,426
1739074247,420
1739074250,423
1739074253,421
1739074256,424
1739074259,421
1739074262,424
1739074265,419
1739074268,422
1739074271,417
1739074274,424
1739074277,419
1739074280,422
1739074283,422
1739074286,419
1739074289,420
1739074289,None
1739074295,421
1739074299,412
1739074302,424
1739074304,420
1739074307,549
1739074311,672
1739074314,679
1739074317,680
1739074320,595
1739074323,420
1739074326,416
1739074329,415
1739074332,421
1739074332,None
1739074338,420
1739074341,391
1739074344,372
1739074347,378
1739074350,373
1739074353,371
1739074356,371
1739074360,373
1739074360,None
1739074366,370
1739074366,None
1739074371,365
1739074374,373
1739074378,369
1739074381,370
1739074384,370
1739074387,367
1739074390,369
1739074393,364
1739074396,370
1739074399,369
1739074399,None
1739074399,None
1739074408,364
1739074411,367
1739074414,363
1739074417,368
1739074420,361
1739074423,360
1739074426,364
1739074429,360
1739074433,366
1739074435,362
1739074438,369
1739074442,360
1739074444,365
1739074448,361
1739074451,363
1739074454,360
1739074457,363
1739074460,359
1739074463,364
1739074466,358
1739074469,364
1739074472,359
1739074475,363
1739074478,362
1739074481,358
1739074484,362
1739074487,360
1739074491,358
1739074493,364
1739074497,358
1739074499,356
1739074503,363
1739074506,360
1739074509,359
1739074512,366
1739074515,361
1739074518,357
1739074521,363
1739074524,360
1739074527,361
1739074530,364
1739074534,360
1739074536,364
1739074540,359
1739074540,None
1739074546,361
1739074549,364
1739074552,362
1739074554,364
1739074557,357
1739074560,361
1739074563,359
1739074567,361
1739074570,360
1739074573,359
1739074576,362
1739074579,363
1739074582,356
1739074585,359
1739074588,363
1739074591,360
1739074591,None
1739074591,None
1739074600,362
1739074603,363
1739074606,360
1739074609,361
1739074612,356
1739074615,365
1739074619,361
1739074621,360
1739074625,362
1739074627,359
1739074631,364
1739074634,360
1739074637,360
1739074640,354
1739074640,None
1739074646,363
1739074649,393
1739074652,618
1739074655,617
1739074655,None
1739074661,627
1739074664,360
1739074667,362
1739074670,362
1739074674,360
1739074677,362
1739074679,358
1739074683,357
1739074686,357
1739074688,354
1739074692,360
1739074695,358
1739074698,361
1739074701,359
1739074701,None
1739074707,359
1739074710,358
1739074713,362
1739074716,362
1739074719,359
1739074723,364
1739074725,358
1739074728,364
1739074728,None
1739074734,363
1739074737,359
1739074740,360
1739074743,358
1739074746,360
1739074750,361
1739074750,None
1739074756,363
1739074756,None
1739074756,None
1739074765,362
1739074768,356
1739074771,359
1739074774,358
1739074774,None
1739074780,359
1739074783,355
1739074786,363
1739074789,359
1739074792,359
1739074796,365
1739074798,360
1739074802,359
1739074805,363
1739074808,363
1739074811,356
1739074814,359
1739074817,360
1739074820,356
1739074823,359
1739074826,361
1739074829,357
1739074832,359
1739074835,357
1739074838,360
1739074838,None
1739074844,357
1739074847,359
1739074850,356
1739074850,None
1739074856,358
1739074859,358
1739074862,358
1739074866,358
1739074869,363
1739074872,358
1739074875,361
1739074877,358
1739074880,357
1739074884,359
1739074887,356
1739074890,358
1739074893,361
1739074896,358
1739074899,359
1739074902,361
1739074905,356
1739074908,352
1739074911,359
1739074914,360
1739074917,354
1739074921,355
1739074924,362
1739074926,358
1739074930,354
1739074933,363
1739074936,356
1739074939,358
1739074939,None
1739074945,359
1739074948,357
1739074951,358
1739074954,356
1739074957,358
1739074960,356
1739074963,360
1739074966,358
1739074970,357
1739074972,357
1739074975,353
1739074975,None
1739074982,605
1739074985,619
1739074987,615
1739074991,617
1739074994,438
1739074997,356
1739075000,357
1739075003,356
1739075003,None
1739075009,358
1739075012,356
1739075015,362
1739075018,355
1739075022,359
1739075024,356
1739075027,356
1739075031,358
1739075033,356
1739075037,354
1739075040,359
1739075040,None
1739075045,356
1739075049,360
1739075052,357
1739075055,354
1739075058,355
1739075061,361
1739075064,357
1739075067,361
1739075070,357
1739075073,360
1739075076,358
1739075076,None
1739075082,356
1739075085,361
1739075088,360
1739075091,354
1739075094,363
1739075097,356
1739075097,None
1739075104,363
1739075107,359
1739075110,362
1739075113,372
1739075116,367
1739075119,367
1739075122,372
1739075125,367
1739075128,366
1739075132,373
1739075134,374
1739075137,367
1739075140,370
1739075143,369
1739075146,363
1739075150,368
1739075152,367
1739075155,370
1739075158,367
1739075162,369
1739075165,370
1739075168,368
1739075171,372
1739075174,365
1739075177,369
1739075180,365
1739075183,366
1739075186,368
1739075189,367
1739075192,367
1739075195,370
1739075198,366
1739075198,None
1739075205,370
1739075207,370
1739075210,367
1739075213,372
1739075217,366
1739075219,369
1739075223,367
1739075226,374
1739075229,369
1739075232,369
1739075235,374
1739075238,368
1739075241,370
1739075244,367
1739075248,367
1739075250,370
1739075253,366
1739075256,371
1739075260,370
1739075263,370
1739075266,366
1739075269,367
1739075272,370
1739075275,365
1739075278,371
1739075281,368
1739075284,364
1739075287,370
1739075290,374
1739075293,371
1739075296,364
1739075299,368
1739075302,363
1739075305,365
1739075305,None
1739075311,370
1739075311,None
1739075317,368
1739075317,None
1739075324,371
1739075326,372
1739075329,457
1739075333,633
1739075336,628
1739075339,629
1739075342,619
1739075345,370
1739075348,366
1739075351,369
1739075354,368
1739075357,382
1739075360,379
1739075363,364
1739075366,376
1739075369,373
1739075372,371
1739075375,371
1739075378,374
1739075381,372
1739075384,375
1739075388,373
1739075391,376
1739075393,363
1739075397,364
1739075400,371
1739075400,None
1739075406,373
1739075409,372
1739075411,372
1739075415,365
1739075418,369
1739075418,None
1739075424,366
1739075427,368
1739075430,374
1739075433,360
1739075436,362
1739075439,373
1739075442,364
1739075445,361
1739075448,374
1739075451,361
1739075454,364
1739075457,360
1739075461,369
1739075463,369
1739075467,373
1739075470,364
1739075472,363
1739075476,368
1739075479,358
1739075482,365
1739075486,369
1739075488,369
1739075491,362
1739075494,367
1739075497,371
1739075500,366
1739075503,369
1739075506,368
1739075509,366
1739075512,361
1739075515,366
1739075518,365
1739075521,371
1739075525,366
1739075527,373
1739075527,None
1739075534,374
1739075537,372
1739075540,368
1739075543,366
1739075546,367
1739075546,None
1739075552,375
1739075555,371
1739075558,368
1739075561,366
1739075565,368
1739075567,367
1739075570,368
1739075573,364
1739075576,371
1739075579,367
1739075582,374
1739075585,366
1739075588,369
1739075592,369
1739075594,369
1739075597,365
1739075601,371
1739075604,367
1739075607,366
1739075610,368
1739075613,366
1739075616,364
1739075619,370
1739075622,371
1739075625,370
1739075628,365
1739075631,369
1739075634,374
1739075637,365
1739075641,372
1739075643,368
1739075646,363
1739075650,362
1739075653,366
1739075656,368
1739075659,368
1739075659,None
1739075665,367
1739075668,364
1739075671,362
1739075675,371
1739075678,370
1739075680,365
1739075684,371
1739075686,362
1739075690,374
1739075692,366
1739075696,367
1739075699,371
1739075702,371
1739075705,371
1739075708,370
1739075711,369
1739075714,365
1739075717,372
1739075720,371
1739075723,374
1739075726,370
1739075729,372
1739075732,368
1739075735,370
1739075735,None
1739075741,367
1739075744,374
1739075744,None
1739075750,368
1739075754,375
1739075757,371
1739075759,367
1739075759,None
1739075766,367
1739075769,368
1739075772,308
1739075772,None
1739075778,309
1739075781,312
1739075784,311
1739075787,307
1739075790,309
1739075793,318
1739075796,491
1739075800,572
1739075802,566
1739075805,506
1739075809,305
1739075811,304
1739075811,None
1739075818,310
1739075821,313
1739075824,305
1739075827,318
1739075830,320
1739075832,297
1739075836,296
1739075838,305
1739075842,291
1739075845,307
1739075848,308
1739075851,312
1739075854,313
1739075857,310
1739075860,307
1739075864,316
1739075866,315
1739075869,308
1739075873,315
1739075875,311
1739075879,308
1739075882,311
1739075885,309
1739075888,312
1739075890,309
1739075893,312
1739075893,None
1739075900,321
1739075903,328
1739075906,325
1739075909,325
1739075912,320
1739075915,325
1739075918,321
1739075921,322
1739075924,322
1739075927,323
1739075930,320
1739075933,322
1739075936,320
1739075940,322
1739075943,328
1739075945,321
1739075948,323
1739075952,320
1739075955,320
1739075958,332
1739075961,354
1739075964,364
1739075967,360
1739075970,346
1739075970,None
1739075976,343
1739075979,338
1739075982,323
1739075985,328
1739075988,322
1739075991,319
1739075994,325
1739075997,322
1739076000,323
1739076003,323
1739076007,327
1739076009,319
1739076013,327
1739076015,323
1739076018,322
1739076022,323
1739076025,320
1739076027,323
1739076030,323
1739076034,320
1739076037,323
1739076040,325
1739076043,321
1739076046,327
1739076049,326
1739076052,327
1739076055,323
1739076058,322
1739076061,322
1739076065,323
1739076067,323
1739076070,322
1739076073,321
1739076077,323
1739076080,321
1739076082,323
1739076086,319
1739076089,324
1739076092,324
1739076095,324
1739076098,321
1739076101,324
1739076104,325
1739076107,321
1739076110,330
1739076113,322
1739076113,None
1739076119,328
1739076122,323
1739076125,324
1739076128,323
1739076131,322
1739076134,327
1739076137,320
1739076140,321
1739076144,323
1739076144,None
1739076149,328
1739076153,319
1739076156,320
1739076159,322
1739076162,320
1739076165,323
1739076168,353
1739076171,583
1739076175,581
1739076177,582
1739076180,483
1739076183,323
1739076186,323
1739076189,324
1739076192,327
1739076196,321
1739076198,324
1739076202,324
1739076204,323
1739076208,325
1739076211,325
1739076214,319
1739076217,327
1739076220,317
1739076223,320
1739076226,321
1739076226,None
1739076232,323
1739076235,320
1739076238,327
1739076241,324
1739076244,320
1739076247,330
1739076250,323
1739076253,323
1739076256,317
1739076259,323
1739076263,321
1739076266,324
1739076268,369
1739076272,437
1739076275,524
1739076278,599
1739076281,630
1739076284,647
1739076288,663
1739076290,673
1739076293,690
1739076296,695
1739076299,699
1739076302,709
1739076305,718
1739076308,721
1739076311,728
1739076314,730
1739076317,734
1739076320,739
1739076324,740
1739076324,None
1739076329,618
1739076333,514
1739076335,433
1739076338,392
1739076342,365
1739076345,365
1739076348,372
1739076348,None
1739076354,379
1739076354,None
1739076360,372
1739076363,362
1739076366,367
1739076370,361
1739076372,362
1739076375,366
1739076378,358
1739076382,363
1739076382,None
1739076387,355
1739076391,363
1739076394,357
1739076394,None
1739076400,359
1739076402,356
1739076406,352
1739076409,354
1739076409,None
1739076415,354
1739076418,350
1739076421,355
1739076424,349
1739076428,353
1739076430,349
1739076433,352
1739076436,348
1739076439,353
1739076442,351
1739076446,347
1739076449,351
1739076451,346
1739076455,349
1739076458,350
1739076461,346
1739076464,351
1739076467,346
1739076470,350
1739076470,None
1739076470,None
1739076479,339
1739076482,345
1739076485,341
1739076488,349
1739076491,347
1739076494,343
1739076497,338
1739076501,346
1739076503,343
1739076506,343
1739076509,347
1739076512,341
1739076515,347
1739076518,344
1739076522,342
1739076525,347
1739076528,344
1739076530,338
1739076534,344
1739076537,340
1739076540,344
1739076543,339
1739076546,341
1739076549,342
1739076549,None
1739076549,None
1739076549,None
1739076561,342
1739076564,339
1739076567,340
1739076570,338
1739076574,343
1739076576,339
1739076579,339
1739076583,420
1739076586,604
1739076589,611
1739076592,648
1739076595,596
1739076598,445
1739076601,456
1739076604,445
1739076607,443
1739076610,439
1739076613,434
1739076616,434
1739076619,432
1739076622,432
1739076625,429
1739076628,426
1739076632,422
1739076634,422
1739076634,None
1739076641,417
1739076643,416
1739076646,409
1739076650,415
1739076653,409
1739076656,404
1739076659,409
1739076662,407
1739076665,403
1739076665,None
1739076671,407
1739076674,404
1739076677,398
1739076680,388
1739076683,404
1739076686,404
1739076689,402
1739076692,401
1739076696,405
1739076698,407
1739076701,402
1739076704,401
1739076707,407
1739076711,403
1739076714,399
1739076717,408
1739076720,403
1739076723,402
1739076726,407
1739076729,403
1739076732,408
1739076735,402
1739076738,408
1739076741,402
1739076744,406
1739076747,403
1739076750,408
1739076753,404
1739076757,407
1739076759,405
1739076762,409
1739076766,404
1739076769,406
1739076771,403
1739076774,405
1739076778,403
1739076781,404
1739076784,405
1739076787,402
1739076790,412
1739076794,403
1739076796,409
1739076799,409
1739076802,404
1739076802,None
1739076808,410
1739076811,401
1739076814,409
1739076817,404
1739076823,397
1739076824,408
1739076828,405
1739076831,402
1739076833,400
1739076833,None
1739076840,461
1739076843,472
1739076846,476
1739076849,472
1739076852,476
1739076854,467
1739076858,468
1739076861,468
1739076864,473
1739076867,465
1739076870,466
1739076873,464
1739076876,470
1739076879,463
1739076882,470
1739076885,469
1739076885,None
1739076891,463
1739076894,469
1739076897,470
1739076900,468
1739076903,471
1739076906,465
1739076910,468
1739076912,466
1739076915,468
1739076918,465
1739076922,466
1739076924,471
1739076928,467
1739076931,469
1739076934,468
1739076937,468
1739076940,469
1739076943,464
1739076946,464
1739076949,450
1739076952,442
1739076955,447
1739076958,440
1739076962,441
1739076965,446
1739076968,439
1739076970,445
1739076973,440
1739076977,446
1739076980,445
1739076983,437
1739076986,446
1739076989,571
1739076992,699
1739076995,705
1739076998,698
1739077001,475
1739077004,440
1739077007,425
1739077010,429
1739077014,436
1739077016,434
1739077019,437
1739077022,437
1739077025,440
1739077028,447
1739077031,442
1739077034,438
1739077037,438
1739077040,445
1739077044,438
1739077047,438
1739077049,438
1739077052,440
1739077052,None
1739077058,441
1739077058,None
1739077058,None
1739077068,436
1739077071,439
1739077074,436
1739077077,440
1739077081,436
1739077083,440
1739077086,440
1739077089,443
1739077092,444
1739077095,442
1739077098,445
1739077102,447
1739077105,442
1739077107,445
1739077107,None
1739077114,444
1739077117,444
1739077120,444
1739077123,439
1739077126,443
1739077128,442
1739077132,444
1739077135,439
1739077138,446
1739077141,440
1739077144,447
1739077147,443
1739077147,None
1739077153,439
1739077156,436
1739077160,443
1739077163,434
1739077166,444
1739077168,437
1739077171,439
1739077174,440
1739077177,435
1739077181,440
1739077184,438
1739077187,436
1739077190,445
1739077193,439
1739077196,444
1739077199,439
1739077202,442
1739077205,437
1739077208,439
1739077212,438
1739077214,436
1739077218,442
1739077220,436
1739077224,443
1739077226,436
1739077230,437
1739077233,445
1739077236,439
1739077239,441
1739077239,None
1739077245,438
1739077248,440
1739077248,None
1739077254,434
1739077257,440
1739077261,437
1739077263,435
1739077266,439
1739077269,438
1739077272,435
1739077275,435
1739077278,438
1739077281,441
1739077284,437
1739077288,437
1739077290,436
1739077294,443
1739077294,None
1739077300,435
1739077300,None
1739077306,431
1739077306,None
1739077312,427
1739077315,423
1739077318,441
1739077321,442
1739077321,None
1739077328,446
1739077330,443
1739077333,441
1739077336,437
1739077339,434
1739077342,435
1739077345,434
1739077349,433
1739077352,429
1739077355,432
1739077355,None
1739077361,432
1739077364,435
1739077367,434
1739077370,434
1739077373,448
1739077376,447
1739077379,459
1739077382,704
1739077385,713
1739077388,706
1739077391,706
1739077394,638
1739077397,445
1739077400,449
1739077403,436
1739077406,433
1739077409,433
1739077413,433
1739077416,433
1739077419,434
1739077422,433
1739077425,433
1739077428,435
1739077431,435
1739077434,436
1739077437,435
1739077440,435
1739077443,443
1739077446,442
1739077449,446
1739077452,445
1739077455,451
1739077458,444
1739077461,447
1739077464,450
1739077467,444
1739077470,446
1739077470,None
1739077477,431
1739077480,432
1739077482,431
1739077486,432
1739077489,435
1739077492,436
1739077495,436
1739077498,437
1739077501,589
1739077504,698
1739077507,696
1739077511,697
1739077513,697
1739077516,696
1739077519,696
1739077522,690
1739077525,690
1739077528,697
1739077531,696
1739077535,698
1739077538,699
1739077541,700
1739077543,697
1739077547,697
1739077550,698
1739077553,696
1739077556,696
1739077559,697
1739077562,697
1739077565,508
1739077568,433
1739077572,433
1739077574,433
1739077578,433
1739077581,432
1739077584,431
1739077587,432
1739077590,431
1739077592,431
1739077596,429
1739077599,430
1739077602,430
1739077605,437
1739077608,449
1739077610,430
1739077614,427
1739077617,425
1739077620,427
1739077623,462
1739077626,453
1739077629,451
1739077632,456
1739077635,459
1739077638,457
1739077641,454
1739077644,450
1739077648,430
1739077650,430
1739077653,429
1739077656,429
1739077660,430
1739077662,428
1739077666,431
1739077669,432
1739077669,None
1739077675,420
1739077678,413
1739077681,417
1739077684,427
1739077684,None
1739077690,425
1739077693,423
1739077696,438
1739077699,451
1739077702,448
1739077705,448
1739077708,437
1739077711,421
1739077711,None
1739077718,431
1739077721,423
1739077724,425
1739077727,427
1739077730,426
1739077733,421
1739077736,428
1739077739,454
1739077742,450
1739077745,428
1739077748,424
1739077751,427
1739077755,429
1739077757,425
1739077760,423
1739077763,426
1739077766,420
1739077769,421
1739077773,426
1739077775,419
1739077778,424
1739077782,422
1739077784,418
1739077788,422
1739077791,420
1739077794,422
1739077797,418
1739077799,421
1739077803,420
1739077806,416
1739077809,419
1739077812,416
1739077815,422
1739077818,420
1739077821,420
1739077824,422
1739077827,417
1739077830,421
1739077833,418
1739077836,420
1739077839,420
1739077843,420
1739077845,418
1739077845,None
1739077845,None
1739077855,415
1739077858,421
1739077860,414
1739077863,419
1739077867,419
1739077870,423
1739077872,423
1739077876,419
1739077879,420
1739077882,420
1739077885,422
1739077888,420
1739077891,425
1739077895,419
1739077897,419
1739077900,424
1739077903,419
1739077906,424
1739077910,422
1739077913,556
1739077915,674
1739077918,683
1739077922,679
1739077922,None
1739077928,687
1739077931,516
1739077934,421
1739077937,417
1739077940,417
1739077943,419
1739077946,413
1739077949,421
1739077952,417
1739077955,418
1739077958,418
1739077958,None
1739077964,419
1739077968,417
1739077970,421
1739077973,413
1739077977,417
1739077979,417
1739077982,418
1739077986,419
1739077988,415
1739077992,422
1739077992,None
1739077998,419
1739078001,416
1739078004,417
1739078007,422
1739078010,419
1739078013,416
1739078016,420
1739078019,417
1739078022,416
1739078025,416
1739078028,418
1739078032,421
1739078034,416
1739078038,413
1739078041,419
1739078043,423
1739078047,419
1739078050,416
1739078052,422
1739078056,418
1739078059,416
1739078062,423
1739078065,420
1739078068,417
1739078071,415
1739078074,419
1739078077,413
1739078080,421
1739078084,414
1739078084,None
1739078089,415
1739078092,419
1739078095,414
1739078098,421
1739078102,416
1739078105,416
1739078108,424
1739078111,417
1739078114,413
1739078114,None
1739078120,417
1739078123,414
1739078126,414
1739078129,417
1739078132,419
1739078135,415
1739078138,414
1739078138,None
1739078144,416
1739078147,416
1739078150,416
1739078153,416
1739078156,418
1739078159,421
1739078162,417
1739078165,423
1739078169,418
1739078172,421
1739078175,418
1739078178,421
1739078181,421
1739078184,421
1739078187,418
1739078190,417
1739078193,417
1739078196,417
1739078200,422
1739078202,418
1739078205,416
1739078208,418
1739078211,418
1739078211,None
1739078217,413
1739078220,418
1739078224,419
1739078227,415
1739078230,420
1739078233,416
1739078236,415
1739078239,419
1739078239,None
1739078245,414
1739078248,405
1739078251,401
1739078254,413
1739078257,414
1739078260,420
1739078263,418
1739078266,417
1739078270,417
1739078272,415
1739078276,419
1739078279,417
1739078282,417
1739078285,417
1739078285,None
1739078291,616
1739078294,677
1739078297,678
1739078300,678
1739078304,676
1739078306,559
1739078309,416
1739078312,417
1739078315,414
1739078315,None
1739078321,413
1739078324,413
1739078327,415
1739078330,415
1739078333,414
1739078336,412
1739078340,419
1739078342,417
1739078345,414
1739078349,414
1739078352,410
1739078355,415
1739078358,414
1739078361,416
1739078364,413
1739078367,416
1739078370,414
1739078373,417
1739078376,415
1739078379,414
1739078382,418
1739078385,416
1739078388,413
1739078391,417
1739078394,414
1739078397,414
1739078400,414
1739078403,415
1739078406,419
1739078410,412
1739078412,414
1739078416,413
1739078419,408
1739078421,407
1739078425,412
1739078428,411
1739078430,405
1739078434,414
1739078437,411
1739078440,415
1739078443,413
1739078446,410
1739078449,420
1739078452,414
1739078455,411
1739078459,418
1739078461,417
1739078464,421
1739078467,414
1739078470,415
1739078470,None
1739078477,415
1739078480,416
1739078482,421
1739078485,416
1739078489,413
1739078492,421
1739078495,412
1739078498,413
1739078501,413
1739078504,417
1739078507,413
1739078510,410
1739078513,408
1739078516,412
1739078519,400
1739078522,395
1739078525,404
1739078528,397
1739078531,408
1739078535,412
1739078538,407
1739078540,410
1739078544,407
1739078547,405
1739078550,410
1739078553,405
1739078555,408
1739078555,None
1739078562,404
1739078565,409
1739078568,410
1739078568,None
1739078574,414
1739078577,407
1739078580,415
1739078583,412
1739078587,415
1739078590,413
1739078592,411
1739078595,414
1739078599,413
1739078601,415
1739078605,412
1739078608,419
1739078611,413
1739078614,415
1739078617,413
1739078620,412
1739078623,415
1739078626,414
1739078629,417
1739078632,415
1739078635,415
1739078638,422
1739078641,428
1739078645,424
1739078647,421
1739078650,422
1739078653,425
1739078656,422
1739078659,420
1739078662,415
1739078665,421
1739078668,418
1739078672,415
1739078672,None
1739078678,414
1739078681,418
1739078684,417
1739078687,414
1739078690,419
1739078693,417
1739078696,416
1739078699,422
1739078702,420
1739078705,422
1739078709,425
1739078711,419
1739078714,420
1739078717,422
1739078720,420
1739078723,421
1739078726,425
1739078729,421
1739078732,415
1739078735,423
1739078739,420
1739078742,422
1739078742,None
1739078748,420
1739078751,425
1739078754,420
1739078757,421
1739078760,427
1739078763,415
1739078766,416
1739078766,None
1739078772,678
1739078775,680
1739078778,682
1739078781,677
1739078784,521
1739078787,429
1739078790,423
1739078793,420
1739078797,418
1739078800,417
1739078803,422
1739078805,427
1739078808,429
1739078812,421
1739078814,420
1739078818,420
1739078821,422
1739078824,417
1739078827,425
1739078830,424
1739078833,420
1739078836,421
1739078839,425
1739078842,421
1739078845,424
1739078848,423
1739078852,421
1739078854,424
1739078857,418
1739078860,422
1739078863,421
1739078866,424
1739078869,422
1739078873,423
1739078875,424
1739078879,423
1739078882,422
1739078885,423
1739078888,422
1739078891,422
1739078894,424
1739078897,421
1739078900,421
1739078903,422
1739078906,422
1739078909,418
1739078909,None
1739078915,422
1739078919,422
1739078921,422
1739078924,422
1739078927,421
1739078931,422
1739078933,422
1739078937,423
1739078940,421
1739078943,423
1739078946,424
1739078949,425
1739078952,425
1739078956,422
1739078958,423
1739078961,424
1739078964,423
1739078967,427
1739078970,423
1739078973,423
1739078976,421
1739078979,423
1739078982,422
1739078986,419
1739078988,423
1739078992,422
1739078994,422
1739078998,417
1739079001,423
1739079004,421
1739079007,418
1739079010,422
1739079013,422
1739079016,418
1739079019,420
1739079022,420
1739079025,420
1739079028,418
1739079031,421
1739079034,422
1739079037,424
1739079040,421
1739079044,425
1739079046,420
1739079049,419
1739079052,422
1739079056,420
1739079056,None
1739079062,426
1739079064,426
1739079068,419
1739079071,423
1739079071,None
1739079077,424
1739079079,429
1739079083,443
1739079086,447
1739079089,432
1739079092,423
1739079095,434
1739079098,423
1739079102,430
1739079104,423
1739079107,427
1739079110,424
1739079113,428
1739079116,424
1739079119,429
1739079122,423
1739079122,None
1739079128,423
1739079131,423
1739079134,426
1739079138,423
1739079141,426
1739079144,425
1739079147,422
1739079150,423
1739079153,420
1739079156,445
1739079159,442
1739079162,436
1739079165,418
1739079169,415
1739079171,422
1739079174,418
1739079178,419
1739079180,420
1739079184,420
1739079187,419
1739079190,424
1739079193,417
1739079196,630
1739079199,674
1739079202,674
1739079205,679
1739079208,557
1739079211,419
1739079214,422
1739079217,441
1739079221,440
1739079224,439
1739079226,427
1739079230,422
1739079233,433
1739079235,438
1739079239,414
1739079242,418
1739079242,None
1739079248,417
1739079251,418
1739079255,417
1739079257,418
1739079260,423
1739079263,421
1739079266,418
1739079269,420
1739079272,417
1739079275,418
1739079278,426
1739079281,420
1739079281,None
1739079287,422
1739079291,418
1739079293,416
1739079297,423
1739079300,449
1739079302,569
1739079306,1730
1739079309,1837
1739079312,1840
1739079315,1833
1739079318,1839
1739079321,1834
1739079324,1837
1739079327,1834
1739079330,1834
1739079333,1760
1739079336,419
1739079339,423
1739079342,420
1739079345,422
1739079345,None
1739079351,421
1739079354,419
1739079357,420
1739079360,420
1739079363,424
1739079366,419
1739079370,420
1739079373,422
1739079376,418
1739079379,418
1739079382,423
1739079385,418
1739079388,418
1739079391,419
1739079391,None
1739079397,417
1739079400,418
1739079403,421
1739079406,416
1739079409,413
1739079413,418
1739079415,417
1739079419,414
1739079421,418
1739079424,441
1739079427,439
1739079430,443
1739079434,438
1739079437,443
1739079439,435
1739079443,415
1739079446,419
1739079449,416
1739079452,421
1739079455,420
1739079458,424
1739079461,423
1739079464,427
1739079467,424
1739079467,None
1739079473,428
1739079476,417
1739079476,None
1739079482,422
1739079486,423
1739079488,422
1739079491,421
1739079495,423
1739079497,421
1739079501,422
1739079501,None
1739079507,420
1739079510,428
1739079513,422
1739079516,423
1739079516,None
1739079522,417
1739079526,421
1739079528,418
1739079531,423
1739079534,420
1739079538,422
1739079540,418
1739079543,420
1739079546,417
1739079550,421
1739079553,419
1739079556,418
1739079559,422
1739079562,415
1739079565,423
1739079568,416
1739079571,420
1739079574,419
1739079577,416
1739079580,414
1739079583,422
1739079586,427
1739079590,478
1739079592,665
1739079595,676
1739079595,None
1739079601,531
1739079604,413
1739079607,420
1739079610,413
1739079614,420
1739079617,438
1739079619,437
1739079623,416
1739079625,416
1739079629,412
1739079632,417
1739079635,415
1739079635,None
1739079635,None
1739079644,417
1739079647,417
1739079650,420
1739079653,416
1739079656,412
1739079659,418
1739079663,423
1739079665,422
1739079669,418
1739079671,420
1739079674,422
1739079677,423
1739079681,419
1739079683,419
1739079687,419
1739079690,419
1739079693,417
1739079696,425
1739079696,None
1739079702,419
1739079705,419
1739079708,416
1739079711,415
1739079714,426
1739079717,414
1739079720,423
1739079723,420
1739079727,421
1739079729,413
1739079732,418
1739079732,None
1739079738,417
1739079741,413
1739079744,412
1739079747,417
1739079750,417
1739079754,419
1739079756,414
1739079759,421
1739079763,417
1739079766,412
1739079769,411
1739079772,417
1739079775,416
1739079778,413
1739079781,415
1739079784,417
1739079787,416
1739079790,408
1739079793,416
1739079796,413
1739079799,410
1739079802,414
1739079805,409
1739079808,408
1739079812,410
1739079815,407
1739079818,407
1739079821,414
1739079821,None
1739079827,414
1739079830,411
1739079834,413
1739079836,407
1739079839,411
1739079842,410
1739079845,411
1739079848,416
1739079851,414
1739079854,412
1739079857,416
1739079860,415
1739079863,415
1739079866,418
1739079870,421
1739079872,418
1739079875,411
1739079879,455
1739079882,461
1739079882,None
1739079888,467
1739079891,456
1739079894,460
1739079897,451
1739079900,437
1739079903,442
1739079906,436
1739079909,435
1739079912,429
1739079915,426
1739079918,427
1739079918,None
1739079924,437
1739079927,434
1739079931,432
1739079933,434
1739079936,441
1739079940,426
1739079942,427
1739079946,426
1739079949,435
1739079951,433
1739079954,435
1739079958,438
1739079961,431
1739079964,443
1739079967,512
1739079970,699
1739079973,688
1739079976,696
1739079979,652
1739079982,442
1739079985,439
1739079988,439
1739079991,438
1739079995,439
1739079997,436
1739080000,439
1739080004,436
1739080007,429
1739080010,442
1739080013,429
1739080013,None
1739080020,444
1739080022,554
1739080025,1077
1739080028,1441
1739080031,1445
1739080031,None
1739080037,1462
1739080037,None
1739080043,1460
1739080046,1466
1739080049,1470
1739080053,1469
1739080055,1471
1739080059,1477
1739080061,1475
1739080065,1475
1739080067,1471
1739080071,1470
1739080074,1481
1739080074,None
1739080080,1172
1739080083,509
1739080086,475
1739080090,473
1739080092,472
1739080095,497
1739080098,782
1739080101,1669
1739080104,1903
1739080107,1891
1739080111,1887
1739080113,1883
1739080117,1897
1739080120,1892
1739080123,1894
1739080126,1894
1739080129,1888
1739080132,1892
1739080135,1892
1739080138,1889
1739080141,1890
1739080144,1889
1739080147,1882
1739080150,1885
1739080153,1889
1739080156,1888
1739080159,1889
1739080162,1884
1739080165,1890
1739080168,1888
1739080171,1892
1739080175,1887
1739080177,1886
1739080181,1884
1739080183,1885
1739080186,1887
1739080189,1886
1739080193,1887
1739080196,1883
1739080199,475
1739080202,477
1739080205,472
1739080208,471
1739080211,472
1739080214,473
1739080217,472
1739080220,474
1739080223,470
1739080227,473
1739080229,469
1739080232,477
1739080235,470
1739080238,465
1739080241,478
1739080244,467
1739080248,471
1739080251,471
1739080254,1161
1739080257,1800
1739080260,1794
1739080263,1789
1739080266,1777
1739080269,1773
1739080273,1769
1739080275,1768
1739080278,1757
1739080281,1762
1739080284,1762
1739080288,1758
1739080290,1755
1739080293,1757
1739080296,1756
1739080300,1755
1739080303,1746
1739080305,1743
1739080309,1751
1739080312,1745
1739080314,1747
1739080318,1750
1739080321,1745
1739080324,1745
1739080327,1750
1739080330,1744
1739080333,1746
1739080336,1752
1739080339,1744
1739080342,1749
1739080345,1747
1739080348,1756
1739080351,1750
1739080354,1747
1739080357,1755
1739080361,1756
1739080364,1757
1739080366,1762
1739080366,None
1739080373,2022
1739080375,2030
1739080379,2034
1739080382,1876
1739080385,1769
1739080388,1767
1739080391,1773
1739080394,1788
1739080397,1787
1739080400,1771
1739080403,1764
1739080406,614
1739080409,475
1739080413,475
1739080415,472
1739080419,475
1739080423,473
1739080423,None
1739080428,475
1739080431,469
1739080434,471
1739080434,None
1739080440,480
1739080443,490
1739080446,491
1739080449,470
1739080449,None
1739080455,471
1739080458,469
1739080461,477
1739080465,472
1739080467,469
1739080471,464
1739080473,456
1739080477,462
1739080480,465
1739080482,463
1739080486,461
1739080489,465
1739080491,460
1739080495,464
1739080498,461
1739080501,466
1739080504,462
1739080507,465
1739080510,461
1739080513,466
1739080516,462
1739080519,454
1739080522,457
1739080525,463
1739080528,466
1739080532,459
1739080535,466
1739080537,463
1739080541,457
1739080544,463
1739080547,462
1739080549,467
1739080553,473
1739080556,461
1739080559,470
1739080562,583
1739080565,1109
1739080568,1895
1739080571,1880
1739080574,1885
1739080577,1876
1739080581,1870
1739080583,1873
1739080586,1872
1739080589,1864
1739080592,1888
1739080596,1889
1739080599,1880
1739080602,1877
1739080604,1881
1739080608,1882
1739080611,1885
1739080614,1880
1739080617,1880
1739080620,1881
1739080623,1881
1739080626,1882
1739080626,None
1739080632,471
1739080635,462
1739080638,457
1739080641,462
1739080644,472
1739080648,461
1739080651,463
1739080654,453
1739080657,452
1739080660,451
1739080663,452
1739080666,451
1739080669,451
1739080672,451
1739080675,451
1739080679,454
1739080679,None
1739080685,451
1739080687,449
1739080690,450
1739080694,449
1739080696,449
1739080700,450
1739080703,449
1739080703,None
1739080709,448
1739080712,449
1739080715,450
1739080718,449
1739080721,448
1739080724,447
1739080727,446
1739080730,443
1739080733,442
1739080736,442
1739080739,444
1739080742,442
1739080746,445
1739080749,441
1739080751,441
1739080755,439
1739080758,438
1739080760,441
1739080760,None
1739080766,443
1739080770,442
1739080773,440
1739080776,438
1739080779,440
1739080782,440
1739080785,448
1739080788,695
1739080791,699
1739080794,705
1739080797,698
1739080800,543
1739080804,437
1739080806,444
1739080809,444
1739080812,445
1739080812,None
1739080818,450
1739080822,468
1739080822,None
1739080828,1365
1739080831,1468
1739080834,1471
1739080837,1470
1739080840,1476
1739080843,1469
1739080846,1471
1739080849,1465
1739080849,None
1739080849,None
1739080858,1468
1739080861,1472
1739080864,1466
1739080868,1471
1739080871,1469
1739080874,1474
1739080876,1465
1739080880,1467
1739080883,1462
1739080885,1465
1739080889,1460
1739080892,1457
1739080895,1465
1739080898,1462
1739080898,None
1739080898,None
1739080907,1462
1739080910,1455
1739080913,1452
1739080916,1457
1739080919,1456
1739080922,1452
1739080925,1455
1739080929,1493
1739080932,1482
1739080932,None
1739080938,1490
1739080941,1481
1739080944,1480
1739080947,1477
1739080950,1475
1739080953,1486
1739080956,1476
1739080959,1477
1739080962,1475
1739080965,1469
1739080968,1475
1739080971,1482
1739080974,1504
1739080977,1478
1739080980,1470
1739080983,1471
1739080986,1471
1739080989,1468
1739080992,1451
1739080996,1445
1739080998,1452
1739081002,1447
1739081005,1443
1739081008,1453
1739081011,1443
1739081014,1445
1739081017,1447
1739081020,1452
1739081023,1450
1739081026,1442
1739081029,1445
1739081032,920
1739081036,454
1739081038,458
1739081042,468
1739081045,478
1739081048,500
1739081051,497
1739081054,512
1739081057,504
1739081060,490
1739081062,490
1739081066,494
1739081069,496
1739081072,492
1739081075,486
1739081078,476
1739081081,470
1739081084,472
1739081088,469
1739081090,472
1739081093,465
1739081096,472
1739081100,472
1739081103,469
1739081105,471
1739081108,468
1739081112,468
1739081115,466
1739081115,None
1739081121,465
1739081124,466
1739081126,468
1739081130,747
1739081133,1297
1739081133,None
1739081139,1470
1739081142,1480
1739081145,1471
1739081148,1476
1739081151,1470
1739081154,1477
1739081157,1473
1739081160,1468
1739081163,1475
1739081166,1467
1739081169,1477
1739081172,1467
1739081175,1458
1739081178,1455
1739081182,1455
1739081184,1460
1739081188,1455
1739081191,1462
1739081193,1477
1739081197,1135
1739081200,485
1739081203,464
1739081206,445
1739081209,453
1739081212,453
1739081216,458
1739081218,641
1739081221,1121
1739081224,1568
1739081227,1565
1739081230,1564
1739081233,1566
1739081236,1563
1739081239,503
1739081242,623
1739081245,701
1739081249,708
1739081252,706
1739081254,463
1739081254,None
1739081261,455
1739081264,450
1739081267,454
1739081270,455
1739081273,458
1739081276,454
1739081279,451
1739081282,451
1739081285,459
1739081289,454
1739081291,451
1739081294,460
1739081297,455
1739081301,467
1739081304,480
1739081306,472
1739081309,495
1739081313,526
1739081316,523
1739081319,514
1739081322,509
1739081322,None
1739081328,506
1739081331,495
1739081331,None
1739081337,493
1739081340,499
1739081343,497
1739081346,505
1739081349,499
1739081353,502
1739081356,498
1739081359,476
1739081362,468
1739081365,468
1739081368,469
1739081371,474
1739081374,468
1739081377,465
1739081380,471
1739081383,467
1739081386,466
1739081386,None
1739081392,467
1739081395,469
1739081398,468
1739081402,466
1739081404,466
1739081407,476
1739081410,470
1739081413,472
1739081416,472
1739081419,466
1739081423,474
1739081426,472
1739081429,472
1739081429,None
1739081435,473
1739081438,477
1739081441,471
1739081444,471
1739081447,474
1739081450,475
1739081453,471
1739081456,477
1739081460,474
1739081462,472
1739081465,480
1739081465,None
1739081471,473
1739081474,476
1739081478,476
1739081481,476
1739081484,472
1739081487,477
1739081490,475
1739081493,475
1739081496,474
1739081499,477
1739081502,473
1739081505,715
1739081508,1602
1739081511,1595
1739081514,1595
1739081517,1590
1739081520,1589
1739081523,1589
1739081526,1585
1739081529,1584
1739081532,1584
1739081535,1585
1739081538,1580
1739081541,1581
1739081544,1579
1739081548,1583
1739081551,1583
1739081553,1582
1739081557,1587
1739081559,1580
1739081563,1582
1739081566,1587
1739081569,1589
1739081572,1589
1739081575,1592
1739081578,1590
1739081581,1590
1739081584,1587
1739081587,1593
1739081590,1592
1739081593,1591
1739081596,1592
1739081599,1593
1739081603,1590
1739081605,1593
1739081608,1590
1739081612,1589
1739081614,1700
1739081618,1846
1739081620,1854
1739081624,1810
1739081627,1637
1739081630,1590
1739081633,1583
1739081635,1582
1739081639,1585
1739081642,1588
1739081645,1586
1739081645,None
1739081651,1584
1739081654,1585
1739081654,None
1739081654,None
1739081663,1583
1739081666,1574
1739081669,1583
1739081672,1574
1739081675,1572
1739081678,1581
1739081681,1579
1739081684,1578
1739081687,1580
1739081690,1577
1739081693,1580
1739081696,1579
1739081700,1582
1739081703,1577
1739081705,1573
1739081709,1578
1739081712,1574
1739081715,1577
1739081718,773
1739081721,530
1739081724,526
1739081727,530
1739081730,526
1739081733,527
1739081736,768
1739081739,1584
1739081742,1576
1739081745,1578
1739081748,1359
1739081751,476
1739081754,472
1739081757,475
1739081760,474
1739081763,474
1739081767,476
1739081770,472
1739081773,476
1739081776,470
1739081779,476
1739081781,474
1739081785,473
1739081788,470
1739081791,479
1739081794,644
1739081797,871
1739081800,802
1739081803,663
1739081806,596
1739081810,648
1739081812,603
1739081815,518
1739081818,474
1739081821,475
1739081824,477
1739081827,477
1739081831,481
1739081834,507
1739081836,508
1739081839,629
1739081843,561
1739081846,483
1739081848,471
1739081852,480
1739081855,474
1739081858,473
1739081861,480
1739081864,485
1739081868,509
1739081870,495
1739081873,522
1739081876,509
1739081879,505
1739081882,494
1739081885,511
1739081888,493
1739081888,None
1739081894,496
1739081898,505
1739081901,500
1739081904,502
1739081907,499
1739081910,513
1739081912,498
1739081916,519
1739081919,499
1739081922,498
1739081925,509
1739081928,496
1739081931,507
1739081934,496
1739081937,508
1739081937,None
1739081937,None
1739081946,498
1739081949,492
1739081952,496
1739081956,487
1739081958,471
1739081962,473
1739081962,None
1739081968,468
1739081971,473
1739081974,468
1739081977,473
1739081980,466
1739081983,468
1739081986,472
1739081989,467
1739081992,592
1739081995,721
1739081998,723
1739082002,727
1739082005,508
1739082008,470
1739082008,None
1739082014,466
1739082017,468
1739082020,465
1739082023,470
1739082026,466
1739082029,464
1739082032,467
1739082035,464
1739082038,470
1739082038,None
1739082044,467
1739082047,464
1739082050,469
1739082053,461
1739082056,470
1739082059,462
1739082062,465
1739082066,462
1739082068,463
1739082072,463
1739082074,459
1739082077,468
1739082081,463
1739082084,465
1739082087,462
1739082090,461
1739082093,465
1739082096,465
1739082099,472
1739082102,495
1739082105,491
1739082108,488
1739082111,486
1739082114,496
1739082117,497
1739082121,485
1739082124,479
1739082126,465
1739082130,462
1739082133,456
1739082135,464
1739082135,None
1739082142,462
1739082142,None
1739082148,462
1739082151,464
1739082154,459
1739082157,459
1739082160,467
1739082163,460
1739082166,464
1739082169,461
1739082172,464
1739082175,461
1739082178,464
1739082181,459
1739082184,466
1739082187,462
1739082190,468
1739082194,466
1739082196,464
1739082199,465
1739082202,457
1739082205,463
1739082205,None
1739082212,459
1739082215,460
1739082218,461
1739082222,460
1739082224,460
1739082227,462
1739082230,459
1739082234,462
1739082236,456
1739082239,463
1739082242,459
1739082245,464
1739082249,457
1739082251,462
1739082254,456
1739082258,465
1739082261,457
1739082264,491
1739082267,490
1739082269,484
1739082273,485
1739082276,483
1739082279,488
1739082282,491
1739082285,485
1739082285,None
1739082291,458
1739082294,462
1739082297,463
1739082300,459
1739082303,469
1739082307,461
1739082309,462
1739082312,463
1739082315,459
1739082318,458
1739082322,462
1739082324,458
1739082328,457
1739082331,463
1739082334,459
1739082336,459
1739082340,464
1739082343,461
1739082346,457
1739082349,463
1739082349,None
1739082355,454
1739082358,454
1739082361,454
1739082364,457
1739082367,454
1739082370,457
1739082373,452
1739082376,454
1739082376,None
1739082382,453
1739082385,457
1739082388,455
1739082391,459
1739082394,454
1739082397,457
1739082401,450
1739082401,None
1739082407,455
1739082410,449
1739082412,457
1739082415,455
1739082419,451
1739082421,457
1739082424,455
1739082428,452
1739082431,493
1739082435,708
1739082437,701
1739082440,701
1739082440,None
1739082447,417
1739082449,418
1739082452,410
1739082455,426
1739082458,430
1739082461,425
1739082464,428
1739082467,426
1739082470,429
1739082473,427
1739082476,429
1739082479,430
1739082483,426
1739082486,432
1739082488,425
1739082492,428
1739082495,427
1739082498,429
1739082501,436
1739082504,430
1739082507,436
1739082510,432
1739082513,429
1739082516,438
1739082519,432
1739082522,430
1739082525,447
1739082529,436
1739082531,427
1739082535,436
1739082538,432
1739082541,431
1739082543,436
1739082547,433
1739082550,427
1739082553,433
1739082556,431
1739082559,431
1739082562,426
1739082565,430
1739082565,None
1739082571,413
1739082574,413
1739082577,418
1739082580,414
1739082583,409
1739082586,419
1739082590,414
1739082593,411
1739082595,417
1739082599,410
1739082602,409
1739082605,416
1739082608,413
1739082611,412
1739082614,414
1739082617,416
1739082620,412
1739082620,None
1739082626,410
1739082629,413
1739082632,412
1739082636,416
1739082638,409
1739082641,414
1739082644,415
1739082647,412
1739082650,413
1739082654,410
1739082656,414
1739082659,412
1739082663,410
1739082666,414
1739082669,412
1739082672,415
1739082675,413
1739082678,413
1739082681,411
1739082684,412
1739082687,413
1739082690,409
1739082693,410
1739082697,416
1739082699,411
1739082702,410
1739082705,412
1739082708,406
1739082712,404
1739082712,None
1739082717,397
1739082721,394
1739082724,387
1739082727,389
1739082730,389
1739082733,389
1739082736,391
1739082738,386
1739082742,389
1739082745,384
1739082748,388
1739082751,381
1739082754,383
1739082757,385
1739082760,385
1739082763,477
1739082766,637
1739082769,641
1739082772,637
1739082776,558
1739082778,388
1739082781,386
1739082785,383
1739082788,384
1739082790,389
1739082794,384
1739082797,387
1739082800,382
1739082803,366
1739082806,374
1739082809,372
1739082812,375
1739082815,391
1739082818,385
1739082821,383
1739082824,386
1739082827,385
1739082830,383
1739082833,380
1739082836,384
1739082839,379
1739082842,375
1739082846,380
1739082849,381
1739082852,378
1739082854,374
1739082857,382
1739082861,377
1739082864,375
1739082867,376
1739082870,384
1739082873,380
1739082876,378
1739082879,382
1739082882,380
1739082886,374
1739082888,384
1739082891,390
1739082895,382
1739082897,381
1739082901,387
1739082903,391
1739082906,386
1739082909,382
1739082912,387
1739082916,385
1739082919,382
1739082921,385
1739082921,None
1739082927,383
1739082931,382
1739082934,385
1739082937,386
1739082940,381
1739082943,380
1739082946,379
1739082949,336
1739082952,324
1739082952,None
1739082958,319
1739082961,322
1739082961,None
1739082967,322
1739082967,None
1739082973,320
1739082976,319
1739082979,319
1739082982,323
1739082986,319
1739082988,322
1739082992,319
1739082995,319
1739082998,323
1739083001,322
1739083004,324
1739083006,316
1739083010,321
1739083013,315
1739083016,317
1739083019,320
1739083022,324
1739083025,320
1739083028,325
1739083031,317
1739083034,323
1739083037,321
1739083040,320
1739083043,320
1739083047,315
1739083049,324
1739083052,320
1739083056,319
1739083058,317
1739083061,313
1739083064,320
1739083067,315
1739083071,321
1739083071,None
1739083076,323
1739083080,316
1739083083,321
1739083086,317
1739083088,318
1739083092,318
1739083095,323
1739083098,316
1739083098,None
1739083104,323
1739083107,320
1739083110,322
1739083110,None
1739083116,323
1739083119,316
1739083122,322
1739083125,318
1739083128,323
1739083132,318
1739083135,317
1739083138,318
1739083141,319
1739083143,315
1739083147,323
1739083150,321
1739083153,317
1739083153,None
1739083159,315
1739083162,318
1739083165,318
1739083168,322
1739083171,318
1739083174,322
1739083177,319
1739083180,317
1739083183,323
1739083186,317
1739083189,327
1739083192,321
1739083195,351
1739083198,575
1739083202,569
1739083205,577
1739083208,534
1739083211,368
1739083214,318
1739083216,315
1739083220,325
1739083223,318
1739083226,317
1739083229,324
1739083232,319
1739083235,316
1739083238,322
1739083241,318
1739083244,314
1739083247,321
1739083247,None
1739083253,316
1739083256,325
1739083259,326
1739083263,316
1739083266,318
1739083269,322
1739083272,320
1739083274,318
1739083278,320
1739083281,315
1739083284,313
1739083287,316
1739083290,323
1739083293,329
1739083293,None
1739083299,333
1739083302,351
1739083305,346
1739083308,342
1739083311,336
1739083314,348
1739083317,346
1739083321,339
1739083324,348
1739083326,345
1739083330,343
1739083333,349
1739083336,347
1739083339,340
1739083342,325
1739083345,318
1739083348,323
1739083351,320
1739083354,320
1739083357,320
1739083357,None
1739083363,321
1739083367,321
1739083370,317
1739083373,319
1739083376,320
1739083379,324
1739083382,321
1739083385,318
1739083388,323
1739083391,320
1739083394,324
1739083394,None
1739083400,323
1739083403,321
1739083406,317
1739083409,326
1739083413,321
1739083415,325
1739083419,322
1739083421,320
1739083424,318
1739083427,320
1739083430,321
1739083433,320
1739083436,325
1739083439,320
1739083442,320
1739083446,322
1739083449,317
1739083451,325
1739083454,322
1739083454,None
1739083461,325
1739083463,318
1739083467,312
1739083470,320
1739083473,321
1739083475,321
1739083479,316
1739083482,328
1739083485,321
1739083488,315
1739083488,None
1739083494,324
1739083497,319
1739083500,324
1739083503,319
1739083506,318
1739083506,None
1739083512,322
1739083515,324
1739083518,319
1739083521,321
1739083525,321
1739083525,None
1739083525,None
1739083534,318
1739083536,312
1739083540,313
1739083543,321
1739083546,317
1739083549,317
1739083552,321
1739083555,321
1739083555,None
1739083561,324
1739083564,321
1739083567,314
1739083570,323
1739083573,322
1739083576,319
1739083579,319
1739083582,321
1739083585,317
1739083588,315
1739083591,317
1739083594,324
1739083598,317
1739083601,317
1739083603,318
1739083607,324
1739083610,314
1739083613,312
1739083616,315
1739083619,324
1739083622,317
1739083625,321
1739083628,315
1739083631,320
1739083634,319
1739083637,318
1739083640,311
1739083640,None
1739083646,317
1739083649,317
1739083653,393
1739083653,None
1739083658,574
1739083662,570
1739083664,554
1739083667,317
1739083671,314
1739083674,327
1739083677,321
1739083680,315
1739083683,321
1739083683,None
1739083689,313
1739083692,316
1739083695,316
1739083698,319
1739083698,None
1739083705,321
1739083707,317
1739083710,321
1739083713,319
1739083717,318
1739083719,321
1739083722,317
1739083725,320
1739083729,315
1739083732,320
1739083735,323
1739083738,319
1739083741,319
1739083744,318
1739083747,319
1739083750,321
1739083753,316
1739083756,320
1739083759,315
1739083762,320
1739083765,316
1739083768,320
1739083771,316
1739083774,320
1739083777,319
1739083780,316
1739083780,None
1739083786,317
1739083790,324
1739083793,319
1739083796,316
1739083799,320
1739083801,320
1739083804,325
1739083808,315
1739083810,317
1739083814,321
1739083817,317
1739083820,323
1739083823,318
1739083826,323
1739083829,319
1739083832,313
1739083835,325
1739083838,319
1739083841,323
1739083844,316
1739083847,321
1739083850,318
1739083854,317
1739083857,313
1739083860,319
1739083862,312
1739083862,None
1739083869,317
1739083872,320
1739083875,318
1739083878,323
1739083881,316
1739083884,322
1739083887,317
1739083890,317
1739083893,324
1739083896,323
1739083899,386
1739083902,426
1739083905,425
1739083909,425
1739083911,422
1739083914,426
1739083917,427
1739083921,416
1739083924,411
1739083927,412
1739083930,404
1739083933,406
1739083936,404
1739083939,405
1739083942,400
1739083945,400
1739083948,401
1739083951,392
1739083954,386
1739083957,380
1739083960,380
1739083964,381
1739083967,374
1739083969,380
1739083972,372
1739083976,377
1739083979,375
1739083982,372
1739083985,373
1739083988,370
1739083991,374
1739083994,373
1739083997,369
1739084000,368
1739084003,372
1739084006,374
1739084006,None
1739084012,369
1739084015,371
1739084018,371
1739084022,372
1739084024,374
1739084027,375
1739084031,375
1739084033,375
1739084036,375
1739084039,368
1739084042,374
1739084045,370
1739084049,374
1739084049,None
1739084055,373
1739084058,374
1739084061,530
1739084064,633
1739084067,636
1739084070,631
1739084073,438
1739084076,364
1739084079,370
1739084082,369
1739084085,365
1739084088,369
1739084091,367
1739084094,372
1739084097,364
1739084100,373
1739084103,366
1739084106,373
1739084106,None
1739084113,371
1739084116,369
1739084119,370
1739084122,371
1739084125,367
1739084128,375
1739084131,365
1739084134,373
1739084137,368
1739084140,366
1739084143,372
1739084146,367
1739084149,370
1739084152,370
1739084155,366
1739084158,366
1739084158,None
1739084164,368
1739084167,370
1739084170,370
1739084173,374
1739084177,371
1739084179,369
1739084183,371
1739084185,369
1739084189,369
1739084189,None
1739084195,367
1739084198,369
1739084201,367
1739084204,374
1739084207,370
1739084210,373
1739084213,365
1739084216,373
1739084219,370
1739084219,None
1739084225,370
1739084228,366
1739084231,371
1739084235,372
1739084238,369
1739084241,367
1739084243,371
1739084247,375
1739084250,370
1739084253,369
1739084256,375
1739084259,375
1739084262,370
1739084265,368
1739084268,377
1739084271,370
1739084274,371
1739084277,367
1739084280,375
1739084280,None
1739084287,372
1739084290,367
1739084293,372
1739084296,371
1739084298,369
1739084302,367
1739084305,367
1739084308,377
1739084311,368
1739084314,369
1739084317,363
1739084320,373
1739084323,373
1739084326,371
1739084329,371
1739084332,366
1739084335,373
1739084338,373
1739084341,373
1739084344,371
1739084347,370
1739084351,376
1739084353,375
1739084357,374
1739084360,388
1739084363,383
1739084366,385
1739084369,381
1739084372,387
1739084375,385
1739084378,384
1739084381,382
1739084384,385
1739084387,381
1739084390,384
1739084393,386
1739084396,379
1739084399,386
1739084403,382
1739084405,386
1739084408,386
1739084412,383
1739084415,380
1739084417,387
1739084421,380
1739084424,381
1739084427,387
1739084430,383
1739084433,386
1739084436,382
1739084439,378
1739084442,383
1739084445,382
1739084445,None
1739084451,381
1739084454,385
1739084457,381
1739084460,381
1739084463,382
1739084466,382
1739084470,382
1739084472,386
1739084475,384
1739084478,383
1739084481,382
1739084485,518
1739084488,646
1739084491,645
1739084491,None
1739084497,498
1739084501,381
1739084503,382
1739084506,381
1739084509,386
1739084512,384
1739084515,383
1739084518,383
1739084521,382
1739084524,386
1739084527,382
1739084531,389
1739084533,382
1739084533,None
1739084540,384
1739084542,379
1739084546,386
1739084549,379
1739084552,384
1739084555,381
1739084558,382
1739084558,None
1739084564,389
1739084567,384
1739084570,382
1739084574,392
1739084576,388
1739084579,381
1739084582,378
1739084585,383
1739084588,384
1739084591,382
1739084594,374
1739084594,None
1739084600,379
1739084603,374
1739084607,375
1739084610,378
1739084613,385
1739084616,375
1739084619,372
1739084622,378
1739084625,368
1739084628,376
1739084631,373
1739084634,372
1739084637,373
1739084640,374
1739084643,371
1739084646,372
1739084649,377
1739084652,374
1739084655,379
1739084658,380
1739084661,376
1739084665,380
1739084667,378
1739084670,377
1739084673,383
1739084677,374
1739084680,384
1739084683,375
1739084686,377
1739084689,377
1739084692,373
1739084695,381
1739084698,378
1739084701,379
1739084704,379
1739084707,377
1739084711,383
1739084713,376
1739084716,377
1739084719,370
1739084722,377
1739084725,378
1739084728,375
1739084731,380
1739084735,380
1739084738,378
1739084740,382
1739084744,380
1739084747,384
1739084750,378
1739084753,381
1739084756,378
1739084759,384
1739084762,381
1739084762,None
1739084768,385
1739084771,381
1739084774,379
1739084777,383
1739084780,380
1739084783,379
1739084787,383
1739084789,386
1739084792,378
1739084795,378
1739084798,374
1739084801,381
1739084804,387
1739084808,382
1739084811,382
1739084813,378
1739084816,383
1739084819,393
1739084822,382
1739084826,383
1739084829,378
1739084832,376
1739084835,384
1739084835,None
1739084841,380
1739084844,380
1739084847,376
1739084850,385
1739084850,None
1739084856,383
1739084859,377
1739084863,384
1739084865,387
1739084868,383
1739084871,377
1739084874,386
1739084877,481
1739084881,646
1739084883,654
1739084887,591
1739084890,383
1739084893,384
1739084896,382
1739084899,384
1739084903,382
1739084905,379
1739084908,375
1739084911,379
1739084914,376
1739084918,384
1739084920,382
1739084923,378
1739084927,385
1739084929,379
1739084932,377
1739084936,383
1739084938,383
1739084942,379
1739084945,381
1739084948,381
1739084948,None
1739084954,376
1739084957,381
1739084960,377
1739084963,378
1739084966,382
1739084969,373
1739084972,379
1739084975,380
1739084978,382
1739084981,378
1739084984,379
1739084987,381
1739084991,378
1739084994,379
1739084996,377
1739085000,381
1739085002,379
1739085005,377
1739085009,381
1739085012,376
1739085015,380
1739085017,382
1739085021,381
1739085024,373
1739085027,377
1739085030,378
1739085033,378
1739085036,375
1739085039,374
1739085039,None
1739085045,376
1739085048,374
1739085052,378
1739085054,375
1739085054,None
1739085054,None
1739085063,380
1739085066,383
1739085069,375
1739085072,375
1739085072,None
1739085079,371
1739085082,379
1739085085,376
1739085088,380
1739085091,378
1739085094,373
1739085097,377
1739085100,374
1739085103,381
1739085106,373
1739085109,373
1739085112,374
1739085115,378
1739085118,380
1739085121,379
1739085121,None
1739085128,376
1739085131,377
1739085133,381
1739085136,367
1739085139,362
1739085143,361
1739085145,363
1739085148,362
1739085152,371
1739085154,362
1739085158,369
1739085161,368
1739085164,366
1739085167,361
1739085170,366
1739085173,362
1739085176,356
1739085176,None
1739085182,366
1739085185,365
1739085188,368
1739085191,370
1739085194,366
1739085198,364
1739085200,361
1739085204,364
1739085207,359
1739085210,360
1739085213,365
1739085216,364
1739085219,362
1739085222,366
1739085225,363
1739085228,364
1739085231,361
1739085234,365
1739085237,364
1739085240,362
1739085243,372
1739085246,380
1739085250,377
1739085253,381
1739085256,379
1739085259,379
1739085259,None
1739085265,634
1739085267,638
1739085271,622
1739085271,None
1739085277,364
1739085280,365
1739085283,369
1739085286,369
1739085289,366
1739085292,365
1739085292,None
1739085298,367
1739085301,380
1739085305,373
1739085307,376
1739085310,375
1739085313,377
1739085317,372
1739085320,373
1739085322,371
1739085326,376
1739085329,373
1739085332,372
1739085332,None
1739085332,None
1739085341,552
1739085344,643
1739085347,663
1739085347,None
1739085353,717
1739085356,725
1739085359,735
1739085362,741
1739085365,756
1739085368,765
1739085371,765
1739085375,773
1739085378,783
1739085380,788
1739085384,792
1739085387,792
1739085387,None
1739085393,795
1739085396,765
1739085399,736
1739085402,740
1739085405,743
1739085408,734
1739085411,739
1739085414,738
1739085414,None
1739085420,741
1739085423,742
1739085426,751
1739085429,756
1739085432,753
1739085435,754
1739085438,756
1739085441,755
1739085444,755
1739085447,754
1739085451,755
1739085454,757
1739085454,None
1739085454,None
1739085463,752
1739085466,756
1739085469,761
1739085472,758
1739085475,757
1739085478,758
1739085481,759
1739085484,761
1739085487,758
1739085490,758
1739085493,757
1739085496,764
1739085499,755
1739085503,707
1739085506,691
1739085508,687
1739085511,693
1739085515,690
1739085518,689
1739085521,682
1739085524,681
1739085527,687
1739085530,679
1739085533,683
1739085536,685
1739085539,681
1739085542,682
1739085545,690
1739085548,685
1739085551,686
1739085554,676
1739085554,None
1739085561,682
1739085563,678
1739085563,None
1739085569,680
1739085573,683
1739085576,682
1739085576,None
1739085582,677
1739085585,680
1739085588,678
1739085591,675
1739085594,672
1739085597,673
1739085600,674
1739085603,679
1739085606,678
1739085609,681
1739085612,675
1739085615,680
1739085618,674
1739085621,622
1739085624,566
1739085627,529
1739085630,522
1739085633,515
1739085637,501
1739085640,507
1739085643,497
1739085646,501
1739085649,503
1739085649,None
1739085655,498
1739085655,None
1739085662,490
1739085664,495
1739085667,492
1739085670,489
1739085673,487
1739085677,498
1739085679,508
1739085682,496
1739085685,500
1739085689,492
1739085691,488
1739085694,486
1739085698,501
1739085698,None
1739085704,749
1739085707,748
1739085710,755
1739085713,563
1739085716,486
1739085716,None
1739085723,491
1739085725,493
1739085725,None
1739085731,490
1739085734,489
1739085737,490
1739085740,475
1739085743,442
1739085746,435
1739085749,439
1739085752,431
1739085755,435
1739085758,429
1739085758,None
1739085764,430
1739085767,430
1739085771,424
1739085773,425
1739085777,426
1739085780,422
1739085783,421
1739085786,425
1739085789,423
1739085792,423
1739085795,420
1739085795,None
1739085801,420
1739085804,419
1739085807,429
1739085810,422
1739085813,417
1739085816,424
1739085819,418
1739085823,426
1739085825,418
1739085828,413
1739085831,420
1739085834,416
1739085837,413
1739085837,None
1739085843,415
1739085847,416
1739085850,423
1739085852,418
1739085855,419
1739085859,417
1739085861,404
1739085865,395
1739085868,394
1739085871,401
1739085874,396
1739085877,399
1739085880,392
1739085883,395
1739085886,394
1739085889,399
1739085892,395
1739085895,392
1739085898,392
1739085901,387
1739085905,392
1739085908,394
1739085910,390
1739085913,389
1739085917,395
1739085919,388
1739085922,391
1739085925,389
1739085929,387
1739085931,386
1739085935,383
1739085938,389
1739085940,389
1739085944,382
1739085947,390
1739085950,388
1739085953,390
1739085956,383
1739085959,393
1739085962,381
1739085965,380
1739085968,378
1739085971,394
1739085974,389
1739085977,386
1739085980,387
1739085983,389
1739085987,392
1739085987,None
1739085993,381
1739085996,385
1739085998,386
1739086002,385
1739086005,388
1739086008,383
1739086011,386
1739086011,None
1739086017,378
1739086020,382
1739086023,386
1739086026,390
1739086029,385
1739086032,384
1739086035,386
1739086038,388
1739086041,384
1739086044,387
1739086048,389
1739086050,379
1739086054,382
1739086054,None
1739086060,386
1739086063,382
1739086066,384
1739086069,382
1739086072,380
1739086075,379
1739086078,388
1739086081,381
1739086084,380
1739086087,382
1739086090,383
1739086093,385
1739086096,387
1739086100,387
1739086102,384
1739086105,386
1739086108,386
1739086111,381
1739086115,387
1739086117,380
1739086120,384
1739086124,641
1739086127,634
1739086130,631
1739086133,456
1739086136,382
1739086139,377
1739086142,382
1739086145,383
1739086148,388
1739086151,380
1739086154,383
1739086158,386
1739086161,380
1739086163,386
1739086166,383
1739086169,378
1739086172,389
1739086176,395
1739086179,389
1739086182,387
1739086185,384
1739086188,384
1739086191,380
1739086194,375
1739086197,378
1739086200,387
1739086203,382
1739086206,380
1739086209,378
1739086212,391
1739086215,389
1739086218,374
1739086221,373
1739086224,376
1739086227,384
1739086230,389
1739086233,381
1739086237,379
1739086240,386
1739086243,370
1739086245,385
1739086249,394
1739086252,377
1739086255,377
1739086258,377
1739086261,386
1739086264,383
1739086267,372
1739086270,384
1739086273,382
1739086276,383
1739086279,388
1739086282,383
1739086285,371
1739086289,378
1739086291,379
1739086294,378
1739086298,389
1739086301,387
1739086304,380
1739086307,382
1739086307,None
1739086313,374
1739086316,380
1739086319,383
1739086322,378
1739086325,387
1739086328,382
1739086331,376
1739086334,377
1739086338,378
1739086340,377
1739086343,375
1739086347,387
1739086349,379
1739086352,381
1739086352,None
1739086359,377
1739086361,382
1739086365,373
1739086368,374
1739086371,380
1739086374,378
1739086377,376
1739086380,383
1739086383,375
1739086386,382
1739086389,378
1739086392,383
1739086395,384
1739086398,379
1739086401,384
1739086404,380
1739086407,376
1739086410,373
1739086413,380
1739086416,393
1739086419,382
1739086423,385
1739086423,None
1739086428,384
1739086432,384
1739086435,375
1739086438,379
1739086441,380
1739086444,381
1739086447,377
1739086450,375
1739086453,385
1739086456,374
1739086459,381
1739086462,380
1739086466,380
1739086469,379
1739086471,379
1739086475,381
1739086478,381
1739086481,376
1739086484,384
1739086487,381
1739086490,384
1739086493,380
1739086496,378
1739086499,385
1739086502,615
1739086505,632
1739086505,None
1739086511,580
1739086514,381
1739086517,382
1739086520,384
1739086524,378
1739086526,377
1739086529,380
1739086532,375
1739086535,387
1739086538,378
1739086542,384
1739086544,381
1739086548,381
1739086550,385
1739086553,380
1739086557,397
1739086560,388
1739086563,384
1739086566,401
1739086569,374
1739086572,381
1739086575,380
1739086578,382
1739086578,None
1739086584,383
1739086584,None
1739086590,390
1739086593,374
1739086596,376
1739086596,None
1739086603,384
1739086606,388
1739086609,395
1739086611,390
1739086615,389
1739086618,381
1739086618,None
1739086624,394
1739086627,391
1739086630,385
1739086630,None
1739086636,387
1739086639,383
1739086642,392
1739086645,389
1739086649,397
1739086651,385
1739086655,392
1739086657,383
1739086660,391
1739086663,394
1739086666,384
1739086670,396
1739086673,387
1739086677,387
1739086679,387
1739086682,385
1739086685,387
1739086688,389
1739086691,392
1739086694,378
1739086694,None
1739086700,382
1739086703,373
1739086706,377
1739086709,380
1739086712,372
1739086712,None
1739086718,376
1739086721,377
1739086724,384
1739086727,373
1739086730,379
1739086733,378
1739086737,388
1739086739,383
1739086743,384
1739086746,386
1739086749,387
1739086751,382
1739086755,379
1739086758,386
1739086761,383
1739086763,385
1739086767,387
1739086770,384
1739086770,None
1739086776,388
1739086779,381
1739086782,385
1739086785,377
1739086788,382
1739086791,381
1739086794,385
1739086797,385
1739086800,383
1739086803,384
1739086806,381
1739086810,378
1739086812,372
1739086816,378
1739086818,379
1739086822,378
1739086825,375
1739086828,381
1739086831,366
1739086834,367
1739086837,366
1739086840,371
1739086843,372
1739086846,372
1739086849,369
1739086852,372
1739086855,368
1739086858,370
1739086861,371
1739086864,371
1739086867,370
1739086871,361
1739086873,371
1739086877,369
1739086880,364
1739086882,369
1739086886,449
1739086889,618
1739086892,625
1739086895,622
1739086898,619
1739086901,382
1739086904,366
1739086907,368
1739086910,368
1739086914,370
1739086916,366
1739086919,373
1739086922,362
1739086925,364
1739086928,368
1739086931,380
1739086935,380
1739086938,376
1739086941,384
1739086944,385
1739086946,378
1739086950,383
1739086953,390
1739086956,391
1739086956,None
1739086962,384
1739086965,385
1739086968,377
1739086971,386
1739086974,377
1739086977,382
1739086980,380
1739086983,384
1739086986,385
1739086989,383
1739086992,385
1739086995,377
1739086998,375
1739086998,None
1739086998,None
1739087007,381
1739087010,379
1739087013,383
1739087016,378
1739087019,383
1739087022,375
1739087025,376
1739087029,373
1739087032,377
1739087032,None
1739087038,380
1739087041,381
1739087044,382
1739087047,375
1739087050,379
1739087053,377
1739087057,377
1739087059,375
1739087062,375
1739087065,381
1739087068,383
1739087071,380
1739087075,372
1739087077,370
1739087081,379
1739087083,377
1739087086,375
1739087090,379
1739087092,377
1739087096,380
1739087099,385
1739087102,381
1739087105,382
1739087108,384
1739087111,388
1739087111,None
1739087117,383
1739087120,383
1739087123,379
1739087126,385
1739087129,387
1739087132,383
1739087132,None
1739087139,380
1739087142,376
1739087144,380
1739087148,372
1739087151,378
1739087154,378
1739087157,372
1739087160,376
1739087163,372
1739087166,374
1739087169,369
1739087172,373
1739087175,381
1739087178,368
1739087181,396
1739087184,411
1739087187,416
1739087190,427
1739087193,415
1739087196,420
1739087199,418
1739087202,416
1739087205,423
1739087208,419
1739087212,426
1739087215,421
1739087218,426
1739087221,426
1739087223,431
1739087227,421
1739087230,425
1739087233,426
1739087236,427
1739087239,425
1739087242,430
1739087245,440
1739087248,428
1739087251,426
1739087254,426
1739087257,431
1739087260,423
1739087263,425
1739087267,425
1739087269,427
1739087272,425
1739087276,426
1739087279,434
1739087282,429
1739087285,429
1739087288,425
1739087290,422
1739087294,421
1739087297,421
1739087300,407
1739087303,391
1739087306,369
1739087306,None
1739087312,377
1739087315,365
1739087318,373
1739087321,364
1739087324,365
1739087327,370
1739087330,365
1739087333,371
1739087337,367
1739087339,369
1739087339,None
1739087345,370
1739087349,454
1739087352,618
1739087355,619
1739087358,616
1739087361,508
1739087364,364
1739087367,362
1739087370,364
1739087373,367
1739087373,None
1739087379,363
1739087382,362
1739087385,358
1739087388,358
1739087392,362
1739087394,361
1739087397,363
1739087400,354
1739087404,363
1739087407,357
1739087410,365
1739087413,353
1739087416,363
1739087419,357
1739087422,351
1739087425,361
1739087428,358
1739087431,371
1739087434,357
1739087437,357
1739087440,365
1739087443,363
1739087446,360
1739087449,358
1739087453,362
1739087453,None
1739087459,364
1739087462,355
1739087465,365
1739087468,368
1739087470,368
1739087474,359
1739087477,359
1739087480,357
1739087483,360
1739087486,362
1739087489,366
1739087492,362
1739087495,363
1739087498,353
1739087501,353
1739087504,360
1739087507,356
1739087510,360
1739087510,None
1739087516,355
1739087519,361
1739087522,355
1739087526,360
1739087528,365
1739087532,356
1739087535,357
1739087538,367
1739087541,354
1739087544,363
1739087547,354
1739087550,362
1739087553,358
1739087553,None
1739087553,None
1739087562,355
1739087562,None
1739087568,367
1739087571,359
1739087574,356
1739087578,358
1739087581,361
1739087583,352
1739087586,357
1739087589,353
1739087592,366
1739087596,360
1739087599,357
1739087602,354
1739087605,358
1739087608,363
1739087611,356
1739087614,360
1739087617,357
1739087620,360
1739087624,361
1739087624,None
1739087629,351
1739087632,363
1739087635,353
1739087638,354
1739087641,358
1739087645,355
1739087647,358
1739087650,359
1739087654,361
1739087657,358
1739087660,360
1739087663,354
1739087666,356
1739087669,357
1739087672,356
1739087675,358
1739087678,355
1739087681,358
1739087684,366
1739087687,354
1739087690,361
1739087693,359
1739087696,356
1739087699,358
1739087702,364
1739087705,358
1739087709,358
1739087711,357
1739087714,354
1739087718,351
1739087721,360
1739087723,353
1739087727,353
1739087730,364
1739087733,356
1739087736,357
1739087739,365
1739087742,354
1739087742,None
1739087748,349
1739087751,354
1739087754,355
1739087757,357
1739087761,353
1739087764,361
1739087767,350
1739087769,355
1739087773,357
1739087776,355
1739087778,350
1739087781,536
1739087785,600
1739087788,603
1739087790,604
1739087794,458
1739087797,356
1739087800,351
1739087800,None
1739087806,356
1739087809,362
1739087812,351
1739087815,350
1739087818,358
1739087821,353
1739087824,358
1739087827,357
1739087830,358
1739087833,352
1739087836,360
1739087840,352
1739087843,358
1739087846,352
1739087849,360
1739087852,351
1739087855,352
1739087858,354
1739087861,353
1739087864,367
1739087867,360
1739087870,357
1739087873,360
1739087876,358
1739087879,353
1739087883,360
1739087886,356
1739087889,348
1739087891,361
1739087895,355
1739087897,353
1739087901,357
1739087904,354
1739087907,352
1739087910,353
1739087913,352
1739087916,350
1739087919,351
1739087922,358
1739087925,348
1739087928,350
1739087931,360
1739087934,351
1739087937,351
1739087940,359
1739087943,349
1739087946,357
1739087949,354
1739087953,353
1739087955,355
1739087959,354
1739087961,347
1739087964,355
1739087967,352
1739087970,352
1739087973,355
1739087973,None
1739087980,351
1739087983,353
1739087986,356
1739087989,354
1739087992,352
1739087995,360
1739087998,359
1739088001,351
1739088005,360
1739088007,354
1739088010,361
1739088014,353
1739088016,351
1739088016,None
1739088022,354
1739088025,356
1739088029,351
1739088031,352
1739088034,359
1739088038,358
1739088041,355
1739088044,361
1739088047,354
1739088050,358
1739088053,358
1739088056,357
1739088056,None
1739088062,359
1739088065,354
1739088069,354
1739088071,363
1739088074,352
1739088077,358
1739088080,354
1739088083,352
1739088086,357
1739088089,351
1739088092,355
1739088096,349
1739088099,347
1739088102,358
1739088104,358
1739088108,350
1739088111,360
1739088114,348
1739088117,353
1739088120,350
1739088120,None
1739088126,359
1739088129,352
1739088132,363
1739088135,350
1739088138,357
1739088141,358
1739088144,354
1739088147,353
1739088150,348
1739088154,299
1739088156,298
1739088159,295
1739088162,299
1739088165,291
1739088165,None
1739088171,295
1739088175,289
1739088178,297
1739088181,293
1739088184,300
1739088187,299
1739088190,294
1739088193,297
1739088196,291
1739088199,295
1739088202,292
1739088205,296
1739088208,293
1739088212,296
1739088214,288
1739088217,292
1739088221,287
1739088223,295
1739088227,289
1739088229,290
1739088229,None
1739088235,298
1739088239,297
1739088241,296
1739088245,292
1739088247,332
1739088251,544
1739088254,546
1739088257,542
1739088260,484
1739088263,291
1739088266,299
1739088269,295
1739088272,288
1739088275,297
1739088275,None
1739088282,296
1739088284,291
1739088288,294
1739088290,293
1739088293,294
1739088297,287
1739088297,None
1739088303,288
1739088306,294
1739088309,289
1739088312,294
1739088315,287
1739088318,293
1739088321,289
1739088324,291
1739088327,290
1739088327,None
1739088333,290
1739088336,289
1739088339,293
1739088342,289
1739088345,291
1739088348,293
1739088351,286
1739088355,296
1739088357,295
1739088361,301
1739088363,295
1739088367,299
1739088369,295
1739088373,298
1739088376,294
1739088379,298
1739088382,294
1739088385,301
1739088388,296
1739088392,292
1739088394,289
1739088397,287
1739088400,281
1739088403,300
1739088406,297
1739088409,294
1739088412,299
1739088415,300
1739088418,298
1739088418,None
1739088424,302
1739088427,299
1739088430,293
1739088433,305
1739088433,None
1739088439,291
1739088443,298
1739088446,297
1739088449,294
1739088452,299
1739088455,295
1739088458,298
1739088461,301
1739088464,290
1739088467,299
1739088470,294
1739088473,291
1739088477,298
1739088479,294
1739088482,298
1739088485,300
1739088488,293
1739088492,301
1739088495,297
1739088498,291
1739088500,301
1739088503,296
1739088506,296
1739088510,294
1739088512,300
1739088516,298
1739088518,297
1739088522,297
1739088525,289
1739088525,None
1739088531,299
1739088534,297
1739088537,293
1739088540,297
1739088543,301
1739088546,297
1739088549,296
1739088552,296
1739088555,302
1739088558,299
1739088561,294
1739088564,300
1739088567,294
1739088570,295
1739088573,296
1739088576,295
1739088580,298
1739088582,295
1739088586,296
1739088588,298
1739088592,298
1739088595,303
1739088598,297
1739088601,299
1739088601,None
1739088607,299
1739088610,295
1739088613,301
1739088616,290
1739088619,294
1739088622,293
1739088625,291
1739088628,292
1739088632,294
1739088632,None
1739088637,291
1739088640,317
1739088643,546
1739088646,546
1739088649,545
1739088653,380
1739088656,291
1739088659,297
1739088659,None
1739088665,297
1739088668,291
1739088671,292
1739088674,297
1739088677,290
1739088681,295
1739088683,294
1739088686,294
1739088689,294
1739088692,292
1739088695,295
1739088698,288
1739088701,294
1739088705,291
1739088708,294
1739088711,292
1739088714,294
1739088717,294
1739088720,293
1739088723,295
1739088726,291
1739088726,None
1739088732,308
1739088735,306
1739088739,296
1739088741,301
1739088744,296
1739088747,308
1739088750,300
1739088754,336
1739088757,338
1739088760,339
1739088763,337
1739088766,347
1739088766,None
1739088772,336
1739088775,339
1739088778,335
1739088781,335
1739088784,339
1739088787,336
1739088790,340
1739088793,332
1739088796,332
1739088799,328
1739088802,328
1739088806,322
1739088809,322
1739088811,317
1739088814,313
1739088818,310
1739088821,301
1739088823,302
1739088823,None
1739088830,301
1739088833,299
1739088836,301
1739088839,297
1739088842,290
1739088845,294
1739088848,294
1739088852,291
1739088854,292
1739088857,286
1739088860,286
1739088863,287
1739088866,292
1739088870,289
1739088872,292
1739088875,293
1739088879,290
1739088882,286
1739088884,285
1739088888,287
1739088891,288
1739088894,292
1739088897,293
1739088900,290
1739088903,288
1739088906,298
1739088909,294
1739088912,295
1739088915,292
1739088918,291
1739088921,298
1739088924,290
1739088928,295
1739088930,295
1739088934,298
1739088936,295
1739088939,299
1739088942,305
1739088942,None
1739088949,317
1739088952,303
1739088955,305
1739088958,309
1739088961,310
1739088964,314
1739088967,310
1739088970,313
1739088973,314
1739088976,314
1739088979,301
1739088982,313
1739088985,309
1739088988,304
1739088991,304
1739088994,306
1739088997,302
1739089000,297
1739089003,302
1739089007,297
1739089009,299
1739089013,307
1739089016,305
1739089019,308
1739089022,303
1739089025,306
1739089029,299
1739089029,None
1739089034,303
1739089037,312
1739089040,305
1739089044,335
1739089046,569
1739089049,557
1739089052,555
1739089055,513
1739089058,301
1739089062,311
1739089064,300
1739089067,297
1739089070,296
1739089073,301
1739089076,297
1739089080,316
1739089082,336
1739089086,343
1739089089,352
1739089089,None
1739089095,350
1739089098,357
1739089101,400
1739089104,434
1739089104,None
1739089110,467
1739089113,468
1739089116,447
1739089116,None
1739089122,443
1739089125,449
1739089128,449
1739089131,453
1739089135,444
1739089137,444
1739089137,None
1739089143,436
1739089147,432
1739089147,None
1739089153,438
1739089156,428
1739089159,432
1739089162,434
1739089165,441
1739089168,434
1739089171,433
1739089174,433
1739089177,439
1739089177,None
1739089184,432
1739089187,435
1739089189,435
1739089192,433
1739089196,440
1739089198,431
1739089201,427
1739089204,432
1739089208,429
1739089211,436
1739089214,429
1739089217,427
1739089220,433
1739089223,433
1739089226,439
1739089226,None
1739089232,433
1739089235,431
1739089239,431
1739089242,431
1739089244,426
1739089247,427
1739089250,421
1739089253,433
1739089256,424
1739089259,431
1739089262,427
1739089266,425
1739089269,427
1739089272,430
1739089274,430
1739089278,431
1739089281,428
1739089284,431
1739089287,429
1739089290,427
1739089293,439
1739089296,427
1739089299,433
1739089299,None
1739089305,433
1739089308,425
1739089311,421
1739089314,422
1739089318,422
1739089320,417
1739089323,422
1739089327,425
1739089329,424
1739089332,424
1739089335,422
1739089339,429
1739089342,423
1739089345,423
1739089348,416
1739089351,430
1739089354,421
1739089357,423
1739089360,427
1739089363,420
1739089366,421
1739089369,431
1739089369,None
1739089375,434
1739089378,431
1739089382,429
1739089384,432
1739089387,431
1739089391,432
1739089393,429
1739089397,431
1739089400,431
1739089403,428
1739089406,432
1739089409,428
1739089412,433
1739089415,433
1739089418,432
1739089423,432
1739089424,436
1739089427,430
1739089431,434
1739089433,429
1739089436,431
1739089439,429
1739089443,429
1739089445,430
1739089449,429
1739089451,431
1739089455,428
1739089457,429
1739089461,434
1739089464,425
1739089467,432
1739089470,428
1739089473,619
1739089476,687
1739089479,684
1739089482,654
1739089485,430
1739089488,425
1739089491,427
1739089494,426
1739089497,426
1739089501,426
1739089504,433
1739089506,435
1739089506,None
1739089513,432
1739089515,430
1739089519,433
1739089522,428
1739089525,425
1739089528,431
1739089531,427
1739089534,422
1739089537,437
1739089540,428
1739089543,430
1739089546,426
1739089549,432
1739089552,433
1739089555,428
1739089558,429
1739089561,428
1739089564,440
1739089564,None
1739089570,427
1739089573,430
1739089576,427
1739089576,None
1739089583,428
1739089585,431
1739089589,429
1739089592,426
1739089595,423
1739089598,438
1739089601,433
1739089604,432
1739089607,434
1739089610,431
1739089613,433
1739089616,428
1739089619,434
1739089622,429
1739089625,425
1739089628,434
1739089628,None
1739089634,432
1739089637,433
1739089640,430
1739089643,428
1739089647,427
1739089649,430
1739089652,427
1739089656,431
1739089659,429
1739089661,432
1739089665,428
1739089668,431
1739089671,428
1739089674,427
1739089677,425
1739089680,429
1739089683,430
1739089686,427
1739089689,429
1739089692,427
1739089695,430
1739089698,426
1739089701,429
1739089704,430
1739089707,430
1739089710,431
1739089713,427
1739089717,430
1739089720,430
1739089722,433
1739089726,434
1739089729,433
1739089731,434
1739089735,433
1739089738,430
1739089741,435
1739089744,434
1739089747,433
1739089750,432
1739089753,438
1739089756,433
1739089759,430
1739089762,431
1739089765,433
1739089768,429
1739089771,435
1739089774,430
1739089777,433
1739089780,429
1739089783,431
1739089787,429
1739089790,429
1739089793,432
1739089796,429
1739089799,428
1739089802,431
1739089805,427
1739089808,426
1739089810,432
1739089814,427
1739089817,424
1739089820,430
1739089823,428
1739089826,427
1739089830,431
1739089833,426
1739089836,425
1739089839,426
1739089841,427
1739089844,435
1739089847,432
1739089851,431
1739089853,430
1739089857,438
1739089860,437
1739089863,463
1739089866,687
1739089870,684
1739089872,695
1739089875,576
1739089878,430
1739089882,425
1739089884,426
1739089887,432
1739089890,438
1739089893,435
1739089897,440
1739089899,440
1739089903,428
1739089903,None
1739089908,424
1739089912,430
1739089915,427
1739089918,430
1739089921,427
1739089921,None
1739089927,427
1739089930,431
1739089933,426
1739089936,434
1739089939,428
1739089942,433
1739089945,434
1739089948,434
1739089951,438
1739089954,434
1739089957,428
1739089961,429
1739089964,429
1739089964,None
1739089964,None
1739089964,None
1739089976,428
1739089976,None
1739089982,428
1739089985,430
1739089988,433
1739089991,427
1739089994,433
1739089997,435
1739090000,434
1739090003,429
1739090007,430
1739090009,434
1739090013,434
1739090013,None
1739090019,428
1739090022,423
1739090025,427
1739090028,433
1739090031,436
1739090034,433
1739090037,438
1739090040,437
1739090043,429
1739090046,442
1739090049,440
1739090052,431
1739090055,435
1739090058,430
1739090061,441
1739090064,436
1739090068,427
1739090071,429
1739090073,430
1739090077,428
1739090080,440
1739090083,430
1739090086,428
1739090089,443
1739090092,429
1739090095,428
1739090098,430
1739090101,430
1739090104,440
1739090107,426
1739090110,437
1739090113,437
1739090116,433
1739090119,439
1739090122,435
1739090125,431
1739090125,None
1739090132,436
1739090135,431
1739090138,431
1739090141,442
1739090143,436
1739090148,438
1739090150,439
1739090153,434
1739090156,433
1739090159,441
1739090162,434
1739090165,436
1739090168,441
1739090171,433
1739090174,434
1739090177,430
1739090180,426
1739090180,None
1739090186,432
1739090190,427
1739090193,425
1739090196,437
1739090199,431
1739090202,431
1739090205,428
1739090208,430
1739090211,428
1739090214,430
1739090217,433
1739090220,427
1739090223,433
1739090226,425
1739090229,428
1739090232,419
1739090235,431
1739090238,430
1739090241,429
1739090244,424
1739090247,426
1739090250,423
1739090253,422
1739090256,425
1739090259,429
1739090263,431
1739090265,431
1739090268,428
1739090272,437
1739090275,432
1739090277,434
1739090280,524
1739090283,689
1739090287,693
1739090290,693
1739090293,495
1739090293,None
1739090299,430
1739090303,434
1739090305,432
1739090308,431
1739090311,432
1739090314,435
1739090317,430
1739090320,427
1739090324,436
1739090324,None
1739090329,430
1739090332,428
1739090336,438
1739090336,None
1739090341,430
1739090345,426
1739090348,429
1739090351,438
1739090354,429
1739090357,429
1739090360,429
1739090362,436
1739090367,429
1739090369,426
1739090372,431
1739090375,429
1739090378,423
1739090381,435
1739090384,428
1739090384,None
1739090390,434
1739090393,430
1739090396,428
1739090399,433
1739090403,427
1739090406,434
1739090409,431
1739090412,425
1739090415,430
1739090418,429
1739090421,424
1739090424,428
1739090427,433
1739090430,430
1739090433,429
1739090436,429
1739090439,434
1739090442,429
1739090445,429
1739090448,426
1739090451,430
1739090454,437
1739090457,429
1739090457,None
1739090463,430
1739090466,435
1739090470,429
1739090473,429
1739090476,433
1739090478,433
1739090482,433
1739090482,None
1739090488,432
1739090490,421
1739090494,422
1739090497,424
1739090500,427
1739090503,421
1739090506,421
1739090506,None
1739090512,427
1739090515,426
1739090519,423
1739090521,422
1739090524,419
1739090527,423
1739090530,426
1739090533,422
1739090537,422
1739090540,428
1739090542,422
1739090545,416
1739090548,419
1739090552,424
1739090555,422
1739090557,421
1739090561,424
1739090561,None
1739090561,None
1739090561,None
1739090573,418
1739090573,None
1739090579,422
1739090579,None
1739090585,422
1739090588,424
1739090591,423
1739090594,422
1739090597,427
1739090600,420
1739090603,425
1739090606,420
1739090609,427
1739090613,422
1739090616,423
1739090619,421
1739090622,427
1739090625,429
1739090628,432
1739090631,426
1739090634,433
1739090637,429
1739090640,420
1739090643,426
1739090646,425
1739090649,427
1739090652,428
1739090655,424
1739090658,424
1739090661,420
1739090664,419
1739090667,417
1739090667,None
1739090674,418
1739090676,421
1739090680,411
1739090683,413
1739090686,411
1739090689,415
1739090692,486
1739090695,674
1739090699,674
1739090701,675
1739090704,576
1739090707,428
1739090710,425
1739090713,423
1739090717,429
1739090720,426
1739090722,426
1739090725,430
1739090728,430
1739090732,426
1739090732,None
1739090738,426
1739090741,433
1739090741,None
1739090741,None
1739090750,450
1739090753,428
1739090753,None
1739090759,430
1739090762,438
1739090765,426
1739090768,432
1739090771,425
1739090774,432
1739090777,418
1739090781,418
1739090784,421
1739090787,418
1739090790,424
1739090793,420
1739090796,423
1739090799,433
1739090802,423
1739090805,425
1739090808,422
1739090811,435
1739090814,433
1739090818,424
1739090820,431
1739090823,422
1739090826,430
1739090829,428
1739090829,None
1739090835,431
1739090839,429
1739090841,434
1739090845,432
1739090848,436
1739090851,433
1739090854,432
1739090854,None
1739090860,445
1739090863,442
1739090866,437
1739090866,None
1739090872,430
1739090875,436
1739090878,437
1739090881,427
1739090881,None
1739090887,436
1739090890,439
1739090893,428
1739090897,433
1739090899,430
1739090902,429
1739090905,434
1739090908,441
1739090911,435
1739090914,437
1739090918,448
1739090921,442
1739090924,441
1739090927,439
1739090930,437
1739090933,449
1739090936,453
1739090939,445
1739090943,446
1739090945,438
1739090948,441
1739090951,439
1739090954,441
1739090957,438
1739090960,438
1739090963,444
1739090966,435
1739090969,431
1739090972,432
1739090975,427
1739090975,None
1739090981,429
1739090984,431
1739090987,431
1739090991,437
1739090994,438
1739090996,442
1739091000,440
1739091003,434
1739091006,442
1739091009,436
1739091012,439
1739091016,439
1739091018,436
1739091021,433
1739091024,442
1739091027,438
1739091030,433
1739091030,None
1739091036,444
1739091039,440
1739091042,440
1739091045,440
1739091049,433
1739091051,433
1739091051,None
1739091058,436
1739091060,443
1739091064,438
1739091067,441
1739091070,440
1739091073,441
1739091076,440
1739091079,437
1739091082,443
1739091085,437
1739091088,445
1739091091,440
1739091094,445
1739091097,457
1739091100,441
1739091103,443
1739091107,448
1739091109,453
1739091112,442
1739091115,435
1739091118,449
1739091121,437
1739091125,437
1739091128,434
1739091131,440
1739091134,443
1739091137,676
1739091140,700
1739091143,696
1739091146,615
1739091149,438
1739091152,430
1739091155,432
1739091158,438
1739091161,436
1739091164,440
1739091167,445
1739091170,435
1739091173,437
1739091177,435
1739091179,439
1739091182,435
1739091185,436
1739091188,433
1739091192,433
1739091194,430
1739091198,442
1739091201,438
1739091204,440
1739091207,446
1739091210,442
1739091213,449
1739091216,441
1739091219,443
1739091223,439
1739091225,440
1739091228,441
1739091231,440
1739091234,442
1739091238,436
1739091240,443
1739091243,438
1739091246,447
1739091249,447
1739091252,442
1739091256,444
1739091258,438
1739091262,441
1739091265,440
1739091268,437
1739091271,434
1739091274,432
1739091277,436
1739091280,440
1739091283,433
1739091286,429
1739091290,434
1739091292,435
1739091295,431
1739091295,None
1739091301,441
1739091304,435
1739091307,435
1739091310,441
1739091313,437
1739091317,436
1739091320,434
1739091322,443
1739091326,434
1739091328,431
1739091331,430
1739091335,431
1739091338,431
1739091341,428
1739091344,428
1739091347,431
1739091350,432
1739091354,431
1739091356,433
1739091359,433
1739091362,437
1739091365,441
1739091368,436
1739091371,434
1739091374,447
1739091377,446
1739091381,436
1739091384,443
1739091386,438
1739091389,433
1739091392,425
1739091395,432
1739091399,427
1739091402,429
1739091405,432
1739091408,431
1739091411,429
1739091414,432
1739091417,425
1739091420,428
1739091423,434
1739091427,428
1739091429,429
1739091432,427
1739091435,432
1739091438,427
1739091441,428
1739091445,431
1739091448,427
1739091451,430
1739091454,432
1739091457,429
1739091460,431
1739091463,435
1739091466,424
1739091469,427
1739091472,429
1739091475,426
1739091479,434
1739091482,431
1739091484,434
1739091488,440
1739091491,437
1739091493,437
1739091497,446
1739091500,443
1739091503,447
1739091506,440
1739091508,446
1739091512,442
1739091515,445
1739091518,449
1739091518,None
1739091524,440
1739091527,569
1739091530,699
1739091530,None
1739091536,703
1739091539,461
1739091542,444
1739091545,449
1739091548,441
1739091551,441
1739091554,449
1739091557,437
1739091561,443
1739091563,446
1739091567,443
1739091570,445
1739091573,439
1739091575,440
1739091579,443
1739091582,440
1739091585,438
1739091588,444
1739091592,442
1739091594,446
1739091597,444
1739091600,443
1739091603,451
1739091606,444
1739091609,443
1739091612,452
1739091616,442
1739091618,441
1739091621,437
1739091625,444
1739091625,None
1739091631,444
1739091633,440
1739091637,441
1739091640,439
1739091643,432
1739091646,442
1739091649,439
1739091652,430
1739091655,439
1739091658,431
1739091661,436
1739091664,433
1739091667,432
1739091671,431
1739091674,435
1739091677,437
1739091679,431
1739091683,433
1739091685,435
1739091689,439
1739091692,440
1739091694,436
1739091698,435
1739091701,435
1739091704,428
1739091707,433
1739091710,434
1739091713,436
1739091716,432
1739091719,428
1739091722,435
1739091725,434
1739091728,436
1739091731,433
1739091734,434
1739091737,436
1739091740,431
1739091744,432
1739091747,428
1739091750,431
1739091753,432
1739091755,435
1739091759,433
1739091762,432
1739091765,437
1739091768,431
1739091771,434
1739091774,428
1739091777,424
1739091780,433
1739091783,425
1739091787,434
1739091790,429
1739091793,431
1739091795,430
1739091798,428
1739091801,433
1739091805,430
1739091808,433
1739091811,436
1739091814,433
1739091817,433
1739091820,430
1739091823,432
1739091826,431
1739091829,428
1739091832,431
1739091835,431
1739091838,435
1739091842,435
1739091844,433
1739091847,437
1739091851,436
1739091853,433
1739091857,442
1739091859,433
1739091862,434
1739091865,436
1739091869,433
1739091869,None
1739091875,430
1739091878,428
1739091881,435
1739091884,429
1739091887,429
1739091890,437
1739091893,432
1739091896,426
1739091899,435
1739091902,430
1739091906,431
1739091910,434
1739091911,435
1739091915,427
1739091918,430
1739091921,436
1739091924,428
1739091927,433
1739091930,431
1739091933,428
1739091936,434
1739091936,None
1739091942,429
1739091946,435
1739091946,None
1739091951,433
1739091954,482
1739091957,693
1739091960,697
1739091963,690
1739091966,537
1739091970,434
1739091973,431
1739091975,429
1739091978,435
1739091982,433
1739091984,430
1739091988,429
1739091991,435
1739091994,432
1739091994,None
1739092000,437
1739092000,None
1739092006,430
1739092009,441
1739092009,None
1739092015,447
1739092018,447
1739092018,None
1739092024,448
1739092027,441
1739092030,445
1739092033,455
1739092036,456
1739092040,443
1739092043,451
1739092046,451
1739092049,462
1739092052,450
1739092055,453
1739092058,450
1739092061,450
1739092064,446
1739092067,443
1739092070,449
1739092073,436
1739092073,None
1739092080,442
1739092082,434
1739092085,437
1739092089,436
1739092091,441
1739092095,437
1739092095,None
1739092095,None
1739092103,433
1739092107,437
1739092109,446
1739092113,444
1739092116,441
1739092119,441
1739092122,436
1739092125,444
1739092128,444
1739092131,439
1739092134,440
1739092134,None
1739092140,450
1739092143,449
1739092146,441
1739092149,444
1739092152,439
1739092155,443
1739092158,449
1739092161,444
1739092164,445
1739092168,440
1739092168,None
1739092168,None
1739092177,438
1739092177,None
1739092183,445
1739092186,439
1739092189,432
1739092192,446
1739092192,None
1739092198,433
1739092201,437
1739092204,440
1739092204,None
1739092210,439
1739092213,436
1739092216,441
1739092219,433
1739092222,438
1739092226,436
1739092229,438
1739092231,436
1739092235,436
1739092237,442
1739092240,443
1739092244,448
1739092247,445
1739092250,451
1739092253,441
1739092256,444
1739092259,446
1739092262,438
1739092265,441
1739092268,434
1739092271,435
1739092274,434
1739092278,441
1739092278,None
1739092283,439
1739092286,434
1739092289,439
1739092293,434
1739092295,434
1739092299,442
1739092302,440
1739092304,430
1739092308,446
1739092311,446
1739092311,None
1739092317,445
1739092320,448
1739092323,444
1739092326,444
1739092329,444
1739092332,446
1739092332,None
1739092338,449
1739092341,442
1739092344,442
1739092347,446
1739092350,439
1739092353,445
1739092356,444
1739092359,444
1739092362,444
1739092362,None
1739092368,433
1739092371,432
1739092375,437
1739092378,438
1739092381,437
1739092384,441
1739092387,436
1739092390,667
1739092393,698
1739092396,696
1739092399,596
1739092402,436
1739092405,434
1739092408,439
1739092411,436
1739092415,437
1739092417,435
1739092421,437
1739092423,437
1739092426,446
1739092430,443
1739092433,451
1739092435,445
1739092439,442
1739092442,452
1739092445,450
1739092448,443
1739092451,444
1739092454,444
1739092457,446
1739092460,446
1739092463,446
1739092466,442
1739092469,440
1739092472,442
1739092475,439
1739092478,443
1739092481,442
1739092484,440
1739092488,437
1739092491,443
1739092494,440
1739092496,439
1739092499,441
1739092503,435
1739092506,444
1739092509,437
1739092512,441
1739092515,437
1739092518,439
1739092521,439
1739092524,435
1739092527,442
1739092530,435
1739092533,444
1739092536,438
1739092539,441
1739092542,437
1739092545,434
1739092548,437
1739092551,435
1739092554,438
1739092557,439
1739092561,443
1739092563,440
1739092566,438
1739092569,442
1739092573,439
1739092575,438
1739092579,443
1739092582,437
1739092582,None
1739092588,441
1739092591,436
1739092594,435
1739092597,429
1739092597,None
1739092597,None
1739092606,426
1739092610,433
1739092612,430
1739092615,430
1739092618,436
1739092621,430
1739092624,428
1739092627,433
1739092630,431
1739092634,428
1739092637,431
1739092639,427
1739092642,428
1739092646,433
1739092649,427
1739092652,425
1739092655,429
1739092658,426
1739092661,426
1739092664,436
1739092667,429
1739092670,427
1739092673,429
1739092676,431
1739092679,431
1739092682,428
1739092685,430
1739092688,426
1739092691,432
1739092695,425
1739092698,427
1739092700,430
1739092703,429
1739092707,435
1739092710,432
1739092713,437
1739092716,434
1739092719,430
1739092722,430
1739092722,None
1739092728,432
1739092731,427
1739092731,None
1739092737,428
1739092740,431
1739092743,429
1739092746,428
1739092749,430
1739092752,428
1739092755,431
1739092759,427
1739092762,431
1739092764,616
1739092768,687
1739092771,687
1739092774,680
1739092774,None
1739092780,434
1739092783,435
1739092786,433
1739092789,436
1739092792,431
1739092792,None
1739092792,None
1739092801,435
1739092804,436
1739092807,435
1739092810,438
1739092813,434
1739092817,434
1739092819,439
1739092823,435
1739092826,438
1739092829,442
1739092832,443
1739092835,439
1739092838,436
1739092841,437
1739092844,432
1739092844,None
1739092844,None
1739092853,432
1739092856,431
1739092859,434
1739092859,None
1739092866,436
1739092868,436
1739092871,444
1739092875,442
1739092878,431
1739092881,428
1739092881,None
1739092887,428
1739092890,435
1739092890,None
1739092896,430
1739092899,436
1739092902,444
1739092905,434
1739092908,434
1739092911,434
1739092914,440
1739092918,443
1739092920,438
1739092923,433
1739092927,437
1739092929,436
1739092929,None
1739092936,439
1739092939,437
1739092942,441
1739092945,440
1739092948,436
1739092951,431
1739092954,427
1739092957,439
1739092960,444
1739092963,436
1739092966,444
1739092969,437
1739092972,448
1739092975,450
1739092978,452
1739092981,456
1739092984,460
1739092987,439
1739092991,443
1739092994,439
1739092996,442
1739093000,442
1739093003,438
1739093005,436
1739093009,445
1739093012,435
1739093015,435
1739093018,439
1739093022,434
1739093024,431
1739093028,439
1739093031,431
1739093033,433
1739093036,430
1739093039,430
1739093042,443
1739093045,453
1739093045,None
1739093052,457
1739093054,435
1739093054,None
1739093061,437
1739093064,430
1739093067,434
1739093070,433
1739093073,433
1739093076,436
1739093079,436
1739093082,430
1739093085,435
1739093088,433
1739093091,437
1739093094,427
1739093097,432
1739093097,None
1739093103,439
1739093107,433
1739093110,442
1739093113,435
1739093115,437
1739093119,436
1739093121,430
1739093125,439
1739093125,None
1739093131,431
1739093134,436
1739093137,434
1739093140,434
1739093143,439
1739093146,432
1739093149,443
1739093152,447
1739093155,441
1739093159,443
1739093161,449
1739093164,443
1739093167,445
1739093170,448
1739093173,437
1739093177,435
1739093179,433
1739093182,440
1739093185,434
1739093188,428
1739093192,439
1739093195,438
1739093198,437
1739093201,445
1739093204,444
1739093204,None
1739093210,445
1739093213,437
1739093216,438
1739093219,447
1739093222,437
1739093225,441
1739093228,636
1739093231,695
1739093231,None
1739093238,659
1739093241,434
1739093243,435
1739093247,439
1739093250,434
1739093252,432
1739093255,430
1739093258,437
1739093262,436
1739093265,443
1739093265,None
1739093271,437
1739093274,442
1739093277,436
1739093280,439
1739093283,440
1739093286,437
1739093289,437
1739093292,436
1739093295,442
1739093299,438
1739093301,438
1739093304,443
1739093307,441
1739093310,439
1739093314,437
1739093317,437
1739093320,443
1739093323,432
1739093326,434
1739093329,428
1739093332,433
1739093335,431
1739093338,432
1739093341,429
1739093344,432
1739093347,431
1739093350,449
1739093354,391
1739093356,389
1739093360,396
1739093362,388
1739093365,394
1739093369,389
1739093372,393
1739093374,398
1739093378,396
1739093381,398
1739093384,399
1739093387,398
1739093390,400
1739093393,399
1739093396,402
1739093399,398
1739093402,400
1739093402,None
1739093408,406
1739093411,401
1739093414,396
1739093417,397
1739093421,394
1739093423,401
1739093426,395
1739093430,406
1739093433,404
1739093433,None
1739093439,392
1739093442,389
1739093445,389
1739093448,390
1739093451,393
1739093454,396
1739093457,396
1739093460,397
1739093463,395
1739093463,None
1739093463,None
1739093472,397
1739093476,407
1739093479,412
1739093481,399
1739093484,399
1739093488,395
1739093491,392
1739093494,394
1739093497,391
1739093500,393
1739093503,396
1739093506,398
1739093509,396
1739093512,395
1739093512,None
1739093518,402
1739093521,394
1739093524,396
1739093527,400
1739093530,393
1739093534,392
1739093536,398
1739093539,397
1739093542,396
1739093546,393
1739093549,397
1739093549,None
1739093555,401
1739093555,None
1739093561,395
1739093564,392
1739093567,395
1739093570,400
1739093573,399
1739093576,401
1739093579,404
1739093582,403
1739093585,400
1739093588,404
1739093588,None
1739093594,400
1739093597,406
1739093600,518
1739093603,652
1739093606,656
1739093610,652
1739093612,645
1739093615,526
1739093619,396
1739093622,394
1739093625,399
1739093627,397
1739093631,390
1739093634,399
1739093637,396
1739093640,390
1739093643,396
1739093646,388
1739093649,396
1739093652,395
1739093652,None
1739093658,393
1739093658,None
1739093664,393
1739093667,384
1739093670,385
1739093674,389
1739093677,385
1739093677,None
1739093683,392
1739093686,388
1739093689,385
1739093692,392
1739093695,387
1739093698,387
1739093701,379
1739093704,392
1739093707,389
1739093707,None
1739093713,387
1739093716,388
1739093719,383
1739093722,399
1739093725,394
1739093729,397
1739093731,393
1739093735,393
1739093738,395
1739093740,395
1739093743,394
1739093747,396
1739093750,390
1739093753,396
1739093756,393
1739093756,None
1739093762,391
1739093765,398
1739093768,395
1739093771,394
1739093774,397
1739093777,395
1739093781,396
1739093783,396
1739093786,398
1739093790,398
1739093792,394
1739093792,None
1739093799,396
1739093802,401
1739093804,401
1739093808,394
1739093811,401
1739093814,395
1739093817,402
1739093820,401
1739093823,450
1739093826,512
1739093829,519
1739093832,520
1739093835,507
1739093838,505
1739093841,502
1739093844,502
1739093847,497
1739093850,494
1739093853,493
1739093857,488
1739093859,488
1739093863,482
1739093866,478
1739093868,481
1739093872,472
1739093875,471
1739093878,470
1739093881,463
1739093884,466
1739093887,466
1739093890,460
1739093893,465
1739093896,460
1739093899,455
1739093902,461
1739093905,461
1739093909,463
1739093911,473
1739093915,467
1739093917,467
1739093920,467
1739093923,461
1739093927,469
1739093930,465
1739093933,461
1739093936,468
1739093939,462
1739093942,463
1739093945,461
1739093948,465
1739093951,466
1739093954,466
1739093958,462
1739093960,465
1739093963,460
1739093966,455
1739093970,457
1739093972,458
1739093976,710
1739093979,709
1739093979,None
1739093985,708
1739093988,554
1739093991,455
1739093994,457
1739093997,454
1739094000,455
1739094003,455
1739094006,455
1739094009,456
1739094012,456
1739094015,455
1739094018,454
1739094021,451
1739094024,454
1739094027,462
1739094030,456
1739094033,457
1739094036,455
1739094040,470
1739094042,464
1739094046,464
1739094048,461
1739094051,467
1739094055,466
1739094058,464
1739094060,466
1739094060,None
1739094067,467
1739094070,463
1739094073,462
1739094077,462
1739094079,463
1739094083,460
1739094085,460
1739094088,463
1739094091,463
1739094094,459
1739094098,461
1739094100,463
1739094103,454
1739094106,452
1739094106,None
1739094113,453
1739094115,456
1739094119,457
1739094122,454
1739094125,457
1739094128,452
1739094131,451
1739094134,451
1739094137,457
1739094140,453
1739094143,455
1739094146,457
1739094149,454
1739094153,447
1739094155,455
1739094159,454
1739094159,None
1739094164,457
1739094167,450
1739094171,456
1739094174,453
1739094177,455
1739094180,466
1739094183,459
1739094186,457
1739094189,458
1739094192,457
1739094195,466
1739094198,459
1739094201,456
1739094204,455
1739094207,453
1739094210,454
1739094213,453
1739094216,455
1739094220,450
1739094223,452
1739094226,456
1739094228,457
1739094232,463
1739094235,454
1739094238,456
1739094241,460
1739094241,None
1739094241,None
1739094250,455
1739094253,454
1739094256,471
1739094259,465
1739094262,461
1739094265,459
1739094268,463
1739094271,465
1739094274,461
1739094274,None
1739094280,458
1739094280,None
1739094280,None
1739094289,461
1739094292,460
1739094295,465
1739094298,457
1739094298,None
1739094298,None
1739094308,449
1739094311,454
1739094314,452
1739094317,448
1739094320,461
1739094323,458
1739094326,458
1739094329,457
1739094332,453
1739094335,451
1739094338,459
1739094341,457
1739094344,457
1739094347,457
1739094350,459
1739094353,456
1739094357,713
1739094359,715
1739094363,709
1739094365,715
1739094369,492
1739094372,450
1739094375,457
1739094378,452
1739094381,452
1739094383,455
1739094387,458
1739094390,466
1739094393,463
1739094396,464
1739094399,470
1739094402,468
1739094405,464
1739094408,469
1739094411,464
1739094414,469
1739094417,467
1739094420,470
1739094420,None
1739094426,471
1739094430,465
1739094433,467
1739094435,468
1739094439,462
1739094441,463
1739094445,456
1739094448,458
1739094450,450
1739094454,453
1739094457,452
1739094459,449
1739094463,461
1739094466,452
1739094469,457
1739094472,459
1739094475,457
1739094478,456
1739094481,459
1739094484,461
1739094487,464
1739094490,465
1739094493,464
1739094496,457
1739094499,463
1739094502,467
1739094506,468
1739094509,462
1739094511,458
1739094514,462
1739094518,460
1739094518,None
1739094524,466
1739094524,None
1739094530,465
1739094533,460
1739094536,464
1739094539,462
1739094543,458
1739094545,466
1739094548,458
1739094551,455
1739094554,458
1739094557,459
1739094560,454
1739094564,457
1739094567,450
1739094569,457
1739094573,460
1739094575,461
1739094578,455
1739094582,459
1739094585,459
1739094587,460
1739094591,460
1739094594,455
1739094597,462
1739094600,456
1739094603,452
1739094606,463
1739094609,457
1739094612,455
1739094615,465
1739094618,457
1739094621,457
1739094624,476
1739094627,538
1739094630,654
1739094633,707
1739094636,733
1739094640,758
1739094640,None
1739094645,775
1739094649,793
1739094652,802
1739094655,803
1739094658,804
1739094661,810
1739094664,811
1739094667,819
1739094670,817
1739094673,814
1739094676,807
1739094679,815
1739094682,817
1739094685,775
1739094688,650
1739094692,563
1739094694,539
1739094697,506
1739094700,507
1739094704,528
1739094707,521
1739094710,518
1739094712,511
1739094716,502
1739094719,501
1739094722,500
1739094724,501
1739094728,520
1739094731,520
1739094734,509
1739094737,504
1739094740,511
1739094743,512
1739094746,513
1739094749,510
1739094749,None
1739094755,519
1739094758,509
1739094761,502
1739094764,497
1739094767,503
1739094770,496
1739094773,493
1739094776,498
1739094779,515
1739094782,758
1739094785,749
1739094789,745
1739094792,605
1739094794,492
1739094797,488
1739094801,501
1739094804,493
1739094807,489
1739094810,493
1739094813,487
1739094816,498
1739094819,497
1739094823,496
1739094825,493
1739094828,494
1739094831,486
1739094835,493
1739094837,487
1739094840,497
1739094843,488
1739094846,491
1739094850,487
1739094852,489
1739094856,488
1739094859,489
1739094862,487
1739094865,492
1739094868,486
1739094871,490
1739094874,489
1739094874,None
1739094880,488
1739094883,495
1739094886,497
1739094889,496
1739094892,497
1739094895,500
1739094898,493
1739094901,492
1739094904,495
1739094907,492
1739094910,497
1739094914,494
1739094916,493
1739094919,492
1739094923,497
1739094925,505
1739094929,503
1739094932,496
1739094934,501
1739094938,502
1739094941,503
1739094944,500
1739094947,491
1739094950,490
1739094953,493
1739094953,None
1739094959,489
1739094962,489
1739094965,488
1739094968,487
1739094971,483
1739094974,488
1739094977,485
1739094980,490
1739094984,482
1739094986,486
1739094989,483
1739094992,485
1739094995,485
1739094999,488
1739095002,490
1739095005,490
1739095008,488
1739095011,491
1739095014,488
1739095017,490
1739095020,486
1739095023,490
1739095026,489
1739095029,486
1739095032,495
1739095035,488
1739095038,485
1739095041,487
1739095045,490
1739095047,495
1739095051,489
1739095054,497
1739095057,492
1739095060,487
1739095063,491
1739095066,489
1739095069,488
1739095072,491
1739095075,489
1739095078,491
1739095078,None
1739095084,491
1739095087,486
1739095090,487
1739095094,485
1739095096,487
1739095100,483
1739095102,483
1739095106,479
1739095109,476
1739095112,486
1739095115,479
1739095118,482
1739095121,485
1739095124,481
1739095127,481
1739095130,481
1739095133,480
1739095136,476
1739095139,485
1739095142,479
1739095145,486
1739095148,482
1739095152,479
1739095154,483
1739095158,481
1739095160,479
1739095163,484
1739095167,486
1739095170,486
1739095173,485
1739095176,484
1739095179,485
1739095182,483
1739095185,546
1739095188,742
1739095191,743
1739095194,740
1739095197,694
1739095200,484
1739095203,487
1739095206,485
1739095206,None
1739095212,489
1739095215,486
1739095218,498
1739095221,492
1739095225,485
1739095228,483
1739095230,485
1739095234,484
1739095236,493
1739095240,491
1739095243,490
1739095246,495
1739095249,491
1739095252,490
1739095255,496
1739095258,491
1739095261,489
1739095264,493
1739095267,486
1739095270,487
1739095270,None
1739095277,490
1739095279,489
1739095282,494
1739095285,496
1739095289,494
1739095292,492
1739095295,483
1739095298,469
1739095301,451
1739095304,433
1739095307,424
1739095310,417
1739095313,405
1739095316,389
1739095320,387
1739095322,385
1739095325,390
1739095328,384
1739095331,383
1739095331,None
1739095337,385
1739095340,383
1739095344,388
1739095347,381
1739095350,386
1739095352,387
1739095355,381
1739095359,387
1739095362,380
1739095365,383
1739095368,382
1739095368,None
1739095374,385
1739095377,381
1739095380,384
1739095383,381
1739095386,385
1739095389,379
1739095392,383
1739095396,378
1739095398,382
1739095401,379
1739095404,380
1739095407,377
1739095410,376
1739095413,380
1739095416,379
1739095420,381
1739095420,None
1739095425,381
1739095429,378
1739095432,381
1739095434,379
1739095438,380
1739095441,383
1739095444,378
1739095447,383
1739095450,377
1739095453,379
1739095456,375
1739095459,378
1739095462,379
1739095465,383
1739095468,381
1739095471,380
1739095474,380
1739095477,382
1739095480,378
1739095480,None
1739095487,377
1739095490,380
1739095492,375
1739095496,378
1739095499,375
1739095502,376
1739095505,378
1739095508,374
1739095511,378
1739095514,377
1739095517,376
1739095520,376
1739095523,373
1739095526,378
1739095530,374
1739095532,376
1739095536,377
1739095538,377
1739095541,379
1739095544,374
1739095548,380
1739095550,376
1739095554,376
1739095557,377
1739095559,385
1739095563,390
1739095566,387
1739095569,387
1739095572,388
1739095572,None
1739095578,392
1739095581,388
1739095584,384
1739095587,390
1739095591,383
1739095593,379
1739095596,386
1739095599,382
1739095603,381
1739095603,None
1739095608,539
1739095612,634
1739095615,640
1739095617,634
1739095621,395
1739095624,383
1739095624,None
1739095630,376
1739095633,382
1739095637,375
1739095639,382
1739095642,378
1739095645,382
1739095649,382
1739095651,376
1739095654,385
1739095658,375
1739095661,382
1739095664,380
1739095667,380
1739095670,384
1739095673,379
1739095676,385
1739095679,379
1739095682,384
1739095685,383
1739095688,379
1739095691,381
1739095691,None
1739095697,394
1739095700,385
1739095703,390
1739095707,386
1739095709,389
1739095712,380
1739095715,380
1739095718,384
1739095722,386
1739095725,382
1739095728,377
1739095731,384
1739095734,381
1739095734,None
1739095740,386
1739095743,381
1739095746,376
1739095749,385
1739095749,None
1739095755,380
1739095758,385
1739095762,393
1739095764,389
1739095767,391
1739095770,397
1739095770,None
1739095776,388
1739095779,396
1739095783,385
1739095785,382
1739095788,389
1739095792,388
1739095795,391
1739095795,None
1739095801,387
1739095804,394
1739095807,386
1739095810,392
1739095813,386
1739095816,386
1739095819,389
1739095822,387
1739095825,392
1739095828,383
1739095831,390
1739095834,389
1739095837,390
1739095841,385
1739095843,391
1739095843,None
1739095849,392
1739095853,388
1739095855,390
1739095859,390
1739095862,382
1739095865,387
1739095865,None
1739095871,388
1739095874,384
1739095874,None
1739095880,384
1739095883,388
1739095886,385
1739095889,387
1739095893,384
1739095896,388
1739095899,385
1739095901,385
1739095905,385
1739095908,385
1739095910,386
1739095914,383
1739095917,386
1739095920,383
1739095923,386
1739095926,382
1739095929,382
1739095932,386
1739095935,379
1739095938,385
1739095941,382
1739095944,381
1739095947,386
1739095950,382
1739095953,380
1739095956,387
1739095960,380
1739095963,386
1739095965,382
1739095969,382
1739095971,387
1739095975,379
1739095978,387
1739095981,383
1739095983,385
1739095987,386
1739095990,382
1739095993,385
1739095996,384
1739095999,385
1739096002,381
1739096005,390
1739096008,458
1739096011,642
1739096014,639
1739096017,642
1739096020,571
1739096024,388
1739096026,385
1739096029,386
1739096029,None
1739096036,387
1739096038,388
1739096042,385
1739096045,384
1739096048,379
1739096051,383
1739096054,378
1739096054,None
1739096060,378
1739096063,385
1739096066,379
1739096070,383
1739096072,379
1739096075,384
1739096078,382
1739096081,383
1739096084,381
1739096087,379
1739096090,384
1739096093,381
1739096096,389
1739096099,387
1739096102,391
1739096106,388
1739096109,390
1739096111,392
1739096114,387
1739096114,None
1739096121,387
1739096123,394
1739096127,388
1739096130,388
1739096133,391
1739096136,388
1739096139,390
1739096139,None
1739096145,387
1739096148,395
1739096151,390
1739096154,383
1739096157,387
1739096160,383
1739096163,389
1739096166,385
1739096170,375
1739096173,385
1739096176,381
1739096178,381
1739096182,380
1739096185,377
1739096188,382
1739096191,378
1739096194,385
1739096197,385
1739096200,382
1739096203,380
1739096206,390
1739096209,383
1739096212,380
1739096215,380
1739096215,None
1739096221,380
1739096224,386
1739096227,382
1739096231,382
1739096233,384
1739096236,384
1739096239,379
1739096242,385
1739096245,376
1739096248,385
1739096251,382
1739096255,380
1739096258,382
1739096261,379
1739096264,384
1739096267,383
1739096270,385
1739096273,377
1739096276,375
1739096279,374
1739096283,368
1739096285,389
1739096288,383
1739096292,373
1739096294,383
1739096298,384
1739096301,382
1739096303,386
1739096306,387
1739096309,384
1739096312,380
1739096315,381
1739096319,377
1739096321,386
1739096325,379
1739096327,381
1739096331,383
1739096334,379
1739096337,381
1739096340,380
1739096343,379
1739096346,382
1739096349,378
1739096352,379
1739096355,371
1739096358,373
1739096361,376
1739096364,370
1739096367,367
1739096370,373
1739096373,370
1739096376,373
1739096379,375
1739096379,None
1739096385,363
1739096388,364
1739096391,363
1739096394,371
1739096397,370
1739096401,371
1739096404,375
1739096407,372
1739096410,370
1739096413,386
1739096416,381
1739096419,379
1739096422,381
1739096425,375
1739096428,485
1739096431,625
1739096434,624
1739096437,625
1739096437,None
1739096437,None
1739096447,373
1739096449,372
1739096452,372
1739096455,372
1739096458,372
1739096462,376
1739096464,376
1739096468,372
1739096471,380
1739096474,376
1739096477,378
1739096480,375
1739096483,375
1739096486,375
1739096489,372
1739096492,373
1739096495,373
1739096499,372
1739096502,373
1739096504,372
1739096507,372
1739096510,374
1739096514,374
1739096517,372
1739096519,373
1739096519,None
1739096526,368
1739096528,365
1739096532,365
1739096535,366
1739096538,363
1739096541,372
1739096544,371
1739096547,378
1739096550,382
1739096553,383
1739096556,393
1739096560,383
1739096562,382
1739096565,381
1739096568,379
1739096571,374
1739096574,391
1739096578,630
1739096581,629
1739096583,629
1739096586,627
1739096589,625
1739096593,627
1739096596,627
1739096598,626
1739096601,627
1739096605,626
1739096607,629
1739096611,629
1739096614,629
1739096617,633
1739096620,632
1739096623,646
1739096626,627
1739096629,624
1739096632,628
1739096635,642
1739096638,648
1739096641,636
1739096644,601
1739096647,378
1739096650,378
1739096653,374
1739096656,371
1739096659,370
1739096663,371
1739096665,372
1739096669,375
1739096671,375
1739096674,369
1739096677,369
1739096681,370
1739096683,371
1739096687,374
1739096690,375
1739096693,377
1739096696,375
1739096699,381
1739096702,375
1739096705,381
1739096708,376
1739096711,379
1739096714,377
1739096717,376
1739096720,378
1739096724,371
1739096726,377
1739096730,368
1739096733,367
1739096736,369
1739096739,363
1739096742,365
1739096745,368
1739096748,361
1739096751,366
1739096754,363
1739096757,363
1739096761,368
1739096763,361
1739096766,367
1739096770,362
1739096772,361
1739096775,369
1739096778,370
1739096782,370
1739096784,368
1739096787,369
1739096791,367
1739096794,370
1739096797,365
1739096800,372
1739096803,366
1739096806,370
1739096809,364
1739096812,368
1739096815,366
1739096818,370
1739096818,None
1739096818,None
1739096827,369
1739096831,371
1739096833,368
1739096837,372
1739096840,364
1739096842,361
1739096846,364
1739096846,None
1739096851,360
1739096854,353
1739096854,None
1739096861,353
1739096864,354
1739096867,353
1739096870,353
1739096873,353
1739096876,351
1739096879,354
1739096882,354
1739096885,357
1739096888,361
1739096891,359
1739096895,361
1739096898,361
1739096901,362
1739096904,360
1739096907,361
1739096909,361
1739096913,360
1739096916,360
1739096919,361
1739096922,360
1739096925,361
1739096928,361
1739096931,361
1739096934,361
1739096937,360
1739096940,364
1739096943,360
1739096946,362
1739096949,367
1739096952,366
1739096955,365
1739096959,366
1739096961,366
1739096964,366
1739096967,366
1739096971,366
1739096974,365
1739096977,364
1739096980,366
1739096982,365
1739096986,366
1739096989,367
1739096992,366
1739096995,365
1739096998,366
1739097001,366
1739097004,367
1739097007,365
1739097007,None
1739097014,365
1739097016,369
1739097020,366
1739097023,367
1739097026,368
1739097029,403
1739097029,None
1739097035,630
1739097035,None
1739097041,626
1739097044,622
1739097047,379
1739097050,379
1739097053,373
1739097056,381
1739097056,None
1739097062,388
1739097065,388
1739097068,373
1739097071,379
1739097074,381
1739097077,377
1739097080,368
1739097083,375
1739097083,None
1739097090,373
1739097092,369
1739097096,371
1739097099,367
1739097101,368
1739097104,369
1739097107,364
1739097111,371
1739097114,365
1739097117,369
1739097120,368
1739097123,378
1739097126,372
1739097129,373
1739097132,365
1739097135,370
1739097138,362
1739097141,368
1739097144,365
1739097148,371
1739097150,365
1739097153,367
1739097157,367
1739097159,364
1739097163,367
1739097166,363
1739097169,366
1739097172,362
1739097175,363
1739097178,366
1739097181,360
1739097184,370
1739097187,366
1739097190,364
1739097193,366
1739097196,362
1739097199,368
1739097202,364
1739097205,367
1739097208,368
1739097211,363
1739097214,368
1739097217,365
1739097221,365
1739097224,368
1739097227,364
1739097230,369
1739097233,367
1739097236,359
1739097236,None
1739097242,367
1739097242,None
1739097248,368
1739097251,368
1739097254,366
1739097257,363
1739097261,382
1739097264,391
1739097266,387
1739097269,391
1739097273,393
1739097275,393
1739097275,None
1739097281,390
1739097284,397
1739097287,393
1739097291,393
1739097294,392
1739097297,399
1739097300,395
1739097303,389
1739097306,399
1739097309,394
1739097312,391
1739097315,405
1739097318,400
1739097321,405
1739097324,397
1739097327,405
1739097330,400
1739097333,403
1739097333,None
1739097339,400
1739097342,404
1739097345,398
1739097348,407
1739097351,401
1739097354,405
1739097357,400
1739097361,405
1739097363,403
1739097366,406
1739097370,400
1739097373,406
1739097375,510
1739097379,656
1739097382,650
1739097385,656
1739097388,650
1739097391,412
1739097391,None
1739097397,407
1739097400,405
1739097403,404
1739097406,405
1739097409,404
1739097412,404
1739097415,405
1739097418,407
1739097421,400
1739097424,408
1739097428,395
1739097430,400
1739097434,400
1739097436,400
1739097440,399
1739097443,395
1739097446,399
1739097449,399
1739097452,400
1739097455,404
1739097458,397
1739097461,400
1739097464,393
1739097467,373
1739097470,342
1739097473,338
1739097476,342
1739097479,339
1739097482,342
1739097486,338
1739097489,343
1739097491,341
1739097494,342
1739097498,338
1739097500,368
1739097504,452
1739097507,515
1739097507,None
1739097513,547
1739097513,None
1739097519,568
1739097522,566
1739097525,572
1739097528,570
1739097531,576
1739097534,583
1739097537,580
1739097540,586
1739097544,582
1739097546,588
1739097550,587
1739097552,593
1739097556,589
1739097558,592
1739097561,596
1739097564,592
1739097568,597
1739097571,599
1739097574,603
1739097577,601
1739097579,596
1739097583,600
1739097586,597
1739097589,604
1739097592,602
1739097595,597
1739097598,596
1739097601,592
1739097604,596
1739097607,589
1739097610,595
1739097614,594
1739097616,590
1739097619,603
1739097622,652
1739097626,662
1739097629,667
1739097632,670
1739097635,671
1739097638,673
1739097641,670
1739097644,675
1739097647,670
1739097650,676
1739097653,674
1739097656,679
1739097659,680
1739097662,678
1739097665,681
1739097668,674
1739097671,682
1739097674,685
1739097678,680
1739097680,677
1739097683,684
1739097686,685
1739097690,681
1739097693,685
1739097695,689
1739097699,680
1739097702,676
1739097702,None
1739097708,681
1739097711,675
1739097711,None
1739097717,680
1739097720,679
1739097723,640
1739097726,623
1739097729,616
1739097732,612
1739097735,660
1739097738,866
1739097741,867
1739097744,867
1739097748,732
1739097750,614
1739097753,614
1739097757,615
1739097759,614
1739097763,617
1739097766,615
1739097769,618
1739097772,611
1739097775,620
1739097778,614
1739097781,612
1739097784,619
1739097787,612
1739097787,None
1739097793,620
1739097797,616
1739097800,619
1739097803,611
1739097805,616
1739097808,617
1739097811,620
1739097815,615
1739097818,626
1739097821,630
1739097823,631
1739097827,622
1739097830,632
1739097833,628
1739097836,625
1739097839,628
1739097842,630
1739097848,633
1739097851,633
1739097854,633
1739097857,637
1739097860,629
1739097863,574
1739097866,569
1739097869,568
1739097872,562
1739097875,559
1739097878,560
1739097881,557
1739097885,553
1739097888,558
1739097891,555
1739097894,548
1739097894,None
1739097900,553
1739097903,555
1739097906,558
1739097909,550
1739097912,552
1739097915,549
1739097918,553
1739097922,548
1739097924,550
1739097927,557
1739097931,552
1739097931,None
1739097937,548
1739097940,552
1739097943,557
1739097943,None
1739097949,550
1739097951,546
1739097955,548
1739097958,546
1739097961,550
1739097964,553
1739097967,551
1739097970,545
1739097973,550
1739097976,545
1739097976,None
1739097982,496
1739097985,433
1739097988,409
1739097992,398
1739097994,392
1739097997,386
1739097997,None
1739098004,384
1739098007,376
1739098009,377
1739098013,373
1739098016,368
1739098019,375
1739098022,369
1739098025,364
1739098028,371
1739098031,366
1739098034,364
1739098037,366
1739098040,359
1739098043,367
1739098046,362
1739098049,360
1739098052,358
1739098055,359
1739098058,363
1739098061,353
1739098065,360
1739098065,None
1739098065,None
1739098074,362
1739098074,None
1739098074,None
1739098083,359
1739098083,None
1739098089,360
1739098092,357
1739098095,362
1739098098,358
1739098101,345
1739098104,320
1739098107,308
1739098110,316
1739098113,399
1739098116,555
1739098119,553
1739098122,553
1739098126,376
1739098128,300
1739098132,298
1739098135,298
1739098138,295
1739098138,None
1739098144,291
1739098147,291
1739098150,296
1739098153,292
1739098156,296
1739098159,289
1739098162,295
1739098165,294
1739098168,293
1739098171,297
1739098174,299
1739098177,295
1739098180,299
1739098183,293
1739098186,302
1739098189,296
1739098192,300
1739098195,299
1739098199,291
1739098202,301
1739098204,299
1739098204,None
1739098211,306
1739098211,None
1739098217,287
1739098220,294
1739098223,278
1739098226,268
1739098229,271
1739098232,265
1739098235,265
1739098238,259
1739098241,268
1739098244,267
1739098247,257
1739098250,266
1739098253,258
1739098257,260
1739098260,262
1739098263,259
1739098266,265
1739098269,259
1739098272,266
1739098275,267
1739098278,265
1739098281,264
1739098284,264
1739098287,255
1739098290,255
1739098293,256
1739098296,255
1739098299,255
1739098303,255
1739098305,255
1739098308,253
1739098308,None
1739098315,256
1739098317,249
1739098320,255
1739098324,252
1739098327,256
1739098330,250
1739098333,254
1739098336,251
1739098339,248
1739098342,253
1739098345,249
1739098348,253
1739098352,251
1739098355,249
1739098357,253
1739098360,248
1739098363,254
1739098367,250
1739098370,254
1739098372,257
1739098376,255
1739098379,325
1739098382,380
1739098384,399
1739098388,410
1739098391,395
1739098394,399
1739098394,None
1739098400,390
1739098403,385
1739098407,393
1739098409,383
1739098412,388
1739098415,389
1739098418,388
1739098422,394
1739098424,387
1739098427,389
1739098431,386
1739098434,376
1739098436,384
1739098440,383
1739098443,376
1739098443,None
1739098449,375
1739098452,383
1739098455,378
1739098458,379
1739098461,381
1739098464,378
1739098467,383
1739098470,376
1739098473,384
1739098477,377
1739098479,385
1739098482,380
1739098486,377
1739098488,384
1739098491,378
1739098495,382
1739098497,379
1739098501,385
1739098504,382
1739098507,383
1739098510,414
1739098513,636
1739098516,635
1739098519,636
1739098519,None
1739098525,380
1739098528,372
1739098531,376
1739098534,369
1739098537,376
1739098540,371
1739098543,376
1739098543,None
1739098550,378
1739098553,370
1739098556,375
1739098559,375
1739098562,369
1739098562,None
1739098568,380
1739098571,378
1739098574,375
1739098577,384
1739098580,382
1739098583,381
1739098586,373
1739098589,380
1739098592,383
1739098595,382
1739098599,376
1739098601,373
1739098604,386
1739098607,381
1739098610,381
1739098613,374
1739098616,385
1739098616,None
1739098623,381
1739098626,378
1739098629,382
1739098632,382
1739098635,379
1739098638,381
1739098641,382
1739098644,380
1739098647,380
1739098650,379
1739098653,377
1739098656,382
1739098659,378
1739098662,377
1739098665,380
1739098669,375
1739098671,382
1739098674,376
1739098677,387
1739098681,384
1739098683,381
1739098687,383
1739098690,377
1739098693,385
1739098696,378
1739098699,383
1739098702,381
1739098705,383
1739098708,381
1739098711,375
1739098714,381
1739098717,378
1739098720,378
1739098723,386
1739098726,379
1739098729,383
1739098732,381
1739098735,377
1739098738,381
1739098741,378
1739098745,384
1739098747,380
1739098751,382
1739098754,378
1739098757,383
1739098760,376
1739098763,382
1739098766,375
1739098769,384
1739098772,385
1739098775,390
1739098775,None
1739098781,387
1739098784,385
1739098788,390
1739098790,384
1739098793,389
1739098796,388
1739098799,389
1739098803,387
1739098806,389
1739098808,383
1739098812,388
1739098812,None
1739098818,389
1739098821,385
1739098824,392
1739098827,382
1739098830,381
1739098833,379
1739098836,377
1739098839,377
1739098842,375
1739098845,382
1739098848,374
1739098851,382
1739098854,380
1739098854,None
1739098854,None
1739098863,377
1739098867,382
1739098870,377
1739098872,381
1739098876,380
1739098879,384
1739098882,376
1739098885,378
1739098888,375
1739098892,380
1739098894,378
1739098897,380
1739098900,379
1739098900,None
1739098906,448
1739098909,629
1739098912,631
1739098915,628
1739098918,595
1739098921,376
1739098924,379
1739098928,378
1739098928,None
1739098934,382
1739098937,383
1739098940,390
1739098943,383
1739098946,387
1739098949,385
1739098952,386
1739098955,387
1739098958,392
1739098961,387
1739098964,388
1739098967,386
1739098970,392
1739098974,384
1739098977,392
1739098980,385
1739098983,393
1739098986,388
1739098989,386
1739098992,390
1739098995,390
1739098998,391
1739099001,386
1739099004,390
1739099007,386
1739099010,388
1739099013,382
1739099016,393
1739099019,386
1739099022,391
1739099026,388
1739099029,382
1739099032,387
1739099035,382
1739099038,389
1739099041,387
1739099044,392
1739099047,384
1739099050,384
1739099054,378
1739099054,None
1739099054,None
1739099062,380
1739099065,376
1739099069,377
1739099072,378
1739099074,379
1739099077,378
1739099081,379
1739099084,381
1739099087,375
1739099090,380
1739099093,377
1739099096,379
1739099099,375
1739099102,380
1739099105,375
1739099105,None
1739099111,377
1739099114,384
1739099117,379
1739099120,379
1739099123,392
1739099126,388
1739099130,387
1739099133,388
1739099133,None
1739099139,393
1739099142,389
1739099145,384
1739099148,390
1739099151,390
1739099154,396
1739099157,389
1739099160,385
1739099163,391
1739099166,385
1739099169,395
1739099172,393
1739099172,None
1739099179,388
1739099181,382
1739099185,381
1739099188,379
1739099191,383
1739099194,383
1739099197,374
1739099200,389
1739099203,387
1739099206,392
1739099209,380
1739099212,388
1739099215,385
1739099218,403
1739099221,393
1739099224,395
1739099227,386
1739099230,389
1739099233,394
1739099236,389
1739099240,384
1739099243,389
1739099245,384
1739099249,381
1739099251,387
1739099254,383
1739099258,388
1739099261,383
1739099264,385
1739099267,405
1739099270,389
1739099273,394
1739099276,390
1739099280,391
1739099282,382
1739099285,387
1739099288,377
1739099291,381
1739099294,374
1739099297,381
1739099300,378
1739099303,377
1739099306,379
1739099309,378
1739099313,385
1739099316,375
1739099319,378
1739099322,385
1739099325,389
1739099328,383
1739099331,372
1739099334,412
1739099337,648
1739099340,633
1739099340,None
1739099346,593
1739099349,368
1739099352,392
1739099355,388
1739099358,375
1739099361,374
1739099364,372
1739099367,378
1739099370,373
1739099373,375
1739099377,382
1739099380,376
1739099380,None
1739099386,370
1739099389,374
1739099392,369
1739099395,376
1739099398,369
1739099401,372
1739099404,375
1739099407,368
1739099410,375
1739099413,374
1739099416,377
1739099419,370
1739099422,376
1739099425,370
1739099428,383
1739099431,379
1739099435,382
1739099437,376
1739099441,395
1739099444,381
1739099446,382
1739099450,380
1739099453,381
1739099456,375
1739099459,381
1739099459,None
1739099465,402
1739099468,404
1739099471,414
1739099474,404
1739099478,408
1739099480,403
1739099483,411
1739099487,407
1739099490,400
1739099490,None
1739099496,403
1739099499,402
1739099502,404
1739099502,None
1739099508,403
1739099510,409
1739099514,415
1739099517,407
1739099520,410
1739099523,412
1739099526,412
1739099529,402
1739099532,413
1739099535,411
1739099535,None
1739099541,408
1739099544,410
1739099547,405
1739099550,411
1739099554,446
1739099557,450
1739099560,451
1739099563,452
1739099563,None
1739099569,445
1739099572,444
1739099575,443
1739099578,444
1739099581,443
1739099584,444
1739099587,444
1739099590,442
1739099593,441
1739099596,439
1739099599,456
1739099602,451
1739099606,449
1739099609,448
1739099612,440
1739099614,473
1739099617,689
1739099621,850
1739099624,866
1739099627,809
1739099630,638
1739099633,615
1739099636,605
1739099639,615
1739099642,648
1739099645,625
1739099648,616
1739099651,608
1739099655,617
1739099658,638
1739099661,665
1739099664,501
1739099667,359
1739099670,355
1739099673,333
1739099676,337
1739099679,336
1739099682,336
1739099685,335
1739099688,339
1739099691,328
1739099694,327
1739099697,325
1739099697,None
1739099703,340
1739099706,485
1739099709,472
1739099709,None
1739099716,463
1739099718,467
1739099722,463
1739099725,458
1739099728,463
1739099731,463
1739099734,458
1739099734,None
1739099741,462
1739099743,460
1739099746,364
1739099749,335
1739099752,339
1739099755,485
1739099758,738
1739099761,737
1739099764,733
1739099767,639
1739099770,477
1739099773,472
1739099776,466
1739099779,407
1739099782,331
1739099786,334
1739099788,336
1739099792,328
1739099795,453
1739099795,None
1739099801,467
1739099804,469
1739099807,458
1739099809,462
1739099813,455
1739099816,454
1739099819,431
1739099822,322
1739099825,315
1739099828,317
1739099831,322
1739099834,323
1739099837,345
1739099841,475
1739099843,465
1739099846,462
1739099850,459
1739099853,461
1739099853,None
1739099859,456
1739099862,455
1739099865,449
1739099868,435
1739099871,318
1739099874,324
1739099877,318
1739099880,321
1739099883,319
1739099886,318
1739099889,438
1739099893,464
1739099895,456
1739099898,451
1739099901,454
1739099904,450
1739099907,446
1739099907,None
1739099907,None
1739099916,442
1739099919,346
1739099922,313
1739099925,320
1739099929,325
1739099931,320
1739099935,442
1739099937,471
1739099940,461
1739099944,457
1739099947,457
1739099950,455
1739099953,437
1739099956,318
1739099959,323
1739099962,321
1739099965,341
1739099968,470
1739099968,None
1739099968,None
1739099977,434
1739099980,454
1739099983,454
1739099986,448
1739099989,383
1739099992,315
1739099996,312
1739099999,313
1739099999,None
1739100005,314
1739100008,317
1739100010,388
1739100014,471
1739100017,460
1739100020,457
1739100023,452
1739100026,452
1739100029,448
1739100032,449
1739100035,448
1739100035,None
1739100041,339
1739100045,314
1739100047,313
1739100051,314
1739100054,312
1739100056,334
1739100060,465
1739100062,459
1739100066,454
1739100069,454
1739100072,445
1739100075,377
1739100078,301
1739100081,305
1739100084,302
1739100087,327
1739100090,453
1739100093,448
1739100096,447
1739100100,441
1739100102,442
1739100105,372
1739100109,297
1739100112,303
1739100115,303
1739100118,305
1739100121,307
1739100124,303
1739100127,428
1739100130,453
1739100133,446
1739100136,442
1739100139,450
1739100142,444
1739100145,449
1739100148,449
1739100151,432
1739100155,327
1739100157,323
1739100161,325
1739100164,324
1739100166,323
1739100169,400
1739100173,471
1739100175,465
1739100179,423
1739100182,460
1739100185,458
1739100188,461
1739100191,409
1739100194,573
1739100197,576
1739100200,591
1739100203,639
1739100206,467
1739100206,None
1739100212,328
1739100215,440
1739100219,463
1739100223,455
1739100225,433
1739100227,318
1739100227,None
1739100234,314
1739100236,390
1739100240,466
1739100243,465
1739100246,402
1739100249,323
1739100252,392
1739100255,471
1739100258,463
1739100261,325
1739100264,322
1739100267,443
1739100270,470
1739100273,444
1739100276,324
1739100280,324
1739100282,395
1739100282,None
1739100289,464
1739100292,401
1739100295,389
1739100297,468
1739100301,462
1739100303,355
1739100307,324
1739100310,320
1739100313,339
1739100316,461
1739100319,459
1739100322,345
1739100325,319
1739100328,465
1739100331,464
1739100334,347
1739100337,338
1739100340,460
1739100343,452
1739100346,458
1739100349,347
1739100352,322
1739100356,319
1739100359,391
1739100361,471
1739100364,462
1739100368,352
1739100371,340
1739100374,471
1739100374,None
1739100380,326
1739100383,326
1739100386,479
1739100389,469
1739100392,352
1739100395,360
1739100398,480
1739100401,490
1739100404,474
1739100407,344
1739100410,418
1739100414,489
1739100417,472
1739100420,334
1739100422,321
1739100426,332
1739100428,470
1739100432,462
1739100435,390
1739100438,322
1739100441,336
1739100444,478
1739100447,1404
1739100450,1466
1739100453,1535
1739100456,1416
1739100459,1511
1739100462,1458
1739100465,1431
1739100469,1428
1739100471,1458
1739100474,1583
1739100477,1575
1739100480,1411
1739100483,1234
1739100487,1449
1739100489,1363
1739100492,1247
1739100495,1293
1739100498,1178
1739100501,1282
1739100505,1064
1739100508,1393
1739100511,952
1739100514,955
1739100517,1204
1739100520,1070
1739100523,867
1739100526,1364
1739100529,852
1739100532,816
1739100535,1022
1739100538,1173
1739100541,834
1739100544,613
1739100547,367
1739100550,280
1739100550,None
1739100556,761
1739100559,1402
1739100562,985
1739100566,1305
1739100569,952
1739100572,1289
1739100575,1192
1739100578,1507
1739100581,1357
1739100584,1234
1739100587,1374
1739100590,1408
1739100593,1377
1739100596,1494
1739100599,1374
1739100602,1372
1739100605,1496
1739100608,1592
1739100611,1585
1739100614,1564
1739100617,1691
1739100621,1767
1739100621,None
1739100621,None
1739100630,1441
1739100633,1464
1739100636,1589
1739100639,1582
1739100642,1515
1739100645,1453
1739100649,1514
1739100651,1582
1739100654,1478
1739100657,1444
1739100660,1451
1739100663,1571
1739100666,1586
1739100669,1584
1739100672,1509
1739100675,1437
1739100679,1461
1739100681,1580
1739100681,None
1739100688,1505
1739100691,1440
1739100694,1454
1739100697,1552
1739100700,1552
1739100703,750
1739100706,340
1739100709,462
1739100712,486
1739100715,419
1739100718,360
1739100721,484
1739100724,484
1739100727,484
1739100731,344
1739100734,346
1739100737,350
1739100740,467
1739100743,494
1739100745,494
1739100749,421
1739100752,344
1739100755,423
1739100757,491
1739100761,374
1739100764,350
1739100768,418
1739100770,497
1739100773,494
1739100776,468
1739100779,376
1739100782,351
1739100785,421
1739100788,1205
1739100791,1454
1739100794,1515
1739100797,1453
1739100800,1582
1739100803,1476
1739100806,1445
1739100810,1445
1739100813,1567
1739100816,1584
1739100819,1576
1739100822,1510
1739100825,1440
1739100828,1489
1739100831,1646
1739100834,1623
1739100837,509
1739100840,411
1739100844,479
1739100846,554
1739100849,538
1739100852,412
1739100855,431
1739100858,563
1739100861,556
1739100865,436
1739100867,412
1739100871,411
1739100874,481
1739100877,557
1739100880,558
1739100883,536
1739100886,410
1739100889,533
1739100889,None
1739100895,483
1739100898,411
1739100901,426
1739100904,441
1739100907,567
1739100910,571
1739100913,545
1739100913,None
1739100919,569
1739100923,495
1739100925,421
1739100929,431
1739100932,500
1739100935,572
1739100938,496
1739100941,418
1739100944,538
1739100947,563
1739100950,494
1739100953,421
1739100956,418
1739100959,490
1739100962,555
1739100965,492
1739100968,411
1739100971,486
1739100975,556
1739100977,488
1739100981,410
1739100983,435
1739100986,564
1739100990,553
1739100993,542
1739100996,414
1739100999,419
1739101003,488
1739101004,562
1739101008,490
1739101011,414
1739101014,485
1739101017,563
1739101020,557
1739101023,437
1739101027,410
1739101029,406
1739101032,534
1739101035,593
1739101039,739
1739101041,660
1739101044,782
1739101048,803
1739101050,591
1739101054,408
1739101057,409
1739101060,426
1739101063,561
1739101066,553
1739101069,482
1739101072,430
1739101075,555
1739101078,558
1739101081,414
1739101084,418
1739101087,435
1739101090,535
1739101093,560
1739101096,490
1739101099,414
1739101102,506
1739101106,568
1739101109,465
1739101112,437
1739101115,439
1739101118,446
1739101121,569
1739101124,563
1739101127,495
1739101130,484
1739101133,540
1739101136,437
1739101139,406
1739101142,406
1739101146,529
1739101148,554
1739101152,533
1739101154,405
1739101157,406
1739101161,406
1739101164,530
1739101167,553
1739101169,552
1739101173,481
1739101176,426
1739101179,535
1739101182,410
1739101185,407
1739101188,406
1739101191,428
1739101195,579
1739101197,570
1739101200,571
1739101203,568
1739101206,567
1739101209,567
1739101212,454
1739101215,432
1739101219,426
1739101221,418
1739101224,428
1739101228,421
1739101230,402
1739101234,405
1739101237,552
1739101240,577
1739101243,566
1739101246,564
1739101246,None
1739101252,563
1739101255,495
1739101258,421
1739101261,407
1739101264,525
1739101267,430
1739101270,402
1739101273,439
1739101276,546
1739101279,558
1739101282,534
1739101285,422
1739101288,484
1739101291,546
1739101295,438
1739101297,402
1739101301,473
1739101304,547
1739101307,550
1739101310,441
1739101313,421
1739101316,439
1739101319,577
1739101322,569
1739101325,453
1739101328,423
1739101331,497
1739101334,549
1739101337,474
1739101341,397
1739101343,424
1739101346,548
1739101350,542
1739101353,432
1739101356,402
1739101359,402
1739101362,429
1739101365,561
1739101365,None
1739101371,553
1739101374,550
1739101377,553
1739101380,440
1739101383,412
1739101386,411
1739101389,417
1739101392,418
1739101395,415
1739101398,417
1739101401,490
1739101404,575
1739101407,563
1739101407,None
1739101413,560
1739101417,556
1739101420,538
1739101423,416
1739101426,421
1739101428,438
1739101432,572
1739101432,None
1739101438,420
1739101441,420
1739101444,541
1739101447,568
1739101450,494
1739101453,413
1739101456,483
1739101459,557
1739101462,493
1739101465,414
1739101468,423
1739101471,490
1739101474,563
1739101477,554
1739101480,615
1739101483,1834
1739101487,2002
1739101489,2238
1739101492,2166
1739101496,2091
1739101498,2116
1739101502,2009
1739101505,1977
1739101508,1862
1739101511,1912
1739101514,1996
1739101517,1888
1739101517,None
1739101523,1859
1739101526,1987
1739101529,2013
1739101532,1980
1739101535,1855
1739101538,680
1739101541,565
1739101545,567
1739101548,437
1739101550,440
1739101553,435
1739101556,592
1739101559,582
1739101562,578
1739101566,473
1739101569,455
1739101572,584
1739101575,513
1739101578,433
1739101581,430
1739101584,527
1739101587,548
1739101590,553
1739101593,566
1739101596,562
1739101599,501
1739101602,426
1739101605,425
1739101605,None
1739101611,424
1739101615,422
1739101617,427
1739101620,551
1739101623,573
1739101626,565
1739101630,563
1739101633,565
1739101635,455
1739101639,421
1739101641,541
1739101645,541
1739101648,401
1739101651,399
1739101654,473
1739101657,548
1739101660,527
1739101663,408
1739101666,474
1739101669,550
1739101672,437
1739101675,408
1739101678,404
1739101681,481
1739101684,556
1739101688,535
1739101690,439
1739101693,402
1739101696,485
1739101700,553
1739101702,552
1739101705,529
1739101708,434
1739101712,411
1739101715,476
1739101718,561
1739101721,553
1739101723,484
1739101727,432
1739101730,556
1739101733,486
1739101736,411
1739101739,415
1739101739,None
1739101746,538
1739101748,563
1739101751,564
1739101754,556
1739101758,416
1739101760,435
1739101764,562
1739101767,560
1739101769,419
1739101772,416
1739101776,439
1739101779,567
1739101782,565
1739101785,538
1739101788,413
1739101791,538
1739101794,556
1739101797,443
1739101800,411
1739101800,None
1739101806,535
1739101809,553
1739101812,554
1739101815,486
1739101818,425
1739101821,529
1739101821,None
1739101827,404
1739101830,409
1739101833,476
1739101836,561
1739101840,551
1739101843,485
1739101845,405
1739101849,408
1739101852,425
1739101854,560
1739101854,None
1739101861,483
1739101864,401
1739101867,403
1739101870,424
1739101873,557
1739101877,530
1739101879,434
1739101882,405
1739101886,403
1739101888,532
1739101891,552
1739101894,551
1739101897,424
1739101900,552
1739101904,549
1739101906,480
1739101910,409
1739101913,406
1739101916,538
1739101919,1514
1739101922,1970
1739101925,1963
1739101928,1854
1739101931,1840
1739101934,1959
1739101937,1849
1739101940,1854
1739101943,2079
1739101946,2067
1739101949,1184
1739101952,672
1739101955,1298
1739101958,1529
1739101961,1617
1739101964,1565
1739101967,1468
1739101970,1502
1739101974,1527
1739101977,1520
1739101980,1645
1739101982,1667
1739101986,1654
1739101989,1542
1739101991,1523
1739101995,1542
1739101998,1659
1739102001,1591
1739102004,1514
1739102007,1506
1739102010,1620
1739102013,1634
1739102016,1629
1739102019,1560
1739102019,None
1739102025,1557
1739102028,1654
1739102031,1587
1739102035,1516
1739102038,1519
1739102040,1591
1739102044,1656
1739102047,1657
1739102050,1639
1739102053,1515
1739102056,1535
1739102059,1648
1739102059,None
1739102065,1577
1739102068,1505
1739102071,1511
1739102074,1581
1739102077,1652
1739102080,1580
1739102083,1510
1739102086,1491
1739102089,1600
1739102093,1623
1739102093,None
1739102098,1487
1739102101,1489
1739102105,1612
1739102107,1626
1739102111,1626
1739102114,1617
1739102117,1555
1739102120,1485
1739102123,1502
1739102126,1621
1739102129,1601
1739102132,1482
1739102135,1484
1739102138,1487
1739102141,1565
1739102144,1634
1739102147,1629
1739102150,1512
1739102153,1482
1739102157,1557
1739102159,1635
1739102163,1633
1739102166,1564
1739102169,1492
1739102172,1488
1739102175,1563
1739102178,1627
1739102181,1624
1739102184,1517
1739102187,1553
1739102190,1631
1739102193,1624
1739102196,1513
1739102199,1490
1739102202,1486
1739102205,1629
1739102208,1628
1739102212,1510
1739102212,None
1739102218,1504
1739102221,1628
1739102224,1625
1739102224,None
1739102230,1486
1739102233,1494
1739102236,1610
1739102239,1630
1739102242,1521
1739102245,1488
1739102248,1553
1739102251,1633
1739102254,1626
1739102257,1521
1739102260,1494
1739102260,None
1739102260,None
1739102270,1614
1739102273,1502
1739102275,1500
1739102278,1506
1739102281,1523
1739102285,1646
1739102288,1638
1739102291,1622
1739102294,1566
1739102296,1640
1739102300,1579
1739102303,1519
1739102306,1508
1739102309,1528
1739102312,1652
1739102315,1647
1739102318,1628
1739102321,1505
1739102324,1509
1739102327,1628
1739102330,1657
1739102333,1548
1739102337,1512
1739102340,1513
1739102342,1630
1739102342,None
1739102349,1642
1739102352,1624
1739102355,1617
1739102358,1502
1739102358,None
1739102364,427
1739102367,425
1739102370,446
1739102373,439
1739102376,595
1739102379,677
1739102382,798
1739102385,817
1739102388,567
1739102391,565
1739102394,564
1739102397,512
1739102401,496
1739102403,419
1739102406,423
1739102410,544
1739102413,586
1739102415,635
1739102419,1667
1739102422,1831
1739102425,1852
1739102428,1980
1739102431,1954
1739102434,1835
1739102437,1830
1739102440,1851
1739102443,1975
1739102446,1976
1739102449,1974
1739102452,1828
1739102455,1898
1739102458,1979
1739102458,None
1739102464,2894
1739102468,2969
1739102470,2805
1739102474,3029
1739102477,2919
1739102480,2894
1739102480,None
1739102486,2962
1739102489,3040
1739102492,3029
1739102495,2962
1739102498,2892
1739102501,3000
1739102504,3016
1739102507,2908
1739102511,2447
1739102513,1516
1739102516,1505
1739102520,1635
1739102522,1628
1739102525,1605
1739102529,1500
1739102532,1620
1739102535,1599
1739102538,1491
1739102541,1484
1739102544,1490
1739102547,1511
1739102550,1636
1739102553,1630
1739102556,1625
1739102559,1628
1739102562,1633
1739102565,1565
1739102565,None
1739102565,None
1739102574,1498
1739102577,1521
1739102580,1523
1739102583,1508
1739102587,1510
1739102589,1632
1739102593,1655
1739102595,1647
1739102598,1641
1739102602,1642
1739102605,1641
1739102607,1577
1739102611,1507
1739102614,1511
1739102617,1508
1739102620,1501
1739102623,1524
1739102623,None
1739102629,1640
1739102632,1637
1739102635,1637
1739102638,1535
1739102641,1571
1739102645,1640
1739102647,1520
1739102650,1514
1739102653,1540
1739102656,1657
1739102660,1648
1739102663,1573
1739102666,1517
1739102668,1512
1739102672,1621
1739102675,1656
1739102678,1585
1739102680,1509
1739102684,1530
1739102687,1629
1739102690,1651
1739102693,1630
1739102696,1516
1739102699,1512
1739102702,1616
1739102705,1618
1739102708,1497
1739102712,1518
1739102714,1647
1739102717,1635
1739102720,1572
1739102724,1503
1739102727,1499
1739102730,1331
1739102733,573
1739102736,547
1739102739,424
1739102742,498
1739102746,569
1739102748,570
1739102752,433
1739102754,428
1739102757,428
1739102760,497
1739102763,576
1739102766,419
1739102769,422
1739102772,490
1739102776,566
1739102778,566
1739102781,493
1739102784,591
1739102787,814
1739102791,787
1739102794,672
1739102797,536
1739102800,412
1739102803,569
1739102806,560
1739102809,486
1739102812,411
1739102815,429
1739102818,564
1739102821,555
1739102821,None
1739102827,414
1739102830,428
1739102833,568
1739102836,558
1739102840,487
1739102843,418
1739102846,413
1739102849,480
1739102852,562
1739102854,555
1739102858,485
1739102861,417
1739102864,535
1739102864,None
1739102870,416
1739102873,419
1739102876,485
1739102879,566
1739102882,556
1739102886,451
1739102888,448
1739102891,467
1739102895,592
1739102897,564
1739102901,434
1739102903,411
1739102907,422
1739102910,553
1739102912,545
1739102915,436
1739102915,None
1739102922,491
1739102922,None
1739102928,573
1739102931,559
1739102934,513
1739102934,None
1739102940,395
1739102943,396
1739102946,393
1739102949,472
1739102952,548
1739102955,543
1739102958,541
1739102961,532
1739102965,395
1739102967,393
1739102970,396
1739102973,390
1739102976,412
1739102980,546
1739102983,538
1739102986,545
1739102989,536
1739102992,540
1739102995,471
1739102998,396
1739103001,403
1739103004,398
1739103007,403
1739103010,521
1739103013,547
1739103016,549
1739103019,541
1739103022,538
1739103026,474
1739103028,398
1739103031,404
1739103035,427
1739103037,435
1739103041,429
1739103044,427
1739103047,422
1739103049,497
1739103053,577
1739103056,564
1739103059,539
1739103062,428
1739103065,467
1739103068,477
1739103072,397
1739103074,401
1739103078,451
1739103080,452
1739103083,324
1739103086,327
1739103086,None
1739103092,466
1739103095,480
1739103099,355
1739103102,320
1739103105,436
1739103108,464
1739103111,393
1739103114,319
1739103117,316
1739103120,442
1739103123,464
1739103126,441
1739103129,346
1739103132,339
1739103135,463
1739103138,392
1739103142,333
1739103144,330
1739103147,330
1739103150,323
1739103153,326
1739103157,347
1739103159,484
1739103163,471
1739103166,464
1739103169,439
1739103172,316
1739103175,285
1739103175,None
1739103181,428
1739103184,312
1739103187,288
1739103190,303
1739103193,440
1739103196,428
1739103199,299
1739103203,286
1739103205,359
1739103209,434
1739103211,404
1739103214,338
1739103217,561
1739103221,687
1739103224,613
1739103227,401
1739103230,283
1739103233,356
1739103236,434
1739103239,366
1739103242,283
1739103245,304
1739103248,435
1739103251,423
1739103254,361
1739103258,279
1739103261,304
1739103263,431
1739103266,361
1739103269,285
1739103273,280
1739103275,308
1739103279,434
1739103282,424
1739103284,363
1739103288,351
1739103291,423
1739103294,400
1739103297,286
1739103300,282
1739103303,280
1739103306,288
1739103309,281
1739103312,277
1739103315,280
1739103319,432
1739103321,424
1739103324,417
1739103328,423
1739103331,414
1739103333,409
1739103337,306
1739103339,279
1739103343,277
1739103346,278
1739103349,279
1739103352,277
1739103355,282
1739103358,299
1739103361,437
1739103364,423
1739103367,417
1739103370,403
1739103373,276
1739103376,395
1739103379,419
1739103382,354
1739103385,275
1739103388,273
1739103391,297
1739103394,426
1739103397,423
1739103401,415
1739103404,305
1739103407,297
1739103410,421
1739103413,307
1739103416,275
1739103419,274
1739103422,281
1739103425,277
1739103428,276
1739103431,407
1739103434,426
1739103437,421
1739103440,358
1739103443,285
1739103446,401
1739103449,427
1739103452,310
1739103455,286
1739103458,283
1739103461,357
1739103465,436
1739103467,358
1739103471,287
1739103474,405
1739103477,433
1739103480,314
1739103483,282
1739103486,291
1739103489,356
1739103492,432
1739103495,428
1739103498,310
1739103501,351
1739103504,424
1739103507,307
1739103510,273
1739103513,278
1739103517,399
1739103519,427
1739103522,352
1739103525,276
1739103529,396
1739103532,402
1739103534,276
1739103537,278
1739103540,275
1739103543,353
1739103547,402
1739103550,276
1739103553,276
1739103556,428
1739103559,420
1739103562,289
1739103565,300
1739103568,310
1739103571,462
1739103574,460
1739103577,388
1739103577,None
1739103583,333
1739103586,463
1739103590,386
1739103592,313
1739103595,313
1739103598,507
1739103601,567
1739103604,569
1739103607,510
1739103611,440
1739103614,460
1739103616,453
1739103620,452
1739103623,450
1739103626,385
1739103629,310
1739103632,310
1739103635,309
1739103638,312
1739103638,None
1739103644,307
1739103644,None
1739103650,388
1739103653,455
1739103656,454
1739103659,449
1739103662,450
1739103665,426
1739103668,314
1739103671,310
1739103674,309
1739103678,309
1739103680,305
1739103684,310
1739103687,305
1739103690,310
1739103693,306
1739103696,465
1739103699,458
1739103703,448
1739103705,447
1739103708,381
1739103711,308
1739103714,301
1739103718,306
1739103720,304
1739103723,308
1739103726,306
1739103729,308
1739103733,435
1739103735,453
1739103739,449
1739103742,397
1739103745,449
1739103748,439
1739103751,309
1739103754,305
1739103757,308
1739103760,306
1739103763,304
1739103767,309
1739103769,304
1739103772,308
1739103775,306
1739103778,379
1739103782,466
1739103785,452
1739103788,447
1739103790,448
1739103794,379
1739103797,312
1739103800,310
1739103803,307
1739103806,308
1739103809,306
1739103812,305
1739103815,310
1739103818,326
1739103821,464
1739103824,453
1739103827,448
1739103830,446
1739103833,380
1739103836,303
1739103839,305
1739103842,310
1739103846,304
1739103848,308
1739103851,314
1739103855,332
1739103857,470
1739103861,461
1739103864,451
1739103867,455
1739103867,None
1739103873,311
1739103876,319
1739103879,315
1739103882,313
1739103885,314
1739103888,320
1739103892,315
1739103894,441
1739103897,467
1739103900,459
1739103900,None
1739103906,391
1739103910,307
1739103913,305
1739103915,307
1739103919,304
1739103922,306
1739103925,307
1739103928,381
1739103931,459
1739103934,448
1739103937,450
1739103940,378
1739103943,305
1739103946,305
1739103949,306
1739103949,None
1739103955,306
1739103958,306
1739103962,305
1739103962,None
1739103968,458
1739103971,447
1739103973,445
1739103977,427
1739103980,305
1739103983,303
1739103986,305
1739103986,None
1739103992,304
1739103995,302
1739103998,387
1739104001,461
1739104004,456
1739104007,692
1739104010,688
1739104013,568
1739104016,547
1739104019,312
1739104019,None
1739104026,316
1739104029,315
1739104032,312
1739104034,392
1739104037,465
1739104041,463
1739104044,455
1739104047,452
1739104050,316
1739104050,None
1739104056,319
1739104059,315
1739104062,308
1739104065,312
1739104068,307
1739104071,310
1739104074,433
1739104077,405
1739104080,452
1739104083,446
1739104087,445
1739104087,None
1739104092,307
1739104095,307
1739104098,305
1739104102,306
1739104104,306
1739104104,None
1739104104,None
1739104114,436
1739104118,455
1739104120,452
1739104123,443
1739104126,381
1739104130,303
1739104130,None
1739104135,308
1739104138,304
1739104141,305
1739104144,300
1739104148,305
1739104150,430
1739104153,454
1739104157,445
1739104160,442
1739104163,439
1739104166,372
1739104169,303
1739104172,302
1739104175,305
1739104178,304
1739104181,301
1739104184,306
1739104187,303
1739104190,298
1739104193,325
1739104196,455
1739104199,447
1739104202,446
1739104205,446
1739104209,338
1739104211,315
1739104215,308
1739104218,311
1739104221,311
1739104224,304
1739104227,312
1739104230,330
1739104233,464
1739104236,461
1739104239,449
1739104239,None
1739104245,384
1739104248,315
1739104251,315
1739104254,317
1739104257,317
1739104260,314
1739104264,296
1739104267,303
1739104267,None
1739104272,429
1739104276,450
1739104279,446
1739104279,None
1739104285,439
1739104288,335
1739104291,311
1739104294,307
1739104297,310
1739104300,308
1739104303,309
1739104306,307
1739104309,379
1739104312,458
1739104315,456
1739104318,455
1739104321,447
1739104324,381
1739104328,308
1739104331,308
1739104333,305
1739104337,305
1739104340,308
1739104342,311
1739104346,311
1739104349,330
1739104349,None
1739104355,455
1739104357,449
1739104361,424
1739104364,305
1739104367,311
1739104370,307
1739104373,307
1739104376,378
1739104380,452
1739104382,447
1739104385,451
1739104388,426
1739104391,306
1739104394,304
1739104397,311
1739104400,306
1739104404,307
1739104407,301
1739104410,310
1739104413,330
1739104416,458
1739104419,453
1739104422,586
1739104425,587
1739104428,566
1739104431,561
1739104434,463
1739104437,301
1739104440,300
1739104443,426
1739104447,446
1739104450,445
1739104452,436
1739104455,421
1739104459,298
1739104462,302
1739104464,301
1739104468,303
1739104470,299
1739104470,None
1739104477,304
1739104480,305
1739104483,299
1739104486,377
1739104489,455
1739104492,449
1739104495,442
1739104498,439
1739104501,377
1739104504,303
1739104508,305
1739104511,302
1739104513,305
1739104516,298
1739104519,299
1739104523,426
1739104526,444
1739104529,445
1739104532,441
1739104535,373
1739104538,296
1739104541,305
1739104544,301
1739104544,None
1739104550,297
1739104550,None
1739104556,304
1739104559,373
1739104562,447
1739104565,442
1739104568,439
1739104571,418
1739104574,300
1739104577,300
1739104580,299
1739104583,305
1739104586,301
1739104590,301
1739104590,None
1739104596,377
1739104598,449
1739104602,441
1739104605,439
1739104608,440
1739104611,326
1739104614,295
1739104614,None
1739104620,297
1739104624,291
1739104626,301
1739104629,295
1739104629,None
1739104635,377
1739104638,449
1739104641,439
1739104644,442
1739104647,434
1739104650,410
1739104654,300
1739104657,295
1739104660,293
1739104663,296
1739104666,297
1739104669,295
1739104672,293
1739104675,297
1739104678,318
1739104681,450
1739104684,446
1739104687,428
1739104690,417
1739104694,278
1739104696,285
1739104700,283
1739104702,281
1739104705,286
1739104708,284
1739104712,355
1739104715,423
1739104715,None
1739104721,282
1739104723,397
1739104727,420
1739104730,301
1739104733,271
1739104736,279
1739104739,295
1739104742,427
1739104745,399
1739104748,281
1739104751,277
1739104754,424
1739104757,349
1739104760,281
1739104764,285
1739104767,295
1739104770,294
1739104772,300
1739104776,372
1739104776,None
1739104782,443
1739104785,441
1739104785,None
1739104791,411
1739104794,383
1739104797,302
1739104800,299
1739104803,305
1739104806,304
1739104809,297
1739104812,305
1739104815,330
1739104818,462
1739104821,467
1739104824,403
1739104827,322
1739104830,448
1739104834,447
1739104837,384
1739104839,403
1739104842,407
1739104846,575
1739104849,687
1739104852,697
1739104855,824
1739104858,758
1739104861,486
1739104864,421
1739104867,420
1739104870,424
1739104873,427
1739104876,440
1739104879,516
1739104882,598
1739104886,587
1739104889,581
1739104892,564
1739104895,445
1739104897,442
1739104901,442
1739104904,444
1739104907,442
1739104909,444
1739104912,444
1739104915,437
1739104919,521
1739104922,594
1739104925,590
1739104927,579
1739104927,None
1739104934,555
1739104937,433
1739104940,431
1739104943,433
1739104946,433
1739104946,None
1739104952,435
1739104955,430
1739104958,438
1739104961,455
1739104965,590
1739104967,580
1739104971,574
1739104974,512
1739104976,432
1739104980,551
1739104983,461
1739104986,431
1739104989,436
1739104992,434
1739104995,433
1739104998,558
1739105001,577
1739105004,570
1739105007,569
1739105010,461
1739105013,433
1739105016,433
1739105020,434
1739105022,432
1739105025,433
1739105028,433
1739105031,437
1739105034,560
1739105037,582
1739105041,576
1739105041,None
1739105046,507
1739105050,430
1739105053,438
1739105056,433
1739105059,429
1739105062,435
1739105065,455
1739105068,583
1739105071,584
1739105074,558
1739105077,454
1739105080,580
1739105084,430
1739105086,438
1739105089,434
1739105092,435
1739105096,513
1739105098,591
1739105101,586
1739105105,580
1739105108,517
1739105108,None
1739105114,449
1739105117,444
1739105120,447
1739105123,445
1739105126,441
1739105129,447
1739105132,445
1739105135,571
1739105138,599
1739105141,587
1739105144,582
1739105147,519
1739105151,441
1739105154,446
1739105156,445
1739105160,434
1739105163,437
1739105166,463
1739105169,586
1739105172,574
1739105175,580
1739105175,None
1739105181,509
1739105184,434
1739105187,440
1739105191,436
1739105193,430
1739105196,439
1739105199,437
1739105199,None
1739105205,439
1739105208,565
1739105212,587
1739105214,581
1739105218,580
1739105221,572
1739105224,466
1739105227,436
1739105230,438
1739105233,438
1739105233,None
1739105239,437
1739105242,439
1739105245,437
1739105248,507
1739105251,591
1739105254,582
1739105257,582
1739105261,552
1739105263,468
1739105266,435
1739105269,433
1739105272,435
1739105276,436
1739105278,440
1739105281,433
1739105284,565
1739105287,693
1739105291,836
1739105294,831
1739105297,812
1739105300,462
1739105303,442
1739105306,440
1739105309,444
1739105312,442
1739105315,442
1739105319,444
1739105321,442
1739105325,568
1739105327,586
1739105330,569
1739105333,559
1739105337,545
1739105339,461
1739105342,385
1739105345,385
1739105348,378
1739105351,376
1739105354,381
1739105357,373
1739105361,444
1739105364,520
1739105367,520
1739105370,513
1739105372,508
1739105376,398
1739105379,369
1739105382,370
1739105385,372
1739105388,367
1739105391,364
1739105394,440
1739105397,523
1739105397,None
1739105403,509
1739105406,509
1739105410,395
1739105412,371
1739105415,370
1739105418,369
1739105421,370
1739105425,371
1739105427,376
1739105430,391
1739105434,516
1739105437,534
1739105439,536
1739105443,533
1739105446,417
1739105449,392
1739105452,385
1739105455,388
1739105458,387
1739105461,387
1739105464,411
1739105467,541
1739105470,535
1739105473,524
1739105477,509
1739105479,456
1739105483,382
1739105485,378
1739105488,382
1739105492,385
1739105494,386
1739105494,None
1739105494,None
1739105504,455
1739105504,None
1739105510,524
1739105513,519
1739105516,519
1739105516,None
1739105522,379
1739105525,376
1739105528,381
1739105528,None
1739105534,379
1739105537,378
1739105540,381
1739105543,507
1739105546,529
1739105549,518
1739105552,494
1739105555,372
1739105559,368
1739105561,372
1739105564,375
1739105564,None
1739105571,518
1739105574,516
1739105577,516
1739105580,506
1739105580,None
1739105586,368
1739105589,370
1739105592,372
1739105595,371
1739105598,370
1739105601,369
1739105605,365
1739105607,393
1739105612,522
1739105613,516
1739105617,398
1739105620,485
1739105623,498
1739105625,402
1739105630,366
1739105632,366
1739105635,522
1739105638,510
1739105641,395
1739105644,371
1739105647,371
1739105650,373
1739105653,369
1739105656,367
1739105660,444
1739105662,523
1739105665,514
1739105668,509
1739105671,507
1739105674,489
1739105677,367
1739105681,427
1739105684,1527
1739105687,1501
1739105690,1518
1739105693,1500
1739105696,1521
1739105699,1502
1739105702,1631
1739105702,None
1739105708,1625
1739105711,1593
1739105714,1649
1739105717,1565
1739105720,1522
1739105723,1499
1739105726,1515
1739105729,1502
1739105733,1521
1739105736,1523
1739105739,1791
1739105741,1857
1739105745,1861
1739105745,None
1739105751,1583
1739105754,1494
1739105757,1472
1739105760,1503
1739105763,1478
1739105766,1498
1739105769,1477
1739105772,1051
1739105775,496
1739105778,530
1739105781,523
1739105784,515
1739105787,446
1739105790,372
1739105793,372
1739105796,378
1739105799,392
1739105803,391
1739105805,394
1739105808,527
1739105811,561
1739105815,607
1739105818,621
1739105820,600
1739105824,488
1739105827,482
1739105830,495
1739105833,506
1739105836,506
1739105839,498
1739105842,511
1739105845,571
1739105848,655
1739105851,620
1739105854,518
1739105857,516
1739105860,405
1739105863,396
1739105866,388
1739105869,384
1739105873,402
1739105873,None
1739105878,432
1739105881,539
1739105885,652
1739105887,654
1739105891,658
1739105891,None
1739105897,459
1739105899,378
1739105903,383
1739105906,379
1739105909,404
1739105909,None
1739105915,1629
1739105918,1617
1739105921,1625
1739105924,1557
1739105924,None
1739105930,1553
1739105933,1585
1739105936,2230
1739105939,3174
1739105942,3162
1739105942,None
1739105948,2899
1739105948,None
1739105955,3295
1739105957,3284
1739105957,None
1739105964,3194
1739105967,3276
1739105970,3294
1739105973,3230
1739105976,3155
1739105979,3165
1739105982,3281
1739105985,3274
1739105988,3142
1739105991,3133
1739105994,3197
1739105997,3266
1739106000,3259
1739106003,3246
1739106007,3140
1739106009,3141
1739106012,3134
1739106016,3140
1739106016,None
1739106022,3144
1739106025,3146
1739106027,3150
1739106031,3196
1739106034,1691
1739106037,1673
1739106040,1610
1739106043,1534
1739106043,None
1739106049,1584
1739106052,1638
1739106055,1515
1739106058,1518
1739106061,1586
1739106064,1658
1739106067,1652
1739106070,1540
1739106073,1575
1739106076,1718
1739106080,1784
1739106083,1758
1739106085,1785
1739106089,1816
1739106089,None
1739106095,1532
1739106098,1519
1739106101,1521
1739106104,1550
1739106107,1695
1739106110,1681
1739106113,1676
1739106113,None
1739106119,1540
1739106122,1526
1739106125,1532
1739106128,1531
1739106128,None
1739106134,1537
1739106137,1537
1739106140,1604
1739106144,1672
1739106146,1663
1739106149,1656
1739106153,1648
1739106156,1523
1739106159,1514
1739106162,1512
1739106165,1509
1739106168,1508
1739106171,1508
1739106174,1531
1739106177,1655
1739106180,1647
1739106183,1649
1739106186,1649
1739106189,1584
1739106192,1514
1739106195,1519
1739106198,1519
1739106198,None
1739106205,1523
1739106205,None
1739106211,1527
1739106213,1544
1739106217,1552
1739106219,1547
1739106223,1555
1739106225,1467
1739106229,1463
1739106232,1484
1739106235,1508
1739106238,1558
1739106241,1577
1739106244,1644
1739106247,1640
1739106250,1635
1739106253,1633
1739106256,1524
1739106259,1519
1739106262,1553
1739106265,1721
1739106265,None
1739106265,None
1739106274,1771
1739106278,1758
1739106281,1873
1739106284,1895
1739106286,1890
1739106286,None
1739106293,1822
1739106296,1753
1739106299,1755
1739106302,1867
1739106305,1867
1739106308,1752
1739106311,1752
1739106314,1751
1739106317,1868
1739106320,1883
1739106323,1812
1739106326,1750
1739106330,1859
1739106332,1885
1739106336,1759
1739106338,1746
1739106341,1745
1739106345,1514
1739106347,1510
1739106350,1513
1739106353,1628
1739106356,1647
1739106360,1648
1739106363,1640
1739106366,1639
1739106369,1550
1739106372,1519
1739106375,1517
1739106378,1523
1739106381,1518
1739106384,1519
1739106387,1526
1739106387,None
1739106394,1669
1739106394,None
1739106399,1647
1739106399,None
1739106405,1591
1739106409,1522
1739106411,1521
1739106415,1519
1739106418,1522
1739106421,1520
1739106423,1535
1739106427,1657
1739106430,1647
1739106433,1644
1739106433,None
1739106439,1627
1739106442,1509
1739106446,1512
1739106448,1511
1739106451,1514
1739106454,1517
1739106458,1507
1739106461,1507
1739106464,1531
1739106466,1656
1739106469,1679
1739106473,1675
1739106476,1667
1739106479,1603
1739106482,1531
1739106485,1535
1739106488,1528
1739106491,1531
1739106494,1527
1739106497,1599
1739106500,1661
1739106503,1660
1739106506,1654
1739106509,1889
1739106512,1842
1739106516,1678
1739106519,1677
1739106522,1679
1739106524,1447
1739106528,1453
1739106531,1471
1739106534,1488
1739106537,1580
1739106540,1674
1739106543,1670
1739106546,1663
1739106549,1663
1739106552,1640
1739106555,1532
1739106558,1530
1739106561,1537
1739106561,None
1739106567,1534
1739106570,1536
1739106573,1566
1739106577,1685
1739106580,1671
1739106580,None
1739106586,1665
1739106589,1598
1739106591,1532
1739106591,None
1739106598,1531
1739106601,1538
1739106604,1540
1739106607,1534
1739106610,1659
1739106613,1682
1739106616,1674
1739106619,1667
1739106622,1643
1739106625,1535
1739106628,1543
1739106631,1543
1739106634,1543
1739106637,1546
1739106640,1536
1739106643,1541
1739106647,1689
1739106650,1676
1739106653,1627
1739106656,463
1739106659,451
1739106662,380
1739106665,376
1739106668,380
1739106671,375
1739106674,379
1739106677,369
1739106680,481
1739106683,484
1739106686,481
1739106689,472
1739106692,408
1739106695,329
1739106698,332
1739106701,358
1739106704,358
1739106707,367
1739106710,370
1739106713,392
1739106716,518
1739106719,496
1739106723,496
1739106726,488
1739106729,430
1739106732,352
1739106735,346
1739106738,351
1739106742,394
1739106744,382
1739106747,386
1739106751,374
1739106753,413
1739106756,544
1739106759,518
1739106762,538
1739106766,528
1739106769,427
1739106771,400
1739106775,399
1739106778,397
1739106780,399
1739106784,410
1739106787,400
1739106790,516
1739106793,560
1739106796,532
1739106799,541
1739106802,433
1739106805,393
1739106808,403
1739106811,386
1739106814,381
1739106817,371
1739106820,374
1739106823,368
1739106826,498
1739106829,506
1739106832,498
1739106835,491
1739106838,515
1739106841,392
1739106844,360
1739106847,359
1739106850,356
1739106853,361
1739106853,None
1739106860,357
1739106862,361
1739106865,378
1739106869,604
1739106871,763
1739106874,758
1739106878,737
1739106881,583
1739106884,356
1739106887,538
1739106890,1455
1739106893,1456
1739106896,1533
1739106896,None
1739106903,1604
1739106906,1622
1739106908,1646
1739106911,1557
1739106915,1530
1739106918,1530
1739106921,1528
1739106924,1524
1739106927,1524
1739106930,1525
1739106933,1519
1739106936,1630
1739106936,None
1739106942,1649
1739106942,None
1739106948,1624
1739106951,1506
1739106954,1510
1739106954,None
1739106960,1517
1739106964,1511
1739106967,1520
1739106969,1536
1739106973,1658
1739106976,1650
1739106978,1642
1739106982,1626
1739106985,1513
1739106988,1513
1739106991,1536
1739106991,None
1739106997,1588
1739107000,1515
1739107000,None
1739107006,1519
1739107009,1516
1739107013,1523
1739107016,1558
1739107018,1696
1739107022,1684
1739107025,1692
1739107028,1583
1739107031,1628
1739107034,1689
1739107037,1585
1739107040,1560
1739107043,1563
1739107046,1589
1739107050,1707
1739107052,1643
1739107055,1567
1739107058,1592
1739107061,1707
1739107065,1645
1739107067,1568
1739107070,1569
1739107074,1589
1739107077,1715
1739107080,1706
1739107083,1701
1739107086,1701
1739107088,1607
1739107092,1574
1739107095,1578
1739107098,1574
1739107101,1575
1739107104,1579
1739107107,1570
1739107107,None
1739107107,None
1739107116,1639
1739107119,1736
1739107122,1732
1739107125,1728
1739107128,1716
1739107132,1593
1739107134,1596
1739107138,1598
1739107140,1593
1739107143,1685
1739107146,1707
1739107150,1694
1739107153,1693
1739107156,1629
1739107158,1562
1739107162,1561
1739107165,1560
1739107168,1570
1739107170,1564
1739107170,None
1739107177,1571
1739107180,1680
1739107183,1703
1739107186,1698
1739107189,1613
1739107192,1603
1739107195,1514
1739107198,1495
1739107201,1500
1739107204,1515
1739107207,1531
1739107210,1614
1739107213,1839
1739107216,1955
1739107219,1941
1739107222,1886
1739107226,1707
1739107226,None
1739107226,None
1739107235,1571
1739107237,1573
1739107241,1577
1739107244,1567
1739107247,1549
1739107250,1554
1739107253,1666
1739107256,1694
1739107259,1695
1739107262,1680
1739107265,1664
1739107268,1582
1739107271,1553
1739107275,1553
1739107277,1557
1739107280,1549
1739107284,1547
1739107287,1564
1739107289,1664
1739107292,1688
1739107296,1677
1739107299,1677
1739107302,1579
1739107305,1560
1739107308,1569
1739107311,1566
1739107314,1565
1739107317,1633
1739107320,1707
1739107323,1704
1739107326,1680
1739107329,1562
1739107332,1585
1739107335,1677
1739107339,1642
1739107341,1570
1739107345,1563
1739107348,1567
1739107350,1563
1739107353,1562
1739107356,1582
1739107360,1704
1739107362,1702
1739107366,1693
1739107366,None
1739107372,1670
1739107375,1564
1739107378,1557
1739107381,1564
1739107384,1567
1739107387,1573
1739107390,1575
1739107394,1645
1739107397,1718
1739107399,1711
1739107402,1709
1739107406,1736
1739107408,1675
1739107412,1600
1739107414,1600
1739107418,1612
1739107423,1609
1739107425,1612
1739107427,1610
1739107430,1686
1739107430,None
1739107436,1748
1739107440,1751
1739107443,1685
1739107443,None
1739107448,1616
1739107451,1616
1739107454,1617
1739107458,1635
1739107458,None
1739107464,1756
1739107466,1746
1739107470,1747
1739107473,1636
1739107473,None
1739107473,None
1739107482,1505
1739107485,1495
1739107488,1500
1739107491,1517
1739107494,1528
1739107497,1698
1739107500,1714
1739107503,1740
1739107506,1741
1739107510,1723
1739107512,1608
1739107516,1601
1739107519,1598
1739107522,1597
1739107525,1608
1739107528,1601
1739107531,1619
1739107534,1746
1739107537,1740
1739107540,1732
1739107543,1733
1739107543,None
1739107549,1629
1739107552,1603
1739107555,1603
1739107558,1608
1739107561,1606
1739107561,None
1739107567,1854
1739107570,1846
1739107573,1863
1739107576,1963
1739107579,1744
1739107583,1742
1739107586,1735
1739107589,1648
1739107592,1618
1739107595,1617
1739107598,1620
1739107601,1621
1739107604,1619
1739107607,1741
1739107607,None
1739107613,1755
1739107616,1649
1739107619,1687
1739107622,1753
1739107625,1648
1739107628,1620
1739107631,1621
1739107635,1625
1739107637,1622
1739107640,1623
1739107640,None
1739107647,1742
1739107650,1760
1739107653,1751
1739107656,1745
1739107659,1744
1739107662,1633
1739107665,1603
1739107668,1613
1739107671,1610
1739107674,1605
1739107677,1612
1739107680,1613
1739107683,1612
1739107686,1609
1739107689,1735
1739107693,1761
1739107695,1752
1739107698,1752
1739107701,1748
1739107704,1640
1739107708,1616
1739107710,1608
1739107713,1607
1739107716,1613
1739107720,1620
1739107722,1617
1739107726,1736
1739107729,1759
1739107732,1747
1739107735,1685
1739107738,1723
1739107741,1647
1739107741,None
1739107741,None
1739107741,None
1739107753,1611
1739107757,1621
1739107760,1613
1739107762,1737
1739107766,1752
1739107769,1733
1739107772,1614
1739107775,1612
1739107778,1724
1739107781,1285
1739107784,436
1739107787,421
1739107790,440
1739107793,580
1739107796,502
1739107799,427
1739107802,486
1739107805,540
1739107809,457
1739107811,380
1739107815,383
1739107818,384
1739107820,385
1739107824,382
1739107826,386
1739107829,372
1739107832,500
1739107836,528
1739107839,534
1739107842,526
1739107845,494
1739107848,363
1739107851,369
1739107854,386
1739107854,None
1739107861,374
1739107863,370
1739107866,362
1739107869,462
1739107872,537
1739107872,None
1739107879,508
1739107882,509
1739107884,487
1739107888,368
1739107891,364
1739107894,361
1739107896,364
1739107900,361
1739107903,362
1739107906,361
1739107909,362
1739107912,494
1739107915,512
1739107918,511
1739107921,503
1739107921,None
1739107927,361
1739107931,361
1739107933,361
1739107936,361
1739107939,359
1739107939,None
1739107946,384
1739107948,491
1739107951,516
1739107951,None
1739107958,761
1739107961,757
1739107964,575
1739107967,359
1739107970,360
1739107973,361
1739107976,358
1739107979,364
1739107982,359
1739107985,365
1739107985,None
1739107991,585
1739107994,592
1739107998,604
1739108000,604
1739108003,532
1739108007,462
1739108009,458
1739108013,463
1739108016,461
1739108019,458
1739108022,462
1739108025,458
1739108028,482
1739108031,621
1739108034,609
1739108037,608
1739108040,536
1739108043,457
1739108046,460
1739108049,474
1739108052,578
1739108055,585
1739108058,449
1739108061,451
1739108065,569
1739108067,592
1739108071,580
1739108074,474
1739108077,441
1739108080,441
1739108083,439
1739108085,442
1739108089,439
1739108092,442
1739108095,439
1739108098,439
1739108098,None
1739108104,586
1739108107,584
1739108110,581
1739108113,557
1739108116,439
1739108119,433
1739108122,439
1739108122,None
1739108128,438
1739108132,435
1739108134,460
1739108138,589
1739108141,584
1739108144,576
1739108147,579
1739108150,504
1739108153,365
1739108156,372
1739108159,365
1739108162,364
1739108165,365
1739108168,360
1739108171,356
1739108171,None
1739108177,359
1739108180,436
1739108183,515
1739108187,518
1739108189,508
1739108192,503
1739108196,390
1739108199,360
1739108202,357
1739108205,357
1739108208,361
1739108211,364
1739108214,361
1739108217,360
1739108220,436
1739108223,517
1739108226,763
1739108229,761
1739108232,760
1739108235,623
1739108238,628
1739108242,617
1739108242,None
1739108248,622
1739108250,622
1739108250,None
1739108256,695
1739108260,770
1739108263,762
1739108266,766
1739108269,695
1739108272,620
1739108275,619
1739108278,618
1739108281,619
1739108284,619
1739108287,657
1739108290,772
1739108293,786
1739108296,790
1739108299,722
1739108302,637
1739108305,644
1739108308,643
1739108312,644
1739108312,None
1739108318,742
1739108320,820
1739108320,None
1739108320,None
1739108330,789
1739108333,661
1739108336,654
1739108339,660
1739108342,657
1739108345,656
1739108348,650
1739108351,645
1739108354,1236
1739108357,1892
1739108360,1890
1739108360,None
1739108367,1880
1739108369,1820
1739108369,None
1739108375,1753
1739108378,1744
1739108382,1752
1739108385,1756
1739108388,1758
1739108391,1501
1739108391,None
1739108397,1640
1739108400,1634
1739108403,1636
1739108406,1629
1739108409,1566
1739108412,1499
1739108415,1499
1739108418,1499
1739108421,1498
1739108424,1497
1739108427,1500
1739108430,1497
1739108433,1496
1739108437,1521
1739108439,1651
1739108443,1639
1739108446,1634
1739108449,1432
1739108452,506
1739108455,411
1739108458,420
1739108461,423
1739108464,413
1739108467,409
1739108471,409
1739108473,406
1739108476,483
1739108479,561
1739108483,552
1739108486,546
1739108489,542
1739108492,433
1739108495,399
1739108498,405
1739108498,None
1739108498,None
1739108507,396
1739108510,398
1739108513,399
1739108516,426
1739108519,555
1739108522,537
1739108525,537
1739108529,551
1739108531,484
1739108534,406
1739108538,398
1739108540,403
1739108543,397
1739108543,None
1739108550,377
1739108553,372
1739108556,505
1739108559,525
1739108562,527
1739108565,520
1739108568,451
1739108571,378
1739108571,None
1739108577,378
1739108580,379
1739108583,380
1739108586,375
1739108589,454
1739108592,536
1739108595,529
1739108599,520
1739108601,456
1739108604,377
1739108607,378
1739108610,376
1739108613,380
1739108617,374
1739108619,451
1739108624,526
1739108626,522
1739108629,518
1739108632,497
1739108635,580
1739108638,640
1739108642,637
1739108644,637
1739108647,375
1739108650,375
1739108650,None
1739108657,377
1739108659,395
1739108663,540
1739108665,531
1739108665,None
1739108672,498
1739108674,476
1739108677,356
1739108681,355
1739108683,357
1739108687,357
1739108690,357
1739108693,360
1739108696,354
1739108699,360
1739108702,486
1739108705,505
1739108708,507
1739108711,499
1739108714,389
1739108717,361
1739108720,353
1739108723,361
1739108726,359
1739108729,355
1739108733,360
1739108735,432
1739108738,511
1739108738,None
1739108745,501
1739108747,502
1739108751,386
1739108753,359
1739108756,352
1739108760,344
1739108763,336
1739108766,340
1739108769,338
1739108772,340
1739108775,362
1739108778,495
1739108781,492
1739108784,483
1739108787,483
1739108790,366
1739108793,339
1739108797,337
1739108800,343
1739108803,339
1739108805,339
1739108808,337
1739108811,323
1739108815,452
1739108818,469
1739108821,463
1739108824,452
1739108827,346
1739108830,307
1739108833,308
1739108836,303
1739108839,309
1739108839,None
1739108845,378
1739108848,455
1739108851,448
1739108854,438
1739108857,390
1739108860,405
1739108863,406
1739108863,None
1739108869,404
1739108873,405
1739108875,408
1739108879,413
1739108882,539
1739108885,561
1739108888,554
1739108891,547
1739108893,486
1739108897,405
1739108900,406
1739108903,407
1739108906,403
1739108906,None
1739108912,404
1739108915,401
1739108915,None
1739108921,558
1739108924,551
1739108924,None
1739108931,402
1739108933,510
1739108936,397
1739108940,401
1739108943,523
1739108946,537
1739108949,441
1739108952,410
1739108955,411
1739108958,410
1739108958,None
1739108964,411
1739108967,487
1739108970,565
1739108973,546
1739108976,742
1739108979,775
1739108979,None
1739108979,None
1739108989,511
1739108991,403
1739108994,404
1739108997,405
1739109000,403
1739109003,478
1739109007,556
1739109010,549
1739109013,542
1739109016,524
1739109019,404
1739109022,401
1739109025,401
1739109028,404
1739109031,408
1739109034,419
1739109038,494
1739109040,568
1739109043,566
1739109046,557
1739109049,557
1739109052,532
1739109056,420
1739109058,416
1739109062,419
1739109065,414
1739109067,417
1739109071,417
1739109073,447
1739109076,435
1739109080,560
1739109083,582
1739109086,592
1739109089,576
1739109089,None
1739109095,441
1739109098,438
1739109101,434
1739109104,417
1739109108,415
1739109110,420
1739109113,411
1739109116,535
1739109119,559
1739109123,553
1739109125,548
1739109128,529
1739109132,411
1739109134,407
1739109138,411
1739109141,409
1739109144,407
1739109147,413
1739109150,408
1739109153,429
1739109156,574
1739109159,570
1739109162,567
1739109165,566
1739109168,497
1739109171,429
1739109174,425
1739109177,429
1739109180,428
1739109184,426
1739109186,430
1739109189,447
1739109193,585
1739109196,604
1739109199,602
1739109202,606
1739109205,561
1739109208,479
1739109211,483
1739109214,479
1739109214,None
1739109220,477
1739109223,486
1739109227,478
1739109229,557
1739109232,625
1739109236,625
1739109238,620
1739109241,613
1739109244,507
1739109247,478
1739109250,479
1739109253,476
1739109256,481
1739109260,473
1739109263,478
1739109266,479
1739109266,None
1739109272,690
1739109275,676
1739109278,658
1739109281,595
1739109284,446
1739109287,444
1739109290,528
1739109293,426
1739109296,430
1739109299,423
1739109302,422
1739109305,426
1739109308,422
1739109311,503
1739109315,574
1739109318,567
1739109321,540
1739109323,425
1739109327,499
1739109329,499
1739109333,423
1739109336,423
1739109339,418
1739109342,545
1739109345,432
1739109348,537
1739109348,None
1739109354,815
1739109357,744
1739109360,456
1739109363,492
1739109366,551
1739109370,420
1739109372,420
1739109375,436
1739109379,567
1739109381,567
1739109384,448
1739109387,421
1739109390,438
1739109394,504
1739109397,421
1739109400,419
1739109403,418
1739109406,544
1739109409,565
1739109412,449
1739109415,443
1739109418,568
1739109418,None
1739109424,426
1739109427,422
1739109427,None
1739109433,545
1739109437,422
1739109439,422
1739109442,422
1739109446,423
1739109448,419
1739109451,422
1739109455,545
1739109458,569
1739109461,561
1739109464,563
1739109467,449
1739109470,421
1739109473,425
1739109476,421
1739109479,420
1739109482,422
1739109485,442
1739109488,577
1739109491,567
1739109495,560
1739109497,558
1739109501,494
1739109503,423
1739109507,421
1739109507,None
1739109507,None
1739109516,424
1739109519,421
1739109522,421
1739109525,423
1739109528,546
1739109531,569
1739109534,566
1739109537,565
1739109540,539
1739109543,423
1739109546,423
1739109549,428
1739109552,422
1739109555,423
1739109558,424
1739109561,420
1739109564,448
1739109567,577
1739109570,566
1739109573,566
1739109577,541
1739109580,418
1739109583,425
1739109586,423
1739109589,422
1739109592,423
1739109595,449
1739109598,1583
1739109601,1702
1739109604,1687
1739109607,1683
1739109610,1628
1739109613,1674
1739109616,1610
1739109616,None
1739109622,1535
1739109625,1538
1739109629,1545
1739109631,1544
1739109635,1542
1739109638,1539
1739109641,1571
1739109641,None
1739109647,1683
1739109650,1685
1739109653,1672
1739109656,1551
1739109659,1558
1739109662,1556
1739109665,1556
1739109668,1556
1739109672,1553
1739109674,1557
1739109677,1631
1739109681,1711
1739109683,1699
1739109687,1703
1739109690,1697
1739109693,1589
1739109696,1724
1739109699,1821
1739109702,1818
1739109705,1812
1739109708,1561
1739109711,1554
1739109714,1637
1739109717,1707
1739109720,1701
1739109723,1692
1739109726,1691
1739109729,1578
1739109733,1549
1739109735,1550
1739109738,1545
1739109742,1549
1739109745,1543
1739109748,1550
1739109748,None
1739109754,1577
1739109757,1709
1739109760,1701
1739109763,1699
1739109766,1695
1739109769,1577
1739109772,1548
1739109775,1548
1739109778,1533
1739109781,1537
1739109784,1536
1739109787,1539
1739109790,1539
1739109793,1669
1739109796,1687
1739109799,1686
1739109802,1680
1739109805,1664
1739109809,1541
1739109811,1542
1739109814,1537
1739109818,1539
1739109821,1538
1739109824,1541
1739109826,1535
1739109829,1560
1739109833,1690
1739109836,1686
1739109839,1678
1739109842,1665
1739109845,1569
1739109848,1539
1739109851,1235
1739109854,471
1739109857,472
1739109860,469
1739109863,590
1739109866,1702
1739109869,1684
1739109872,1677
1739109875,1645
1739109878,542
1739109881,473
1739109884,471
1739109887,452
1739109890,420
1739109893,417
1739109896,420
1739109899,418
1739109902,438
1739109906,574
1739109909,558
1739109912,554
1739109915,559
1739109918,445
1739109921,416
1739109924,420
1739109927,420
1739109930,419
1739109934,412
1739109936,420
1739109939,442
1739109942,570
1739109945,561
1739109948,559
1739109952,556
1739109952,None
1739109957,416
1739109960,416
1739109964,414
1739109966,417
1739109970,420
1739109972,423
1739109976,540
1739109979,561
1739109982,552
1739109985,549
1739109988,530
1739109991,423
1739109994,415
1739109997,415
1739110000,415
1739110003,410
1739110006,412
1739110009,423
1739110013,417
1739110015,437
1739110018,567
1739110021,559
1739110024,561
1739110027,553
1739110031,488
1739110033,420
1739110036,417
1739110040,417
1739110042,422
1739110042,None
1739110049,421
1739110052,488
1739110055,582
1739110058,1213
1739110061,1610
1739110064,1605
1739110067,1678
1739110070,1571
1739110073,1538
1739110076,1540
1739110079,1537
1739110082,1536
1739110085,1535
1739110089,930
1739110092,476
1739110095,599
1739110098,607
1739110100,561
1739110104,564
1739110107,541
1739110110,420
1739110113,428
1739110116,648
1739110119,680
1739110122,707
1739110125,692
1739110128,553
1739110131,595
1739110134,588
1739110137,563
1739110140,554
1739110143,449
1739110146,419
1739110150,413
1739110153,420
1739110156,446
1739110158,443
1739110162,441
1739110165,575
1739110168,595
1739110171,594
1739110174,599
1739110177,593
1739110180,480
1739110183,459
1739110186,456
1739110189,441
1739110192,448
1739110195,440
1739110198,422
1739110201,420
1739110205,544
1739110207,566
1739110211,558
1739110213,555
1739110216,557
1739110216,None
1739110222,419
1739110225,422
1739110228,419
1739110231,415
1739110235,423
1739110238,425
1739110241,428
1739110244,424
1739110247,580
1739110250,566
1739110253,565
1739110256,555
1739110259,447
1739110262,421
1739110262,None
1739110268,540
1739110272,495
1739110274,421
1739110277,419
1739110280,419
1739110283,423
1739110286,418
1739110289,421
1739110292,440
1739110295,573
1739110299,564
1739110302,558
1739110305,496
1739110308,437
1739110311,545
1739110313,416
1739110317,416
1739110320,416
1739110323,536
1739110327,558
1739110329,491
1739110332,439
1739110335,475
1739110338,430
1739110341,425
1739110344,413
1739110347,406
1739110350,410
1739110354,405
1739110356,407
1739110360,408
1739110363,407
1739110366,410
1739110369,408
1739110372,411
1739110375,408
1739110378,407
1739110381,408
1739110384,417
1739110387,440
1739110390,432
1739110393,431
1739110396,422
1739110399,427
1739110402,428
1739110405,426
1739110409,430
1739110412,429
1739110414,435
1739110418,430
1739110421,445
1739110424,425
1739110427,428
1739110430,311
1739110433,273
1739110436,275
1739110439,274
1739110442,305
1739110445,325
1739110448,319
1739110451,322
1739110455,320
1739110457,309
1739110460,274
1739110463,278
1739110466,274
1739110470,278
1739110472,275
1739110475,277
1739110479,274
1739110482,276
1739110485,278
1739110488,272
1739110491,275
1739110494,274
1739110497,271
1739110500,278
1739110503,274
1739110506,275
1739110509,274
1739110512,271
1739110516,271
1739110518,268
1739110521,266
1739110524,273
1739110524,None
1739110530,263
1739110533,502
1739110536,522
1739110536,None
1739110543,399
1739110546,268
1739110548,266
1739110548,None
1739110555,266
1739110558,267
1739110561,270
1739110564,266
1739110567,270
1739110570,267
1739110573,272
1739110577,270
1739110579,264
1739110582,270
1739110585,266
1739110588,272
1739110588,None
1739110594,269
1739110598,266
1739110600,270
1739110604,265
1739110606,271
1739110610,266
1739110613,270
1739110616,265
1739110618,270
1739110622,269
1739110625,272
1739110628,268
1739110631,268
1739110631,None
1739110637,264
1739110640,270
1739110643,268
1739110646,273
1739110649,268
1739110652,266
1739110655,271
1739110658,267
1739110661,266
1739110665,271
1739110667,268
1739110671,266
1739110671,None
1739110677,268
1739110677,None
1739110683,268
1739110686,269
1739110688,272
1739110692,265
1739110695,270
1739110698,266
1739110701,272
1739110704,268
1739110708,268
1739110710,269
1739110713,270
1739110717,269
1739110719,272
1739110719,None
1739110725,301
1739110729,385
1739110731,483
1739110734,481
1739110738,472
1739110741,443
1739110744,421
1739110747,406
1739110750,415
1739110753,414
1739110757,413
1739110759,407
1739110762,405
1739110762,None
1739110769,400
1739110771,396
1739110774,401
1739110777,395
1739110780,398
1739110784,398
1739110787,396
1739110790,399
1739110792,394
1739110796,395
1739110796,None
1739110802,397
1739110805,398
1739110808,390
1739110811,387
1739110814,384
1739110817,384
1739110820,386
1739110824,400
1739110826,398
1739110829,403
1739110832,389
1739110835,392
1739110839,388
1739110842,406
1739110844,410
1739110848,407
1739110851,427
1739110854,416
1739110857,422
1739110860,419
1739110863,422
1739110866,416
1739110870,434
1739110872,437
1739110875,432
1739110878,434
1739110882,433
1739110884,395
1739110887,388
1739110890,390
1739110894,386
1739110896,391
1739110899,387
1739110903,393
1739110905,524
1739110909,645
1739110912,642
1739110915,602
1739110918,388
1739110918,None
1739110924,421
1739110927,419
1739110930,423
1739110933,414
1739110936,415
1739110940,413
1739110940,None
1739110945,925
1739110948,1581
1739110951,1580
1739110954,1574
1739110957,1578
1739110961,1574
1739110964,1573
1739110964,None
1739110970,1547
1739110973,1545
1739110976,1545
1739110979,1549
1739110982,1548
1739110985,1551
1739110988,1549
1739110991,1562
1739110995,1581
1739110998,1594
1739111001,1585
1739111003,1589
1739111006,1578
1739111010,1582
1739111012,1581
1739111015,1577
1739111018,1590
1739111023,1589
1739111025,1591
1739111028,1584
1739111031,1589
1739111034,1585
1739111037,1583
1739111040,1594
1739111043,1588
1739111043,None
1739111049,1583
1739111052,1583
1739111055,1585
1739111055,None
1739111061,1562
1739111064,1556
1739111067,1561
1739111070,1557
1739111073,1552
1739111077,1549
1739111080,1548
1739111083,1549
1739111086,1547
1739111089,1551
1739111089,None
1739111095,1544
1739111095,None
1739111101,1549
1739111104,1542
1739111107,1548
1739111110,1544
1739111113,1604
1739111116,1555
1739111119,1545
1739111119,None
1739111125,1543
1739111128,1551
1739111131,1551
1739111134,1553
1739111137,1547
1739111137,None
1739111143,1547
1739111147,1360
1739111149,478
1739111153,475
1739111156,478
1739111159,474
1739111162,431
1739111165,403
1739111168,423
1739111171,414
1739111175,406
1739111177,406
1739111180,399
1739111183,406
1739111186,411
1739111189,401
1739111192,399
1739111195,399
1739111199,404
1739111202,406
1739111205,405
1739111207,407
1739111211,410
1739111213,412
1739111217,417
1739111220,413
1739111223,415
1739111226,414
1739111229,411
1739111232,410
1739111235,395
1739111238,386
1739111241,383
1739111244,383
1739111247,382
1739111247,None
1739111254,374
1739111256,374
1739111260,374
1739111262,374
1739111265,374
1739111269,375
1739111272,374
1739111275,374
1739111278,462
1739111281,629
1739111284,630
1739111287,629
1739111290,625
1739111293,384
1739111296,366
1739111299,364
1739111302,365
1739111305,364
1739111308,364
1739111311,364
1739111314,364
1739111317,363
1739111320,364
1739111320,None
1739111327,364
1739111330,364
1739111333,363
1739111336,363
1739111338,363
1739111342,363
1739111345,363
1739111348,362
1739111351,363
1739111354,362
1739111357,362
1739111360,362
1739111363,362
1739111366,362
1739111369,362
1739111372,362
1739111375,362
1739111378,361
1739111381,361
1739111384,362
1739111388,361
1739111390,362
1739111393,362
1739111396,361
1739111400,361
1739111402,361
1739111406,362
1739111409,361
1739111411,360
1739111415,360
1739111418,359
1739111421,360
1739111424,360
1739111427,359
1739111430,359
1739111433,359
1739111436,358
1739111439,354
1739111442,353
1739111442,None
1739111448,353
1739111452,353
1739111452,None
1739111457,354
1739111461,353
1739111464,353
1739111467,352
1739111467,None
1739111473,353
1739111476,352
1739111479,352
1739111479,None
1739111485,353
1739111488,343
1739111491,322
1739111494,320
1739111498,322
1739111500,323
1739111504,322
1739111506,303
1739111509,290
1739111512,290
1739111516,287
1739111519,286
1739111522,282
1739111524,515
1739111528,544
1739111528,None
1739111534,652
1739111537,1443
1739111537,None
1739111543,1550
1739111546,1547
1739111549,1546
1739111553,1542
1739111555,1541
1739111558,1543
1739111561,1544
1739111564,1543
1739111567,1536
1739111571,1537
1739111571,None
1739111571,None
1739111580,1522
1739111583,1525
1739111586,1544
1739111588,1543
1739111592,1449
1739111595,1281
1739111597,1280
1739111601,1286
1739111604,1302
1739111607,1284
1739111610,1284
1739111613,1280
1739111616,1278
1739111619,1278
1739111622,1277
1739111625,1278
1739111628,1278
1739111631,1278
1739111635,1278
1739111638,1283
1739111640,1285
1739111644,1284
1739111644,None
1739111650,1284
1739111653,1284
1739111656,1285
1739111659,1288
1739111662,1300
1739111665,1306
1739111665,None
1739111671,1009
1739111674,308
1739111677,311
1739111680,310
1739111684,308
1739111686,306
1739111690,294
1739111693,329
1739111695,495
1739111699,288
1739111702,313
1739111705,970
1739111708,1297
1739111711,1296
1739111714,1293
1739111717,1290
1739111720,1288
1739111723,1292
1739111723,None
1739111729,1295
1739111733,712
1739111735,298
1739111739,288
1739111742,282
1739111745,278
1739111748,278
1739111751,278
1739111753,279
1739111757,278
1739111757,None
1739111763,279
1739111766,301
1739111769,302
1739111772,301
1739111775,299
1739111778,292
1739111781,275
1739111784,274
1739111787,277
1739111790,281
1739111793,282
1739111796,266
1739111799,266
1739111802,267
1739111805,268
1739111809,268
1739111811,267
1739111815,269
1739111818,268
1739111820,268
1739111824,269
1739111827,267
1739111830,268
1739111833,268
1739111836,268
1739111839,268
1739111842,269
1739111845,269
1739111848,278
1739111851,293
1739111854,299
1739111857,299
1739111857,None
1739111863,300
1739111866,288
1739111869,309
1739111872,309
1739111875,310
1739111879,310
1739111882,308
1739111885,308
1739111888,308
1739111891,307
1739111894,306
1739111897,306
1739111900,306
1739111903,307
1739111906,311
1739111909,307
1739111909,None
1739111915,275
1739111918,272
1739111921,278
1739111924,297
1739111927,316
1739111930,312
1739111933,315
1739111936,312
1739111939,315
1739111942,386
1739111946,1242
1739111949,1233
1739111952,1232
1739111955,1227
1739111958,1233
1739111961,1225
1739111964,1228
1739111967,1164
1739111970,926
1739111973,929
1739111976,923
1739111980,920
1739111982,923
1739111985,920
1739111989,918
1739111991,915
1739111994,922
1739111998,916
1739112000,916
1739112004,920
1739112007,915
1739112010,918
1739112013,914
1739112016,919
1739112019,917
1739112022,913
1739112025,913
1739112028,913
1739112031,908
1739112034,908
1739112034,None
1739112040,911
1739112043,908
1739112043,None
1739112043,None
1739112053,914
1739112056,911
1739112059,916
1739112059,None
1739112065,916
1739112068,944
1739112071,957
1739112074,954
1739112077,957
1739112080,952
1739112083,958
1739112086,949
1739112089,952
1739112093,949
1739112095,944
1739112099,949
1739112102,945
1739112105,932
1739112107,929
1739112111,928
1739112114,936
1739112116,915
1739112120,910
1739112123,907
1739112126,901
1739112129,909
1739112132,905
1739112135,896
1739112138,879
1739112141,876
1739112144,871
1739112147,875
1739112150,867
1739112153,262
1739112156,242
1739112160,239
1739112162,240
1739112166,242
1739112169,240
1739112172,240
1739112175,245
1739112178,242
1739112181,244
1739112184,249
1739112187,247
1739112190,244
1739112193,251
1739112196,246
1739112196,None
1739112196,None
1739112205,252
1739112209,247
1739112211,246
1739112214,250
1739112217,245
1739112220,245
1739112224,246
1739112226,250
1739112230,245
1739112233,243
1739112236,248
1739112239,245
1739112242,241
1739112245,247
1739112248,244
1739112252,244
1739112254,245
1739112257,242
1739112260,250
1739112264,244
1739112266,241
1739112270,247
1739112272,245
1739112275,246
1739112278,240
1739112282,245
1739112285,242
1739112288,245
1739112291,238
1739112294,242
1739112297,240
1739112300,244
1739112300,None
1739112306,245
1739112309,241
1739112312,242
1739112315,243
1739112318,240
1739112321,246
1739112324,242
1739112324,None
1739112330,239
1739112334,244
1739112336,239
1739112339,244
1739112343,239
1739112345,239
1739112348,241
1739112352,243
1739112354,264
1739112358,499
1739112361,502
1739112361,None
1739112367,505
1739112370,442
1739112373,248
1739112376,242
1739112379,245
1739112382,241
1739112385,242
1739112389,242
1739112391,238
1739112395,241
1739112397,239
1739112400,241
1739112403,240
1739112407,239
1739112409,244
1739112412,240
1739112416,241
1739112419,240
1739112422,240
1739112425,247
1739112428,241
1739112431,235
1739112434,242
1739112437,240
1739112440,240
1739112443,240
1739112446,238
1739112446,None
1739112452,242
1739112455,238
1739112458,240
1739112462,239
1739112464,241
1739112467,244
1739112471,236
1739112473,234
1739112477,234
1739112480,233
1739112480,None
1739112486,232
1739112489,237
1739112492,238
1739112495,242
1739112498,243
1739112501,241
1739112504,240
1739112507,241
1739112507,None
1739112513,239
1739112516,243
1739112519,239
1739112522,242
1739112525,240
1739112528,237
1739112531,244
1739112531,None
1739112538,237
1739112540,243
1739112544,237
1739112547,242
1739112550,234
1739112550,None
1739112556,228
1739112559,234
1739112562,230
1739112565,233
1739112568,232
1739112571,236
1739112574,233
1739112578,233
1739112580,231
1739112584,231
1739112584,None
1739112590,232
1739112593,232
1739112595,232
1739112599,236
1739112602,230
1739112605,234
1739112608,233
1739112611,222
1739112614,224
1739112617,222
1739112620,223
1739112623,224
1739112626,223
1739112629,223
1739112632,220
1739112635,226
1739112638,220
1739112642,225
1739112645,223
1739112648,221
1739112651,225
1739112654,224
1739112656,221
1739112660,224
1739112663,223
1739112665,221
1739112669,224
1739112672,223
1739112675,221
1739112678,226
1739112681,222
1739112684,224
1739112687,222
1739112690,218
1739112693,225
1739112696,223
1739112699,220
1739112702,220
1739112706,225
1739112708,223
1739112711,222
1739112714,227
1739112717,222
1739112720,222
1739112724,221
1739112727,226
1739112730,220
1739112733,224
1739112736,225
1739112739,222
1739112742,222
1739112745,225
1739112748,220
1739112751,225
1739112755,223
1739112757,219
1739112761,426
1739112763,479
1739112766,478
1739112770,479
1739112773,239
1739112775,226
1739112778,219
1739112782,225
1739112784,220
1739112788,225
1739112791,219
1739112794,223
1739112797,222
1739112800,221
1739112803,221
1739112806,218
1739112809,223
1739112812,215
1739112815,224
1739112818,221
1739112823,220
1739112824,225
1739112828,221
1739112830,218
1739112833,226
1739112836,219
1739112839,217
1739112842,221
1739112846,218
1739112849,222
1739112852,219
1739112855,217
1739112858,222
1739112861,219
1739112864,217
1739112867,222
1739112870,219
1739112874,221
1739112876,222
1739112879,219
1739112882,216
1739112885,224
1739112888,226
1739112892,229
1739112894,229
1739112898,226
1739112901,227
1739112905,225
1739112906,222
1739112910,229
1739112913,225
1739112916,228
1739112919,225
1739112922,223
1739112925,226
1739112928,221
1739112931,224
1739112934,224
1739112937,221
1739112940,228
1739112944,225
1739112946,232
1739112950,224
1739112953,219
1739112955,225
1739112959,220
1739112962,222
1739112965,221
1739112968,218
1739112971,224
1739112974,220
1739112977,220
1739112980,221
1739112983,219
1739112986,223
1739112989,220
1739112992,219
1739112996,222
1739112998,220
1739113001,218
1739113005,225
1739113007,216
1739113010,213
1739113013,215
1739113016,212
1739113019,232
1739113023,240
1739113025,224
1739113029,222
1739113032,218
1739113035,221
1739113038,220
1739113041,215
1739113044,217
1739113047,224
1739113050,216
1739113053,223
1739113056,292
1739113059,386
1739113062,384
1739113065,388
1739113069,385
1739113071,376
1739113074,385
1739113078,382
1739113080,380
1739113083,386
1739113087,375
1739113090,218
1739113093,223
1739113096,216
1739113099,215
1739113102,218
1739113105,216
1739113108,218
1739113111,221
1739113111,None
1739113117,480
1739113121,479
1739113123,392
1739113126,221
1739113129,219
1739113132,219
1739113136,220
1739113139,215
1739113141,220
1739113145,223
1739113148,220
1739113150,220
1739113154,218
1739113157,222
1739113160,218
1739113163,221
1739113166,219
1739113169,218
1739113173,220
1739113175,218
1739113175,None
1739113181,219
1739113184,224
1739113187,220
1739113190,219
1739113194,221
1739113197,213
1739113199,220
