1738940400,290
1738940404,428
1738940407,407
1738940410,403
1738940413,340
1738940416,268
1738940419,269
1738940422,263
1738940425,266
1738940428,268
1738940431,265
1738940434,262
1738940437,260
1738940440,409
1738940444,420
1738940446,413
1738940449,413
1738940452,286
1738940455,267
1738940459,261
1738940461,254
1738940461,None
1738940468,295
1738940471,410
1738940474,413
1738940477,335
1738940480,335
1738940483,400
1738940486,271
1738940490,266
1738940490,None
1738940495,266
1738940495,None
1738940501,263
1738940504,274
1738940508,365
1738940510,429
1738940514,430
1738940517,412
1738940520,347
1738940523,283
1738940526,278
1738940529,283
1738940532,286
1738940535,272
1738940538,365
1738940542,431
1738940544,422
1738940547,418
1738940547,None
1738940553,345
1738940557,287
1738940560,269
1738940562,271
1738940566,267
1738940568,275
1738940572,265
1738940575,266
1738940578,272
1738940581,354
1738940584,413
1738940587,411
1738940590,415
1738940593,403
1738940596,299
1738940599,263
1738940602,268
1738940602,None
1738940608,266
1738940611,263
1738940615,295
1738940617,418
1738940617,None
1738940623,403
1738940627,400
1738940630,283
1738940632,266
1738940635,265
1738940638,264
1738940642,275
1738940645,260
1738940648,262
1738940651,273
1738940651,None
1738940656,416
1738940660,406
1738940663,282
1738940666,345
1738940669,576
1738940672,583
1738940675,526
1738940678,504
1738940678,None
1738940684,403
1738940687,408
1738940690,373
1738940694,255
1738940696,253
1738940700,269
1738940702,267
1738940705,262
1738940709,261
1738940712,258
1738940715,262
1738940718,261
1738940721,349
1738940724,405
1738940727,408
1738940730,414
1738940733,398
1738940736,333
1738940739,265
1738940742,264
1738940745,263
1738940748,268
1738940751,256
1738940754,260
1738940757,271
1738940760,406
1738940763,425
1738940763,None
1738940770,332
1738940773,254
1738940776,261
1738940779,334
1738940782,564
1738940785,584
1738940788,508
1738940791,517
1738940794,568
1738940797,397
1738940800,283
1738940804,258
1738940807,384
1738940809,399
1738940813,260
1738940816,256
1738940819,254
1738940819,None
1738940825,258
1738940828,256
1738940831,389
1738940834,404
1738940834,None
1738940840,396
1738940843,384
1738940847,260
1738940849,253
1738940852,257
1738940855,260
1738940858,263
1738940861,262
1738940865,307
1738940867,308
1738940870,310
1738940874,391
1738940876,465
1738940880,453
1738940882,445
1738940886,429
1738940888,332
1738940892,306
1738940895,303
1738940898,307
1738940901,335
1738940904,444
1738940906,529
1738940910,588
1738940913,509
1738940916,435
1738940919,435
1738940922,544
1738940925,527
1738940928,408
1738940928,None
1738940934,484
1738940937,524
1738940940,395
1738940943,396
1738940946,532
1738940946,None
1738940952,401
1738940955,396
1738940959,525
1738940962,394
1738940965,329
1738940967,254
1738940971,250
1738940973,251
1738940976,254
1738940980,335
1738940983,409
1738940986,396
1738940989,405
1738940992,401
1738940995,279
1738940998,252
1738941001,251
1738941001,None
1738941007,265
1738941010,268
1738941014,266
1738941016,265
1738941019,265
1738941022,302
1738941026,448
1738941028,614
1738941028,None
1738941035,464
1738941038,541
1738941041,580
1738941044,373
1738941044,None
1738941050,285
1738941053,356
1738941056,346
1738941059,319
1738941062,204
1738941065,207
1738941068,204
1738941071,206
1738941075,205
1738941077,205
1738941080,211
1738941084,292
1738941086,364
1738941089,355
1738941092,347
1738941095,347
1738941099,322
1738941101,209
1738941104,221
1738941108,216
1738941111,212
1738941114,211
1738941117,207
1738941119,209
1738941122,213
1738941126,209
1738941129,290
1738941132,359
1738941135,354
1738941138,351
1738941141,345
1738941144,235
1738941147,206
1738941150,214
1738941153,210
1738941156,210
1738941159,288
1738941162,360
1738941165,315
1738941168,329
1738941171,354
1738941175,280
1738941177,213
1738941177,None
1738941183,211
1738941186,216
1738941189,210
1738941193,214
1738941196,209
1738941199,207
1738941202,211
1738941202,None
1738941208,354
1738941211,350
1738941214,340
1738941217,318
1738941220,204
1738941223,202
1738941226,208
1738941230,204
1738941232,434
1738941235,458
1738941238,457
1738941242,544
1738941244,527
1738941248,352
1738941250,323
1738941253,208
1738941257,210
1738941260,213
1738941263,214
1738941266,212
1738941268,296
1738941272,370
1738941275,354
1738941278,360
1738941281,328
1738941284,219
1738941287,213
1738941290,211
1738941293,217
1738941296,215
1738941299,294
1738941302,361
1738941305,362
1738941308,285
1738941311,286
1738941311,None
1738941317,217
1738941320,221
1738941323,210
1738941326,215
1738941330,216
1738941332,221
1738941336,212
1738941339,214
1738941342,337
1738941345,357
1738941348,369
1738941351,354
1738941354,278
1738941357,202
1738941357,None
1738941363,214
1738941363,None
1738941369,213
1738941372,357
1738941375,353
1738941378,361
1738941378,None
1738941385,227
1738941387,212
1738941390,214
1738941393,208
1738941397,445
1738941400,455
1738941403,462
1738941406,461
1738941409,481
1738941412,371
1738941415,427
1738941418,502
1738941418,None
1738941424,383
1738941427,370
1738941430,359
1738941434,368
1738941437,371
1738941440,357
1738941443,368
1738941446,502
1738941449,514
1738941451,505
1738941455,503
1738941458,489
1738941461,370
1738941464,366
1738941467,361
1738941470,368
1738941473,310
1738941473,None
1738941480,227
1738941482,248
1738941485,349
1738941488,363
1738941492,360
1738941494,355
1738941498,334
1738941501,220
1738941504,220
1738941507,221
1738941510,211
1738941510,None
1738941516,218
1738941519,219
1738941522,241
1738941525,370
1738941528,366
1738941531,355
1738941534,351
1738941534,None
1738941534,None
1738941543,220
1738941546,212
1738941550,219
1738941552,218
1738941555,217
1738941558,215
1738941562,209
1738941564,346
1738941567,360
1738941571,358
1738941574,352
1738941577,321
1738941580,219
1738941583,213
1738941586,201
1738941589,206
1738941592,208
1738941595,217
1738941598,235
1738941598,None
1738941604,352
1738941608,356
1738941610,357
1738941613,283
1738941617,206
1738941619,209
1738941622,224
1738941626,209
1738941628,212
1738941631,213
1738941635,211
1738941638,291
1738941641,355
1738941644,355
1738941647,356
1738941650,345
1738941653,280
1738941656,220
1738941659,203
1738941662,212
1738941665,210
1738941668,207
1738941671,214
1738941674,211
1738941677,205
1738941680,293
1738941684,358
1738941686,355
1738941690,229
1738941692,287
1738941695,277
1738941700,192
1738941701,198
1738941705,199
1738941708,329
1738941711,349
1738941714,277
1738941717,205
1738941720,280
1738941723,387
1738941726,532
1738941729,452
1738941732,467
1738941735,404
1738941738,207
1738941741,208
1738941744,280
1738941748,355
1738941750,408
1738941750,None
1738941756,570
1738941759,475
1738941762,449
1738941765,282
1738941765,None
1738941772,198
1738941775,197
1738941777,212
1738941781,200
1738941784,274
1738941787,359
1738941790,356
1738941793,339
1738941796,315
1738941800,202
1738941802,198
1738941805,196
1738941808,196
1738941811,204
1738941815,358
1738941817,346
1738941822,229
1738941824,207
1738941827,199
1738941831,195
1738941833,208
1738941836,202
1738941839,190
1738941842,274
1738941845,347
1738941848,335
1738941851,333
1738941854,218
1738941858,317
1738941861,219
1738941863,193
1738941867,191
1738941870,200
1738941873,198
1738941876,190
1738941879,228
1738941882,343
1738941885,346
1738941888,339
1738941891,264
1738941894,194
1738941897,193
1738941901,190
1738941903,190
1738941906,190
1738941909,213
1738941912,352
1738941915,354
1738941918,354
1738941921,315
1738941925,191
1738941928,206
1738941930,206
1738941933,203
1738941936,209
1738941940,216
1738941943,275
1738941946,300
1738941948,337
1738941952,467
1738941955,442
1738941958,447
1738941961,436
1738941964,355
1738941967,297
1738941970,293
1738941973,287
1738941976,284
1738941979,287
1738941982,280
1738941985,414
1738941988,430
1738941992,418
1738941994,394
1738941997,278
1738941997,None
1738942003,311
1738942006,321
1738942010,300
1738942013,295
1738942016,379
1738942019,443
1738942022,420
1738942022,None
1738942028,411
1738942031,293
1738942034,272
1738942037,276
1738942040,280
1738942043,275
1738942046,273
1738942046,None
1738942053,275
1738942056,409
1738942059,418
1738942062,412
1738942065,393
1738942068,287
1738942071,418
1738942074,432
1738942077,436
1738942080,435
1738942083,462
1738942087,592
1738942089,582
1738942092,593
1738942095,474
1738942098,462
1738942102,599
1738942104,725
1738942107,733
1738942110,744
1738942113,737
1738942116,671
1738942120,624
1738942123,757
1738942126,766
1738942129,697
1738942132,570
1738942135,499
1738942138,317
1738942141,315
1738942144,317
1738942147,322
1738942150,388
1738942153,444
1738942156,440
1738942159,430
1738942162,413
1738942165,312
1738942168,288
1738942171,298
1738942174,290
1738942177,297
1738942180,298
1738942183,295
1738942186,290
1738942190,438
1738942192,449
1738942195,438
1738942199,365
1738942201,372
1738942205,421
1738942207,294
1738942211,283
1738942214,369
1738942217,430
1738942220,424
1738942223,389
1738942226,283
1738942229,280
1738942232,276
1738942235,270
1738942238,277
1738942241,283
1738942244,279
1738942247,283
1738942250,277
1738942253,417
1738942256,442
1738942259,435
1738942263,384
1738942266,307
1738942268,308
1738942268,None
1738942275,398
1738942278,320
1738942281,319
1738942284,312
1738942287,295
1738942290,298
1738942294,297
1738942296,288
1738942299,288
1738942302,295
1738942305,287
1738942308,289
1738942312,294
1738942315,299
1738942318,285
1738942321,294
1738942323,287
1738942327,290
1738942330,291
1738942333,286
1738942336,286
1738942339,286
1738942342,285
1738942345,283
1738942348,288
1738942351,282
1738942354,292
1738942357,290
1738942360,280
1738942363,283
1738942366,289
1738942369,284
1738942372,285
1738942375,280
1738942378,287
1738942382,280
1738942384,290
1738942388,288
1738942390,283
1738942394,292
1738942396,283
1738942400,281
1738942403,285
1738942405,288
1738942409,282
1738942412,289
1738942415,281
1738942418,284
1738942421,292
1738942424,277
1738942427,289
1738942430,285
1738942433,283
1738942437,289
1738942439,288
1738942442,287
1738942445,290
1738942449,279
1738942451,287
1738942455,282
1738942457,286
1738942460,469
1738942463,543
1738942467,548
1738942469,547
1738942473,547
1738942473,None
1738942479,282
1738942482,279
1738942485,280
1738942488,417
1738942491,537
1738942494,535
1738942497,534
1738942500,542
1738942503,362
1738942506,282
1738942509,283
1738942512,283
1738942515,284
1738942518,279
1738942521,278
1738942525,284
1738942528,273
1738942530,286
1738942534,280
1738942537,273
1738942540,283
1738942543,283
1738942546,282
1738942549,277
1738942552,284
1738942555,283
1738942558,274
1738942561,285
1738942564,286
1738942567,274
1738942571,287
1738942574,280
1738942574,None
1738942574,None
1738942582,296
1738942585,289
1738942588,288
1738942592,283
1738942594,289
1738942594,None
1738942601,288
1738942604,283
1738942607,280
1738942610,290
1738942613,287
1738942616,286
1738942619,290
1738942622,285
1738942625,288
1738942628,290
1738942631,288
1738942634,258
1738942637,260
1738942641,275
1738942643,266
1738942647,264
1738942650,270
1738942653,271
1738942655,269
1738942659,277
1738942662,263
1738942665,265
1738942665,None
1738942671,271
1738942674,262
1738942677,274
1738942680,273
1738942683,270
1738942686,389
1738942689,619
1738942692,1414
1738942695,1420
1738942698,1425
1738942701,1422
1738942704,1414
1738942708,1426
1738942710,1422
1738942714,1410
1738942717,1425
1738942719,1420
1738942723,1415
1738942725,1423
1738942725,None
1738942732,1413
1738942735,1413
1738942738,1419
1738942741,1414
1738942744,1410
1738942747,1322
1738942750,1266
1738942753,1255
1738942756,1267
1738942759,1266
1738942762,1261
1738942765,1268
1738942768,1256
1738942771,1262
1738942774,1264
1738942777,1261
1738942780,1263
1738942783,1256
1738942786,1252
1738942790,1274
1738942793,1266
1738942796,1265
1738942799,1261
1738942802,1274
1738942802,None
1738942808,1262
1738942811,1268
1738942814,1271
1738942818,1266
1738942820,1257
1738942823,1265
1738942826,800
1738942829,262
1738942832,266
1738942836,263
1738942839,265
1738942842,260
1738942845,252
1738942848,252
1738942850,247
1738942854,258
1738942857,245
1738942860,253
1738942860,None
1738942866,249
1738942869,248
1738942872,246
1738942875,249
1738942878,249
1738942881,242
1738942881,None
1738942881,None
1738942891,513
1738942893,517
1738942897,508
1738942899,517
1738942903,339
1738942905,256
1738942908,257
1738942912,249
1738942915,262
1738942917,256
1738942921,249
1738942924,242
1738942927,293
1738942930,504
1738942933,495
1738942936,492
1738942939,490
1738942942,276
1738942945,242
1738942948,229
1738942951,245
1738942954,242
1738942957,240
1738942961,243
1738942963,244
1738942966,239
1738942969,235
1738942969,None
1738942969,None
1738942979,241
1738942981,251
1738942981,None
1738942988,239
1738942991,250
1738942993,245
1738942997,241
1738943000,251
1738943003,245
1738943006,246
1738943009,248
1738943012,251
1738943015,237
1738943018,248
1738943021,242
1738943024,243
1738943027,244
1738943031,238
1738943033,242
1738943036,240
1738943039,243
1738943042,239
1738943042,None
1738943048,247
1738943052,251
1738943054,242
1738943057,252
1738943061,249
1738943064,242
1738943067,254
1738943070,245
1738943073,243
1738943076,248
1738943079,245
1738943082,248
1738943085,275
1738943088,271
1738943091,256
1738943095,280
1738943095,None
1738943101,262
1738943103,280
1738943107,269
1738943110,265
1738943113,266
1738943116,268
1738943119,259
1738943122,262
1738943125,263
1738943128,263
1738943131,266
1738943134,267
1738943137,263
1738943137,None
1738943143,260
1738943146,262
1738943149,261
1738943152,389
1738943155,530
1738943155,None
1738943161,519
1738943165,358
1738943168,256
1738943168,None
1738943173,264
1738943177,267
1738943180,257
1738943182,256
1738943186,234
1738943189,239
1738943192,233
1738943195,239
1738943198,260
1738943201,261
1738943204,266
1738943208,257
1738943210,264
1738943213,257
1738943216,261
1738943219,262
1738943223,265
1738943225,263
1738943225,None
1738943232,338
1738943235,310
1738943238,323
1738943241,320
1738943244,342
1738943244,None
1738943250,348
1738943253,359
1738943256,356
1738943259,347
1738943259,None
1738943265,349
1738943268,342
1738943271,344
1738943274,352
1738943277,341
1738943280,337
1738943283,353
1738943286,349
1738943289,339
1738943292,353
1738943295,348
1738943299,346
1738943299,None
1738943305,347
1738943308,347
1738943311,347
1738943314,346
1738943317,352
1738943320,357
1738943323,344
1738943326,344
1738943329,345
1738943332,339
1738943335,351
1738943338,602
1738943341,603
1738943344,603
1738943347,603
1738943350,339
1738943353,344
1738943357,342
1738943360,340
1738943362,345
1738943366,341
1738943368,336
1738943372,352
1738943375,337
1738943378,340
1738943381,347
1738943383,344
1738943387,346
1738943390,344
1738943390,None
1738943396,346
1738943399,349
1738943402,341
1738943405,351
1738943408,345
1738943411,346
1738943414,352
1738943417,348
1738943420,359
1738943424,345
1738943427,354
1738943429,348
1738943433,353
1738943435,348
1738943439,353
1738943441,350
1738943445,350
1738943448,345
1738943451,353
1738943454,352
1738943457,345
1738943460,354
1738943463,349
1738943466,470
1738943469,503
1738943472,489
1738943475,479
1738943479,423
1738943481,402
1738943485,407
1738943488,407
1738943490,397
1738943494,404
1738943497,400
1738943500,395
1738943503,403
1738943506,393
1738943509,492
1738943512,662
1738943515,655
1738943518,661
1738943521,541
1738943524,243
1738943528,246
1738943530,240
1738943533,242
1738943536,249
1738943540,238
1738943542,251
1738943546,247
1738943548,244
1738943552,248
1738943555,244
1738943558,248
1738943561,250
1738943564,252
1738943567,246
1738943570,255
1738943573,244
1738943576,247
1738943579,247
1738943582,247
1738943585,251
1738943588,248
1738943591,251
1738943594,250
1738943597,243
1738943601,253
1738943603,247
1738943606,251
1738943609,250
1738943613,252
1738943615,262
1738943619,255
1738943622,261
1738943624,261
1738943627,254
1738943631,258
1738943634,255
1738943637,256
1738943637,None
1738943643,254
1738943646,263
1738943649,254
1738943652,258
1738943655,262
1738943658,253
1738943661,260
1738943664,257
1738943668,259
1738943670,257
1738943673,257
1738943676,247
1738943679,250
1738943682,254
1738943686,248
1738943689,251
1738943692,252
1738943695,250
1738943698,249
1738943701,251
1738943704,253
1738943707,250
1738943710,249
1738943713,251
1738943716,256
1738943719,340
1738943722,506
1738943725,516
1738943728,508
1738943731,440
1738943731,None
1738943738,258
1738943740,262
1738943743,256
1738943747,260
1738943749,266
1738943753,267
1738943756,256
1738943759,254
1738943762,267
1738943762,None
1738943768,261
1738943771,259
1738943774,258
1738943777,262
1738943780,261
1738943783,256
1738943786,261
1738943789,256
1738943792,253
1738943795,259
1738943798,266
1738943801,257
1738943804,248
1738943808,257
1738943810,265
1738943814,259
1738943817,261
1738943820,255
1738943823,256
1738943825,258
1738943829,265
1738943832,258
1738943835,265
1738943838,253
1738943841,261
1738943844,265
1738943847,266
1738943850,258
1738943853,250
1738943856,267
1738943859,261
1738943862,256
1738943865,254
1738943868,267
1738943872,257
1738943874,257
1738943877,259
1738943880,261
1738943884,257
1738943884,None
1738943890,263
1738943893,264
1738943896,258
1738943899,265
1738943902,254
1738943905,261
1738943905,None
1738943911,257
1738943914,258
1738943917,256
1738943920,261
1738943923,258
1738943926,258
1738943926,None
1738943932,259
1738943935,257
1738943938,260
1738943942,256
1738943945,526
1738943948,522
1738943950,524
1738943954,523
1738943957,270
1738943957,None
1738943963,254
1738943967,266
1738943969,259
1738943972,260
1738943975,259
1738943979,256
1738943981,262
1738943984,259
1738943987,265
1738943991,254
1738943993,261
1738943997,258
1738944000,262
1738944003,254
1738944005,252
1738944008,259
1738944012,267
1738944015,276
1738944018,263
1738944021,257
1738944024,260
1738944027,260
1738944030,252
1738944033,256
1738944036,262
1738944039,287
1738944042,291
1738944045,281
1738944048,276
1738944052,279
1738944054,279
1738944057,278
1738944060,285
1738944064,280
1738944066,282
1738944070,274
1738944073,285
1738944076,288
1738944079,264
1738944082,257
1738944085,257
1738944088,256
1738944091,255
1738944094,260
1738944097,258
1738944100,253
1738944103,489
1738944106,524
1738944109,515
1738944112,515
1738944116,311
1738944116,None
1738944122,262
1738944124,268
1738944128,258
1738944131,257
1738944134,258
1738944137,255
1738944140,264
1738944143,254
1738944145,252
1738944149,263
1738944152,258
1738944152,None
1738944158,251
1738944161,253
1738944164,264
1738944167,263
1738944170,258
1738944173,264
1738944176,259
1738944180,263
1738944183,264
1738944185,266
1738944188,255
1738944192,261
1738944192,None
1738944198,263
1738944200,261
1738944204,263
1738944207,258
1738944209,261
1738944213,253
1738944216,262
1738944219,257
1738944222,266
1738944225,259
1738944228,252
1738944231,251
1738944235,268
1738944237,266
1738944240,258
1738944244,261
1738944246,253
1738944250,260
1738944250,None
1738944256,261
1738944259,262
1738944262,261
1738944265,256
1738944267,265
1738944271,260
1738944274,261
1738944274,None
1738944280,270
1738944283,265
1738944286,256
1738944286,None
1738944292,262
1738944295,258
1738944298,262
1738944301,266
1738944304,257
1738944308,267
1738944311,264
1738944313,262
1738944317,261
1738944320,262
1738944323,264
1738944326,285
1738944326,None
1738944332,409
1738944335,420
1738944335,None
1738944341,414
1738944344,424
1738944347,415
1738944350,421
1738944353,410
1738944356,376
1738944359,462
1738944362,612
1738944365,614
1738944368,620
1738944371,617
1738944375,395
1738944378,356
1738944380,355
1738944384,211
1738944387,193
1738944389,198
1738944393,211
1738944396,202
1738944399,244
1738944402,251
1738944405,250
1738944408,253
1738944411,249
1738944414,247
1738944417,249
1738944420,247
1738944423,251
1738944426,251
1738944429,248
1738944432,251
1738944435,244
1738944438,241
1738944442,241
1738944445,228
1738944445,None
1738944451,231
1738944453,223
1738944457,216
1738944460,219
1738944463,207
1738944466,205
1738944469,200
1738944472,197
1738944475,199
1738944478,198
1738944478,None
1738944484,194
1738944488,197
1738944490,195
1738944494,191
1738944496,195
1738944499,196
1738944503,194
1738944506,391
1738944509,459
1738944511,455
1738944515,455
1738944517,371
1738944521,199
1738944524,193
1738944527,193
1738944530,202
1738944533,195
1738944536,195
1738944539,192
1738944542,202
1738944546,199
1738944548,191
1738944551,201
1738944554,195
1738944558,198
1738944561,198
1738944563,195
1738944566,203
1738944570,207
1738944573,195
1738944576,211
1738944579,206
1738944582,203
1738944585,206
1738944588,208
1738944591,207
1738944591,None
1738944598,208
1738944600,211
1738944603,206
1738944606,210
1738944609,208
1738944609,None
1738944615,205
1738944615,None
1738944622,209
1738944625,204
1738944628,207
1738944631,202
1738944634,206
1738944637,205
1738944640,205
1738944643,199
1738944646,208
1738944649,195
1738944652,202
1738944655,203
1738944658,207
1738944661,199
1738944664,205
1738944667,199
1738944670,198
1738944673,202
1738944676,199
1738944680,189
1738944683,193
1738944685,196
1738944689,199
1738944692,206
1738944695,191
1738944698,199
1738944701,205
1738944704,194
1738944704,None
1738944710,210
1738944713,201
1738944716,194
1738944719,205
1738944722,204
1738944725,203
1738944728,207
1738944731,204
1738944734,201
1738944737,204
1738944740,193
1738944740,None
1738944747,207
1738944750,195
1738944753,195
1738944755,205
1738944758,205
1738944761,198
1738944764,200
1738944767,206
1738944771,201
1738944774,202
1738944776,201
1738944779,202
1738944783,207
1738944786,208
1738944789,208
1738944792,191
1738944795,196
1738944798,202
1738944801,209
1738944801,None
1738944807,198
1738944810,191
1738944813,199
1738944816,205
1738944819,202
1738944822,202
1738944826,199
1738944829,321
1738944831,460
1738944835,451
1738944837,452
1738944840,369
1738944844,201
1738944847,202
1738944850,205
1738944853,195
1738944856,208
1738944859,203
1738944862,200
1738944865,211
1738944868,202
1738944871,202
1738944874,208
1738944878,408
1738944880,448
1738944884,451
1738944887,453
1738944890,298
1738944893,207
1738944896,205
1738944899,195
1738944902,211
1738944905,193
1738944908,189
1738944911,203
1738944914,200
1738944917,190
1738944917,None
1738944923,187
1738944926,185
1738944929,194
1738944932,189
1738944935,192
1738944938,183
1738944941,174
1738944944,194
1738944947,197
1738944950,191
1738944954,193
1738944957,188
1738944959,217
1738944959,None
1738944965,218
1738944969,211
1738944971,222
1738944975,224
1738944977,215
1738944981,222
1738944984,217
1738944987,209
1738944990,239
1738944993,237
1738944996,228
1738944999,227
1738945002,226
1738945005,224
1738945008,215
1738945011,218
1738945011,None
1738945017,203
1738945020,202
1738945023,200
1738945027,189
1738945030,185
1738945032,199
1738945036,189
1738945039,194
1738945042,189
1738945045,180
1738945048,188
1738945052,195
1738945054,191
1738945054,None
1738945060,186
1738945063,196
1738945066,201
1738945070,185
1738945073,183
1738945076,189
1738945079,189
1738945081,194
1738945084,194
1738945088,190
1738945090,193
1738945093,188
1738945097,183
1738945100,191
1738945100,None
1738945106,202
1738945109,211
1738945109,None
1738945115,214
1738945118,230
1738945121,231
1738945124,224
1738945127,226
1738945130,230
1738945133,226
1738945136,232
1738945139,221
1738945143,232
1738945146,376
1738945148,374
1738945151,379
1738945151,None
1738945158,375
1738945161,379
1738945164,372
1738945167,374
1738945170,384
1738945173,378
1738945176,383
1738945179,384
1738945182,376
1738945185,455
1738945188,476
1738945191,474
1738945195,482
1738945195,None
1738945200,386
1738945203,327
1738945206,526
1738945210,592
1738945212,587
1738945216,574
1738945219,327
1738945219,None
1738945225,315
1738945228,310
1738945231,305
1738945234,307
1738945237,303
1738945240,300
1738945243,298
1738945246,298
1738945249,300
1738945252,296
1738945252,None
1738945258,303
1738945261,289
1738945264,306
1738945267,300
1738945271,297
1738945274,299
1738945277,294
1738945277,None
1738945283,293
1738945286,302
1738945289,289
1738945292,290
1738945295,339
1738945298,548
1738945301,547
1738945304,541
1738945307,549
1738945310,445
1738945313,298
1738945316,296
1738945319,290
1738945323,297
1738945325,294
1738945328,290
1738945328,None
1738945334,303
1738945338,303
1738945341,306
1738945344,296
1738945347,304
1738945350,303
1738945353,302
1738945356,304
1738945359,292
1738945362,296
1738945365,305
1738945368,305
1738945368,None
1738945375,303
1738945378,302
1738945381,295
1738945384,295
1738945386,301
1738945390,335
1738945393,365
1738945396,357
1738945399,348
1738945399,None
1738945405,344
1738945408,349
1738945411,330
1738945414,319
1738945417,308
1738945420,300
1738945424,293
1738945426,299
1738945429,296
1738945432,303
1738945435,301
1738945438,296
1738945441,303
1738945444,299
1738945447,291
1738945450,302
1738945454,291
1738945456,299
1738945460,293
1738945463,296
1738945466,300
1738945469,292
1738945472,296
1738945475,296
1738945478,297
1738945481,286
1738945484,298
1738945487,298
1738945490,296
1738945490,None
1738945497,285
1738945500,280
1738945502,273
1738945502,None
1738945509,281
1738945512,278
1738945515,275
1738945515,None
1738945521,274
1738945524,280
1738945527,274
1738945530,284
1738945533,272
1738945536,277
1738945540,280
1738945542,279
1738945545,271
1738945548,272
1738945552,283
1738945554,273
1738945558,273
1738945558,None
1738945564,275
1738945567,274
1738945567,None
1738945573,277
1738945573,None
1738945579,275
1738945582,275
1738945585,282
1738945585,None
1738945591,275
1738945594,277
1738945597,275
1738945601,273
1738945603,280
1738945606,279
1738945610,275
1738945612,272
1738945615,280
1738945619,279
1738945622,276
1738945625,277
1738945628,378
1738945631,541
1738945634,536
1738945637,536
1738945640,536
1738945643,293
1738945646,272
1738945649,281
1738945652,275
1738945655,276
1738945658,271
1738945662,282
1738945662,None
1738945668,281
1738945671,272
1738945674,280
1738945677,275
1738945680,279
1738945683,279
1738945686,275
1738945689,276
1738945692,273
1738945695,276
1738945698,274
1738945702,276
1738945704,272
1738945708,275
1738945710,271
1738945714,279
1738945716,275
1738945716,None
1738945722,271
1738945725,277
1738945729,287
1738945732,465
1738945735,525
1738945738,532
1738945741,528
1738945744,533
1738945747,292
1738945750,264
1738945753,276
1738945756,276
1738945759,266
1738945762,278
1738945765,279
1738945768,273
1738945771,272
1738945774,275
1738945777,274
1738945780,275
1738945783,281
1738945786,267
1738945789,274
1738945792,274
1738945796,278
1738945799,268
1738945801,272
1738945805,280
1738945805,None
1738945811,274
1738945814,276
1738945817,280
1738945820,275
1738945823,265
1738945823,None
1738945829,280
1738945832,272
1738945835,272
1738945838,285
1738945838,None
1738945844,278
1738945847,272
1738945850,276
1738945854,269
1738945857,270
1738945859,275
1738945863,279
1738945866,276
1738945870,278
1738945872,280
1738945872,None
1738945878,271
1738945878,None
1738945884,271
1738945887,279
1738945891,270
1738945894,277
1738945896,283
1738945899,280
1738945902,272
1738945906,273
1738945908,274
1738945911,275
1738945915,273
1738945918,274
1738945921,272
1738945924,273
1738945927,269
1738945930,270
1738945933,278
1738945936,278
1738945939,271
1738945942,275
1738945945,270
1738945948,276
1738945951,279
1738945954,279
1738945957,271
1738945960,267
1738945963,271
1738945967,267
1738945969,267
1738945973,267
1738945975,269
1738945979,267
1738945982,272
1738945984,278
1738945987,268
1738945991,275
1738945994,276
1738945997,265
1738946000,280
1738946003,280
1738946006,268
1738946009,280
1738946012,283
1738946015,273
1738946019,272
1738946021,279
1738946024,273
1738946027,275
1738946030,274
1738946033,271
1738946037,271
1738946040,271
1738946043,276
1738946046,277
1738946049,272
1738946052,270
1738946055,272
1738946058,275
1738946061,269
1738946061,None
1738946067,272
1738946070,261
1738946074,275
1738946076,272
1738946079,263
1738946082,277
1738946085,273
1738946088,264
1738946091,277
1738946094,274
1738946097,263
1738946101,418
1738946104,424
1738946107,413
1738946110,427
1738946113,419
1738946115,416
1738946118,631
1738946122,686
1738946125,684
1738946128,635
1738946131,420
1738946134,426
1738946137,420
1738946140,421
1738946143,426
1738946146,420
1738946149,417
1738946152,418
1738946155,361
1738946159,276
1738946161,704
1738946164,1419
1738946167,1405
1738946170,1408
1738946170,None
1738946177,1399
1738946180,1407
1738946180,None
1738946186,1410
1738946189,1400
1738946192,1410
1738946195,1397
1738946198,1410
1738946201,1398
1738946204,1403
1738946207,1395
1738946207,None
1738946213,1487
1738946216,1669
1738946219,1669
1738946222,1664
1738946225,1631
1738946228,1397
1738946231,1405
1738946234,1391
1738946234,None
1738946240,1395
1738946244,1391
1738946246,1403
1738946249,1394
1738946253,1395
1738946255,1403
1738946258,1393
1738946262,1393
1738946265,1400
1738946268,1396
1738946271,1396
1738946274,1399
1738946277,1401
1738946280,1392
1738946283,1401
1738946286,1400
1738946289,1397
1738946292,1407
1738946295,1400
1738946298,1408
1738946301,1398
1738946305,1405
1738946307,1402
1738946310,1401
1738946314,1408
1738946317,1404
1738946319,1403
1738946323,1406
1738946326,1405
1738946329,1405
1738946332,1408
1738946335,1397
1738946338,1403
1738946341,1398
1738946344,1400
1738946347,1398
1738946350,1404
1738946353,1398
1738946356,1404
1738946359,1403
1738946362,1404
1738946365,1403
1738946369,1407
1738946371,1401
1738946374,1398
1738946378,1398
1738946381,1391
1738946384,1399
1738946387,1403
1738946390,1284
1738946393,320
1738946396,320
1738946396,None
1738946402,310
1738946405,323
1738946408,312
1738946411,316
1738946414,316
1738946417,309
1738946420,327
1738946423,311
1738946427,320
1738946429,308
1738946433,303
1738946435,319
1738946438,316
1738946441,309
1738946445,315
1738946448,321
1738946451,309
1738946454,315
1738946457,312
1738946460,317
1738946460,None
1738946466,314
1738946469,320
1738946469,None
1738946475,317
1738946478,308
1738946481,303
1738946485,315
1738946488,308
1738946490,307
1738946493,312
1738946496,307
1738946499,301
1738946502,317
1738946506,299
1738946509,303
1738946512,304
1738946514,301
1738946518,310
1738946520,345
1738946524,560
1738946527,585
1738946530,566
1738946533,357
1738946536,307
1738946539,309
1738946542,308
1738946545,307
1738946548,314
1738946551,311
1738946554,318
1738946557,317
1738946560,314
1738946563,314
1738946567,314
1738946570,316
1738946570,None
1738946576,293
1738946576,None
1738946582,313
1738946582,None
1738946588,929
1738946591,1671
1738946594,1663
1738946594,None
1738946600,1665
1738946603,1440
1738946606,796
1738946609,314
1738946612,311
1738946615,315
1738946618,319
1738946621,313
1738946624,308
1738946627,319
1738946630,317
1738946630,None
1738946636,319
1738946639,313
1738946643,307
1738946645,316
1738946645,None
1738946652,309
1738946652,None
1738946658,259
1738946661,265
1738946664,257
1738946667,264
1738946670,260
1738946673,261
1738946676,266
1738946679,251
1738946682,264
1738946685,256
1738946688,267
1738946691,258
1738946695,265
1738946697,261
1738946700,263
1738946703,259
1738946703,None
1738946710,264
1738946712,261
1738946715,260
1738946719,264
1738946719,None
1738946725,265
1738946728,259
1738946731,268
1738946734,260
1738946737,262
1738946740,268
1738946743,265
1738946746,255
1738946749,266
1738946752,261
1738946755,260
1738946758,259
1738946762,259
1738946764,254
1738946767,248
1738946771,246
1738946774,254
1738946776,255
1738946776,None
1738946782,253
1738946786,264
1738946788,259
1738946792,250
1738946795,257
1738946798,254
1738946801,259
1738946804,254
1738946807,254
1738946810,256
1738946813,256
1738946816,254
1738946819,255
1738946822,253
1738946825,260
1738946828,253
1738946831,258
1738946834,252
1738946837,252
1738946840,255
1738946843,250
1738946846,254
1738946850,250
1738946852,254
1738946855,256
1738946858,258
1738946861,251
1738946864,260
1738946868,248
1738946871,257
1738946874,253
1738946877,252
1738946880,256
1738946883,254
1738946886,265
1738946889,254
1738946892,256
1738946892,None
1738946892,None
1738946901,260
1738946904,261
1738946907,251
1738946911,255
1738946913,266
1738946916,515
1738946920,524
1738946923,519
1738946925,519
1738946929,297
1738946932,253
1738946934,257
1738946937,256
1738946941,254
1738946944,257
1738946947,254
1738946950,252
1738946953,249
1738946956,261
1738946959,254
1738946963,255
1738946965,263
1738946968,255
1738946968,None
1738946974,263
1738946977,251
1738946980,253
1738946980,None
1738946986,257
1738946990,251
1738946992,255
1738946995,260
1738946999,251
1738947002,258
1738947005,379
1738947008,401
1738947011,411
1738947014,411
1738947017,642
1738947020,667
1738947023,666
1738947026,666
1738947029,583
1738947032,409
1738947035,416
1738947038,424
1738947041,411
1738947045,413
1738947047,415
1738947047,None
1738947047,None
1738947056,416
1738947059,360
1738947059,None
1738947066,262
1738947069,270
1738947071,267
1738947071,None
1738947078,266
1738947081,255
1738947083,264
1738947087,264
1738947090,254
1738947093,270
1738947096,268
1738947099,259
1738947102,262
1738947105,266
1738947108,261
1738947112,265
1738947114,264
1738947117,268
1738947120,259
1738947123,264
1738947126,267
1738947130,258
1738947130,None
1738947136,259
1738947136,None
1738947142,258
1738947145,266
1738947148,257
1738947151,263
1738947154,258
1738947157,263
1738947160,260
1738947163,267
1738947166,265
1738947169,264
1738947172,257
1738947175,264
1738947178,256
1738947181,267
1738947184,262
1738947187,264
1738947190,257
1738947193,269
1738947197,257
1738947200,264
1738947202,266
1738947206,261
1738947209,262
1738947212,262
1738947215,264
1738947218,256
1738947223,263
1738947225,264
1738947227,252
1738947231,258
1738947233,264
1738947236,255
1738947240,263
1738947243,263
1738947246,255
1738947249,271
1738947252,264
1738947255,254
1738947258,270
1738947261,260
1738947264,260
1738947267,260
1738947270,262
1738947270,None
1738947276,264
1738947280,258
1738947282,260
1738947285,266
1738947288,259
1738947292,269
1738947295,255
1738947298,271
1738947301,261
1738947303,256
1738947307,266
1738947310,260
1738947313,266
1738947316,261
1738947319,261
1738947322,263
1738947325,262
1738947328,256
1738947331,262
1738947334,259
1738947337,258
1738947341,266
1738947344,253
1738947346,267
1738947349,254
1738947352,265
1738947355,256
1738947358,265
1738947361,472
1738947365,530
1738947368,522
1738947371,313
1738947374,261
1738947377,259
1738947380,259
1738947383,259
1738947386,264
1738947389,257
1738947392,265
1738947395,258
1738947398,255
1738947401,268
1738947404,260
1738947408,258
1738947410,266
1738947410,None
1738947410,None
1738947420,267
1738947423,263
1738947426,260
1738947429,258
1738947432,263
1738947435,262
1738947437,391
1738947441,517
1738947444,522
1738947447,520
1738947450,378
1738947453,265
1738947456,261
1738947459,256
1738947462,269
1738947465,261
1738947468,256
1738947471,261
1738947474,263
1738947477,254
1738947480,264
1738947484,262
1738947486,259
1738947489,263
1738947492,258
1738947495,265
1738947499,259
1738947502,258
1738947505,262
1738947508,258
1738947511,261
1738947514,255
1738947516,261
1738947520,255
1738947523,260
1738947526,263
1738947529,257
1738947532,262
1738947535,257
1738947535,None
1738947541,254
1738947544,265
1738947547,255
1738947550,258
1738947554,260
1738947557,255
1738947560,260
1738947563,247
1738947566,249
1738947569,254
1738947572,251
1738947575,249
1738947578,256
1738947578,None
1738947584,258
1738947587,247
1738947590,249
1738947593,259
1738947596,255
1738947599,247
1738947603,259
1738947606,248
1738947608,250
1738947611,256
1738947615,254
1738947617,255
1738947620,255
1738947625,258
1738947626,257
1738947630,253
1738947633,255
1738947636,258
1738947639,258
1738947642,253
1738947645,257
1738947648,258
1738947651,259
1738947654,255
1738947654,None
1738947660,258
1738947663,248
1738947666,264
1738947669,250
1738947672,259
1738947675,261
1738947679,253
1738947682,256
1738947685,215
1738947688,199
1738947691,197
1738947691,None
1738947691,None
1738947700,200
1738947703,189
1738947706,191
1738947709,204
1738947712,196
1738947716,191
1738947718,200
1738947721,195
1738947724,194
1738947727,201
1738947731,214
1738947733,396
1738947736,464
1738947740,464
1738947743,227
1738947743,None
1738947749,195
1738947752,196
1738947755,202
1738947758,194
1738947761,206
1738947764,193
1738947767,199
1738947770,192
1738947773,195
1738947776,192
1738947779,269
1738947782,458
1738947785,458
1738947789,465
1738947791,398
1738947794,227
1738947797,203
1738947800,207
1738947804,201
1738947806,204
1738947810,207
1738947813,203
1738947816,204
1738947819,197
1738947822,207
1738947825,198
1738947828,199
1738947831,208
1738947834,202
1738947837,199
1738947840,195
1738947843,197
1738947846,200
1738947849,195
1738947853,189
1738947856,195
1738947858,202
1738947862,193
1738947864,196
1738947868,182
1738947871,198
1738947873,199
1738947877,194
1738947880,194
1738947883,199
1738947886,197
1738947889,193
1738947892,197
1738947895,198
1738947898,197
1738947901,197
1738947904,202
1738947907,186
1738947910,201
1738947914,192
1738947916,197
1738947919,195
1738947922,195
1738947926,197
1738947928,195
1738947932,196
1738947935,198
1738947935,None
1738947941,196
1738947941,None
1738947947,193
1738947950,196
1738947950,None
1738947956,200
1738947959,192
1738947962,199
1738947965,192
1738947968,195
1738947971,198
1738947975,191
1738947977,193
1738947977,None
1738947983,194
1738947986,200
1738947989,195
1738947993,199
1738947995,197
1738947999,189
1738948001,201
1738948005,190
1738948008,202
1738948011,190
1738948014,196
1738948017,195
1738948020,197
1738948023,199
1738948026,193
1738948030,195
1738948030,None
1738948035,197
1738948038,197
1738948041,199
1738948045,200
1738948047,191
1738948050,199
1738948053,193
1738948056,201
1738948059,192
1738948062,201
1738948065,191
1738948068,198
1738948072,230
1738948075,354
1738948078,348
1738948081,354
1738948084,594
1738948087,616
1738948090,617
1738948093,587
1738948096,346
1738948099,354
1738948102,344
1738948105,355
1738948108,346
1738948111,352
1738948115,348
1738948117,344
1738948120,342
1738948123,341
1738948127,343
1738948130,347
1738948132,343
1738948136,327
1738948136,None
1738948142,197
1738948145,197
1738948148,187
1738948151,198
1738948154,192
1738948157,198
1738948160,198
1738948163,190
1738948166,195
1738948166,None
1738948172,196
1738948175,197
1738948178,192
1738948181,194
1738948185,192
1738948187,197
1738948191,191
1738948194,198
1738948196,191
1738948199,198
1738948203,197
1738948206,197
1738948208,191
1738948212,196
1738948215,186
1738948218,184
1738948221,184
1738948221,None
1738948227,184
1738948230,419
1738948233,442
1738948236,442
1738948239,441
1738948239,None
1738948245,186
1738948248,191
1738948252,179
1738948255,191
1738948258,184
1738948260,180
1738948264,192
1738948267,181
1738948270,188
1738948270,None
1738948276,184
1738948279,187
1738948282,187
1738948285,189
1738948285,None
1738948291,186
1738948294,182
1738948297,191
1738948300,181
1738948303,189
1738948306,186
1738948309,183
1738948312,188
1738948315,182
1738948318,191
1738948321,180
1738948325,192
1738948328,185
1738948330,189
1738948333,182
1738948337,189
1738948340,187
1738948343,187
1738948346,187
1738948349,188
1738948352,184
1738948355,188
1738948358,188
1738948361,177
1738948361,None
1738948367,190
1738948370,184
1738948373,184
1738948377,193
1738948379,185
1738948383,183
1738948386,185
1738948388,188
1738948392,184
1738948395,191
1738948397,176
1738948401,181
1738948401,None
1738948407,186
1738948410,184
1738948413,180
1738948416,189
1738948420,188
1738948422,184
1738948425,182
1738948425,None
1738948425,None
1738948434,186
1738948438,185
1738948441,184
1738948444,184
1738948447,184
1738948449,190
1738948453,185
1738948456,195
1738948459,186
1738948462,193
1738948465,184
1738948468,190
1738948471,182
1738948474,189
1738948477,183
1738948480,191
1738948483,185
1738948486,182
1738948489,189
1738948492,203
1738948492,None
1738948499,439
1738948501,435
1738948505,364
1738948507,179
1738948511,182
1738948514,182
1738948517,188
1738948520,203
1738948523,257
1738948526,288
1738948529,299
1738948533,295
1738948533,None
1738948538,282
1738948541,289
1738948544,287
1738948547,278
1738948551,290
1738948554,286
1738948556,296
1738948559,287
1738948559,None
1738948566,272
1738948569,275
1738948572,270
1738948575,261
1738948578,265
1738948581,268
1738948584,264
1738948587,261
1738948591,259
1738948593,259
1738948596,247
1738948599,261
1738948602,249
1738948606,410
1738948608,499
1738948612,504
1738948615,509
1738948618,505
1738948621,501
1738948624,394
1738948627,252
1738948630,249
1738948633,254
1738948636,255
1738948639,254
1738948642,250
1738948645,256
1738948645,None
1738948651,255
1738948654,252
1738948657,254
1738948660,253
1738948663,250
1738948666,245
1738948670,257
1738948670,None
1738948676,248
1738948679,250
1738948682,248
1738948685,254
1738948687,250
1738948687,None
1738948687,None
1738948697,255
1738948699,244
1738948703,257
1738948706,245
1738948709,256
1738948712,251
1738948715,246
1738948718,252
1738948721,248
1738948724,255
1738948727,249
1738948730,250
1738948733,254
1738948736,248
1738948739,254
1738948742,250
1738948746,255
1738948749,251
1738948751,247
1738948751,None
1738948759,246
1738948761,254
1738948764,249
1738948767,249
1738948770,251
1738948773,247
1738948776,252
1738948779,253
1738948783,243
1738948785,254
1738948788,247
1738948791,251
1738948794,250
1738948797,248
1738948800,250
1738948803,243
1738948806,251
1738948809,250
1738948813,250
1738948816,251
1738948818,251
1738948821,254
1738948825,243
1738948828,255
1738948831,246
1738948834,254
1738948837,244
1738948840,253
1738948843,250
1738948846,246
1738948849,253
1738948853,249
1738948855,248
1738948859,253
1738948862,250
1738948864,252
1738948867,247
1738948871,251
1738948874,248
1738948877,247
1738948880,256
1738948883,251
1738948886,246
1738948889,252
1738948892,251
1738948895,245
1738948899,251
1738948901,252
1738948905,251
1738948907,396
1738948910,505
1738948914,505
1738948918,422
1738948919,371
1738948923,391
1738948926,399
1738948929,394
1738948932,393
1738948935,398
1738948938,396
1738948941,391
1738948944,399
1738948944,None
1738948944,None
1738948953,388
1738948956,397
1738948959,388
1738948963,392
1738948965,383
1738948969,395
1738948971,386
1738948975,324
1738948978,242
1738948978,None
1738948984,241
1738948987,242
1738948990,247
1738948993,244
1738948996,247
1738948999,251
1738949002,241
1738949005,247
1738949008,247
1738949011,360
1738949015,490
1738949017,502
1738949020,495
1738949024,494
1738949026,325
1738949029,245
1738949033,243
1738949035,245
1738949038,239
1738949042,243
1738949045,247
1738949048,242
1738949051,241
1738949054,254
1738949057,251
1738949060,239
1738949063,250
1738949066,242
1738949069,245
1738949072,249
1738949075,234
1738949078,216
1738949081,213
1738949084,212
1738949087,213
1738949090,202
1738949093,215
1738949096,210
1738949100,219
1738949103,204
1738949106,217
1738949109,209
1738949112,214
1738949114,209
1738949118,214
1738949121,211
1738949124,209
1738949127,209
1738949130,214
1738949133,206
1738949136,206
1738949139,211
1738949142,206
1738949145,203
1738949148,214
1738949151,209
1738949155,207
1738949157,202
1738949160,214
1738949164,212
1738949167,210
1738949170,212
1738949173,204
1738949176,208
1738949179,213
1738949182,212
1738949185,217
1738949185,None
1738949192,198
1738949194,215
1738949197,216
1738949200,208
1738949203,208
1738949206,205
1738949209,213
1738949212,210
1738949215,209
1738949219,210
1738949222,212
1738949225,206
1738949228,213
1738949230,206
1738949234,208
1738949237,204
1738949240,205
1738949243,206
1738949246,213
1738949249,210
1738949252,211
1738949256,208
1738949258,210
1738949262,206
1738949264,212
1738949267,209
1738949270,208
1738949273,208
1738949276,209
1738949280,311
1738949283,473
1738949286,469
1738949289,473
1738949291,354
1738949294,203
1738949298,213
1738949301,202
1738949304,214
1738949307,210
1738949310,208
1738949313,215
1738949313,None
1738949319,207
1738949322,211
1738949325,206
1738949328,216
1738949331,204
1738949334,211
1738949337,213
1738949340,208
1738949344,200
1738949346,218
1738949349,208
1738949352,202
1738949356,216
1738949358,207
1738949358,None
1738949365,209
1738949368,279
1738949371,453
1738949374,460
1738949377,464
1738949380,466
1738949383,438
1738949386,279
1738949389,214
1738949392,208
1738949395,216
1738949398,208
1738949402,207
1738949405,214
1738949408,212
1738949408,None
1738949414,213
1738949417,215
1738949420,207
1738949423,213
1738949426,210
1738949429,206
1738949432,218
1738949435,207
1738949435,None
1738949441,214
1738949444,205
1738949447,210
1738949451,209
1738949453,209
1738949456,205
1738949459,213
1738949462,208
1738949465,211
1738949468,202
1738949468,None
1738949475,216
1738949477,211
1738949481,212
1738949484,203
1738949487,201
1738949490,212
1738949493,210
1738949496,200
1738949499,202
1738949502,199
1738949505,205
1738949508,199
1738949511,208
1738949514,203
1738949517,196
1738949520,205
1738949523,199
1738949526,195
1738949529,205
1738949533,202
1738949535,194
1738949539,206
1738949541,197
1738949544,194
1738949548,202
1738949551,197
1738949554,198
1738949557,198
1738949560,203
1738949563,195
1738949566,199
1738949569,191
1738949572,199
1738949575,191
1738949578,195
1738949581,191
1738949584,193
1738949587,192
1738949590,190
1738949593,194
1738949596,191
1738949599,189
1738949603,190
1738949605,198
1738949609,189
1738949611,192
1738949615,198
1738949618,183
1738949621,191
1738949624,197
1738949627,195
1738949630,191
1738949633,195
1738949636,198
1738949639,193
1738949642,197
1738949645,188
1738949648,191
1738949652,198
1738949655,201
1738949657,195
1738949660,189
1738949663,199
1738949666,199
1738949670,195
1738949673,199
1738949676,201
1738949679,196
1738949682,195
1738949685,344
1738949688,454
1738949691,454
1738949695,386
1738949697,194
1738949700,200
1738949704,202
1738949706,195
1738949709,202
1738949712,194
1738949715,203
1738949718,193
1738949721,197
1738949724,195
1738949727,204
1738949730,197
1738949734,201
1738949737,199
1738949740,195
1738949740,None
1738949746,195
1738949749,202
1738949752,192
1738949755,203
1738949758,195
1738949761,204
1738949764,197
1738949767,192
1738949770,206
1738949773,200
1738949777,198
1738949779,201
1738949782,194
1738949785,200
1738949788,196
1738949791,199
1738949795,202
1738949798,190
1738949801,186
1738949804,194
1738949807,242
1738949810,411
1738949813,443
1738949816,441
1738949819,446
1738949819,None
1738949825,199
1738949828,189
1738949831,191
1738949834,193
1738949838,190
1738949840,192
1738949844,188
1738949847,190
1738949849,187
1738949852,191
1738949856,187
1738949858,192
1738949862,185
1738949865,190
1738949868,190
1738949871,188
1738949874,188
1738949877,188
1738949880,191
1738949883,188
1738949886,191
1738949889,186
1738949892,188
1738949896,188
1738949898,186
1738949901,193
1738949905,184
1738949908,184
1738949911,191
1738949911,None
1738949916,186
1738949916,None
1738949923,190
1738949926,186
1738949929,191
1738949932,188
1738949935,186
1738949938,190
1738949938,None
1738949944,185
1738949947,196
1738949951,191
1738949954,189
1738949956,191
1738949959,192
1738949962,190
1738949965,187
1738949968,196
1738949972,194
1738949974,186
1738949977,193
1738949981,186
1738949984,187
1738949987,190
1738949990,188
1738949993,193
1738949996,191
1738949999,186
1738950002,191
1738950005,189
1738950008,189
1738950011,195
1738950014,196
1738950017,194
1738950020,194
1738950024,195
1738950026,200
1738950030,198
1738950033,191
1738950035,204
1738950039,200
1738950039,None
1738950045,204
1738950048,201
1738950051,200
1738950054,204
1738950057,199
1738950060,199
1738950063,202
1738950066,203
1738950069,200
1738950073,201
1738950075,199
1738950078,203
1738950082,203
1738950084,195
1738950088,204
1738950090,197
1738950093,199
1738950096,195
1738950100,197
1738950102,198
1738950106,237
1738950109,410
1738950112,458
1738950115,452
1738950118,452
1738950121,220
1738950124,192
1738950127,192
1738950130,193
1738950133,199
1738950136,196
1738950139,196
1738950142,194
1738950145,197
1738950148,194
1738950151,193
1738950154,195
1738950157,196
1738950161,193
1738950163,200
1738950167,192
1738950170,203
1738950173,197
1738950176,200
1738950179,200
1738950182,196
1738950185,200
1738950188,198
1738950191,193
1738950194,193
1738950197,191
1738950200,201
1738950203,202
1738950206,199
1738950210,190
1738950212,199
1738950215,198
1738950218,198
1738950221,194
1738950224,191
1738950227,200
1738950231,195
1738950234,203
1738950237,186
1738950240,197
1738950243,200
1738950246,195
1738950249,191
1738950252,199
1738950255,198
1738950258,195
1738950261,198
1738950264,196
1738950267,376
1738950270,448
1738950273,457
1738950276,441
1738950279,211
1738950282,195
1738950286,193
1738950288,200
1738950291,189
1738950295,198
1738950298,191
1738950300,196
1738950304,195
1738950307,195
1738950309,194
1738950313,198
1738950316,191
1738950319,197
1738950322,195
1738950325,199
1738950329,194
1738950331,193
1738950334,199
1738950338,192
1738950340,205
1738950343,196
1738950346,196
1738950350,197
1738950352,197
1738950355,194
1738950359,196
1738950362,195
1738950365,202
1738950368,191
1738950371,198
1738950374,191
1738950374,None
1738950380,189
1738950383,200
1738950386,193
1738950386,None
1738950392,205
1738950395,198
1738950399,208
1738950401,204
1738950405,209
1738950408,210
1738950411,201
1738950414,212
1738950417,208
1738950420,201
1738950423,208
1738950426,201
1738950429,205
1738950432,212
1738950435,207
1738950438,204
1738950441,208
1738950444,201
1738950447,205
1738950450,195
1738950453,213
1738950456,199
1738950459,209
1738950462,199
1738950465,208
1738950469,199
1738950472,207
1738950475,202
1738950478,201
1738950481,205
1738950484,198
1738950484,None
1738950490,209
1738950493,199
1738950496,211
1738950500,202
1738950502,206
1738950505,202
1738950508,198
1738950511,203
1738950515,204
1738950515,None
1738950520,201
1738950524,204
1738950527,209
1738950530,200
1738950533,210
1738950536,203
1738950539,201
1738950542,206
1738950545,196
1738950548,209
1738950548,None
1738950554,197
1738950557,208
1738950560,201
1738950564,206
1738950566,204
1738950570,240
1738950572,472
1738950576,463
1738950579,465
1738950582,381
1738950585,208
1738950588,207
1738950590,207
1738950594,201
1738950594,None
1738950600,208
1738950603,199
1738950606,206
1738950609,422
1738950612,466
1738950615,453
1738950618,331
1738950621,201
1738950624,206
1738950627,206
1738950630,204
1738950634,208
1738950636,205
1738950640,203
1738950643,201
1738950645,206
1738950649,201
1738950651,203
1738950655,199
1738950658,208
1738950658,None
1738950664,211
1738950667,197
1738950670,206
1738950673,211
1738950676,197
1738950679,207
1738950682,206
1738950685,202
1738950688,202
1738950691,204
1738950694,203
1738950697,202
1738950700,202
1738950704,209
1738950704,None
1738950704,None
1738950712,213
1738950716,206
1738950719,203
1738950722,208
1738950725,203
1738950728,202
1738950728,None
1738950734,205
1738950737,200
1738950740,204
1738950743,199
1738950746,203
1738950749,203
1738950752,203
1738950756,209
1738950758,198
1738950761,209
1738950764,198
1738950768,209
1738950771,204
1738950774,210
1738950777,207
1738950780,205
1738950783,204
1738950786,205
1738950789,202
1738950792,208
1738950795,199
1738950798,210
1738950801,204
1738950804,203
1738950807,208
1738950811,207
1738950813,207
1738950816,198
1738950819,204
1738950822,201
1738950825,205
1738950829,198
1738950831,201
1738950834,198
1738950837,203
1738950840,203
1738950844,202
1738950847,203
1738950850,199
1738950853,206
1738950856,207
1738950858,200
1738950862,211
1738950865,201
1738950868,203
1738950871,211
1738950874,204
1738950877,198
1738950880,212
1738950883,205
1738950886,206
1738950886,None
1738950892,206
1738950895,212
1738950899,208
1738950901,212
1738950904,211
1738950907,193
1738950911,353
1738950914,407
1738950917,404
1738950920,405
1738950923,212
1738950926,151
1738950929,142
1738950932,152
1738950935,142
1738950938,156
1738950941,146
1738950944,154
1738950947,143
1738950950,151
1738950953,142
1738950956,152
1738950959,145
1738950962,148
1738950965,275
1738950968,408
1738950972,409
1738950974,412
1738950977,157
1738950980,145
1738950984,149
1738950987,145
1738950990,143
1738950993,149
1738950996,144
1738950999,139
1738951002,157
1738951005,145
1738951008,142
1738951011,153
1738951014,144
1738951017,144
1738951020,148
1738951023,148
1738951026,147
1738951029,150
1738951032,153
1738951036,141
1738951039,151
1738951042,149
1738951045,140
1738951047,146
1738951050,140
1738951054,132
1738951057,138
1738951060,135
1738951063,130
1738951066,135
1738951069,133
1738951072,132
1738951075,137
1738951075,None
1738951075,None
1738951084,142
1738951087,140
1738951087,None
1738951094,145
1738951097,139
1738951100,146
1738951103,144
1738951106,138
1738951106,None
1738951106,None
1738951115,139
1738951118,141
1738951121,144
1738951124,137
1738951127,141
1738951130,142
1738951133,137
1738951136,146
1738951139,143
1738951142,139
1738951145,145
1738951148,139
1738951152,143
1738951155,141
1738951157,144
1738951161,139
1738951163,144
1738951167,141
1738951170,143
1738951173,137
1738951176,142
1738951179,144
1738951182,141
1738951185,145
1738951188,142
1738951191,146
1738951194,141
1738951194,None
1738951200,148
1738951203,151
1738951206,152
1738951209,160
1738951213,157
1738951216,157
1738951216,None
1738951221,160
1738951224,160
1738951228,155
1738951231,160
1738951234,153
1738951237,164
1738951240,154
1738951243,162
1738951246,156
1738951249,163
1738951249,None
1738951255,164
1738951258,157
1738951261,163
1738951264,158
1738951267,161
1738951270,155
1738951273,154
1738951276,238
1738951280,404
1738951282,411
1738951286,403
1738951289,408
1738951292,208
1738951295,149
1738951298,160
1738951301,154
1738951304,142
1738951307,151
1738951307,None
1738951313,149
1738951316,147
1738951319,156
1738951322,152
1738951325,154
1738951328,147
1738951331,151
1738951335,412
1738951337,412
1738951341,406
1738951343,408
1738951347,150
1738951349,147
1738951353,151
1738951356,141
1738951359,154
1738951362,147
1738951365,147
1738951368,153
1738951371,148
1738951374,154
1738951377,147
1738951380,148
1738951383,151
1738951386,151
1738951389,151
1738951392,151
1738951395,155
1738951399,146
1738951401,153
1738951405,144
1738951407,155
1738951411,141
1738951414,157
1738951416,149
1738951419,155
1738951422,151
1738951426,147
1738951429,156
1738951431,154
1738951435,151
1738951438,156
1738951441,156
1738951444,151
1738951447,151
1738951450,157
1738951450,None
1738951456,156
1738951459,155
1738951459,None
1738951466,151
1738951468,144
1738951472,148
1738951475,142
1738951478,141
1738951480,145
1738951484,143
1738951487,147
1738951490,138
1738951493,144
1738951493,None
1738951499,140
1738951503,142
1738951505,140
1738951508,148
1738951511,141
1738951514,147
1738951518,144
1738951520,144
1738951524,144
1738951526,138
1738951530,147
1738951533,137
1738951536,149
1738951539,138
1738951542,138
1738951545,143
1738951548,144
1738951551,145
1738951554,140
1738951557,140
1738951561,142
1738951563,143
1738951567,148
1738951570,147
1738951572,136
1738951576,150
1738951576,None
1738951582,139
1738951582,None
1738951588,143
1738951591,145
1738951594,148
1738951597,143
1738951600,147
1738951603,141
1738951606,147
1738951609,141
1738951612,140
1738951615,150
1738951615,None
1738951622,152
1738951624,194
1738951627,201
1738951631,199
1738951634,199
1738951637,195
1738951639,194
1738951643,196
1738951646,189
1738951649,197
1738951652,194
1738951655,194
1738951658,198
1738951661,189
1738951664,185
1738951667,182
1738951670,181
1738951673,175
1738951676,176
1738951676,None
1738951683,159
1738951685,397
1738951689,392
1738951691,402
1738951695,410
1738951698,395
1738951700,292
1738951704,140
1738951707,143
1738951710,139
1738951712,144
1738951716,141
1738951719,141
1738951722,145
1738951724,139
1738951728,146
1738951731,147
1738951734,147
1738951737,204
1738951740,225
1738951744,247
1738951746,252
1738951749,237
1738951752,244
1738951756,485
1738951758,486
1738951761,493
1738951761,None
1738951767,232
1738951770,226
1738951773,220
1738951776,224
1738951780,219
1738951783,211
1738951783,None
1738951789,212
1738951792,209
1738951795,209
1738951798,209
1738951801,205
1738951804,206
1738951808,198
1738951810,198
1738951813,208
1738951816,203
1738951819,198
1738951822,205
1738951826,202
1738951828,197
1738951831,205
1738951834,202
1738951837,200
1738951840,205
1738951843,202
1738951846,198
1738951849,207
1738951849,None
1738951856,202
1738951858,206
1738951862,199
1738951865,206
1738951868,200
1738951872,206
1738951874,201
1738951878,202
1738951880,201
1738951883,200
1738951886,202
1738951889,204
1738951892,201
1738951895,201
1738951898,196
1738951902,205
1738951905,200
1738951905,None
1738951911,199
1738951913,204
1738951917,203
1738951920,203
1738951923,199
1738951926,203
1738951929,199
1738951932,203
1738951935,197
1738951938,207
1738951938,None
1738951938,None
1738951948,204
1738951950,196
1738951954,207
1738951956,205
1738951959,198
1738951963,205
1738951966,201
1738951969,197
1738951969,None
1738951975,201
1738951978,198
1738951981,202
1738951984,380
1738951987,460
1738951990,456
1738951993,454
1738951996,463
1738952000,284
1738952002,200
1738952005,202
1738952008,199
1738952011,200
1738952015,200
1738952018,198
1738952021,211
1738952024,203
1738952027,197
1738952031,208
1738952033,205
1738952033,None
1738952039,209
1738952042,205
1738952045,208
1738952048,215
1738952051,206
1738952054,207
1738952057,211
1738952060,211
1738952063,207
1738952066,209
1738952069,214
1738952072,211
1738952075,213
1738952078,213
1738952081,202
1738952084,215
1738952087,209
1738952091,218
1738952093,220
1738952097,205
1738952100,215
1738952103,211
1738952106,211
1738952109,209
1738952112,211
1738952112,None
1738952118,213
1738952121,207
1738952124,209
1738952127,212
1738952130,203
1738952133,214
1738952137,206
1738952139,199
1738952142,366
1738952146,461
1738952149,453
1738952151,463
1738952155,317
1738952158,197
1738952161,204
1738952164,209
1738952167,207
1738952170,205
1738952173,203
1738952176,206
1738952179,215
1738952182,201
1738952182,None
1738952188,211
1738952188,None
1738952194,201
1738952197,217
1738952200,207
1738952203,207
1738952206,200
1738952210,215
1738952212,211
1738952216,204
1738952219,208
1738952222,208
1738952225,208
1738952225,None
1738952231,212
1738952234,219
1738952237,211
1738952240,218
1738952243,216
1738952246,210
1738952249,221
1738952252,208
1738952255,215
1738952258,215
1738952262,213
1738952265,217
1738952267,212
1738952270,216
1738952273,213
1738952277,218
1738952280,214
1738952283,214
1738952286,215
1738952289,202
1738952292,211
1738952295,205
1738952298,207
1738952298,None
1738952304,205
1738952307,207
1738952310,209
1738952310,None
1738952317,213
1738952320,204
1738952322,210
1738952326,207
1738952329,206
1738952332,206
1738952335,207
1738952338,202
1738952341,211
1738952344,213
1738952347,203
1738952350,211
1738952354,201
1738952354,None
1738952354,None
1738952362,212
1738952366,206
1738952366,None
1738952366,None
1738952374,205
1738952377,208
1738952381,211
1738952384,206
1738952387,207
1738952390,206
1738952393,271
1738952393,None
1738952399,454
1738952402,458
1738952405,455
1738952408,352
1738952411,211
1738952414,209
1738952417,209
1738952420,206
1738952423,207
1738952426,207
1738952429,208
1738952432,200
1738952435,215
1738952435,None
1738952441,202
1738952445,212
1738952447,207
1738952450,208
1738952453,213
1738952456,204
1738952456,None
1738952456,None
1738952466,204
1738952469,212
1738952472,203
1738952475,201
1738952478,217
1738952481,211
1738952484,207
1738952487,197
1738952490,212
1738952493,214
1738952496,204
1738952499,208
1738952502,206
1738952505,207
1738952508,202
1738952511,210
1738952515,202
1738952518,207
1738952521,206
1738952524,202
1738952527,211
1738952530,203
1738952533,209
1738952536,207
1738952539,206
1738952543,207
1738952546,206
1738952548,201
1738952551,211
1738952551,None
1738952558,213
1738952561,207
1738952563,203
1738952567,209
1738952569,207
1738952573,209
1738952576,205
1738952579,207
1738952582,406
1738952585,464
1738952588,460
1738952591,457
1738952594,297
1738952597,207
1738952600,215
1738952603,202
1738952606,209
1738952609,202
1738952613,209
1738952615,203
1738952618,209
1738952622,207
1738952624,204
1738952627,210
1738952627,None
1738952634,204
1738952637,204
1738952639,205
1738952643,212
1738952646,203
1738952648,204
1738952652,212
1738952655,205
1738952658,197
1738952661,209
1738952664,207
1738952667,206
1738952670,203
1738952673,208
1738952676,201
1738952676,None
1738952682,205
1738952686,209
1738952688,201
1738952691,199
1738952695,204
1738952697,200
1738952700,200
1738952703,206
1738952706,203
1738952709,201
1738952713,204
1738952716,205
1738952719,195
1738952722,200
1738952725,207
1738952728,195
1738952731,210
1738952734,202
1738952734,None
1738952740,204
1738952743,197
1738952746,208
1738952749,203
1738952752,207
1738952756,205
1738952759,207
1738952762,203
1738952765,204
1738952768,203
1738952768,None
1738952774,341
1738952777,451
1738952779,457
1738952783,449
1738952783,None
1738952789,453
1738952792,204
1738952795,209
1738952798,205
1738952801,198
1738952804,203
1738952807,202
1738952810,205
1738952810,None
1738952816,199
1738952819,210
1738952822,197
1738952825,198
1738952828,209
1738952831,203
1738952834,197
1738952837,203
1738952841,205
1738952843,204
1738952846,205
1738952850,197
1738952853,206
1738952853,None
1738952859,206
1738952862,196
1738952865,196
1738952868,210
1738952871,205
1738952874,198
1738952878,209
1738952880,204
1738952883,199
1738952886,200
1738952889,200
1738952892,203
1738952895,197
1738952898,209
1738952901,199
1738952904,202
1738952908,208
1738952911,207
1738952914,202
1738952917,195
1738952920,211
1738952923,204
1738952926,201
1738952929,204
1738952932,208
1738952935,197
1738952938,198
1738952941,204
1738952944,201
1738952947,201
1738952950,195
1738952953,209
1738952956,205
1738952959,197
1738952962,199
1738952965,207
1738952969,195
1738952971,200
1738952974,203
1738952978,199
1738952980,201
1738952983,249
1738952987,457
1738952990,454
1738952992,456
1738952995,297
1738952999,196
1738953002,207
1738953005,200
1738953008,209
1738953011,204
1738953014,197
1738953017,202
1738953020,200
1738953023,198
1738953026,200
1738953029,197
1738953033,202
1738953036,199
1738953038,193
1738953042,202
1738953045,196
1738953047,207
1738953051,197
1738953054,204
1738953057,198
1738953060,201
1738953063,202
1738953063,None
1738953069,201
1738953072,197
1738953075,199
1738953078,206
1738953081,199
1738953084,206
1738953087,204
1738953087,None
1738953094,207
1738953096,194
1738953100,195
1738953100,None
1738953106,195
1738953109,199
1738953112,198
1738953116,201
1738953119,191
1738953121,196
1738953124,201
1738953127,194
1738953130,198
1738953133,201
1738953136,195
1738953140,199
1738953142,196
1738953146,196
1738953149,198
1738953151,196
1738953155,199
1738953158,190
1738953161,204
1738953164,196
1738953167,187
1738953167,None
1738953173,196
1738953176,193
1738953179,201
1738953183,195
1738953185,198
1738953188,201
1738953191,204
1738953194,205
1738953197,200
1738953200,205
1738953203,193
1738953207,206
1738953210,196
1738953213,197
1738953216,205
1738953219,191
1738953222,200
1738953225,197
1738953228,209
1738953231,446
1738953234,451
1738953237,446
1738953240,449
1738953240,None
1738953246,200
1738953246,None
1738953252,204
1738953255,197
1738953258,204
1738953262,194
1738953262,None
1738953267,200
1738953270,195
1738953274,200
1738953277,197
1738953280,202
1738953283,194
1738953283,None
1738953289,200
1738953292,202
1738953295,191
1738953298,193
1738953301,204
1738953304,199
1738953307,195
1738953310,200
1738953313,202
1738953316,200
1738953319,198
1738953322,201
1738953325,202
1738953329,198
1738953329,None
1738953335,195
1738953338,205
1738953341,193
1738953344,202
1738953347,198
1738953350,195
1738953353,211
1738953356,203
1738953359,210
1738953362,208
1738953365,208
1738953369,206
1738953371,205
1738953374,206
1738953377,212
1738953380,351
1738953384,467
1738953387,463
1738953389,448
1738953393,213
1738953396,207
1738953399,204
1738953402,209
1738953405,203
1738953408,208
1738953411,209
1738953414,209
1738953417,202
1738953417,None
1738953423,197
1738953426,197
1738953429,198
1738953432,193
1738953432,None
1738953438,194
1738953441,205
1738953444,197
1738953448,197
1738953451,201
1738953453,196
1738953457,203
1738953460,199
1738953463,198
1738953466,196
1738953469,202
1738953472,193
1738953475,203
1738953478,199
1738953481,197
1738953484,203
1738953488,196
1738953490,214
1738953494,205
1738953497,207
1738953499,209
1738953502,205
1738953505,210
1738953508,204
1738953511,206
1738953515,212
1738953518,202
1738953521,207
1738953524,203
1738953527,210
1738953530,205
1738953533,212
1738953536,210
1738953539,203
1738953543,211
1738953545,204
1738953548,212
1738953551,211
1738953554,204
1738953557,212
1738953560,207
1738953563,207
1738953566,209
1738953570,208
1738953570,None
1738953575,202
1738953575,None
1738953582,206
1738953584,205
1738953588,215
1738953591,204
1738953594,213
1738953597,209
1738953600,203
1738953603,212
1738953606,208
1738953609,206
1738953612,207
1738953615,207
1738953618,421
1738953621,460
1738953624,453
1738953627,456
1738953627,None
1738953633,215
1738953637,206
1738953640,208
1738953643,208
1738953643,None
1738953649,210
1738953652,199
1738953655,210
1738953658,204
1738953661,209
1738953664,208
1738953667,208
1738953670,206
1738953673,206
1738953676,204
1738953679,205
1738953682,204
1738953682,None
1738953682,None
1738953691,209
1738953694,202
1738953697,211
1738953701,203
1738953704,212
1738953707,207
1738953710,214
1738953713,209
1738953716,204
1738953719,207
1738953722,209
1738953725,207
1738953728,213
1738953732,201
1738953734,203
1738953734,None
1738953740,209
1738953743,237
1738953746,422
1738953749,462
1738953752,456
1738953755,395
1738953759,213
1738953762,204
1738953764,204
1738953767,209
1738953771,208
1738953774,209
1738953777,204
1738953780,209
1738953783,211
1738953786,205
1738953789,205
1738953792,215
1738953795,207
1738953798,199
1738953801,211
1738953804,208
1738953807,201
1738953810,211
1738953813,205
1738953817,204
1738953819,208
1738953822,208
1738953825,206
1738953829,205
1738953831,212
1738953835,210
1738953837,202
1738953841,209
1738953844,208
1738953846,200
1738953850,213
1738953853,207
1738953856,213
1738953859,210
1738953862,203
1738953865,211
1738953868,208
1738953871,210
1738953874,200
1738953877,200
1738953880,201
1738953883,197
1738953887,198
1738953889,199
1738953892,203
1738953896,196
1738953898,203
1738953901,203
1738953905,190
1738953908,204
1738953908,None
1738953914,195
1738953917,202
1738953920,199
1738953923,198
1738953926,201
1738953929,195
1738953932,194
1738953935,198
1738953938,205
1738953941,199
1738953944,196
1738953947,204
1738953950,194
1738953953,194
1738953956,203
1738953959,201
1738953962,203
1738953965,204
1738953969,197
1738953971,200
1738953974,199
1738953978,203
1738953980,196
1738953984,198
1738953986,198
1738953990,207
1738953993,216
1738953996,202
1738953999,215
1738954002,204
1738954005,189
1738954008,157
1738954011,147
1738954014,156
1738954017,153
1738954017,None
1738954023,153
1738954027,151
1738954029,154
1738954032,148
1738954036,156
1738954039,152
1738954042,149
1738954045,163
1738954045,None
1738954051,148
1738954054,153
1738954057,155
1738954060,148
1738954063,148
1738954066,155
1738954069,151
1738954072,154
1738954075,210
1738954078,379
1738954081,403
1738954084,394
1738954087,284
1738954091,148
1738954094,147
1738954094,None
1738954100,140
1738954103,156
1738954106,150
1738954109,146
1738954112,151
1738954115,149
1738954118,149
1738954121,149
1738954124,156
1738954127,147
1738954130,148
1738954133,153
1738954136,145
1738954139,158
1738954142,152
1738954142,None
1738954148,154
1738954152,149
1738954154,347
1738954158,413
1738954161,418
1738954163,412
1738954167,217
1738954170,160
1738954173,156
1738954176,160
1738954179,155
1738954182,157
1738954185,166
1738954188,160
1738954192,152
1738954194,166
1738954198,152
1738954200,163
1738954203,152
1738954206,153
1738954209,161
1738954212,154
1738954216,156
1738954218,151
1738954221,151
1738954225,149
1738954228,156
1738954231,145
1738954233,153
1738954237,149
1738954239,155
1738954243,145
1738954246,153
1738954249,144
1738954252,153
1738954255,150
1738954258,152
1738954258,None
1738954264,150
1738954267,153
1738954270,150
1738954273,148
1738954276,154
1738954279,151
1738954282,154
1738954285,155
1738954288,144
1738954292,156
1738954295,146
1738954297,152
1738954300,153
1738954304,149
1738954307,154
1738954310,152
1738954313,154
1738954316,151
1738954319,149
1738954322,151
1738954325,147
1738954328,153
1738954331,154
1738954334,146
1738954337,155
1738954341,145
1738954343,148
1738954346,149
1738954349,152
1738954353,149
1738954355,151
1738954358,149
1738954362,153
1738954365,147
1738954368,152
1738954371,150
1738954374,144
1738954377,156
1738954380,145
1738954383,157
1738954386,149
1738954389,147
1738954392,150
1738954395,149
1738954398,150
1738954401,151
1738954404,301
1738954407,403
1738954411,402
1738954413,392
1738954417,329
1738954420,151
1738954423,147
1738954426,154
1738954429,147
1738954432,148
1738954435,152
1738954438,145
1738954442,152
1738954444,151
1738954447,146
1738954450,142
1738954453,148
1738954456,139
1738954459,144
1738954462,139
1738954465,147
1738954465,None
1738954471,145
1738954474,142
1738954474,None
1738954481,146
1738954484,148
1738954487,148
1738954490,142
1738954493,145
1738954516,139
1738954519,151
1738954522,140
1738954525,146
1738954529,143
1738954531,145
1738954534,146
1738954537,146
1738954540,139
1738954544,150
1738954547,145
1738954550,142
1738954552,146
1738954557,134
1738954558,149
1738954562,139
1738954565,143
1738954568,147
1738954571,142
1738954574,141
1738954577,149
1738954580,319
1738954584,394
1738954586,392
1738954589,372
1738954592,136
1738954595,131
1738954598,137
1738954601,138
1738954604,129
1738954604,None
1738954610,137
1738954614,129
1738954617,145
1738954619,135
1738954619,None
1738954625,139
1738954629,139
1738954631,138
1738954634,135
1738954638,138
1738954641,138
1738954644,140
1738954647,129
1738954650,140
1738954654,142
1738954654,None
1738954659,129
1738954662,143
1738954662,None
1738954668,126
1738954671,142
1738954675,134
1738954677,132
1738954677,None
1738954683,138
1738954687,140
1738954689,131
1738954693,132
1738954696,142
1738954698,132
1738954702,130
1738954705,141
1738954707,130
1738954711,139
1738954714,139
1738954717,137
1738954720,141
1738954723,132
1738954726,137
1738954726,None
1738954733,142
1738954735,138
1738954739,134
1738954741,141
1738954744,130
1738954747,139
1738954750,138
1738954750,None
1738954756,143
1738954760,137
1738954763,131
1738954766,136
1738954766,None
1738954772,136
1738954775,136
1738954778,140
1738954781,136
1738954784,141
1738954787,128
1738954790,137
1738954793,143
1738954796,134
1738954799,130
1738954802,122
1738954805,170
1738954808,390
1738954811,385
1738954814,385
1738954817,332
1738954820,134
1738954823,134
1738954826,139
1738954830,134
1738954832,138
1738954836,125
1738954839,125
1738954841,129
1738954845,124
1738954848,121
1738954851,142
1738954854,129
1738954857,179
1738954859,220
1738954863,231
1738954866,240
1738954870,225
1738954872,226
1738954872,None
1738954878,217
1738954881,221
1738954884,214
1738954884,None
1738954890,214
1738954894,206
1738954897,217
1738954899,205
1738954899,None
1738954906,201
1738954909,202
1738954912,194
1738954915,199
1738954918,197
1738954918,None
1738954924,196
1738954927,198
1738954930,200
1738954933,210
1738954936,207
1738954939,196
1738954942,208
1738954945,199
1738954949,205
1738954951,201
1738954954,199
1738954957,200
1738954961,203
1738954963,207
1738954966,198
1738954970,199
1738954972,207
1738954976,279
1738954979,447
1738954982,453
1738954985,463
1738954985,None
1738954991,196
1738954994,200
1738954997,204
1738955000,202
1738955003,204
1738955006,199
1738955009,201
1738955012,205
1738955015,208
1738955018,196
1738955018,None
1738955024,208
1738955028,208
1738955031,205
1738955033,197
1738955036,209
1738955039,208
1738955042,203
1738955046,208
1738955048,206
1738955052,206
1738955054,205
1738955058,206
1738955061,201
1738955063,203
1738955067,209
1738955070,199
1738955073,195
1738955076,213
1738955079,206
1738955082,201
1738955085,206
1738955085,None
1738955091,204
1738955094,203
1738955098,198
1738955100,201
1738955103,200
1738955106,209
1738955106,None
1738955113,199
1738955115,200
1738955119,213
1738955122,207
1738955125,210
1738955127,201
1738955131,204
1738955134,216
1738955137,212
1738955140,206
1738955143,207
1738955146,213
1738955149,209
1738955152,210
1738955155,205
1738955158,214
1738955161,204
1738955165,217
1738955167,207
1738955170,208
1738955174,212
1738955177,204
1738955179,212
1738955182,209
1738955186,407
1738955189,458
1738955192,455
1738955195,454
1738955198,295
1738955201,207
1738955201,None
1738955207,212
1738955207,None
1738955213,209
1738955217,208
1738955219,213
1738955222,210
1738955225,212
1738955229,209
1738955231,214
1738955234,209
1738955238,208
1738955240,209
1738955245,204
1738955247,213
1738955250,209
1738955253,211
1738955256,213
1738955259,200
1738955262,215
1738955265,204
1738955268,213
1738955271,207
1738955274,205
1738955277,213
1738955280,210
1738955283,202
1738955286,210
1738955290,211
1738955293,201
1738955296,214
1738955298,209
1738955302,202
1738955305,209
1738955308,208
1738955311,207
1738955314,205
1738955317,211
1738955320,213
1738955323,202
1738955326,210
1738955329,211
1738955332,206
1738955335,207
1738955335,None
1738955342,209
1738955344,206
1738955348,214
1738955350,211
1738955353,214
1738955356,206
1738955360,213
1738955363,211
1738955366,203
1738955369,354
1738955372,466
1738955375,458
1738955378,464
1738955381,374
1738955381,None
1738955387,207
1738955390,207
1738955393,211
1738955393,None
1738955399,212
1738955402,209
1738955405,203
1738955409,212
1738955411,207
1738955411,None
1738955417,212
1738955421,206
1738955423,206
1738955426,212
1738955430,211
1738955432,213
1738955436,200
1738955438,209
1738955441,210
1738955445,210
1738955445,None
1738955451,204
1738955454,216
1738955457,210
1738955460,207
1738955464,200
1738955466,214
1738955469,212
1738955472,209
1738955475,207
1738955478,209
1738955481,210
1738955485,207
1738955488,214
1738955490,207
1738955494,208
1738955496,209
1738955500,205
1738955503,217
1738955506,208
1738955509,210
1738955512,211
1738955515,206
1738955518,214
1738955522,207
1738955524,210
1738955527,210
1738955530,212
1738955533,208
1738955533,None
1738955540,216
1738955543,206
1738955545,215
1738955549,266
1738955551,457
1738955555,461
1738955558,452
1738955561,315
1738955564,211
1738955564,None
1738955570,208
1738955573,208
1738955573,None
1738955580,207
1738955582,212
1738955585,207
1738955585,None
1738955591,207
1738955594,211
1738955598,211
1738955601,211
1738955604,209
1738955607,205
1738955609,205
1738955612,205
1738955616,214
1738955619,202
1738955622,210
1738955622,None
1738955628,213
1738955631,202
1738955634,210
1738955637,204
1738955640,204
1738955643,202
1738955646,203
1738955649,204
1738955652,204
1738955655,193
1738955658,199
1738955661,203
1738955664,196
1738955667,206
1738955670,198
1738955673,203
1738955677,204
1738955679,202
1738955682,204
1738955686,201
1738955689,203
1738955692,200
1738955695,206
1738955695,None
1738955701,201
1738955704,207
1738955707,209
1738955710,205
1738955713,199
1738955716,214
1738955720,206
1738955722,200
1738955722,None
1738955728,202
1738955732,204
1738955734,207
1738955738,207
1738955741,199
1738955743,204
1738955747,207
1738955750,199
1738955754,206
1738955754,None
1738955759,205
1738955762,202
1738955765,207
1738955768,205
1738955772,207
1738955772,None
1738955777,203
1738955780,207
1738955783,209
1738955786,200
1738955789,210
1738955792,200
1738955796,211
1738955798,204
1738955801,212
1738955804,205
1738955807,208
1738955811,212
1738955814,279
1738955814,None
1738955820,466
1738955823,467
1738955826,274
1738955829,213
1738955832,217
1738955835,208
1738955838,218
1738955841,210
1738955844,219
1738955847,200
1738955850,216
1738955854,210
1738955856,209
1738955859,213
1738955862,214
1738955865,343
1738955869,459
1738955871,457
1738955875,454
1738955878,421
1738955880,202
1738955880,None
1738955887,210
1738955890,204
1738955893,201
1738955896,195
1738955900,210
1738955900,None
1738955905,199
1738955908,203
1738955911,204
1738955914,209
1738955917,200
1738955920,207
1738955924,202
1738955926,199
1738955930,208
1738955933,201
1738955936,210
1738955939,205
1738955942,201
1738955944,214
1738955948,205
1738955951,205
1738955954,208
1738955957,203
1738955961,206
1738955964,208
1738955966,206
1738955969,211
1738955972,196
1738955975,210
1738955978,199
1738955982,211
1738955982,None
1738955988,207
1738955990,199
1738955993,207
1738955997,201
1738956000,200
1738956003,204
1738956006,201
1738956009,205
1738956012,197
1738956015,203
1738956018,208
1738956021,194
1738956024,209
1738956024,None
1738956031,205
1738956033,204
1738956037,205
1738956039,200
1738956043,202
1738956045,211
1738956049,199
1738956052,204
1738956054,206
1738956058,203
1738956061,209
1738956064,208
1738956067,203
1738956070,205
1738956073,205
1738956073,None
1738956079,205
1738956082,206
1738956085,200
1738956088,211
1738956091,198
1738956095,209
1738956098,204
1738956101,199
1738956103,207
1738956107,208
1738956110,200
1738956113,207
1738956113,None
1738956119,202
1738956122,204
1738956122,None
1738956128,210
1738956131,199
1738956134,207
1738956137,201
1738956140,201
1738956143,202
1738956146,207
1738956149,198
1738956152,205
1738956155,199
1738956158,193
1738956161,210
1738956164,196
1738956167,200
1738956170,200
1738956173,205
1738956176,338
1738956180,461
1738956183,450
1738956186,461
1738956189,207
1738956192,197
1738956195,201
1738956198,201
1738956201,203
1738956201,None
1738956207,206
1738956210,203
1738956213,206
1738956216,201
1738956216,None
1738956222,206
1738956225,194
1738956228,208
1738956231,197
1738956234,202
1738956237,200
1738956240,199
1738956243,203
1738956246,200
1738956249,202
1738956252,198
1738956256,197
1738956259,206
1738956262,197
1738956265,225
1738956268,455
1738956271,451
1738956274,440
1738956277,458
1738956280,293
1738956284,199
1738956286,200
1738956289,202
1738956293,201
1738956295,203
1738956299,192
1738956302,201
1738956304,204
1738956307,199
1738956307,None
1738956313,204
1738956317,199
1738956320,201
1738956323,197
1738956326,196
1738956329,200
1738956332,202
1738956332,None
1738956338,196
1738956341,190
1738956344,206
1738956347,198
1738956350,196
1738956353,198
1738956356,201
1738956360,200
1738956363,200
1738956366,199
1738956368,196
1738956368,None
1738956375,201
1738956378,190
1738956381,195
1738956384,201
1738956387,196
1738956390,199
1738956393,202
1738956396,197
1738956399,198
1738956402,199
1738956405,197
1738956409,193
1738956411,201
1738956415,200
1738956415,None
1738956420,205
1738956424,194
1738956427,204
1738956430,201
1738956433,201
1738956436,199
1738956439,197
1738956442,202
1738956445,196
1738956448,205
1738956451,196
1738956454,202
1738956457,193
1738956461,202
1738956463,191
1738956467,201
1738956470,196
1738956473,204
1738956476,197
1738956479,197
1738956482,198
1738956485,197
1738956488,206
1738956491,213
1738956494,206
1738956497,208
1738956500,213
1738956503,203
1738956506,212
1738956509,208
1738956512,210
1738956515,210
1738956518,201
1738956521,212
1738956524,206
1738956527,207
1738956530,208
1738956533,210
1738956536,206
1738956540,207
1738956543,212
1738956545,203
1738956549,203
1738956552,445
1738956555,458
1738956555,None
1738956555,None
1738956564,318
1738956567,202
1738956570,208
1738956573,211
1738956576,206
1738956579,206
1738956583,207
1738956585,207
1738956588,214
1738956592,208
1738956594,201
1738956597,210
1738956600,216
1738956604,211
1738956607,204
1738956610,210
1738956613,217
1738956616,209
1738956619,209
1738956622,206
1738956625,211
1738956628,211
1738956632,201
1738956634,209
1738956638,213
1738956640,201
1738956643,211
1738956646,202
1738956646,None
1738956652,209
1738956656,203
1738956659,215
1738956662,201
1738956665,210
1738956665,None
1738956671,457
1738956674,456
1738956678,449
1738956680,451
1738956683,256
1738956686,204
1738956689,212
1738956692,204
1738956695,202
1738956699,209
1738956702,205
1738956705,209
1738956707,202
1738956711,201
1738956714,206
1738956717,204
1738956720,195
1738956723,204
1738956726,203
1738956729,194
1738956732,201
1738956735,203
1738956738,197
1738956741,197
1738956744,204
1738956747,201
1738956750,199
1738956753,199
1738956756,204
1738956759,200
1738956762,193
1738956766,208
1738956768,203
1738956771,197
1738956774,205
1738956778,201
1738956781,200
1738956784,198
1738956784,None
1738956790,200
1738956792,209
1738956796,194
1738956799,202
1738956802,208
1738956805,203
1738956808,198
1738956811,199
1738956814,210
1738956817,200
1738956820,196
1738956823,201
1738956826,203
1738956829,198
1738956832,206
1738956835,197
1738956838,202
1738956841,205
1738956845,196
1738956848,205
1738956850,197
1738956854,208
1738956857,202
1738956860,198
1738956863,204
1738956866,199
1738956868,203
1738956872,200
1738956875,201
1738956878,203
1738956881,200
1738956885,207
1738956887,204
1738956890,198
1738956893,204
1738956896,196
1738956899,197
1738956902,194
1738956905,193
1738956908,194
1738956912,193
1738956915,189
1738956918,189
1738956920,194
1738956924,190
1738956927,187
1738956930,198
1738956933,194
1738956936,192
1738956939,189
1738956942,194
1738956945,199
1738956949,190
1738956951,197
1738956954,437
1738956957,442
1738956961,454
1738956963,387
1738956966,192
1738956969,186
1738956973,207
1738956976,204
1738956978,203
1738956982,199
1738956984,203
1738956988,201
1738956991,161
1738956994,141
1738956997,145
1738957001,146
1738957003,141
1738957006,155
1738957009,146
1738957012,142
1738957015,151
1738957018,148
1738957021,145
1738957024,146
1738957028,153
1738957031,139
1738957033,140
1738957037,151
1738957039,148
1738957042,137
1738957045,148
1738957049,148
1738957052,140
1738957055,148
1738957058,139
1738957061,145
1738957064,145
1738957067,149
1738957070,138
1738957073,137
1738957076,153
1738957079,145
1738957082,141
1738957085,136
1738957089,141
1738957092,145
1738957094,140
1738957097,147
1738957101,137
1738957104,146
1738957107,145
1738957109,134
1738957113,167
1738957116,392
1738957119,388
1738957122,391
1738957125,391
1738957128,369
1738957131,144
1738957134,145
1738957137,147
1738957140,142
1738957143,145
1738957146,149
1738957149,142
1738957152,146
1738957155,150
1738957155,None
1738957161,152
1738957164,145
1738957168,140
1738957170,148
1738957173,146
1738957176,143
1738957179,140
1738957179,None
1738957185,145
1738957189,148
1738957192,138
1738957192,None
1738957198,138
1738957201,144
1738957204,140
1738957207,149
1738957210,141
1738957210,None
1738957210,None
1738957219,144
1738957222,142
1738957226,143
1738957228,147
1738957231,142
1738957234,145
1738957237,143
1738957241,142
1738957243,145
1738957247,145
1738957250,140
1738957253,146
1738957255,142
1738957259,139
1738957262,146
1738957265,142
1738957268,143
1738957271,147
1738957274,139
1738957277,140
1738957280,141
1738957283,140
1738957287,143
1738957289,145
1738957292,148
1738957292,None
1738957298,141
1738957301,146
1738957305,138
1738957307,148
1738957311,143
1738957314,139
1738957317,149
1738957320,142
1738957323,137
1738957326,149
1738957329,138
1738957332,146
1738957335,147
1738957338,139
1738957341,140
1738957344,144
1738957347,145
1738957350,143
1738957353,149
1738957356,147
1738957359,141
1738957362,148
1738957365,388
1738957368,400
1738957371,396
1738957371,None
1738957371,None
1738957380,137
1738957384,143
1738957387,147
1738957390,144
1738957393,149
1738957396,144
1738957399,146
1738957402,144
1738957406,138
1738957408,146
1738957411,148
1738957415,137
1738957417,142
1738957421,146
1738957424,134
1738957426,150
1738957430,145
1738957433,139
1738957435,147
1738957438,143
1738957438,None
1738957445,148
1738957448,143
1738957451,143
1738957454,138
1738957457,145
1738957457,None
1738957463,146
1738957466,139
1738957470,147
1738957473,150
1738957475,141
1738957478,139
1738957481,150
1738957485,144
1738957488,132
1738957488,None
1738957494,146
1738957497,143
1738957500,140
1738957503,146
1738957506,142
1738957509,143
1738957509,None
1738957515,143
1738957518,147
1738957521,139
1738957524,144
1738957527,150
1738957527,None
1738957533,138
1738957536,152
1738957539,145
1738957543,140
1738957546,141
1738957548,144
1738957551,140
1738957555,210
1738957557,389
1738957561,387
1738957563,392
1738957567,275
1738957570,139
1738957573,137
1738957576,147
1738957579,145
1738957582,134
1738957585,130
1738957588,142
1738957591,134
1738957594,129
1738957597,138
1738957600,134
1738957603,134
1738957606,133
1738957610,133
1738957613,135
1738957615,137
1738957619,128
1738957622,132
1738957625,141
1738957625,None
1738957631,126
1738957634,140
1738957637,136
1738957640,137
1738957643,132
1738957646,146
1738957649,133
1738957652,130
1738957655,139
1738957658,140
1738957661,133
1738957664,136
1738957667,138
1738957670,134
1738957673,137
1738957677,131
1738957679,139
1738957683,139
1738957685,136
1738957688,128
1738957692,130
1738957694,141
1738957698,136
1738957701,134
1738957704,135
1738957707,136
1738957710,133
1738957713,139
1738957713,None
1738957719,135
1738957722,131
1738957725,133
1738957725,None
1738957731,132
1738957734,141
1738957737,127
1738957741,137
1738957743,135
1738957747,136
1738957750,135
1738957752,135
1738957755,137
1738957759,135
1738957762,135
1738957765,140
1738957768,136
1738957771,140
1738957774,373
1738957777,394
1738957777,None
1738957783,388
1738957786,146
1738957789,136
1738957792,136
1738957795,132
1738957798,138
1738957801,132
1738957804,133
1738957807,142
1738957810,132
1738957814,142
1738957816,130
1738957819,135
1738957822,141
1738957825,136
1738957828,144
1738957832,133
1738957835,218
1738957838,241
1738957841,240
1738957844,246
1738957847,226
1738957851,229
1738957853,228
1738957856,226
1738957859,218
1738957862,386
1738957865,470
1738957868,464
1738957871,422
1738957875,224
1738957877,219
1738957881,213
1738957884,209
1738957887,211
1738957890,204
1738957893,211
1738957896,200
1738957899,204
1738957902,210
1738957905,205
1738957908,194
1738957911,213
1738957914,206
1738957917,200
1738957917,None
1738957923,203
1738957926,202
1738957929,209
1738957933,205
1738957936,205
1738957938,204
1738957942,201
1738957945,205
1738957948,207
1738957951,201
1738957954,209
1738957957,195
1738957960,206
1738957963,202
1738957966,197
1738957969,211
1738957969,None
1738957975,207
1738957978,205
1738957981,203
1738957984,204
1738957988,206
1738957990,201
1738957993,207
1738957997,200
1738958000,204
1738958002,203
1738958002,None
1738958009,208
1738958012,196
1738958015,209
1738958018,203
1738958023,204
1738958024,200
1738958028,207
1738958031,202
1738958033,208
1738958036,202
1738958040,204
1738958042,203
1738958045,202
1738958045,None
1738958052,200
1738958055,210
1738958058,199
1738958061,200
1738958064,204
1738958067,195
1738958070,211
1738958073,200
1738958076,207
1738958079,204
1738958082,198
1738958086,204
1738958089,203
1738958091,202
1738958094,206
1738958097,202
1738958100,204
1738958104,203
1738958107,199
1738958110,209
1738958112,197
1738958116,205
1738958119,204
1738958122,195
1738958125,209
1738958128,205
1738958131,202
1738958134,201
1738958137,204
1738958140,203
1738958143,202
1738958146,201
1738958149,207
1738958152,201
1738958155,204
1738958158,196
1738958162,203
1738958165,201
1738958167,206
1738958171,198
1738958173,206
1738958177,354
1738958177,None
1738958182,448
1738958186,444
1738958189,258
1738958192,209
1738958195,200
1738958198,205
1738958201,205
1738958204,196
1738958207,210
1738958210,200
1738958213,198
1738958216,223
1738958219,456
1738958222,456
1738958225,451
1738958228,407
1738958231,199
1738958234,207
1738958238,198
1738958238,None
1738958243,200
1738958247,205
1738958250,201
1738958253,198
1738958256,202
1738958259,199
1738958262,203
1738958265,203
1738958265,None
1738958271,201
1738958274,204
1738958277,209
1738958280,194
1738958283,203
1738958286,208
1738958289,198
1738958293,209
1738958295,198
1738958298,207
1738958302,200
1738958304,197
1738958307,205
1738958311,197
1738958313,202
1738958317,201
1738958320,204
1738958322,202
1738958326,197
1738958329,202
1738958332,199
1738958335,206
1738958338,204
1738958341,197
1738958345,209
1738958347,204
1738958350,197
1738958353,201
1738958356,205
1738958359,200
1738958362,200
1738958366,199
1738958366,None
1738958372,204
1738958374,201
1738958377,204
1738958381,207
1738958383,196
1738958387,198
1738958390,209
1738958393,204
1738958396,200
1738958399,194
1738958402,205
1738958405,200
1738958408,203
1738958408,None
1738958414,200
1738958417,205
1738958420,199
1738958423,205
1738958426,198
1738958430,203
1738958433,201
1738958435,197
1738958440,206
1738958441,198
1738958445,206
1738958448,198
1738958451,203
1738958454,198
1738958457,200
1738958460,202
1738958463,202
1738958466,203
1738958469,200
1738958469,None
1738958475,203
1738958475,None
1738958481,199
1738958484,206
1738958487,195
1738958490,206
1738958493,200
1738958496,202
1738958500,201
1738958502,200
1738958505,203
1738958508,200
1738958512,274
1738958514,446
1738958518,450
1738958520,449
1738958520,None
1738958527,268
1738958530,202
1738958533,207
1738958536,201
1738958539,195
1738958542,211
1738958545,202
1738958548,200
1738958551,209
1738958554,204
1738958557,201
1738958560,207
1738958563,203
1738958566,199
1738958569,202
1738958572,206
1738958575,200
1738958579,208
1738958581,197
1738958584,205
1738958587,204
1738958591,205
1738958593,198
1738958597,203
1738958600,202
1738958603,197
1738958606,203
1738958609,200
1738958612,200
1738958615,199
1738958618,300
1738958621,450
1738958624,452
1738958627,455
1738958630,268
1738958633,205
1738958636,200
1738958639,203
1738958642,209
1738958645,198
1738958648,205
1738958652,198
1738958655,207
1738958657,202
1738958660,202
1738958663,202
1738958667,199
1738958669,203
1738958673,203
1738958676,198
1738958679,204
1738958682,198
1738958685,204
1738958688,193
1738958688,None
1738958694,196
1738958697,206
1738958700,194
1738958703,206
1738958706,197
1738958709,198
1738958712,200
1738958715,200
1738958718,199
1738958721,199
1738958724,203
1738958727,200
1738958731,204
1738958733,201
1738958736,200
1738958739,201
1738958743,191
1738958746,208
1738958749,200
1738958751,193
1738958751,None
1738958751,None
1738958761,196
1738958764,200
1738958767,193
1738958770,196
1738958773,199
1738958776,199
1738958779,188
1738958782,197
1738958785,201
1738958788,194
1738958791,185
1738958794,205
1738958797,199
1738958801,193
1738958804,198
1738958807,198
1738958809,193
1738958813,195
1738958816,200
1738958819,199
1738958822,198
1738958825,197
1738958828,198
1738958831,202
1738958834,200
1738958837,196
1738958840,201
1738958843,189
1738958846,202
1738958849,193
1738958849,None
1738958855,195
1738958859,196
1738958862,196
1738958865,199
1738958868,200
1738958871,196
1738958874,194
1738958876,202
1738958876,None
1738958883,198
1738958886,191
1738958889,202
1738958892,191
1738958895,200
1738958898,191
1738958901,196
1738958904,198
1738958907,194
1738958910,197
1738958914,198
1738958916,195
1738958920,199
1738958923,419
1738958926,445
1738958928,438
1738958931,446
1738958931,None
1738958938,200
1738958941,193
1738958943,202
1738958947,198
1738958950,203
1738958953,206
1738958956,202
1738958959,205
1738958962,204
1738958965,209
1738958969,206
1738958971,208
1738958974,200
1738958977,299
1738958980,449
1738958983,458
1738958986,454
1738958989,326
1738958993,208
1738958996,205
1738958999,208
1738959617,452
1738959620,439
1738959623,201
1738959626,206
1738959629,194
1738959632,206
1738959635,201
1738959638,204
1738959641,206
1738959641,None
1738959648,202
1738959650,205
1738959653,202
1738959656,201
1738959660,207
1738959663,204
1738959666,199
1738959668,200
1738959671,210
1738959675,201
1738959678,200
1738959681,214
1738959684,208
1738959687,201
1738959690,211
1738959693,205
1738959693,None
1738959693,None
1738959702,204
1738959706,201
1738959708,201
1738959711,206
1738959714,197
1738959717,203
1738959720,208
1738959723,200
1738959726,212
1738959726,None
1738959733,203
1738959735,209
1738959738,203
1738959742,202
1738959745,206
1738959748,200
1738959751,204
1738959754,201
1738959757,203
1738959760,206
1738959763,204
1738959766,207
1738959769,198
1738959772,205
1738959775,209
1738959778,201
1738959781,295
1738959784,460
1738959787,460
1738959787,None
1738959794,357
1738959794,None
1738959800,205
1738959803,198
1738959806,206
1738959809,197
1738959812,207
1738959815,202
1738959818,199
1738959821,202
1738959824,202
1738959827,206
1738959830,207
1738959833,200
1738959836,204
1738959840,202
1738959842,205
1738959845,208
1738959849,201
1738959851,212
1738959855,199
1738959858,213
1738959861,220
1738959864,228
1738959867,227
1738959870,225
1738959873,231
1738959876,226
1738959879,248
1738959882,245
1738959885,239
1738959888,238
1738959891,237
1738959891,None
1738959897,232
1738959900,238
1738959904,236
1738959906,236
1738959909,241
1738959912,234
1738959915,241
1738959918,236
1738959921,245
1738959925,233
1738959928,244
1738959931,237
1738959934,238
1738959937,243
1738959940,242
1738959943,234
1738959946,236
1738959946,None
1738959952,231
1738959955,225
1738959958,242
1738959961,232
1738959964,232
1738959967,240
1738959970,234
1738959970,None
1738959976,218
1738959980,436
1738959983,429
1738959986,424
1738959989,437
1738959992,291
1738959995,174
1738959998,181
1738960001,177
1738960004,180
1738960007,180
1738960007,None
1738960013,181
1738960017,175
1738960019,173
1738960022,182
1738960025,171
1738960028,180
1738960028,None
1738960034,173
1738960037,178
1738960040,169
1738960044,181
1738960047,174
1738960049,171
1738960053,175
1738960055,178
1738960059,170
1738960062,177
1738960065,180
1738960068,168
1738960071,179
1738960074,176
1738960077,167
1738960080,178
1738960083,174
1738960087,172
1738960090,178
1738960092,172
1738960095,191
1738960099,177
1738960101,179
1738960105,183
1738960108,181
1738960111,177
1738960113,184
1738960117,176
1738960120,186
1738960123,174
1738960126,185
1738960129,176
1738960132,183
1738960135,177
1738960135,None
1738960141,179
1738960144,177
1738960148,176
1738960150,180
1738960153,178
1738960156,183
1738960160,174
1738960162,181
1738960165,179
1738960168,185
1738960172,180
1738960175,183
1738960178,180
1738960181,181
1738960184,181
1738960187,184
1738960190,181
1738960193,179
1738960196,178
1738960196,None
1738960202,431
1738960205,433
1738960209,422
1738960211,426
1738960214,186
1738960217,177
1738960220,164
1738960220,None
1738960226,179
1738960230,180
1738960232,174
1738960236,181
1738960236,None
1738960242,172
1738960245,174
1738960248,177
1738960251,176
1738960254,178
1738960257,178
1738960260,175
1738960262,172
1738960266,177
1738960270,186
1738960272,179
1738960275,176
1738960278,177
1738960281,176
1738960284,178
1738960287,184
1738960290,176
1738960294,182
1738960296,184
1738960299,169
1738960299,None
1738960305,174
1738960308,181
1738960311,174
1738960314,177
1738960318,177
1738960320,176
1738960320,None
1738960326,178
1738960330,182
1738960333,177
1738960336,185
1738960339,171
1738960342,183
1738960345,173
1738960349,186
1738960351,177
1738960354,183
1738960357,178
1738960360,178
1738960363,177
1738960366,180
1738960369,172
1738960372,180
1738960372,None
1738960379,422
1738960381,433
1738960384,420
1738960388,416
1738960390,177
1738960394,172
1738960397,179
1738960400,177
1738960403,182
1738960406,179
1738960409,171
1738960412,177
1738960415,187
1738960418,184
1738960421,178
1738960424,175
1738960427,174
1738960430,178
1738960433,185
1738960436,179
1738960439,186
1738960443,174
1738960443,None
1738960449,179
1738960452,171
1738960454,183
1738960458,177
1738960461,181
1738960464,176
1738960467,182
1738960470,182
1738960473,180
1738960476,179
1738960479,179
1738960479,None
1738960485,182
1738960488,177
1738960491,184
1738960495,177
1738960498,180
1738960500,176
1738960503,177
1738960506,180
1738960510,181
1738960513,176
1738960516,179
1738960519,176
1738960522,177
1738960525,174
1738960528,183
1738960531,178
1738960534,183
1738960534,None
1738960540,183
1738960543,172
1738960546,179
1738960549,181
1738960552,175
1738960555,176
1738960558,175
1738960562,181
1738960564,176
1738960567,181
1738960570,179
1738960573,181
1738960576,182
1738960580,178
1738960583,184
1738960585,174
1738960589,275
1738960592,437
1738960595,438
1738960598,434
1738960601,266
1738960604,171
1738960604,None
1738960610,167
1738960613,172
1738960616,168
1738960619,170
1738960619,None
1738960625,172
1738960628,166
1738960631,172
1738960635,167
1738960638,168
1738960640,168
1738960643,166
1738960647,173
1738960650,167
1738960650,None
1738960655,170
1738960659,173
1738960662,171
1738960665,173
1738960668,165
1738960671,175
1738960674,170
1738960674,None
1738960680,175
1738960683,168
1738960686,167
1738960689,173
1738960692,169
1738960695,170
1738960698,168
1738960701,168
1738960704,168
1738960704,None
1738960711,164
1738960714,177
1738960717,170
1738960720,175
1738960723,167
1738960726,175
1738960729,169
1738960733,173
1738960735,169
1738960738,169
1738960741,170
1738960741,None
1738960747,173
1738960750,170
1738960753,167
1738960756,174
1738960760,164
1738960763,171
1738960763,None
1738960769,175
1738960772,291
1738960775,433
1738960775,None
1738960781,427
1738960784,333
1738960787,172
1738960790,169
1738960793,175
1738960796,172
1738960799,168
1738960802,172
1738960805,167
1738960808,171
1738960811,164
1738960814,171
1738960817,165
1738960821,170
1738960823,176
1738960826,179
1738960830,242
1738960833,275
1738960836,279
1738960839,271
1738960842,265
1738960846,262
1738960848,263
1738960851,260
1738960854,257
1738960857,259
1738960860,258
1738960863,254
1738960866,247
1738960869,252
1738960872,249
1738960875,242
1738960878,249
1738960881,235
1738960884,245
1738960887,234
1738960891,240
1738960894,233
1738960897,242
1738960900,235
1738960903,241
1738960905,236
1738960909,235
1738960912,238
1738960915,238
1738960918,239
1738960921,232
1738960924,237
1738960927,234
1738960930,236
1738960933,233
1738960936,235
1738960939,237
1738960942,236
1738960946,237
1738960949,233
1738960949,None
1738960954,235
1738960958,234
1738960960,239
1738960963,230
1738960967,233
1738960970,236
1738960973,236
1738960976,234
1738960979,233
1738960982,286
1738960985,497
1738960988,503
1738960991,493
1738960994,361
1738960997,237
1738960997,None
1738961003,240
1738961006,233
1738961009,234
1738961012,235
1738961015,229
1738961019,235
1738961021,231
1738961025,237
1738961027,233
1738961027,None
1738961034,238
1738961037,232
1738961039,233
1738961043,237
1738961046,235
1738961049,238
1738961052,233
1738961055,238
1738961058,235
1738961061,236
1738961064,230
1738961067,238
1738961070,232
1738961073,237
1738961076,232
1738961079,229
1738961082,238
1738961085,236
1738961088,238
1738961088,None
1738961095,229
1738961098,230
1738961101,243
1738961104,234
1738961107,227
1738961110,223
1738961113,242
1738961116,235
1738961119,233
1738961122,230
1738961125,405
1738961128,626
1738961128,None
1738961134,661
1738961137,661
1738961140,659
1738961144,399
1738961147,391
1738961150,399
1738961153,393
1738961156,394
1738961159,391
1738961162,386
1738961165,399
1738961167,385
1738961171,399
1738961174,393
1738961177,392
1738961180,394
1738961183,396
1738961186,395
1738961189,395
1738961192,391
1738961195,398
1738961198,392
1738961202,399
1738961204,393
1738961207,396
1738961210,395
1738961213,395
1738961216,391
1738961220,395
1738961223,396
1738961226,387
1738961229,392
1738961229,None
1738961235,391
1738961238,391
1738961241,392
1738961244,390
1738961247,392
1738961250,386
1738961253,393
1738961257,393
1738961259,392
1738961262,381
1738961266,398
1738961269,396
1738961272,391
1738961274,386
1738961277,395
1738961281,392
1738961284,388
1738961286,392
1738961290,388
1738961292,393
1738961295,396
1738961299,392
1738961302,388
1738961305,396
1738961308,389
1738961311,397
1738961314,389
1738961317,393
1738961320,391
1738961323,388
1738961326,396
1738961329,384
1738961332,397
1738961335,393
1738961339,395
1738961342,393
1738961344,395
1738961347,395
1738961351,397
1738961354,388
1738961357,392
1738961360,391
1738961363,387
1738961365,404
1738961369,387
1738961372,400
1738961375,392
1738961378,386
1738961381,396
1738961384,391
1738961387,392
1738961390,388
1738961393,537
1738961396,652
1738961399,655
1738961402,647
1738961405,599
1738961408,389
1738961412,394
1738961414,398
1738961418,384
1738961420,395
1738961424,386
1738961427,392
1738961430,392
1738961433,393
1738961436,379
1738961439,356
1738961442,360
1738961445,350
1738961448,362
1738961451,362
1738961454,359
1738961457,353
1738961461,366
1738961463,361
1738961466,359
1738961470,360
1738961472,361
1738961475,363
1738961479,361
1738961482,366
1738961485,356
1738961488,360
1738961488,None
1738961494,359
1738961497,366
1738961500,363
1738961503,360
1738961507,362
1738961510,360
1738961513,356
1738961513,None
1738961519,360
1738961522,361
1738961524,355
1738961528,364
1738961530,363
1738961534,362
1738961537,359
1738961540,359
1738961543,360
1738961546,358
1738961549,362
1738961552,358
1738961555,363
1738961558,356
1738961561,356
1738961565,359
1738961567,356
1738961567,None
1738961574,358
1738961576,354
1738961579,363
1738961583,362
1738961586,353
1738961589,438
1738961592,616
1738961595,607
1738961598,615
1738961601,613
1738961603,458
1738961607,357
1738961610,354
1738961610,None
1738961616,364
1738961619,358
1738961623,354
1738961625,366
1738961628,358
1738961631,355
1738961631,None
1738961637,355
1738961640,359
1738961644,363
1738961647,353
1738961649,350
1738961653,362
1738961656,360
1738961658,356
1738961662,348
1738961665,364
1738961667,356
1738961671,351
1738961674,354
1738961677,353
1738961680,353
1738961683,352
1738961686,349
1738961689,357
1738961692,350
1738961695,348
1738961699,355
1738961699,None
1738961704,361
1738961707,361
1738961711,372
1738961714,365
1738961717,374
1738961720,370
1738961723,409
1738961726,422
1738961726,None
1738961732,414
1738961735,423
1738961738,416
1738961741,426
1738961744,419
1738961748,432
1738961750,425
1738961753,424
1738961756,426
1738961759,432
1738961762,434
1738961765,428
1738961768,433
1738961771,434
1738961774,437
1738961777,428
1738961780,439
1738961784,435
1738961787,433
1738961790,435
1738961793,426
1738961795,436
1738961799,426
1738961802,429
1738961805,428
1738961808,431
1738961811,434
1738961814,433
1738961817,431
1738961820,432
1738961823,427
1738961826,433
1738961829,432
1738961832,423
1738961835,439
1738961838,430
1738961838,None
1738961844,445
1738961848,690
1738961851,689
1738961854,696
1738961856,598
1738961860,433
1738961863,435
1738961866,435
1738961869,429
1738961872,436
1738961875,437
1738961878,439
1738961881,433
1738961884,426
1738961887,432
1738961890,445
1738961893,437
1738961896,427
1738961899,433
1738961902,440
1738961905,433
1738961908,438
1738961912,432
1738961914,431
1738961918,453
1738961918,None
1738961924,480
1738961927,475
1738961930,473
1738961933,477
1738961936,472
1738961939,476
1738961942,472
1738961945,477
1738961948,476
1738961951,477
1738961954,474
1738961954,None
1738961960,463
1738961964,459
1738961966,460
1738961969,452
1738961972,455
1738961975,423
1738961978,421
1738961982,689
1738961985,692
1738961988,684
1738961991,680
1738961994,679
1738961994,None
1738962000,426
1738962000,None
1738962006,433
1738962009,431
1738962012,427
1738962012,None
1738962018,427
1738962021,431
1738962024,431
1738962028,431
1738962030,432
1738962033,427
1738962037,431
1738962040,431
1738962042,436
1738962046,429
1738962046,None
1738962051,427
1738962055,429
1738962058,434
1738962061,428
1738962064,432
1738962067,427
1738962070,433
1738962073,429
1738962076,439
1738962079,434
1738962082,439
1738962085,438
1738962088,441
1738962092,434
1738962095,435
1738962098,432
1738962100,435
1738962104,431
1738962107,434
1738962110,427
1738962113,434
1738962116,427
1738962119,435
1738962119,None
1738962125,427
1738962128,432
1738962131,424
1738962131,None
1738962137,424
1738962140,421
1738962140,None
1738962147,421
1738962149,418
1738962152,427
1738962155,422
1738962159,418
1738962162,429
1738962165,412
1738962165,None
1738962171,397
1738962174,393
1738962177,390
1738962180,398
1738962183,393
1738962186,396
1738962189,399
1738962192,391
1738962195,401
1738962198,395
1738962202,399
1738962205,396
1738962205,None
1738962211,396
1738962213,396
1738962217,395
1738962220,397
1738962220,None
1738962226,394
1738962229,390
1738962232,398
1738962235,391
1738962238,380
1738962241,367
1738962241,None
1738962247,624
1738962251,625
1738962254,619
1738962257,380
1738962259,356
1738962263,362
1738962266,356
1738962268,359
1738962271,351
1738962275,238
1738962278,196
1738962281,195
1738962284,211
1738962287,293
1738962290,295
1738962293,301
1738962293,None
1738962293,None
1738962302,288
1738962305,291
1738962308,293
1738962311,298
1738962314,291
1738962318,298
1738962320,302
1738962323,296
1738962323,None
1738962329,295
1738962333,301
1738962335,298
1738962338,293
1738962342,396
1738962344,548
1738962347,546
1738962351,541
1738962354,548
1738962357,380
1738962360,290
1738962360,None
1738962366,296
1738962369,302
1738962372,294
1738962375,296
1738962378,297
1738962381,293
1738962381,None
1738962387,287
1738962391,301
1738962391,None
1738962397,295
1738962400,304
1738962403,292
1738962406,294
1738962409,299
1738962412,297
1738962415,295
1738962418,295
1738962421,290
1738962424,296
1738962427,300
1738962430,286
1738962433,304
1738962436,294
1738962440,291
1738962442,288
1738962445,282
1738962448,300
1738962451,291
1738962455,293
1738962458,296
1738962460,293
1738962463,299
1738962466,291
1738962469,295
1738962473,299
1738962477,297
1738962479,290
1738962482,293
1738962485,302
1738962489,290
1738962491,286
1738962491,None
1738962497,297
1738962500,294
1738962503,295
1738962503,None
1738962509,301
1738962512,293
1738962515,296
1738962518,300
1738962521,291
1738962524,301
1738962528,291
1738962530,301
1738962533,291
1738962536,301
1738962540,296
1738962542,302
1738962546,299
1738962548,298
1738962551,294
1738962555,299
1738962558,298
1738962561,300
1738962564,296
1738962564,None
1738962570,294
1738962573,302
1738962576,294
1738962579,293
1738962579,None
1738962585,292
1738962588,291
1738962591,296
1738962595,301
1738962598,292
1738962600,285
1738962604,302
1738962607,299
1738962609,295
1738962613,291
1738962616,347
1738962619,555
1738962622,551
1738962625,554
1738962628,424
1738962631,298
1738962634,290
1738962637,295
1738962637,None
1738962643,294
1738962643,None
1738962649,288
1738962653,283
1738962656,283
1738962659,285
1738962662,292
1738962665,294
1738962668,296
1738962671,297
1738962674,302
1738962677,295
1738962680,300
1738962683,295
1738962686,292
1738962689,375
1738962692,551
1738962695,545
1738962698,548
1738962701,553
1738962705,373
1738962708,297
1738962710,295
1738962714,295
1738962717,295
1738962720,295
1738962723,296
1738962725,297
1738962729,298
1738962732,294
1738962735,299
1738962738,293
1738962741,298
1738962744,295
1738962747,300
1738962750,293
1738962753,293
1738962756,294
1738962759,296
1738962762,297
1738962766,295
1738962769,291
1738962771,290
1738962775,291
1738962777,295
1738962777,None
1738962784,295
1738962787,296
1738962790,297
1738962793,296
1738962796,294
1738962799,297
1738962802,297
1738962805,291
1738962808,302
1738962811,287
1738962814,288
1738962817,293
1738962820,282
1738962823,290
1738962826,289
1738962830,291
1738962833,290
1738962835,286
1738962839,294
1738962842,286
1738962845,291
1738962848,291
1738962851,282
1738962854,297
1738962857,290
1738962860,288
1738962863,289
1738962867,288
1738962869,290
1738962872,291
1738962876,288
1738962876,None
1738962881,294
1738962884,288
1738962887,295
1738962891,286
1738962894,291
1738962897,290
1738962899,294
1738962899,None
1738962906,286
1738962908,294
1738962908,None
1738962915,289
1738962918,293
1738962921,284
1738962924,291
1738962927,289
1738962930,289
1738962933,298
1738962936,286
1738962939,297
1738962942,292
1738962946,289
1738962948,293
1738962951,290
1738962955,293
1738962958,289
1738962960,292
1738962964,290
1738962967,286
1738962970,295
1738962973,284
1738962976,290
1738962979,284
1738962982,293
1738962985,285
1738962988,288
1738962992,290
1738962995,291
1738962997,290
1738963000,293
1738963004,289
1738963006,294
1738963009,286
1738963013,289
1738963015,294
1738963018,282
1738963022,290
1738963025,293
1738963028,288
1738963031,414
1738963034,552
1738963037,549
1738963040,547
1738963043,365
1738963046,291
1738963049,295
1738963052,287
1738963055,296
1738963058,284
1738963061,290
1738963061,None
1738963067,290
1738963070,283
1738963073,343
1738963077,541
1738963080,536
1738963083,537
1738963085,546
1738963089,509
1738963091,299
1738963095,295
1738963098,296
1738963101,292
1738963104,296
1738963107,297
1738963107,None
1738963113,296
1738963116,287
1738963119,296
1738963122,293
1738963125,288
1738963128,291
1738963131,293
1738963134,293
1738963137,288
1738963140,286
1738963144,292
1738963147,291
1738963150,291
1738963153,294
1738963156,294
1738963159,291
1738963162,292
1738963165,291
1738963168,293
1738963171,288
1738963174,292
1738963177,290
1738963180,291
1738963183,293
1738963186,297
1738963189,294
1738963193,292
1738963195,289
1738963199,298
1738963202,288
1738963205,287
1738963208,299
1738963210,287
1738963214,284
1738963217,299
1738963217,None
1738963223,288
1738963225,290
1738963229,298
1738963232,291
1738963235,293
1738963238,290
1738963241,293
1738963244,285
1738963247,289
1738963250,294
1738963253,285
1738963256,287
1738963259,292
1738963262,280
1738963265,299
1738963268,294
1738963271,293
1738963275,292
1738963278,294
1738963280,293
1738963283,294
1738963287,294
1738963290,295
1738963293,293
1738963296,315
1738963299,339
1738963302,334
1738963305,337
1738963308,334
1738963311,334
1738963314,339
1738963317,334
1738963320,338
1738963323,332
1738963327,337
1738963329,333
1738963332,338
1738963335,331
1738963338,327
1738963341,325
1738963345,323
1738963345,None
1738963350,312
1738963354,308
1738963357,305
1738963360,302
1738963363,299
1738963366,295
1738963369,298
1738963372,281
1738963375,294
1738963378,282
1738963381,286
1738963384,287
1738963387,283
1738963390,284
1738963393,289
1738963396,285
1738963399,282
1738963403,289
1738963406,286
1738963408,288
1738963408,None
1738963414,284
1738963418,289
1738963423,282
1738963425,287
1738963428,283
1738963431,445
1738963433,548
1738963436,538
1738963440,548
1738963443,372
1738963447,291
1738963449,294
1738963452,287
1738963455,286
1738963455,None
1738963461,293
1738963465,292
1738963467,288
1738963470,292
1738963473,292
1738963473,None
1738963479,298
1738963482,303
1738963486,293
1738963489,293
1738963491,299
1738963494,293
1738963497,301
1738963500,293
1738963503,296
1738963507,299
1738963510,295
1738963513,515
1738963516,542
1738963519,551
1738963522,543
1738963525,548
1738963528,379
1738963531,291
1738963535,290
1738963537,290
1738963540,286
1738963543,291
1738963546,288
1738963549,290
1738963553,287
1738963555,293
1738963558,285
1738963562,293
1738963565,288
1738963567,285
1738963571,293
1738963573,284
1738963576,288
1738963580,290
1738963583,288
1738963586,292
1738963589,280
1738963592,288
1738963595,292
1738963598,284
1738963601,282
1738963604,291
1738963607,288
1738963610,279
1738963613,292
1738963616,290
1738963620,285
1738963622,285
1738963625,291
1738963629,286
1738963632,291
1738963635,287
1738963638,285
1738963641,290
1738963644,292
1738963647,288
1738963650,276
1738963653,294
1738963656,286
1738963659,285
1738963662,287
1738963665,287
1738963668,203
1738963671,139
1738963674,137
1738963677,136
1738963680,139
1738963680,None
1738963687,140
1738963690,140
1738963692,137
1738963696,142
1738963699,137
1738963702,133
1738963705,142
1738963708,133
1738963712,143
1738963714,137
1738963717,140
1738963720,137
1738963720,None
1738963727,144
1738963729,138
1738963732,139
1738963735,142
1738963738,138
1738963741,143
1738963744,138
1738963748,139
1738963750,137
1738963754,144
1738963754,None
1738963760,134
1738963760,None
1738963766,138
1738963769,134
1738963772,148
1738963775,139
1738963778,141
1738963781,133
1738963784,141
1738963787,139
1738963790,138
1738963793,143
1738963797,141
1738963799,135
1738963803,144
1738963806,137
1738963808,140
1738963812,139
1738963814,141
1738963818,136
1738963821,143
1738963824,139
1738963827,134
1738963830,144
1738963833,137
1738963836,137
1738963839,139
1738963842,142
1738963845,142
1738963848,137
1738963851,293
1738963851,None
1738963851,None
1738963860,389
1738963863,198
1738963866,138
1738963870,142
1738963872,141
1738963876,140
1738963879,144
1738963881,139
1738963885,139
1738963888,124
1738963891,131
1738963894,144
1738963897,140
1738963900,144
1738963903,146
1738963906,136
1738963909,138
1738963912,144
1738963915,145
1738963918,141
1738963921,130
1738963924,131
1738963927,149
1738963931,137
1738963933,138
1738963937,136
1738963940,140
1738963943,139
1738963946,143
1738963949,133
1738963952,140
1738963955,142
1738963958,131
1738963961,146
1738963964,276
1738963964,None
1738963970,395
1738963973,437
1738963976,328
1738963980,339
1738963982,334
1738963986,316
1738963988,298
1738963992,266
1738963995,262
1738963998,265
1738963998,None
1738964004,269
1738964007,261
1738964010,266
1738964013,262
1738964016,256
1738964019,259
1738964022,260
1738964025,265
1738964028,258
1738964031,261
1738964034,259
1738964037,260
1738964040,253
1738964040,None
1738964047,254
1738964050,263
1738964053,259
1738964056,262
1738964059,266
1738964062,401
1738964065,420
1738964068,421
1738964071,414
1738964074,429
1738964077,419
1738964080,415
1738964084,418
1738964084,None
1738964089,418
1738964092,421
1738964095,412
1738964098,423
1738964102,426
1738964104,417
1738964107,411
1738964111,417
1738964113,418
1738964116,418
1738964120,419
1738964123,422
1738964126,420
1738964129,410
1738964132,416
1738964135,421
1738964138,418
1738964141,417
1738964144,426
1738964147,415
1738964150,412
1738964153,418
1738964156,419
1738964159,414
1738964162,423
1738964165,416
1738964168,423
1738964168,None
1738964174,420
1738964177,417
1738964180,418
1738964184,415
1738964186,418
1738964190,418
1738964192,418
1738964196,417
1738964199,416
1738964202,417
1738964205,421
1738964208,416
1738964211,420
1738964214,422
1738964217,418
1738964220,423
1738964223,416
1738964226,421
1738964230,419
1738964232,415
1738964235,427
1738964239,423
1738964241,424
1738964245,418
1738964247,417
1738964251,419
1738964254,415
1738964257,421
1738964259,410
1738964259,None
1738964266,415
1738964269,423
1738964272,415
1738964275,417
1738964278,416
1738964281,415
1738964284,585
1738964287,678
1738964290,840
1738964293,922
1738964297,663
1738964300,665
1738964300,None
1738964305,416
1738964308,411
1738964311,416
1738964314,419
1738964318,410
1738964320,409
1738964324,421
1738964327,408
1738964330,418
1738964333,407
1738964336,419
1738964339,418
1738964342,407
1738964345,410
1738964348,419
1738964351,411
1738964354,414
1738964357,416
1738964360,410
1738964363,416
1738964366,407
1738964369,414
1738964373,415
1738964375,406
1738964378,414
1738964378,None
1738964384,404
1738964388,409
1738964391,416
1738964391,None
1738964397,408
1738964397,None
1738964403,411
1738964406,408
1738964409,419
1738964412,406
1738964415,413
1738964418,412
1738964418,None
1738964424,418
1738964424,None
1738964430,409
1738964433,408
1738964436,404
1738964439,410
1738964443,403
1738964445,405
1738964449,416
1738964451,408
1738964454,399
1738964458,409
1738964461,414
1738964464,406
1738964467,412
1738964470,406
1738964473,412
1738964476,413
1738964479,404
1738964482,408
1738964482,None
1738964488,407
1738964492,406
1738964494,406
1738964497,408
1738964501,413
1738964503,406
1738964503,None
1738964509,422
1738964512,411
1738964515,406
1738964519,414
1738964519,None
1738964525,410
1738964528,408
1738964528,None
1738964534,412
1738964534,None
1738964534,None
1738964543,408
1738964547,414
1738964549,413
1738964552,444
1738964555,448
1738964558,452
1738964561,449
1738964564,452
1738964568,449
1738964570,449
1738964574,449
1738964577,447
1738964577,None
1738964584,445
1738964586,455
1738964589,448
1738964592,443
1738964596,446
1738964598,433
1738964602,441
1738964604,432
1738964607,426
1738964607,None
1738964613,421
1738964617,409
1738964619,415
1738964619,None
1738964626,410
1738964629,417
1738964632,652
1738964635,651
1738964639,642
1738964640,589
1738964644,397
1738964644,None
1738964650,397
1738964653,392
1738964656,394
1738964659,393
1738964662,393
1738964665,391
1738964668,392
1738964671,389
1738964671,None
1738964677,394
1738964680,385
1738964683,388
1738964687,645
1738964690,649
1738964693,640
1738964696,548
1738964698,396
1738964702,388
1738964705,405
1738964708,395
1738964711,403
1738964714,404
1738964717,405
1738964720,397
1738964723,406
1738964726,405
1738964729,399
1738964732,406
1738964736,396
1738964738,396
1738964741,407
1738964744,400
1738964748,404
1738964750,403
1738964754,399
1738964757,404
1738964759,399
1738964763,409
1738964766,403
1738964769,401
1738964772,406
1738964772,None
1738964772,None
1738964772,None
1738964785,404
1738964787,400
1738964790,402
1738964793,398
1738964796,402
1738964799,398
1738964802,398
1738964805,400
1738964809,396
1738964809,None
1738964815,396
1738964818,391
1738964820,401
1738964824,392
1738964827,394
1738964830,397
1738964833,393
1738964836,392
1738964839,396
1738964842,404
1738964845,391
1738964848,389
1738964851,392
1738964854,397
1738964854,None
1738964860,398
1738964860,None
1738964866,392
1738964869,395
1738964872,391
1738964876,392
1738964879,401
1738964879,None
1738964885,390
1738964887,393
1738964891,395
1738964894,392
1738964896,398
1738964900,396
1738964903,392
1738964906,406
1738964909,395
1738964912,396
1738964915,399
1738964918,396
1738964921,397
1738964924,394
1738964928,407
1738964930,403
1738964933,389
1738964937,401
1738964939,406
1738964942,401
1738964942,None
1738964949,398
1738964951,402
1738964955,396
1738964957,394
1738964960,609
1738964963,641
1738964966,644
1738964971,638
1738964973,483
1738964976,398
1738964979,390
1738964982,402
1738964985,395
1738964988,396
1738964991,397
1738964994,400
1738964997,395
1738965000,402
1738965003,396
1738965003,None
1738965009,397
1738965012,395
1738965015,407
1738965015,None
1738965021,398
1738965021,None
1738965021,None
1738965031,397
1738965034,396
1738965036,390
1738965040,402
1738965043,391
1738965046,400
1738965049,396
1738965049,None
1738965055,398
1738965058,402
1738965061,401
1738965064,407
1738965068,571
1738965070,656
1738965073,651
1738965076,649
1738965079,516
1738965082,408
1738965086,406
1738965089,403
1738965092,403
1738965095,403
1738965098,402
1738965101,408
1738965104,403
1738965107,404
1738965110,399
1738965113,405
1738965116,399
1738965116,None
1738965122,402
1738965125,402
1738965128,403
1738965131,403
1738965134,406
1738965137,402
1738965141,405
1738965144,394
1738965146,413
1738965150,398
1738965153,401
1738965156,402
1738965159,403
1738965162,400
1738965165,402
1738965168,401
1738965171,399
1738965174,400
1738965174,None
1738965180,404
1738965183,396
1738965187,402
1738965190,400
1738965193,399
1738965195,402
1738965198,399
1738965201,404
1738965204,399
1738965208,403
1738965211,400
1738965214,397
1738965214,None
1738965220,400
1738965223,408
1738965226,403
1738965229,402
1738965232,405
1738965235,406
1738965235,None
1738965241,410
1738965244,400
1738965247,411
1738965250,402
1738965253,281
1738965256,252
1738965259,257
1738965262,251
1738965265,254
1738965268,251
1738965271,254
1738965274,248
1738965277,256
1738965280,245
1738965284,258
1738965287,244
1738965290,251
1738965293,250
1738965296,251
1738965296,None
1738965302,251
1738965305,245
1738965308,255
1738965311,252
1738965314,242
1738965317,254
1738965320,247
1738965323,245
1738965326,341
1738965330,493
1738965332,496
1738965335,456
1738965338,289
1738965342,252
1738965345,244
1738965345,None
1738965345,None
1738965354,246
1738965357,247
1738965360,250
1738965360,None
1738965366,254
1738965369,250
1738965372,252
1738965375,251
1738965378,254
1738965381,247
1738965384,258
1738965387,250
1738965390,244
1738965393,258
1738965396,247
1738965399,249
1738965402,252
1738965405,249
1738965408,252
1738965412,254
1738965414,255
1738965418,245
1738965421,249
1738965424,251
1738965427,244
1738965430,254
1738965433,253
1738965433,None
1738965439,255
1738965443,248
1738965445,249
1738965448,250
1738965451,251
1738965454,251
1738965457,243
1738965460,254
1738965463,242
1738965463,None
1738965469,501
1738965472,500
1738965476,501
1738965479,362
1738965482,250
1738965485,249
1738965487,249
1738965491,251
1738965494,247
1738965497,248
1738965500,243
1738965503,255
1738965506,243
1738965509,249
1738965512,246
1738965515,247
1738965518,243
1738965522,245
1738965525,244
1738965528,243
1738965531,248
1738965533,238
1738965536,250
1738965540,246
1738965542,241
1738965546,250
1738965549,241
1738965552,248
1738965555,243
1738965558,246
1738965561,243
1738965564,246
1738965567,240
1738965570,246
1738965570,None
1738965576,247
1738965579,235
1738965582,246
1738965585,241
1738965588,246
1738965592,242
1738965595,453
1738965598,489
1738965600,483
1738965600,None
1738965607,244
1738965610,237
1738965613,245
1738965616,236
1738965619,246
1738965622,241
1738965625,239
1738965628,241
1738965631,239
1738965634,240
1738965637,241
1738965640,243
1738965643,239
1738965646,243
1738965646,None
1738965652,245
1738965656,237
1738965658,238
1738965661,240
1738965664,240
1738965667,238
1738965670,239
1738965674,237
1738965677,237
1738965680,243
1738965683,232
1738965686,234
1738965689,241
1738965692,236
1738965695,236
1738965695,None
1738965701,236
1738965704,236
1738965707,238
1738965710,239
1738965713,234
1738965716,234
1738965719,237
1738965722,237
1738965725,236
1738965728,231
1738965731,239
1738965735,244
1738965735,None
1738965741,234
1738965743,241
1738965746,232
1738965750,242
1738965752,244
1738965756,241
1738965759,236
1738965762,247
1738965765,241
1738965765,None
1738965765,None
1738965775,243
1738965777,237
1738965780,234
1738965783,244
1738965786,239
1738965789,236
1738965792,243
1738965796,234
1738965798,245
1738965802,236
1738965805,239
1738965808,237
1738965810,237
1738965814,235
1738965817,240
1738965820,230
1738965823,246
1738965826,229
1738965829,240
1738965832,234
1738965835,233
1738965838,236
1738965838,None
1738965844,238
1738965847,237
1738965850,241
1738965853,239
1738965856,236
1738965859,232
1738965863,236
1738965865,244
1738965869,235
1738965871,233
1738965874,236
1738965878,230
1738965881,238
1738965884,242
1738965887,239
1738965890,238
1738965893,231
1738965896,466
1738965899,494
1738965902,492
1738965902,None
1738965908,395
1738965912,237
1738965915,237
1738965918,239
1738965920,238
1738965924,237
1738965927,238
1738965929,231
1738965929,None
1738965936,237
1738965939,238
1738965941,238
1738965941,None
1738965948,484
1738965951,484
1738965954,486
1738965957,271
1738965960,237
1738965963,234
1738965966,233
1738965969,236
1738965972,233
1738965975,238
1738965975,None
1738965981,240
1738965981,None
1738965987,239
1738965991,230
1738965994,243
1738965996,236
1738966000,243
1738966003,248
1738966007,248
1738966009,234
1738966012,238
1738966015,234
1738966018,237
1738966021,241
1738966025,239
1738966027,245
1738966030,234
1738966033,241
1738966036,234
1738966039,238
1738966043,236
1738966045,239
1738966049,234
1738966049,None
1738966055,237
1738966057,240
1738966060,234
1738966064,240
1738966067,238
1738966070,229
1738966073,242
1738966076,234
1738966079,242
1738966082,237
1738966085,233
1738966088,242
1738966092,232
1738966094,231
1738966097,233
1738966100,236
1738966103,232
1738966106,235
1738966109,233
1738966112,230
1738966115,240
1738966119,228
1738966121,239
1738966125,234
1738966128,232
1738966131,241
1738966134,231
1738966137,246
1738966140,234
1738966143,233
1738966146,240
1738966149,241
1738966152,240
1738966155,237
1738966155,None
1738966161,230
1738966164,240
1738966164,None
1738966170,238
1738966173,234
1738966177,233
1738966179,243
1738966182,233
1738966186,236
1738966188,238
1738966192,236
1738966195,231
1738966195,None
1738966201,236
1738966204,231
1738966207,239
1738966210,242
1738966213,237
1738966216,231
1738966219,239
1738966222,233
1738966222,None
1738966228,229
1738966232,233
1738966234,231
1738966237,233
1738966240,241
1738966244,231
1738966247,240
1738966250,228
1738966253,238
1738966256,243
1738966259,231
1738966262,229
1738966265,244
1738966268,235
1738966271,232
1738966274,244
1738966277,240
1738966280,236
1738966283,233
1738966286,241
1738966289,313
1738966292,480
1738966296,489
1738966299,483
1738966301,285
1738966305,238
1738966308,229
1738966311,235
1738966314,234
1738966317,233
1738966320,266
1738966323,481
1738966326,482
1738966330,487
1738966330,None
1738966335,232
1738966339,228
1738966339,None
1738966345,229
1738966347,235
1738966350,230
1738966354,231
1738966357,224
1738966360,226
1738966363,230
1738966366,230
1738966369,234
1738966372,228
1738966375,232
1738966375,None
1738966375,None
1738966384,221
1738966387,228
1738966390,226
1738966393,227
1738966396,231
1738966399,223
1738966402,224
1738966406,229
1738966408,222
1738966411,228
1738966415,234
1738966417,231
1738966421,222
1738966424,234
1738966427,235
1738966430,225
1738966433,233
1738966433,None
1738966439,224
1738966442,232
1738966445,227
1738966448,224
1738966451,232
1738966454,233
1738966458,224
1738966460,224
1738966463,225
1738966467,231
1738966469,221
1738966472,234
1738966476,230
1738966479,223
1738966482,234
1738966485,221
1738966488,237
1738966491,225
1738966494,232
1738966497,234
1738966500,226
1738966503,224
1738966506,229
1738966509,223
1738966512,227
1738966515,233
1738966518,226
1738966522,233
1738966524,223
1738966527,235
1738966530,222
1738966534,230
1738966537,223
1738966540,228
1738966543,228
1738966546,229
1738966549,221
1738966552,226
1738966555,231
1738966558,233
1738966561,219
1738966564,235
1738966567,241
1738966570,237
1738966574,234
1738966576,232
1738966579,229
1738966582,227
1738966586,236
1738966588,226
1738966592,222
1738966592,None
1738966598,225
1738966601,232
1738966604,234
1738966607,228
1738966610,228
1738966613,224
1738966616,225
1738966619,230
1738966622,220
1738966625,220
1738966628,372
1738966631,483
1738966634,478
1738966637,455
1738966641,224
1738966643,221
1738966647,231
1738966650,224
1738966653,220
1738966653,None
1738966659,222
1738966662,225
1738966665,223
1738966668,225
1738966671,222
1738966671,None
1738966677,221
1738966680,222
1738966683,223
1738966686,224
1738966690,223
1738966692,228
1738966695,226
1738966698,225
1738966701,226
1738966704,227
1738966708,225
1738966711,233
1738966714,226
1738966717,235
1738966717,None
1738966723,232
1738966726,228
1738966729,489
1738966732,484
1738966735,489
1738966738,492
1738966741,229
1738966744,228
1738966747,233
1738966751,233
1738966751,None
1738966756,228
1738966760,229
1738966763,221
1738966766,225
1738966769,234
1738966772,231
1738966772,None
1738966778,228
1738966781,230
1738966784,226
1738966787,223
1738966790,228
1738966793,223
1738966796,225
1738966799,232
1738966802,223
1738966805,225
1738966808,230
1738966811,227
1738966815,230
1738966815,None
1738966821,225
1738966823,227
1738966827,221
1738966830,223
1738966833,223
1738966836,224
1738966839,224
1738966842,220
1738966845,227
1738966848,221
1738966851,225
1738966854,216
1738966857,224
1738966860,222
1738966863,236
1738966866,224
1738966869,222
1738966872,238
1738966875,225
1738966878,231
1738966882,229
1738966884,224
1738966888,234
1738966890,227
1738966894,228
1738966896,233
1738966899,222
1738966903,229
1738966906,226
1738966909,221
1738966912,229
1738966915,230
1738966918,226
1738966921,224
1738966924,228
1738966927,228
1738966930,227
1738966933,224
1738966936,229
1738966939,230
1738966942,228
1738966945,225
1738966948,234
1738966951,228
1738966954,221
1738966954,None
1738966960,226
1738966963,482
1738966967,487
1738966970,478
1738966973,483
1738966973,None
1738966979,227
1738966982,226
1738966985,232
1738966988,225
1738966991,231
1738966994,222
1738966997,233
1738967000,228
1738967003,230
1738967006,229
1738967009,226
1738967012,232
1738967015,224
1738967019,226
1738967022,224
1738967024,227
1738967027,227
1738967031,228
1738967034,229
1738967034,None
1738967039,221
1738967044,235
1738967046,224
1738967046,None
1738967052,222
1738967055,235
1738967058,225
1738967062,223
1738967065,224
1738967068,230
1738967071,223
1738967074,230
1738967077,218
1738967079,220
1738967082,231
1738967085,225
1738967088,223
1738967092,230
1738967095,230
1738967097,224
1738967101,226
1738967104,232
1738967104,None
1738967110,224
1738967113,235
1738967116,231
1738967119,224
1738967122,230
1738967125,230
1738967128,219
1738967131,233
1738967134,226
1738967137,220
1738967141,231
1738967143,225
1738967147,223
1738967150,228
1738967153,230
1738967156,225
1738967159,230
1738967162,226
1738967165,218
1738967168,225
1738967171,229
1738967174,232
1738967177,304
1738967180,468
1738967184,488
1738967187,481
1738967189,392
1738967193,225
1738967195,232
1738967199,224
1738967201,227
1738967205,224
1738967207,226
1738967210,230
1738967214,224
1738967217,231
1738967220,229
1738967223,230
1738967226,235
1738967229,227
1738967232,240
1738967235,232
1738967238,242
1738967241,168
1738967244,154
1738967247,144
1738967250,153
1738967253,146
1738967256,151
1738967256,None
1738967263,150
1738967263,None
1738967263,None
1738967272,150
1738967275,148
1738967277,151
1738967277,None
1738967284,155
1738967287,145
1738967290,154
1738967293,143
1738967296,156
1738967299,151
1738967302,149
1738967305,144
1738967308,151
1738967311,148
1738967314,150
1738967314,None
1738967320,145
1738967323,147
1738967326,155
1738967329,145
1738967332,147
1738967336,154
1738967338,145
1738967342,151
1738967345,147
1738967348,148
1738967351,149
1738967354,148
1738967357,144
1738967360,148
1738967363,158
1738967366,148
1738967366,None
1738967372,408
1738967375,408
1738967378,403
1738967382,234
1738967384,146
1738967387,148
1738967387,None
1738967394,145
1738967397,150
1738967399,153
1738967402,148
1738967405,152
1738967408,147
1738967412,149
1738967414,155
1738967418,144
1738967420,157
1738967424,145
1738967427,147
1738967429,151
1738967433,147
1738967436,145
1738967439,152
1738967442,149
1738967445,143
1738967448,151
1738967451,155
1738967454,146
1738967457,152
1738967460,148
1738967463,139
1738967466,151
1738967469,139
1738967473,145
1738967475,150
1738967479,148
1738967481,146
1738967485,147
1738967488,152
1738967490,143
1738967490,None
1738967497,151
1738967500,137
1738967503,150
1738967506,148
1738967509,143
1738967512,142
1738967516,150
1738967518,146
1738967521,137
1738967521,None
1738967528,149
1738967528,None
1738967533,147
1738967536,149
1738967539,359
1738967542,395
1738967546,406
1738967546,None
1738967551,177
1738967555,146
1738967558,139
1738967561,149
1738967564,148
1738967567,142
1738967570,149
1738967573,155
1738967576,142
1738967579,151
1738967582,149
1738967585,147
1738967588,145
1738967591,150
1738967594,149
1738967597,146
1738967600,151
1738967603,143
1738967603,None
1738967609,143
1738967613,141
1738967616,147
1738967618,141
1738967621,150
1738967625,143
1738967628,140
1738967631,144
1738967633,141
1738967637,144
1738967640,147
1738967643,147
1738967646,140
1738967649,144
1738967652,149
1738967655,137
1738967658,145
1738967661,149
1738967665,141
1738967668,149
1738967670,152
1738967673,145
1738967677,143
1738967680,147
1738967682,152
1738967686,141
1738967689,147
1738967693,147
1738967695,145
1738967698,145
1738967701,145
1738967704,150
1738967707,149
1738967710,145
1738967713,145
1738967716,145
1738967719,150
1738967722,141
1738967726,150
1738967728,143
1738967732,148
1738967735,146
1738967737,141
1738967741,144
1738967744,139
1738967747,150
1738967747,None
1738967753,149
1738967756,145
1738967759,145
1738967762,146
1738967765,246
1738967768,400
1738967771,398
1738967775,399
1738967777,389
1738967780,211
1738967783,144
1738967786,149
1738967789,148
1738967789,None
1738967796,143
1738967796,None
1738967801,148
1738967805,144
1738967808,152
1738967808,None
1738967814,141
1738967817,142
1738967820,147
1738967823,140
1738967823,None
1738967829,146
1738967832,142
1738967835,139
1738967838,152
1738967841,143
1738967844,135
1738967847,145
1738967850,151
1738967850,None
1738967850,None
1738967860,143
1738967862,145
1738967866,142
1738967869,144
1738967872,142
1738967875,147
1738967878,147
1738967882,147
1738967884,149
1738967887,145
1738967890,143
1738967890,None
1738967890,None
1738967899,152
1738967902,145
1738967905,138
1738967908,147
1738967911,147
1738967914,146
1738967917,148
1738967921,148
1738967921,None
1738967927,147
1738967930,144
1738967933,149
1738967936,149
1738967939,138
1738967942,152
1738967945,140
1738967948,148
1738967951,144
1738967954,139
1738967957,144
1738967960,317
1738967963,403
1738967966,399
1738967969,403
1738967973,148
1738967976,147
1738967978,142
1738967978,None
1738967985,148
1738967988,143
1738967991,143
1738967994,140
1738967997,146
1738968000,141
1738968003,145
1738968006,138
1738968009,146
1738968012,144
1738968015,153
1738968018,142
1738968021,145
1738968024,142
1738968024,None
1738968031,144
1738968033,143
1738968036,141
1738968039,146
1738968042,151
1738968045,142
1738968049,148
1738968052,141
1738968055,149
1738968058,146
1738968061,139
1738968064,142
1738968067,140
1738968070,142
1738968073,143
1738968076,142
1738968079,145
1738968083,141
1738968085,136
1738968089,133
1738968092,138
1738968094,137
1738968098,137
1738968100,142
1738968103,133
1738968107,137
1738968110,141
1738968113,130
1738968116,144
1738968119,135
1738968122,136
1738968125,137
1738968128,130
1738968131,137
1738968131,None
1738968137,133
1738968140,133
1738968143,135
1738968146,129
1738968149,137
1738968152,125
1738968155,121
1738968158,134
1738968161,134
1738968165,123
1738968165,None
1738968170,136
1738968174,131
1738968177,135
1738968180,133
1738968183,127
1738968186,120
1738968190,260
1738968192,377
1738968195,371
1738968198,375
1738968201,383
1738968204,148
1738968207,166
1738968210,222
1738968213,225
1738968216,227
1738968220,239
1738968222,233
1738968226,229
1738968228,228
1738968232,239
1738968235,227
1738968238,215
1738968241,230
1738968244,218
1738968247,216
1738968250,201
1738968253,193
1738968256,200
1738968259,197
1738968262,194
1738968265,189
1738968268,194
1738968271,196
1738968274,190
1738968277,187
1738968280,194
1738968284,188
1738968287,186
1738968290,198
1738968290,None
1738968296,196
1738968299,194
1738968302,190
1738968305,197
1738968308,192
1738968312,195
1738968314,196
1738968317,187
1738968320,197
1738968323,286
1738968326,456
1738968329,452
1738968332,456
1738968336,452
1738968338,456
1738968341,449
1738968345,457
1738968347,448
1738968350,455
1738968354,452
1738968357,456
1738968360,453
1738968363,459
1738968366,459
1738968369,456
1738968372,455
1738968375,450
1738968378,452
1738968381,457
1738968384,448
1738968387,447
1738968390,449
1738968393,448
1738968397,442
1738968400,450
1738968402,453
1738968406,448
1738968408,447
1738968412,443
1738968415,446
1738968417,452
1738968421,449
1738968424,447
1738968427,443
1738968430,452
1738968433,451
1738968436,451
1738968439,446
1738968442,455
1738968445,451
1738968448,443
1738968448,None
1738968454,447
1738968457,455
1738968460,446
1738968463,419
1738968467,190
1738968470,185
1738968470,None
1738968476,184
1738968479,188
1738968482,188
1738968485,189
1738968488,186
1738968491,187
1738968494,184
1738968494,None
1738968500,183
1738968503,207
1738968506,204
1738968509,195
1738968512,186
1738968515,189
1738968519,187
1738968521,182
1738968524,195
1738968524,None
1738968531,185
1738968534,200
1738968536,193
1738968540,187
1738968542,218
1738968546,191
1738968549,196
1738968552,198
1738968555,199
1738968558,219
1738968561,233
1738968564,227
1738968567,219
1738968571,230
1738968573,228
1738968576,304
1738968579,482
1738968582,490
1738968585,476
1738968589,462
1738968591,223
1738968595,204
1738968598,200
1738968598,None
1738968604,218
1738968604,None
1738968610,213
1738968612,212
1738968616,206
1738968619,236
1738968622,397
1738968622,None
1738968628,1650
1738968631,1617
1738968634,1610
1738968637,1615
1738968640,1609
1738968643,1611
1738968646,1610
1738968650,1612
1738968653,1602
1738968656,1603
1738968656,None
1738968661,1607
1738968665,1604
1738968667,1608
1738968670,1609
1738968674,507
1738968677,192
1738968680,196
1738968683,200
1738968686,201
1738968689,193
1738968692,200
1738968695,195
1738968698,199
1738968701,198
1738968704,362
1738968707,461
1738968710,457
1738968713,457
1738968716,395
1738968719,195
1738968722,190
1738968725,198
1738968728,201
1738968731,191
1738968735,229
1738968738,442
1738968740,1478
1738968744,1620
1738968747,1616
1738968750,1619
1738968753,1609
1738968756,1618
1738968759,1614
1738968762,1613
1738968765,1610
1738968768,1613
1738968771,1612
1738968774,1592
1738968777,218
1738968780,204
1738968783,207
1738968786,202
1738968789,205
1738968793,204
1738968796,209
1738968799,211
1738968801,204
1738968805,199
1738968808,213
1738968811,201
1738968814,206
1738968817,208
1738968820,206
1738968823,211
1738968826,210
1738968829,209
1738968832,209
1738968835,208
1738968838,207
1738968842,201
1738968844,201
1738968848,202
1738968851,206
1738968853,208
1738968856,194
1738968860,208
1738968863,220
1738968866,227
1738968869,219
1738968872,225
1738968875,228
1738968878,232
1738968881,251
1738968881,None
1738968887,241
1738968890,234
1738968894,241
1738968896,234
1738968899,245
1738968902,239
1738968906,243
1738968908,237
1738968911,235
1738968915,244
1738968917,238
1738968920,230
1738968924,238
1738968927,234
1738968929,233
1738968933,232
1738968936,239
1738968939,239
1738968942,241
1738968945,230
1738968949,226
1738968951,228
1738968951,None
1738968957,239
1738968960,238
1738968963,242
1738968967,247
1738968970,232
1738968972,246
1738968976,260
1738968979,403
1738968982,503
1738968984,495
1738968988,503
1738968988,None
1738968994,309
1738968996,237
1738969000,251
1738969003,248
1738969006,237
1738969009,236
1738969012,250
1738969015,239
1738969018,240
1738969021,373
1738969024,501
1738969027,502
1738969031,500
1738969033,502
1738969036,366
1738969039,247
1738969042,238
1738969045,244
1738969048,243
1738969052,239
1738969055,245
1738969058,239
1738969061,238
1738969064,235
1738969067,237
1738969070,243
1738969073,240
1738969076,242
1738969079,240
1738969082,239
1738969085,244
1738969088,240
1738969092,240
1738969094,261
1738969098,248
1738969098,None
1738969103,250
1738969107,247
1738969109,245
1738969113,247
1738969113,None
1738969118,256
1738969122,241
1738969124,254
1738969128,242
1738969131,253
1738969134,246
1738969137,244
1738969141,252
1738969143,244
1738969146,248
1738969149,248
1738969152,246
1738969155,244
1738969155,None
1738969161,250
1738969164,242
1738969167,252
1738969170,252
1738969174,242
1738969177,232
1738969180,248
1738969182,250
1738969186,240
1738969189,242
1738969192,243
1738969195,245
1738969198,241
1738969201,250
1738969204,241
1738969207,234
1738969211,256
1738969213,247
1738969213,None
1738969220,237
1738969222,244
1738969225,239
1738969228,237
1738969232,243
1738969235,246
1738969238,240
1738969240,241
1738969243,243
1738969247,241
1738969250,246
1738969253,239
1738969256,248
1738969259,243
1738969262,246
1738969265,247
1738969268,238
1738969271,247
1738969274,234
1738969277,245
1738969281,243
1738969281,None
1738969287,246
1738969289,239
1738969293,245
1738969295,261
1738969299,268
1738969302,257
1738969305,268
1738969308,260
1738969311,236
1738969314,232
1738969317,243
1738969320,243
1738969323,238
1738969326,233
1738969329,237
1738969332,241
1738969332,None
1738969339,235
1738969341,264
1738969344,260
1738969347,255
1738969350,286
1738969354,275
1738969356,260
1738969356,None
1738969362,270
1738969365,259
1738969369,255
1738969371,258
1738969371,None
1738969378,237
1738969381,234
1738969384,234
1738969387,235
1738969390,239
1738969393,472
1738969396,494
1738969399,497
1738969402,530
1738969405,391
1738969409,282
1738969411,322
1738969414,495
1738969418,497
1738969420,482
1738969423,488
1738969426,465
1738969429,238
1738969433,234
1738969435,240
1738969438,225
1738969442,226
1738969444,237
1738969448,243
1738969451,243
1738969454,231
1738969457,230
1738969457,None
1738969463,230
1738969466,237
1738969470,239
1738969472,235
1738969475,240
1738969478,236
1738969481,229
1738969484,239
1738969488,241
1738969491,235
1738969493,229
1738969496,243
1738969500,234
1738969500,None
1738969505,252
1738969509,254
1738969512,250
1738969515,234
1738969518,229
1738969522,237
1738969524,237
1738969527,230
1738969530,257
1738969533,228
1738969536,234
1738969539,227
1738969542,232
1738969542,None
1738969548,230
1738969551,234
1738969554,228
1738969557,237
1738969560,239
1738969564,233
1738969567,232
1738969569,236
1738969573,232
1738969576,238
1738969578,230
1738969582,239
1738969585,238
1738969588,271
1738969591,250
1738969594,265
1738969597,258
1738969600,261
1738969604,259
1738969607,261
1738969607,None
1738969613,238
1738969615,236
1738969619,236
1738969622,230
1738969622,None
1738969628,233
1738969630,237
1738969630,None
1738969636,227
1738969640,245
1738969643,231
1738969646,230
1738969649,234
1738969649,None
1738969655,233
1738969658,225
1738969661,234
1738969665,226
1738969667,234
1738969667,None
1738969673,239
1738969676,230
1738969679,231
1738969682,233
1738969686,231
1738969689,235
1738969692,233
1738969695,230
1738969698,233
1738969701,230
1738969704,234
1738969707,232
1738969707,None
1738969713,236
1738969716,229
1738969719,232
1738969722,237
1738969725,238
1738969728,226
1738969731,237
1738969735,239
1738969738,246
1738969741,246
1738969743,252
1738969746,252
1738969750,239
1738969753,238
1738969756,234
1738969756,None
1738969762,237
1738969765,232
1738969768,235
1738969771,248
1738969774,249
1738969778,255
1738969780,255
1738969783,236
1738969786,234
1738969789,232
1738969793,233
1738969793,None
1738969798,496
1738969801,504
1738969804,533
1738969808,933
1738969810,1671
1738969813,1664
1738969816,1659
1738969819,1661
1738969819,None
1738969826,1801
1738969826,None
1738969832,1912
1738969835,1922
1738969838,1872
1738969841,1647
1738969844,1069
1738969847,243
1738969850,237
1738969853,244
1738969856,247
1738969860,240
1738969862,245
1738969866,241
1738969869,245
1738969872,247
1738969874,245
1738969878,258
1738969881,258
1738969881,None
1738969887,322
1738969890,460
1738969893,406
1738969896,320
1738969899,359
1738969902,423
1738969905,502
1738969908,584
1738969908,None
1738969908,None
1738969917,814
1738969920,832
1738969923,852
1738969927,879
1738969929,907
1738969932,924
1738969935,946
1738969938,969
1738969941,981
1738969945,988
1738969948,985
1738969948,None
1738969954,997
1738969954,None
1738969960,1012
1738969963,1010
1738969966,1021
1738969969,1023
1738969972,1031
1738969975,1038
1738969978,1039
1738969981,1058
1738969984,1058
1738969987,1065
1738969991,1066
1738969991,None
1738969996,1076
1738969999,1084
1738970004,1087
1738970005,1107
1738970008,1196
1738970008,None
1738970015,1378
1738970018,1396
1738970021,1415
1738970024,1423
1738970024,None
1738970031,1451
1738970033,1459
1738970036,1476
1738970039,1489
1738970043,1502
1738970046,1522
1738970046,None
1738970051,1544
1738970054,1549
1738970057,1556
1738970061,1550
1738970064,1566
1738970067,1556
1738970070,1575
1738970072,1573
1738970076,1581
1738970079,1576
1738970082,1581
1738970085,1587
1738970088,1588
1738970091,1600
1738970094,1601
1738970097,1603
1738970100,1607
1738970103,1618
1738970106,1625
1738970110,1651
1738970113,1653
1738970116,1647
1738970119,1656
1738970122,1667
1738970125,1702
1738970127,1823
1738970131,1867
1738970134,1890
1738970134,None
1738970140,1904
1738970143,1917
1738970146,1930
1738970149,1945
1738970153,1963
1738970155,1975
1738970158,1980
1738970158,None
1738970164,1982
1738970168,1992
1738970170,1994
1738970174,1992
1738970176,2007
1738970179,2192
1738970182,2275
1738970185,2281
1738970188,2276
1738970191,2202
1738970194,2025
1738970197,2044
1738970201,2044
1738970204,2061
1738970206,2063
1738970206,None
1738970213,2216
1738970216,2329
1738970219,2322
1738970222,2345
1738970225,2253
1738970228,2108
1738970231,2115
1738970234,2110
1738970237,2118
1738970240,2128
1738970244,2037
1738970246,2016
1738970246,None
1738970252,2021
1738970255,2020
1738970259,2024
1738970262,2018
1738970265,2030
1738970268,2035
1738970268,None
1738970268,None
1738970277,2042
1738970281,2039
1738970281,None
1738970281,None
1738970289,2040
1738970292,2046
1738970295,2041
1738970298,2048
1738970298,None
1738970304,2047
1738970307,2059
1738970310,2048
1738970313,2047
1738970316,2058
1738970320,1946
1738970323,1938
1738970326,1927
1738970329,1927
1738970332,1927
1738970335,1927
1738970338,1920
1738970341,1920
1738970343,1927
1738970347,1919
1738970350,1920
1738970353,1920
1738970356,1917
1738970359,1920
1738970359,None
1738970365,1915
1738970368,1910
1738970371,1914
1738970375,1913
1738970378,1915
1738970380,1911
1738970384,1921
1738970386,1926
1738970390,1933
1738970393,1938
1738970396,1929
1738970399,1927
1738970402,1924
1738970405,1925
1738970408,1916
1738970411,1924
1738970411,None
1738970417,1916
1738970420,1928
1738970423,1923
1738970426,1913
1738970429,1921
1738970432,1927
1738970435,1919
1738970439,1912
1738970442,1922
1738970445,1926
1738970445,None
1738970451,1924
1738970454,1924
1738970457,1832
1738970460,1760
1738970463,1759
1738970466,1755
1738970469,1750
1738970472,1751
1738970475,1749
1738970479,1736
1738970481,1743
1738970484,1741
1738970488,1744
1738970491,1742
1738970494,1741
1738970497,1736
1738970499,1737
1738970503,1738
1738970506,1736
1738970509,1740
1738970512,1738
1738970515,1738
1738970518,1737
1738970521,1741
1738970524,1734
1738970527,1741
1738970530,1731
1738970533,1735
1738970536,1736
1738970539,1734
1738970543,1738
1738970543,None
1738970549,1731
1738970552,1735
1738970555,1733
1738970557,1731
1738970561,1729
1738970563,1737
1738970567,1725
1738970570,1728
1738970573,1736
1738970576,1763
1738970579,1876
1738970582,1900
1738970585,1898
1738970588,1907
1738970591,2155
1738970594,2157
1738970597,2155
1738970601,2163
1738970603,1934
1738970607,1906
1738970609,1915
1738970613,1912
1738970616,1913
1738970616,None
1738970623,1918
1738970625,1914
1738970628,1926
1738970631,1926
1738970634,1984
1738970637,2183
1738970640,2186
1738970643,2186
1738970643,None
1738970650,1935
1738970652,1933
1738970655,1926
1738970658,1935
1738970662,1931
1738970664,1927
1738970667,1942
1738970671,1930
1738970673,1928
1738970677,1932
1738970680,1943
1738970682,1950
1738970686,1934
1738970689,1942
1738970692,1943
1738970695,1935
1738970698,1932
1738970698,None
1738970704,1936
1738970708,1948
1738970710,1948
1738970713,1946
1738970716,1896
1738970719,1772
1738970722,1782
1738970726,1790
1738970728,1784
1738970732,1765
1738970734,1762
1738970738,1768
1738970741,1770
1738970744,1764
1738970747,1770
1738970750,1772
1738970753,1768
1738970756,1773
1738970759,1769
1738970762,1761
1738970765,1770
1738970768,1767
1738970771,1760
1738970774,1756
1738970777,1775
1738970777,None
1738970783,1748
1738970783,None
1738970789,1749
1738970793,1749
1738970795,1744
1738970798,1742
1738970802,1740
1738970805,1726
1738970808,1728
1738970811,1720
1738970814,1707
1738970817,1717
1738970820,1706
1738970823,1701
1738970826,1715
1738970829,1703
1738970832,1706
1738970835,1704
1738970839,1694
1738970841,1686
1738970845,1688
1738970848,1676
1738970851,1690
1738970854,1695
1738970857,1684
1738970857,None
1738970863,1687
1738970866,1698
1738970869,1695
1738970872,1690
1738970875,1705
1738970878,1696
1738970882,1703
1738970884,1695
1738970888,1699
1738970891,1702
1738970891,None
1738970897,1698
1738970899,1697
1738970902,1689
1738970906,1693
1738970909,1693
1738970912,1694
1738970915,1696
1738970917,1697
1738970921,1682
1738970924,1689
1738970927,1693
1738970930,1689
1738970933,1684
1738970937,1686
1738970940,1680
1738970943,1683
1738970946,1676
1738970948,1670
1738970951,1675
1738970954,1669
1738970958,1735
1738970961,1768
1738970964,1782
1738970966,1785
1738970970,1777
1738970973,1755
1738970976,1727
1738970979,1720
1738970982,1716
1738970984,1713
1738970988,1717
1738970991,1693
1738970994,1697
1738970997,1697
1738971000,1852
1738971003,1977
1738971003,None
1738971010,1988
1738971012,1959
1738971015,1741
1738971019,1748
1738971021,1739
1738971025,1741
1738971028,1745
1738971030,1737
1738971034,1733
1738971038,1725
1738971040,1725
1738971043,1718
1738971046,1721
1738971049,1721
1738971052,1712
1738971055,1844
1738971058,1988
1738971061,1984
1738971064,1993
1738971067,1821
1738971070,1737
1738971073,1735
1738971076,1765
1738971079,1792
1738971082,1799
1738971086,1800
1738971089,1795
1738971092,1805
1738971095,1802
1738971097,1792
1738971101,1809
1738971104,1804
1738971107,1793
1738971110,1796
1738971113,1801
1738971116,1793
1738971119,1794
1738971122,1796
1738971126,1802
1738971128,1799
1738971131,1802
1738971134,1807
1738971137,1808
1738971137,None
1738971143,1809
1738971143,None
1738971150,1822
1738971152,1825
1738971155,1805
1738971155,None
1738971162,1667
1738971162,None
1738971168,1658
1738971171,1661
1738971174,1651
1738971177,1655
1738971180,1660
1738971184,1646
1738971186,1659
1738971189,1654
1738971192,1643
1738971195,1650
1738971199,1649
1738971202,1646
1738971204,1646
1738971208,1644
1738971211,1627
1738971213,1628
1738971217,1629
1738971220,1634
1738971223,1625
1738971223,None
1738971229,1630
1738971232,1621
1738971235,1610
1738971238,1656
1738971241,1641
1738971244,1630
1738971247,1645
1738971247,None
1738971253,1631
1738971256,1635
1738971259,1636
1738971262,1639
1738971266,1621
1738971268,1622
1738971272,1620
1738971275,1610
1738971277,1697
1738971281,1816
1738971284,1818
1738971287,1821
1738971290,1826
1738971293,1828
1738971296,1830
1738971299,1830
1738971299,None
1738971305,1831
1738971308,1829
1738971311,1846
1738971314,1838
1738971317,1761
1738971321,1754
1738971324,1773
1738971326,1775
1738971330,1779
1738971332,1776
1738971335,1709
1738971339,1694
1738971342,1698
1738971345,1695
1738971348,1703
1738971351,1708
1738971351,None
1738971357,1715
1738971360,1720
1738971363,1742
1738971366,1745
1738971369,1736
1738971372,1844
1738971372,None
1738971372,None
1738971382,2005
1738971384,2005
1738971388,1765
1738971391,1751
1738971394,1755
1738971397,1755
1738971399,1754
1738971403,1757
1738971406,1757
1738971409,1765
1738971412,1764
1738971415,1759
1738971415,None
1738971421,1766
1738971424,1755
1738971427,1759
1738971430,1767
1738971433,1755
1738971436,1763
1738971436,None
1738971442,1757
1738971445,1768
1738971448,2024
1738971451,2018
1738971454,2008
1738971457,2006
1738971460,1820
1738971464,1766
1738971466,1760
1738971469,1754
1738971473,1753
1738971475,1765
1738971479,1760
1738971482,1767
1738971485,1770
1738971488,1765
1738971491,1772
1738971494,1770
1738971497,1719
1738971500,1679
1738971503,1671
1738971506,1660
1738971509,1688
1738971512,1684
1738971512,None
1738971512,None
1738971521,1684
1738971524,1679
1738971528,1681
1738971530,1689
1738971530,None
1738971536,1678
1738971540,1673
1738971543,1675
1738971546,1647
1738971549,1645
1738971552,1641
1738971555,1647
1738971558,1641
1738971561,1649
1738971564,1640
1738971567,1649
1738971570,1643
1738971570,None
1738971570,None
1738971579,1552
1738971582,1546
1738971585,1556
1738971588,1549
1738971591,1548
1738971595,1545
1738971597,1549
1738971601,1553
1738971603,1553
1738971607,1564
1738971610,1560
1738971613,1562
1738971616,1567
1738971619,1571
1738971622,1566
1738971625,1561
1738971628,1576
1738971631,1568
1738971634,1566
1738971637,1563
1738971640,1567
1738971643,1579
1738971646,1576
1738971649,1570
1738971652,1501
1738971656,1418
1738971659,1406
1738971662,1364
1738971664,1365
1738971668,1353
1738971671,1317
1738971671,None
1738971676,1300
1738971680,1291
1738971683,1228
1738971686,1199
1738971689,1185
1738971692,1152
1738971695,1135
1738971698,1071
1738971701,1023
1738971704,966
1738971707,978
1738971710,963
1738971713,934
1738971717,919
1738971719,912
1738971723,914
1738971726,905
1738971729,905
1738971732,903
1738971735,897
1738971738,896
1738971741,896
1738971744,891
1738971747,880
1738971751,882
1738971753,893
1738971756,880
1738971759,874
1738971762,921
1738971762,None
1738971769,1121
1738971772,1125
1738971774,1131
1738971778,901
1738971781,870
1738971784,867
1738971787,859
1738971790,868
1738971793,872
1738971797,865
1738971799,858
1738971802,868
1738971802,None
1738971809,860
1738971809,None
1738971814,861
1738971817,820
1738971820,786
1738971824,773
1738971826,761
1738971830,760
1738971833,764
1738971836,758
1738971838,758
1738971842,756
1738971845,757
1738971845,None
1738971851,753
1738971854,744
1738971854,None
1738971860,738
1738971864,748
1738971866,733
1738971869,742
1738971872,753
1738971875,762
1738971879,761
1738971879,None
1738971884,1018
1738971887,1010
1738971891,1015
1738971894,935
1738971896,761
1738971900,750
1738971903,751
1738971906,752
1738971909,755
1738971912,751
1738971915,765
1738971919,760
1738971921,755
1738971924,743
1738971927,746
1738971931,759
1738971933,761
1738971936,732
1738971939,694
1738971942,689
1738971946,674
1738971948,665
1738971951,652
1738971955,650
1738971958,642
1738971958,None
1738971964,641
1738971967,654
1738971967,None
1738971973,641
1738971976,642
1738971980,646
1738971982,641
1738971985,643
1738971988,643
1738971991,639
1738971994,644
1738971997,643
1738972000,643
1738972003,645
1738972007,638
1738972009,645
1738972013,641
1738972016,640
1738972019,645
1738972022,638
1738972025,635
1738972028,643
1738972031,642
1738972034,640
1738972037,646
1738972037,None
1738972043,676
1738972046,671
1738972049,642
1738972052,604
1738972056,598
1738972058,512
1738972062,464
1738972064,436
1738972067,428
1738972071,424
1738972073,415
1738972077,416
1738972080,421
1738972082,408
1738972082,None
1738972089,406
1738972092,411
1738972094,402
1738972098,399
1738972098,None
1738972104,401
1738972107,404
1738972110,397
1738972113,393
1738972116,399
1738972119,394
1738972122,398
1738972122,None
1738972128,393
1738972131,387
1738972134,396
1738972138,392
1738972140,390
1738972143,390
1738972147,385
1738972150,392
1738972153,385
1738972156,398
1738972159,464
1738972162,527
1738972165,647
1738972168,801
1738972171,808
1738972174,805
1738972174,None
1738972174,None
1738972183,563
1738972186,565
1738972189,568
1738972192,572
1738972195,567
1738972198,579
1738972202,574
1738972204,566
1738972208,581
1738972210,575
1738972210,None
1738972217,579
1738972220,583
1738972222,580
1738972226,585
1738972229,578
1738972232,579
1738972235,596
1738972238,587
1738972241,583
1738972244,575
1738972247,591
1738972247,None
1738972254,583
1738972256,588
1738972259,585
1738972263,592
1738972265,587
1738972268,590
1738972271,585
1738972275,698
1738972278,856
1738972281,851
1738972284,842
1738972287,670
1738972290,580
1738972293,577
1738972296,582
1738972299,578
1738972302,581
1738972302,None
1738972308,580
1738972311,582
1738972315,579
1738972317,583
1738972320,589
1738972323,576
1738972327,575
1738972330,589
1738972333,592
1738972336,586
1738972339,588
1738972341,582
1738972345,586
1738972348,599
1738972351,592
1738972354,588
1738972357,588
1738972360,589
1738972363,592
1738972366,594
1738972369,584
1738972372,597
1738972375,596
1738972378,588
1738972381,595
1738972384,599
1738972387,583
1738972391,602
1738972393,591
1738972397,597
1738972400,596
1738972403,591
1738972406,600
1738972409,589
1738972412,593
1738972415,596
1738972418,595
1738972423,592
1738972424,595
1738972428,595
1738972431,591
1738972433,601
1738972433,None
1738972439,586
1738972443,603
1738972446,589
1738972448,590
1738972452,588
1738972455,591
1738972458,594
1738972461,599
1738972463,591
1738972467,599
1738972470,592
1738972473,589
1738972476,595
1738972476,None
1738972482,596
1738972485,585
1738972488,602
1738972491,596
1738972494,589
1738972497,593
1738972500,599
1738972504,590
1738972506,597
1738972509,590
1738972512,594
1738972516,595
1738972519,585
1738972522,594
1738972525,594
1738972528,587
1738972531,598
1738972534,587
1738972534,None
1738972540,626
1738972543,624
1738972546,623
1738972549,619
1738972552,619
1738972555,618
1738972558,618
1738972561,611
1738972565,600
1738972568,584
1738972570,594
1738972574,591
1738972576,583
1738972579,605
1738972583,589
1738972586,586
1738972586,None
1738972586,None
1738972595,838
1738972598,839
1738972601,841
1738972604,711
1738972607,593
1738972611,592
1738972613,585
1738972617,578
1738972619,585
1738972622,589
1738972626,585
1738972629,582
1738972631,593
1738972631,None
1738972638,588
1738972641,582
1738972641,None
1738972647,575
1738972650,582
1738972653,582
1738972656,576
1738972659,584
1738972662,572
1738972665,583
1738972668,576
1738972671,579
1738972675,581
1738972677,576
1738972680,585
1738972683,579
1738972686,582
1738972690,801
1738972692,836
1738972696,835
1738972699,837
1738972701,595
1738972701,None
1738972708,580
1738972711,579
1738972713,572
1738972713,None
1738972720,573
1738972723,574
1738972726,577
1738972729,575
1738972732,575
1738972735,577
1738972738,568
1738972741,581
1738972744,581
1738972748,578
1738972750,578
1738972754,574
1738972756,583
1738972760,585
1738972763,598
1738972766,604
1738972769,599
1738972772,604
1738972775,600
1738972778,613
1738972781,624
1738972781,None
1738972788,643
1738972790,645
1738972793,648
1738972796,642
1738972796,None
1738972802,627
1738972805,636
1738972805,None
1738972812,639
1738972815,417
1738972817,270
1738972820,270
1738972820,None
1738972826,264
1738972829,259
1738972833,260
1738972836,273
1738972836,None
1738972842,267
1738972845,263
1738972848,252
1738972852,270
1738972852,None
1738972857,272
1738972860,259
1738972863,255
1738972866,243
1738972870,243
1738972870,None
1738972875,248
1738972879,236
1738972882,248
1738972885,204
1738972888,235
1738972891,269
1738972894,286
1738972894,None
1738972900,303
1738972903,283
1738972906,291
1738972910,284
1738972913,286
1738972915,315
1738972915,None
1738972921,308
1738972924,296
1738972928,293
1738972931,281
1738972934,282
1738972934,None
1738972940,273
1738972943,278
1738972946,270
1738972949,260
1738972952,271
1738972955,268
1738972958,265
1738972961,259
1738972964,265
1738972967,261
1738972970,262
1738972970,None
1738972977,260
1738972979,257
1738972983,246
1738972985,261
1738972988,259
1738972991,256
1738972995,267
1738972997,267
1738973000,268
1738973003,262
1738973006,262
1738973010,262
1738973013,265
1738973016,260
1738973019,265
1738973022,262
1738973025,253
1738973028,268
1738973031,307
1738973034,524
1738973038,526
1738973038,None
1738973043,513
1738973046,364
1738973046,None
1738973052,256
1738973055,248
1738973058,250
1738973062,251
1738973064,249
1738973068,514
1738973068,None
1738973074,505
1738973077,377
1738973080,255
1738973083,253
1738973086,263
1738973089,265
1738973092,255
1738973095,255
1738973098,259
1738973101,250
1738973104,255
1738973107,251
1738973110,246
1738973113,252
1738973116,255
1738973119,248
1738973119,None
1738973125,247
1738973128,247
1738973132,244
1738973134,241
1738973138,255
1738973141,263
1738973144,261
1738973146,257
1738973150,256
1738973153,254
1738973156,247
1738973156,None
1738973162,253
1738973165,248
1738973168,248
1738973171,272
1738973174,506
1738973177,509
1738973180,502
1738973183,501
1738973186,496
1738973189,507
1738973193,501
1738973196,499
1738973196,None
1738973202,515
1738973204,514
1738973208,504
1738973211,501
1738973214,498
1738973217,501
1738973220,496
1738973223,506
1738973226,501
1738973229,507
1738973232,504
1738973235,501
1738973238,462
1738973241,265
1738973244,276
1738973247,269
1738973250,280
1738973253,270
1738973257,278
1738973259,282
1738973263,285
1738973265,280
1738973268,271
1738973271,265
1738973274,257
1738973278,262
1738973281,262
1738973284,264
1738973286,263
1738973290,262
1738973293,270
1738973296,266
1738973299,261
1738973302,263
1738973305,264
1738973308,264
1738973311,264
1738973314,254
1738973317,260
1738973321,263
1738973323,252
1738973327,263
1738973329,258
1738973333,246
1738973335,261
1738973339,261
1738973341,255
1738973344,252
1738973347,256
1738973350,254
1738973353,250
1738973357,252
1738973360,250
1738973363,256
1738973365,254
1738973369,242
1738973372,249
1738973375,251
1738973375,None
1738973381,256
1738973384,245
1738973387,250
1738973387,None
1738973387,None
1738973396,250
1738973399,250
1738973403,252
1738973406,248
1738973408,248
1738973411,253
1738973414,245
1738973417,253
1738973420,244
1738973424,252
1738973426,245
1738973430,257
1738973430,None
1738973435,373
1738973439,503
1738973441,504
1738973445,506
1738973448,508
1738973451,435
1738973454,256
1738973457,251
1738973460,244
1738973463,260
1738973466,250
1738973466,None
1738973472,255
1738973475,257
1738973478,252
1738973481,255
1738973484,261
1738973487,249
1738973491,258
1738973493,254
1738973497,262
1738973499,255
1738973503,257
1738973505,256
1738973509,249
1738973512,255
1738973515,249
1738973518,255
1738973521,253
1738973524,255
1738973527,254
1738973530,252
1738973533,255
1738973536,256
1738973539,255
1738973542,253
1738973545,254
1738973545,None
1738973551,251
1738973554,251
1738973558,258
1738973560,252
1738973564,234
1738973567,234
1738973570,234
1738973572,232
1738973576,233
1738973579,239
1738973582,290
1738973585,242
1738973588,233
1738973591,240
1738973594,258
1738973598,493
1738973600,488
1738973603,487
1738973606,551
1738973609,466
1738973612,262
1738973615,266
1738973619,246
1738973622,253
1738973624,264
1738973627,242
1738973631,256
1738973634,245
1738973637,569
1738973640,861
1738973643,298
1738973646,245
1738973649,243
1738973652,566
1738973655,711
1738973658,250
1738973661,241
1738973664,242
1738973667,548
1738973671,730
1738973673,245
1738973677,235
1738973680,242
1738973684,850
1738973686,715
1738973689,243
1738973692,240
1738973695,239
1738973698,753
1738973701,717
1738973704,241
1738973707,239
1738973710,237
1738973714,845
1738973716,517
1738973719,236
1738973722,232
1738973726,328
1738973728,854
1738973732,525
1738973734,237
1738973734,None
1738973740,323
1738973744,859
1738973747,521
1738973750,241
1738973753,238
1738973756,328
1738973759,852
1738973762,523
1738973765,246
1738973768,236
1738973771,325
1738973774,845
1738973777,536
1738973780,236
1738973783,241
1738973786,520
1738973790,846
1738973792,324
1738973796,234
1738973798,235
1738973802,509
1738973804,834
1738973808,329
1738973811,233
1738973814,225
1738973817,499
1738973820,828
1738973823,329
1738973826,226
1738973829,225
1738973832,486
1738973835,827
1738973838,339
1738973841,223
1738973844,223
1738973847,678
1738973850,750
1738973853,220
1738973856,250
1738973860,255
1738973863,701
1738973866,783
1738973869,247
1738973872,250
1738973875,235
1738973878,665
1738973881,764
1738973884,466
1738973887,489
1738973890,516
1738973893,1078
1738973896,576
1738973900,312
1738973902,479
1738973906,509
1738973908,1074
1738973911,827
1738973915,295
1738973918,229
1738973920,250
1738973924,824
1738973927,584
1738973929,225
1738973933,225
1738973936,446
1738973939,825
1738973942,585
1738973945,229
1738973948,230
1738973951,249
1738973954,829
1738973957,582
1738973960,240
1738973963,231
1738973967,438
1738973969,825
1738973972,390
1738973975,237
1738973978,236
1738973982,446
1738973985,834
1738973988,387
1738973990,226
1738973994,226
1738973997,444
1738974000,773
1738974003,374
1738974006,232
1738974010,244
1738974012,658
1738974015,828
1738974018,228
1738974021,226
1738974024,225
1738974027,659
1738974030,774
1738974034,230
1738974037,230
1738974037,None
1738974042,665
1738974046,770
1738974049,236
1738974052,229
1738974055,233
1738974058,838
1738974061,769
1738974064,224
1738974067,236
1738974071,263
1738974073,660
1738974076,567
1738974079,245
1738974083,232
1738974085,268
1738974089,824
1738974091,568
1738974094,235
1738974098,223
1738974100,260
1738974103,815
1738974106,563
1738974110,220
1738974113,226
1738974116,249
1738974118,815
1738974121,560
1738974121,None
1738974128,219
1738974131,446
1738974131,None
1738974137,566
1738974140,218
1738974143,219
1738974146,439
1738974149,818
1738974153,368
1738974153,None
1738974159,221
1738974161,435
1738974161,None
1738974167,372
1738974170,221
1738974173,221
1738974177,433
1738974180,819
1738974183,381
1738974186,222
1738974189,225
1738974192,433
1738974195,778
1738974198,224
1738974201,220
1738974204,225
1738974207,624
1738974211,586
1738974213,367
1738974217,480
1738974219,475
1738974223,879
1738974225,846
1738974228,225
1738974232,219
1738974235,226
1738974237,223
1738974237,None
1738974244,223
1738974247,222
1738974250,226
1738974253,220
1738974256,225
1738974259,222
1738974262,217
1738974265,226
1738974268,221
1738974271,223
1738974274,219
1738974274,None
1738974280,425
1738974283,478
1738974286,472
1738974289,478
1738974292,464
1738974295,223
1738974298,236
1738974301,227
1738974304,236
1738974307,232
1738974311,238
1738974311,None
1738974317,231
1738974320,238
1738974323,234
1738974326,240
1738974329,239
1738974332,236
1738974335,238
1738974338,233
1738974341,239
1738974343,226
1738974347,242
1738974350,231
1738974353,231
1738974356,233
1738974359,233
1738974362,233
1738974365,234
1738974368,234
1738974371,239
1738974374,238
1738974377,231
1738974380,239
1738974384,235
1738974387,229
1738974389,226
1738974393,219
1738974396,225
1738974399,222
1738974402,226
1738974404,222
1738974408,220
1738974411,224
1738974414,225
1738974417,224
1738974420,222
1738974424,231
1738974426,242
1738974430,238
1738974432,241
1738974435,239
1738974439,237
1738974441,246
1738974444,242
1738974448,235
1738974450,228
1738974454,236
1738974457,236
1738974460,231
1738974463,237
1738974466,227
1738974469,242
1738974472,229
1738974472,None
1738974478,230
1738974481,237
1738974484,231
1738974487,232
1738974490,233
1738974493,235
1738974496,232
1738974499,255
1738974502,491
1738974506,489
1738974509,489
1738974512,488
1738974515,486
1738974518,274
1738974521,226
1738974524,241
1738974527,228
1738974530,225
1738974533,234
1738974536,230
1738974539,233
1738974542,228
1738974545,235
1738974548,230
1738974552,227
1738974552,None
1738974557,227
1738974561,217
1738974564,226
1738974566,233
1738974569,224
1738974572,232
1738974576,231
1738974579,220
1738974582,231
1738974585,235
1738974588,230
1738974591,239
1738974594,234
1738974594,None
1738974600,234
1738974603,232
1738974606,233
1738974609,232
1738974612,236
1738974615,234
1738974619,233
1738974621,234
1738974624,230
1738974627,240
1738974631,228
1738974634,237
1738974636,235
1738974639,234
1738974643,250
1738974646,248
1738974648,253
1738974651,255
1738974655,254
1738974658,257
1738974660,253
1738974664,254
1738974667,259
1738974670,255
1738974673,256
1738974676,259
1738974679,248
1738974682,255
1738974685,264
1738974688,255
1738974691,250
1738974694,246
1738974697,259
1738974700,238
1738974704,234
1738974706,232
1738974709,238
1738974712,352
1738974716,488
1738974719,486
1738974721,486
1738974725,375
1738974725,None
1738974731,230
1738974733,236
1738974737,241
1738974740,235
1738974743,230
1738974743,None
1738974749,238
1738974752,232
1738974755,240
1738974758,234
1738974761,231
1738974764,237
1738974768,238
1738974770,235
1738974773,238
1738974776,238
1738974780,232
1738974782,238
1738974785,240
1738974789,227
1738974792,243
1738974795,238
1738974798,234
1738974801,282
1738974804,285
1738974804,None
1738974810,265
1738974813,260
1738974816,261
1738974819,252
1738974819,None
1738974825,237
1738974828,238
1738974831,237
1738974834,240
1738974837,238
1738974840,230
1738974843,441
1738974846,496
1738974850,501
1738974852,495
1738974856,493
1738974859,237
1738974862,237
1738974865,235
1738974868,238
1738974871,234
1738974874,241
1738974877,231
1738974880,235
1738974883,241
1738974886,236
1738974890,1176
1738974893,1337
1738974895,1323
1738974898,1331
1738974901,1329
1738974905,1329
1738974907,1326
1738974911,1324
1738974914,1327
1738974917,1326
1738974920,1322
1738974923,1323
1738974926,1317
1738974929,1318
1738974932,1319
1738974935,1317
1738974935,None
1738974941,1314
1738974944,1326
1738974944,None
1738974950,1317
1738974954,1324
1738974956,668
1738974960,997
1738974962,1134
1738974965,1132
1738974968,1137
1738974972,1135
1738974975,1137
1738974977,1132
1738974981,1134
1738974984,1140
1738974984,None
1738974990,1145
1738974994,1136
1738974996,1141
1738974999,1150
1738975002,1131
1738975005,1133
1738975008,1134
1738975011,1148
1738975014,1140
1738975017,1136
1738975021,1142
1738975023,1135
1738975023,None
1738975029,1142
1738975032,1136
1738975032,None
1738975032,None
1738975042,1132
1738975044,1132
1738975048,1137
1738975050,1136
1738975054,1129
1738975057,1133
1738975060,1125
1738975063,1133
1738975066,1128
1738975069,1130
1738975072,1129
1738975075,1132
1738975078,1132
1738975081,1129
1738975084,1284
1738975087,1383
1738975090,1379
1738975094,1374
1738975096,1379
1738975100,1130
1738975102,1135
1738975102,None
1738975109,1137
1738975112,1129
1738975115,1134
1738975118,1135
1738975121,1128
1738975124,1133
1738975127,1126
1738975130,1134
1738975133,1126
1738975136,1136
1738975139,1127
1738975139,None
1738975145,1133
1738975148,1126
1738975152,1132
1738975152,None
1738975158,1129
1738975161,1127
1738975164,1133
1738975164,None
1738975170,1122
1738975173,1126
1738975176,1122
1738975179,1118
1738975182,1118
1738975185,1123
1738975188,1126
1738975191,1115
1738975194,1123
1738975197,1123
1738975200,1121
1738975203,1125
1738975206,1132
1738975209,1119
1738975212,1117
1738975215,1116
1738975218,1119
1738975221,1118
1738975225,1125
1738975225,None
1738975225,None
1738975233,1380
1738975236,1373
1738975240,1382
1738975243,1219
1738975246,1120
1738975249,1126
1738975252,1128
1738975255,1112
1738975258,1114
1738975261,1127
1738975264,1117
1738975267,1120
1738975270,1022
1738975273,968
1738975277,978
1738975277,None
1738975282,967
1738975282,None
1738975289,979
1738975292,973
1738975295,967
1738975298,964
1738975301,977
1738975301,None
1738975301,None
1738975311,966
1738975313,958
1738975316,985
1738975319,980
1738975322,972
1738975325,972
1738975329,971
1738975331,977
1738975331,None
1738975337,973
1738975341,965
1738975343,971
1738975346,975
1738975350,972
1738975353,970
1738975356,975
1738975358,979
1738975362,968
1738975364,979
1738975368,976
1738975371,972
1738975374,925
1738975378,1122
1738975380,1118
1738975384,889
1738975386,299
1738975389,237
1738975392,688
1738975395,1120
1738975398,1122
1738975401,886
1738975404,237
1738975407,236
1738975407,None
1738975407,None
1738975417,1120
1738975420,747
1738975423,1117
1738975426,1128
1738975429,1120
1738975432,313
1738975435,230
1738975438,234
1738975438,None
1738975444,1123
1738975444,None
1738975450,320
1738975453,238
1738975456,233
1738975459,228
1738975462,950
1738975465,1124
1738975469,1123
1738975471,1028
1738975475,1122
1738975477,1120
1738975481,635
1738975484,229
1738975487,462
1738975490,1168
1738975493,1365
1738975496,1364
1738975499,646
1738975502,677
1738975505,1265
1738975508,1258
1738975512,1250
1738975514,421
1738975518,363
1738975520,1260
1738975524,1259
1738975527,1259
1738975529,421
1738975532,361
1738975536,1257
1738975539,1253
1738975542,1068
1738975545,279
1738975548,280
1738975551,270
1738975554,282
1738975557,283
1738975560,275
1738975563,282
1738975566,276
1738975569,275
1738975572,277
1738975576,278
1738975579,275
1738975582,278
1738975584,282
1738975587,274
1738975587,None
1738975593,280
1738975597,275
1738975600,279
1738975603,271
1738975606,276
1738975609,275
1738975612,277
1738975615,276
1738975618,271
1738975621,273
1738975621,None
1738975627,1009
1738975630,396
1738975633,278
1738975636,292
1738975636,None
1738975642,536
1738975645,537
1738975648,511
1738975652,281
1738975654,274
1738975658,279
1738975660,272
1738975664,280
1738975667,276
1738975670,275
1738975673,271
1738975676,276
1738975679,278
1738975682,272
1738975685,274
1738975688,277
1738975691,275
1738975691,None
1738975697,273
1738975697,None
1738975703,270
1738975707,273
1738975710,563
1738975712,1010
1738975715,410
1738975718,275
1738975721,275
1738975725,275
1738975727,272
1738975731,274
1738975734,277
1738975737,264
1738975740,279
1738975743,267
1738975746,279
1738975749,277
1738975752,269
1738975755,279
1738975758,274
1738975761,272
1738975764,275
1738975767,268
1738975767,None
1738975774,272
1738975776,279
1738975780,273
1738975783,267
1738975786,266
1738975789,279
1738975792,287
1738975795,280
1738975795,None
1738975801,270
1738975804,586
1738975807,1066
1738975810,409
1738975813,513
1738975817,531
1738975820,852
1738975823,1281
1738975825,410
1738975829,266
1738975832,284
1738975835,585
1738975835,None
1738975841,243
1738975844,217
1738975844,None
1738975850,504
1738975853,860
1738975856,192
1738975859,196
1738975863,198
1738975865,501
1738975869,872
1738975871,195
1738975874,225
1738975877,238
1738975881,821
1738975884,901
1738975887,200
1738975890,197
1738975892,195
1738975895,197
1738975899,233
1738975902,238
1738975905,244
1738975908,239
1738975911,245
1738975911,None
1738975917,244
1738975920,240
1738975923,235
1738975926,240
1738975930,232
1738975932,248
1738975935,241
1738975938,239
1738975941,237
1738975941,None
1738975948,240
1738975950,239
1738975954,234
1738975956,237
1738975960,235
1738975963,240
1738975966,239
1738975969,239
1738975972,235
1738975975,250
1738975978,201
1738975981,194
1738975984,196
1738975987,194
1738975990,726
1738975993,901
1738975997,197
1738975999,191
1738976002,200
1738976005,192
1738976008,231
1738976012,241
1738976015,242
1738976018,224
1738976022,460
1738976024,461
1738976027,459
1738976031,283
1738976033,197
1738976036,200
1738976040,203
1738976042,201
1738976042,None
1738976048,235
1738976051,250
1738976054,248
1738976057,239
1738976061,239
1738976063,244
1738976067,238
1738976070,243
1738976073,238
1738976076,243
1738976079,243
1738976082,236
1738976085,241
1738976088,235
1738976091,245
1738976094,501
1738976097,1038
1738976100,441
1738976103,238
1738976106,240
1738976109,240
1738976113,240
1738976115,242
1738976119,240
1738976122,241
1738976125,199
1738976128,191
1738976130,200
1738976134,189
1738976134,None
1738976140,397
1738976143,456
1738976145,451
1738976149,388
1738976152,203
1738976152,None
1738976158,243
1738976161,246
1738976164,204
1738976167,202
1738976170,198
1738976173,196
1738976176,205
1738976176,None
1738976182,196
1738976185,198
1738976188,194
1738976188,None
1738976194,229
1738976197,242
1738976201,746
1738976203,982
1738976207,247
1738976209,238
1738976209,None
1738976216,239
1738976219,245
1738976222,239
1738976225,237
1738976228,239
1738976231,241
1738976234,240
1738976237,239
1738976240,240
1738976243,238
1738976246,245
1738976249,237
1738976253,241
1738976255,241
1738976258,241
1738976261,241
1738976264,239
1738976268,243
1738976271,242
1738976274,210
1738976277,188
1738976280,200
1738976283,188
1738976286,202
1738976289,192
1738976292,196
1738976295,196
1738976298,193
1738976301,196
1738976305,444
1738976307,1039
1738976311,239
1738976313,225
1738976316,199
1738976319,194
1738976322,199
1738976325,195
1738976329,191
1738976332,195
1738976335,195
1738976338,199
1738976341,196
1738976344,226
1738976347,240
1738976347,None
1738976353,231
1738976356,234
1738976359,241
1738976362,233
1738976365,241
1738976368,241
1738976368,None
1738976374,243
1738976374,None
1738976380,238
1738976384,246
1738976386,263
1738976389,258
1738976393,249
1738976396,250
1738976399,262
1738976399,None
1738976405,245
1738976408,248
1738976411,374
1738976414,495
1738976417,464
1738976420,478
1738976424,317
1738976426,200
1738976430,208
1738976432,208
1738976435,219
1738976439,208
1738976439,None
1738976445,240
1738976447,258
1738976447,None
1738976454,235
1738976457,375
1738976460,522
1738976463,502
1738976466,511
1738976469,482
1738976472,270
1738976475,216
1738976478,203
1738976481,215
1738976484,224
1738976487,203
1738976490,197
1738976494,222
1738976497,216
1738976499,198
1738976503,209
1738976506,266
1738976509,261
1738976511,226
1738976515,194
1738976518,209
1738976521,208
1738976524,186
1738976527,191
1738976530,211
1738976530,None
1738976536,141
1738976539,148
1738976543,164
1738976545,160
1738976548,145
1738976551,144
1738976555,163
1738976558,155
1738976560,150
1738976564,148
1738976566,151
1738976570,144
1738976573,165
1738976575,165
1738976578,140
1738976581,146
1738976585,160
1738976588,163
1738976591,144
1738976594,147
1738976594,None
1738976600,165
1738976603,142
1738976606,148
1738976609,161
1738976612,161
1738976615,145
1738976618,146
1738976622,165
1738976624,161
1738976624,None
1738976624,None
1738976633,165
1738976636,161
1738976639,138
1738976643,147
1738976645,170
1738976649,147
1738976652,142
1738976654,149
1738976658,167
1738976661,150
1738976663,143
1738976667,150
1738976670,158
1738976673,153
1738976676,137
1738976679,147
1738976682,156
1738976685,150
1738976688,139
1738976691,147
1738976695,161
1738976697,144
1738976700,144
1738976703,141
1738976706,165
1738976710,141
1738976713,138
1738976715,142
1738976718,158
1738976722,139
1738976725,137
1738976728,148
1738976731,161
1738976734,138
1738976737,144
1738976740,153
1738976743,156
1738976746,150
1738976749,138
1738976752,155
1738976755,156
1738976758,142
1738976761,138
1738976764,160
1738976764,None
1738976771,139
1738976774,133
1738976776,165
1738976780,161
1738976783,138
1738976786,138
1738976789,159
1738976792,153
1738976795,141
1738976798,139
1738976801,204
1738976804,204
1738976808,182
1738976808,None
1738976813,202
1738976816,298
1738976816,None
1738976822,397
1738976825,446
1738976825,None
1738976832,182
1738976834,194
1738976837,209
1738976840,163
1738976843,133
1738976846,151
1738976850,187
1738976852,190
1738976856,183
1738976859,195
1738976862,292
1738976865,417
1738976868,387
1738976871,412
1738976874,272
1738976877,144
1738976880,134
1738976883,163
1738976886,155
1738976889,140
1738976892,139
1738976896,161
1738976898,158
1738976901,142
1738976905,141
1738976908,161
1738976911,143
1738976914,131
1738976917,155
1738976920,157
1738976923,139
1738976926,135
1738976929,163
1738976932,152
1738976932,None
1738976938,142
1738976941,167
1738976945,135
1738976947,139
1738976950,151
1738976953,167
1738976956,143
1738976960,134
1738976963,158
1738976966,153
1738976969,143
1738976972,144
1738976975,166
1738976978,145
1738976981,138
1738976984,162
1738976987,210
1738976990,179
1738976993,187
1738976996,206
1738976999,188
1738977003,136
1738977005,142
1738977008,170
1738977011,200
1738977014,178
1738977018,194
1738977021,204
1738977024,169
1738977027,146
1738977030,154
1738977033,151
1738977036,184
1738977039,194
1738977042,204
1738977045,190
1738977048,183
1738977051,146
1738977054,165
1738977057,144
1738977061,135
1738977063,150
1738977066,156
1738977069,136
1738977073,130
1738977076,142
1738977078,152
1738977082,135
1738977084,133
1738977088,138
1738977091,156
1738977094,137
1738977096,132
1738977100,139
1738977103,155
1738977106,131
1738977109,135
1738977112,146
1738977115,150
1738977118,128
1738977121,132
1738977124,145
1738977128,142
1738977131,132
1738977134,141
1738977136,142
1738977140,148
1738977142,141
1738977145,132
1738977148,146
1738977152,157
1738977155,134
1738977158,127
1738977161,154
1738977164,143
1738977167,130
1738977170,161
1738977173,192
1738977176,186
1738977179,174
1738977182,179
1738977185,169
1738977188,142
1738977191,125
1738977194,152
1738977197,292
1738977200,434
1738977203,427
1738977206,447
1738977209,339
1738977212,130
1738977212,None
1738977219,150
1738977222,141
1738977225,131
1738977228,139
1738977231,157
1738977234,137
1738977237,137
1738977240,218
1738977243,407
1738977246,396
1738977249,386
1738977252,315
1738977255,159
1738977258,132
1738977261,134
1738977264,141
1738977267,154
1738977270,138
1738977274,126
1738977276,140
1738977279,160
1738977283,123
1738977285,130
1738977289,152
1738977292,139
1738977295,136
1738977298,129
1738977301,191
1738977304,187
1738977307,176
1738977310,182
1738977313,197
1738977316,142
1738977319,129
1738977322,133
1738977325,183
1738977329,176
1738977331,172
1738977334,167
1738977337,151
1738977340,136
1738977344,127
1738977346,146
1738977350,143
1738977353,129
1738977356,134
1738977359,151
1738977362,150
1738977365,157
1738977365,None
1738977371,253
1738977374,256
1738977377,242
1738977380,233
1738977383,244
1738977386,248
1738977386,None
1738977393,231
1738977395,241
1738977398,238
1738977398,None
1738977405,224
1738977407,237
1738977411,232
1738977414,214
1738977416,248
1738977420,271
1738977423,261
1738977426,248
1738977429,236
1738977432,218
1738977435,211
1738977438,198
1738977441,246
1738977444,261
1738977447,256
1738977450,214
1738977453,210
1738977457,212
1738977459,206
1738977463,196
1738977465,206
1738977469,221
1738977472,204
1738977474,198
1738977478,210
1738977481,214
1738977484,206
1738977487,193
1738977490,212
1738977493,216
1738977496,201
1738977500,201
1738977503,214
1738977505,220
1738977508,199
1738977512,198
1738977515,216
1738977518,214
1738977520,196
1738977524,196
1738977526,212
1738977530,211
1738977532,204
1738977536,196
1738977539,215
1738977542,393
1738977542,None
1738977548,493
1738977551,515
1738977551,None
1738977558,200
1738977560,200
1738977563,219
1738977566,255
1738977569,247
1738977573,241
1738977575,262
1738977578,246
1738977581,200
1738977584,206
1738977588,213
1738977591,211
1738977593,198
1738977597,199
1738977600,221
1738977603,207
1738977606,197
1738977609,198
1738977612,215
1738977615,201
1738977618,200
1738977621,191
1738977624,219
1738977627,211
1738977630,194
1738977633,206
1738977636,214
1738977639,210
1738977642,201
1738977642,None
1738977648,346
1738977652,454
1738977654,454
1738977657,463
1738977661,217
1738977664,201
1738977667,199
1738977669,204
1738977673,220
1738977676,202
1738977679,205
1738977682,257
1738977685,256
1738977689,245
1738977691,237
1738977694,249
1738977697,217
1738977700,204
1738977703,205
1738977706,238
1738977710,218
1738977712,194
1738977716,197
1738977718,207
1738977722,211
1738977725,198
1738977727,195
1738977731,218
1738977734,217
1738977737,197
1738977740,199
1738977743,217
1738977743,None
1738977749,194
1738977753,203
1738977755,216
1738977758,213
1738977761,204
1738977764,194
1738977768,260
1738977770,251
1738977773,237
1738977776,243
1738977776,None
1738977783,215
1738977786,200
1738977788,196
1738977792,231
1738977795,252
1738977798,244
1738977801,244
1738977804,265
1738977807,228
1738977811,196
1738977813,195
1738977816,225
1738977819,198
1738977823,203
1738977825,198
1738977828,217
1738977831,205
1738977831,None
1738977838,210
1738977841,212
1738977844,203
1738977847,205
1738977850,208
1738977853,214
1738977856,195
1738977859,205
1738977862,213
1738977862,None
1738977868,200
1738977871,196
1738977874,220
1738977877,219
1738977880,198
1738977883,186
1738977886,211
1738977889,221
1738977889,None
1738977896,192
1738977899,214
1738977902,213
1738977905,201
1738977908,188
1738977911,214
1738977914,222
1738977917,189
1738977920,202
1738977923,210
1738977926,222
1738977929,422
1738977932,500
1738977935,515
1738977938,513
1738977941,492
1738977944,203
1738977948,217
1738977950,213
1738977954,239
1738977957,247
1738977960,262
1738977963,254
1738977966,211
1738977969,203
1738977972,215
1738977972,None
1738977978,196
1738977981,206
1738977984,210
1738977987,208
1738977990,198
1738977993,197
1738977996,222
1738977999,197
1738978002,200
1738978006,199
1738978009,217
1738978012,203
1738978015,200
1738978018,205
1738978021,289
1738978024,455
1738978027,465
1738978030,474
1738978033,310
1738978036,199
1738978039,202
1738978043,203
1738978045,214
1738978048,199
1738978052,216
1738978055,223
1738978058,225
1738978061,198
1738978064,194
1738978067,201
1738978070,207
1738978073,195
1738978076,198
1738978079,255
1738978082,248
1738978085,239
1738978088,242
1738978091,251
1738978094,210
1738978097,194
1738978100,199
1738978103,245
1738978107,249
1738978109,235
1738978112,197
1738978115,213
1738978115,None
1738978122,191
1738978124,200
1738978128,215
1738978131,208
1738978134,192
1738978137,198
1738978140,209
1738978143,209
1738978146,278
1738978149,457
1738978152,475
1738978155,470
1738978158,456
1738978161,455
1738978164,476
1738978167,457
1738978171,455
1738978174,460
1738978174,None
1738978180,454
1738978183,453
1738978186,461
1738978189,470
1738978192,462
1738978195,454
1738978198,453
1738978201,506
1738978204,501
1738978207,490
1738978210,503
1738978213,515
1738978217,450
1738978219,449
1738978222,448
1738978225,505
1738978228,501
1738978232,501
1738978234,510
1738978237,526
1738978240,484
1738978244,456
1738978246,473
1738978250,478
1738978253,459
1738978256,455
1738978259,471
1738978262,467
1738978265,453
1738978268,466
1738978271,457
1738978274,458
1738978277,445
1738978280,444
1738978283,453
1738978286,455
1738978289,441
1738978292,447
1738978295,456
1738978298,458
1738978298,None
1738978304,446
1738978308,461
1738978310,454
1738978313,442
1738978317,439
1738978319,455
1738978323,553
1738978326,708
1738978329,729
1738978332,762
1738978335,667
1738978338,485
1738978341,486
1738978344,509
1738978348,485
1738978350,487
1738978353,487
1738978357,504
1738978360,512
1738978363,540
1738978366,537
1738978369,543
1738978372,509
1738978375,490
1738978378,475
1738978381,493
1738978384,465
1738978387,472
1738978390,467
1738978390,None
1738978396,458
1738978396,None
1738978402,460
1738978405,469
1738978408,451
1738978412,454
1738978414,464
1738978417,303
1738978421,185
1738978424,189
1738978427,199
1738978430,206
1738978433,182
1738978436,182
1738978439,201
1738978442,204
1738978445,184
1738978448,183
1738978451,200
1738978454,198
1738978457,201
1738978460,232
1738978463,243
1738978467,236
1738978469,240
1738978473,207
1738978475,207
1738978479,196
1738978482,211
1738978485,244
1738978488,262
1738978491,246
1738978494,230
1738978497,210
1738978500,202
1738978503,211
1738978506,206
1738978509,205
1738978512,219
1738978512,None
1738978518,195
1738978522,208
1738978524,215
1738978528,200
1738978530,202
1738978534,203
1738978536,221
1738978539,199
1738978543,202
1738978546,202
1738978549,213
1738978552,208
1738978555,189
1738978558,198
1738978561,220
1738978561,None
1738978567,215
1738978567,None
1738978573,259
1738978576,249
1738978579,233
1738978582,243
1738978582,None
1738978588,203
1738978591,189
1738978594,204
1738978597,215
1738978600,199
1738978603,226
1738978606,229
1738978609,250
1738978612,221
1738978616,218
1738978619,224
1738978622,221
1738978625,187
1738978628,229
1738978631,249
1738978634,264
1738978637,243
1738978640,236
1738978643,218
1738978646,214
1738978650,200
1738978652,205
1738978655,246
1738978658,268
1738978658,None
1738978664,496
1738978667,456
1738978671,468
1738978673,454
1738978676,204
1738978679,216
1738978682,218
1738978685,198
1738978688,195
1738978692,209
1738978694,381
1738978698,452
1738978701,456
1738978704,465
1738978704,None
1738978710,199
1738978710,None
1738978710,None
1738978719,200
1738978723,199
1738978723,None
1738978728,224
1738978731,202
1738978734,199
1738978737,215
1738978741,214
1738978743,207
1738978746,202
1738978750,212
1738978752,227
1738978756,201
1738978759,208
1738978761,215
1738978761,None
1738978768,195
1738978771,199
1738978774,217
1738978777,220
1738978780,198
1738978783,204
1738978786,242
1738978789,269
1738978792,242
1738978795,248
1738978798,258
1738978798,None
1738978804,197
1738978807,199
1738978810,223
1738978814,208
1738978816,207
1738978820,223
1738978823,251
1738978826,236
1738978826,None
1738978832,226
1738978835,248
1738978838,239
1738978841,218
1738978841,None
1738978847,249
1738978850,239
1738978853,230
1738978856,224
1738978859,250
1738978863,222
1738978865,218
1738978868,224
1738978872,252
1738978874,230
1738978877,222
1738978880,219
1738978883,287
1738978887,279
1738978890,246
1738978893,247
1738978893,None
1738978899,192
1738978902,192
1738978905,208
1738978908,258
1738978911,241
1738978914,238
1738978917,247
1738978917,None
1738978923,199
1738978926,191
1738978929,205
1738978932,216
1738978935,195
1738978938,198
1738978941,206
1738978945,217
1738978947,205
1738978950,196
1738978954,210
1738978957,223
1738978960,204
1738978963,202
1738978966,212
1738978969,222
1738978972,201
1738978975,203
1738978978,216
1738978981,426
1738978984,461
1738978987,468
1738978991,485
1738978993,460
1738978996,207
1738978999,206
1738979002,217
1738979005,210
1738979008,201
1738979011,194
1738979015,222
1738979018,218
1738979021,200
1738979024,202
1738979027,222
1738979030,218
1738979033,202
1738979036,199
1738979039,225
1738979042,210
1738979045,208
1738979048,198
1738979051,229
1738979054,211
1738979057,192
1738979060,207
1738979063,263
1738979066,259
1738979069,239
1738979073,251
1738979075,257
1738979078,210
1738979082,200
1738979085,214
1738979088,266
1738979091,251
1738979094,244
1738979097,255
1738979100,276
1738979103,396
1738979103,None
1738979109,457
1738979112,471
1738979115,293
1738979119,202
1738979121,204
1738979124,226
1738979127,208
1738979130,203
1738979133,209
1738979133,None
1738979140,199
1738979143,196
1738979146,209
1738979149,232
1738979151,202
1738979155,198
1738979158,204
1738979161,227
1738979164,202
1738979167,202
1738979170,219
1738979173,225
1738979176,201
1738979179,199
1738979182,222
1738979185,216
1738979189,202
1738979192,203
1738979194,219
1738979198,217
1738979201,204
1738979204,202
1738979206,220
1738979210,217
1738979213,201
1738979216,201
1738979219,220
1738979222,221
1738979225,200
1738979228,201
1738979231,217
1738979234,218
1738979237,194
1738979240,198
1738979243,258
1738979246,260
1738979249,242
1738979252,241
1738979255,252
1738979258,201
1738979261,201
1738979265,210
1738979267,243
1738979271,209
1738979273,196
1738979276,210
1738979279,218
1738979283,202
1738979286,195
1738979288,203
1738979292,226
1738979295,201
1738979298,195
1738979301,210
1738979304,226
1738979307,209
1738979310,197
1738979313,199
1738979316,219
1738979319,212
1738979322,196
1738979325,217
1738979329,221
1738979331,194
1738979335,188
1738979338,243
1738979338,None
1738979343,243
1738979347,243
1738979350,255
1738979353,234
1738979356,206
1738979356,None
1738979356,None
1738979365,263
1738979368,248
1738979371,337
1738979374,514
1738979377,498
1738979380,466
1738979383,276
1738979386,209
1738979389,215
1738979392,200
1738979395,203
1738979398,220
1738979401,219
1738979405,194
1738979408,203
1738979411,212
1738979414,222
1738979417,193
1738979420,197
1738979423,218
1738979426,213
1738979429,200
1738979432,199
1738979435,221
1738979438,209
1738979441,203
1738979444,190
1738979447,224
1738979450,211
1738979453,202
1738979456,193
1738979460,220
1738979462,217
1738979466,197
1738979468,197
1738979472,222
1738979475,201
1738979475,None
1738979481,465
1738979484,474
1738979487,456
1738979490,328
1738979493,206
1738979496,228
1738979499,207
1738979502,194
1738979505,194
1738979508,221
1738979511,209
1738979514,188
1738979517,198
1738979520,217
1738979523,213
1738979527,208
1738979529,241
1738979532,272
1738979535,246
1738979538,240
1738979542,232
1738979544,218
1738979547,201
1738979551,211
1738979554,254
1738979557,267
1738979560,247
1738979563,208
1738979566,210
1738979569,219
1738979572,206
1738979575,204
1738979579,218
1738979581,223
1738979584,208
1738979587,205
1738979590,179
1738979593,170
1738979596,145
1738979599,141
1738979602,161
1738979606,159
1738979609,148
1738979612,141
1738979615,161
1738979618,157
1738979621,139
1738979624,142
1738979624,None
1738979630,166
1738979633,136
1738979636,147
1738979639,157
1738979643,153
1738979645,141
1738979648,149
1738979651,160
1738979654,157
1738979657,134
1738979660,139
1738979663,160
1738979666,158
1738979669,147
1738979673,146
1738979676,154
1738979679,139
1738979682,128
1738979685,132
1738979687,153
1738979691,156
1738979694,186
1738979697,191
1738979700,205
1738979703,216
1738979706,208
1738979709,298
1738979712,460
1738979716,447
1738979718,444
1738979721,411
1738979724,190
1738979728,164
1738979731,170
1738979733,168
1738979737,164
1738979739,147
1738979743,167
1738979746,165
1738979749,142
1738979753,151
1738979755,146
1738979758,154
1738979761,157
1738979764,151
1738979764,None
1738979770,147
1738979773,148
1738979776,145
1738979779,143
1738979782,141
1738979785,140
1738979788,139
1738979792,141
1738979794,140
1738979798,142
1738979801,143
1738979803,139
1738979806,146
1738979809,172
1738979812,175
1738979812,None
1738979819,176
1738979821,181
1738979824,179
1738979828,179
1738979831,181
1738979834,182
1738979837,203
1738979840,187
1738979843,181
1738979846,171
1738979849,177
1738979852,166
1738979855,177
1738979859,427
1738979861,420
1738979864,423
1738979867,415
1738979870,189
1738979873,155
1738979876,151
1738979879,150
1738979882,150
1738979885,148
1738979888,149
1738979892,150
1738979895,149
1738979895,None
1738979901,133
1738979904,146
1738979906,142
1738979910,136
1738979913,138
1738979916,139
1738979919,140
1738979922,126
1738979925,139
1738979928,142
1738979931,134
1738979934,128
1738979938,143
1738979940,134
1738979943,143
1738979947,138
1738979950,139
1738979952,139
1738979955,141
1738979959,143
1738979961,139
1738979965,141
1738979965,None
1738979971,140
1738979974,142
1738979977,148
1738979980,139
1738979983,147
1738979986,144
1738979989,147
1738979992,140
1738979995,144
1738979998,144
1738980001,147
1738980004,149
1738980004,None
1738980010,145
1738980014,147
1738980016,144
1738980020,141
1738980023,149
1738980025,145
1738980029,131
1738980032,148
1738980035,146
1738980037,143
1738980041,141
1738980041,None
1738980047,141
1738980050,152
1738980053,150
1738980056,146
1738980056,None
1738980062,144
1738980065,133
1738980068,128
1738980071,138
1738980074,140
1738980077,143
1738980080,145
1738980083,142
1738980087,152
1738980089,154
1738980092,151
1738980096,158
1738980098,158
1738980102,167
1738980104,419
1738980107,413
1738980111,410
1738980114,406
1738980116,408
1738980120,165
1738980123,133
1738980126,142
1738980129,144
1738980132,145
1738980132,None
1738980138,136
1738980141,156
1738980144,151
1738980147,139
1738980150,151
1738980154,151
1738980157,145
1738980160,148
1738980163,145
1738980166,149
1738980169,144
1738980172,143
1738980175,148
1738980178,151
1738980181,144
1738980184,152
1738980187,147
1738980190,153
1738980194,148
1738980196,147
1738980200,153
1738980202,148
1738980205,158
1738980208,153
1738980211,159
1738980214,155
1738980218,158
1738980221,158
1738980223,148
1738980227,160
1738980230,157
1738980230,None
1738980236,161
1738980236,None
1738980242,418
1738980245,415
1738980248,384
1738980251,167
1738980254,160
1738980257,165
1738980260,161
1738980264,157
1738980266,142
1738980269,151
1738980272,153
1738980275,150
1738980278,150
1738980281,151
1738980284,147
1738980287,149
1738980290,147
1738980293,147
1738980297,147
1738980300,144
1738980303,142
1738980306,146
1738980309,140
1738980312,142
1738980315,140
1738980318,138
1738980321,137
1738980325,143
1738980327,143
1738980330,140
1738980333,375
1738980336,407
1738980336,None
1738980343,402
1738980345,408
1738980348,391
1738980351,141
1738980351,None
1738980358,144
1738980361,145
1738980364,144
1738980367,150
1738980370,146
1738980373,148
1738980376,150
1738980379,145
1738980382,153
1738980385,150
1738980388,154
1738980391,154
1738980395,153
1738980397,153
1738980401,152
1738980404,150
1738980406,158
1738980409,152
1738980412,158
1738980415,162
1738980419,152
1738980422,156
1738980422,None
1738980428,180
1738980431,227
1738980434,255
1738980437,264
1738980440,259
1738980443,250
1738980446,250
1738980449,242
1738980452,244
1738980455,238
1738980458,240
1738980461,232
1738980464,238
1738980467,225
1738980470,236
1738980473,227
1738980476,227
1738980479,224
1738980483,216
1738980485,223
1738980489,216
1738980492,223
1738980495,220
1738980498,212
1738980501,213
1738980504,225
1738980507,216
1738980510,212
1738980513,216
1738980516,214
1738980519,216
1738980522,221
1738980525,214
1738980528,210
1738980531,216
1738980534,224
1738980538,217
1738980540,208
1738980543,218
1738980547,229
1738980547,None
1738980547,None
1738980555,1595
1738980559,1614
1738980562,1601
1738980565,1606
1738980568,1603
1738980571,1593
1738980574,1593
1738980574,None
1738980580,1562
1738980580,None
1738980586,1719
1738980589,1822
1738980592,1811
1738980596,1813
1738980598,1801
1738980598,None
1738980605,1565
1738980607,1555
1738980611,1563
1738980614,1555
1738980617,1551
1738980620,1547
1738980623,1545
1738980626,1549
1738980629,1556
1738980632,1551
1738980635,1554
1738980638,1563
1738980641,1554
1738980645,1647
1738980647,1992
1738980650,2925
1738980653,2926
1738980656,2930
1738980659,2929
1738980663,2918
1738980665,2917
1738980668,2932
1738980672,2933
1738980675,2917
1738980675,None
1738980675,None
1738980675,None
1738980687,2929
1738980690,2927
1738980692,2928
1738980696,2873
1738980699,1781
1738980702,1075
1738980705,485
1738980708,705
1738980711,1297
1738980714,1643
1738980714,None
1738980720,1641
1738980723,1645
1738980726,1618
1738980729,218
1738980733,222
1738980735,223
1738980739,221
1738980741,219
1738980744,227
1738980748,217
1738980751,210
1738980755,222
1738980757,219
1738980760,218
1738980763,223
1738980766,216
1738980769,221
1738980772,225
1738980775,217
1738980778,208
1738980782,225
1738980785,218
1738980787,214
1738980790,212
1738980794,223
1738980797,217
1738980800,225
1738980803,212
1738980806,217
1738980809,224
1738980812,224
1738980815,220
1738980818,210
1738980821,233
1738980824,222
1738980827,214
1738980830,226
1738980833,222
1738980836,219
1738980836,None
1738980843,215
1738980845,223
1738980848,228
1738980852,249
1738980855,242
1738980857,254
1738980861,243
1738980864,236
1738980866,222
1738980870,221
1738980873,228
1738980876,223
1738980879,216
1738980882,221
1738980885,227
1738980888,216
1738980891,225
1738980894,225
1738980897,222
1738980900,219
1738980903,222
1738980906,221
1738980909,218
1738980912,213
1738980915,223
1738980918,223
1738980922,219
1738980924,214
1738980924,None
1738980931,233
1738980934,221
1738980937,228
1738980940,259
1738980943,310
1738980946,340
1738980949,325
1738980949,None
1738980955,317
1738980958,323
1738980958,None
1738980965,316
1738980967,320
1738980967,None
1738980973,318
1738980976,323
1738980979,330
1738980982,331
1738980985,332
1738980989,331
1738980992,372
1738980995,393
1738980997,458
1738981000,560
1738981003,532
1738981006,710
1738981010,786
1738981012,856
1738981015,754
1738981019,901
1738981022,1008
1738981022,None
1738981028,1033
1738981031,1055
1738981034,1071
1738981037,1098
1738981040,1223
1738981043,1399
1738981043,None
1738981050,1436
1738981052,1440
1738981055,1223
1738981058,1185
1738981062,1206
1738981064,1207
1738981068,1213
1738981070,1223
1738981070,None
1738981076,1234
1738981080,1247
1738981083,1259
1738981086,1252
1738981089,1264
1738981092,1258
1738981095,1265
1738981098,1268
1738981101,1265
1738981104,1274
1738981107,1277
1738981111,1269
1738981113,1271
1738981116,1343
1738981119,1461
1738981123,1592
1738981126,1605
1738981128,1615
1738981132,1621
1738981135,1616
1738981137,1633
1738981140,1632
1738981143,1642
1738981146,1653
1738981149,1656
1738981153,1670
1738981156,1679
1738981159,1687
1738981162,1706
1738981165,1714
1738981168,1735
1738981171,1736
1738981174,1749
1738981177,1753
1738981180,1768
1738981183,1770
1738981186,1782
1738981189,1783
1738981189,None
1738981195,1808
1738981199,1821
1738981201,1823
1738981204,1840
1738981208,1860
1738981210,1880
1738981210,None
1738981217,1892
1738981220,1889
1738981223,1897
1738981226,1899
1738981226,None
1738981232,1900
1738981235,1993
1738981238,2131
1738981241,2151
1738981245,2180
1738981248,2151
1738981251,2079
1738981253,2082
1738981256,2091
1738981259,2096
1738981262,2091
1738981265,2093
1738981268,2025
1738981272,1985
1738981274,1992
1738981277,1993
1738981281,1991
1738981281,None
1738981287,2003
1738981290,2244
1738981290,None
1738981290,None
1738981299,2264
1738981301,2072
1738981305,2004
1738981308,1885
1738981311,1879
1738981311,None
1738981317,1879
1738981320,1863
1738981323,1869
1738981326,1864
1738981329,1857
1738981332,1867
1738981335,1853
1738981338,1845
1738981342,1850
1738981344,1851
1738981347,1856
1738981351,1845
1738981354,1851
1738981357,1855
1738981360,1849
1738981363,1846
1738981366,1784
1738981369,1751
1738981372,1739
1738981375,1743
1738981379,1739
1738981379,None
1738981384,1732
1738981387,1732
1738981390,1735
1738981393,1725
1738981397,1736
1738981399,1730
1738981403,1729
1738981406,1644
1738981409,1502
1738981412,1482
1738981415,1468
1738981418,1462
1738981422,1453
1738981425,1448
1738981427,1494
1738981431,1705
1738981433,1698
1738981433,None
1738981439,1714
1738981439,None
1738981445,1452
1738981448,1454
1738981452,1452
1738981455,1444
1738981455,None
1738981461,1429
1738981464,1442
1738981467,1438
1738981470,1434
1738981473,1429
1738981476,1428
1738981479,1435
1738981482,1429
1738981485,1417
1738981488,1414
1738981491,1424
1738981494,1420
1738981497,1434
1738981500,1431
1738981503,1424
1738981506,1354
1738981510,1318
1738981510,None
1738981516,1328
1738981519,1322
1738981522,1315
1738981525,1311
1738981528,1297
1738981531,1299
1738981533,1296
1738981537,1306
1738981540,1299
1738981543,1301
1738981546,1300
1738981549,1301
1738981552,1300
1738981555,1289
1738981558,1294
1738981561,1300
1738981564,1291
1738981564,None
1738981570,1293
1738981573,1290
1738981576,1294
1738981579,1293
1738981583,1294
1738981585,1295
1738981588,1284
1738981592,1295
1738981595,1282
1738981598,1294
1738981601,1288
1738981601,None
1738981607,1291
1738981610,1287
1738981613,1291
1738981616,1285
1738981616,None
1738981622,1296
1738981626,1286
1738981629,1278
1738981629,None
1738981634,1289
1738981638,1284
1738981641,1287
1738981643,1282
1738981646,1280
1738981650,1283
1738981653,1293
1738981656,1292
1738981659,1287
1738981662,1287
1738981665,1265
1738981668,1226
1738981671,1204
1738981674,1211
1738981677,1196
1738981680,1200
1738981683,1358
1738981686,1447
1738981689,1443
1738981693,1385
1738981695,1213
1738981698,1187
1738981702,1188
1738981704,1190
1738981707,1194
1738981710,1196
1738981714,1196
1738981716,1192
1738981720,1186
1738981723,1189
1738981726,1198
1738981726,None
1738981732,1196
1738981735,1190
1738981738,1192
1738981741,1199
1738981744,1190
1738981747,1189
1738981747,None
1738981754,1184
1738981756,1191
1738981759,1194
1738981763,1200
1738981765,1199
1738981768,1205
1738981772,1200
1738981775,1206
1738981778,1203
1738981780,1201
1738981784,1201
1738981787,1137
1738981790,1111
1738981793,1113
1738981796,1113
1738981799,1105
1738981802,1108
1738981805,1105
1738981805,None
1738981811,1098
1738981814,1105
1738981817,1092
1738981820,1086
1738981823,1096
1738981826,1089
1738981830,1092
1738981832,1079
1738981835,1083
1738981839,1094
1738981841,1090
1738981844,1092
1738981847,1085
1738981847,None
1738981854,1093
1738981857,1093
1738981860,1096
1738981863,1088
1738981866,1105
1738981870,1190
1738981873,1413
1738981875,1405
1738981878,1404
1738981881,1356
1738981884,1119
1738981887,1116
1738981890,1116
1738981894,1113
1738981896,1115
1738981900,1111
1738981902,1119
1738981905,1102
1738981908,1052
1738981908,None
1738981915,1027
1738981918,1019
1738981921,1024
1738981924,1018
1738981927,1021
1738981930,1019
1738981933,1027
1738981936,1012
1738981939,1023
1738981942,1017
1738981942,None
1738981948,1019
1738981948,None
1738981955,1017
1738981958,1018
1738981960,1010
1738981964,1014
1738981966,1005
1738981970,1007
1738981973,1013
1738981976,1001
1738981979,1014
1738981982,1008
1738981985,1007
1738981988,1008
1738981991,1014
1738981995,1010
1738981997,1179
1738982000,1265
1738982003,1262
1738982006,1255
1738982006,None
1738982013,1013
1738982016,1008
1738982018,1013
1738982022,1000
1738982025,997
1738982027,950
1738982031,934
1738982034,929
1738982037,918
1738982040,915
1738982043,918
1738982046,925
1738982049,918
1738982052,916
1738982055,915
1738982058,910
1738982061,918
1738982061,None
1738982067,912
1738982070,905
1738982070,None
1738982077,909
1738982080,907
1738982083,910
1738982086,910
1738982089,905
1738982092,910
1738982095,908
1738982098,908
1738982101,911
1738982104,907
1738982107,905
1738982111,910
1738982113,910
1738982116,905
1738982119,905
1738982122,901
1738982126,910
1738982128,904
1738982131,898
1738982131,None
1738982137,896
1738982137,None
1738982143,900
1738982147,860
1738982149,837
1738982149,None
1738982156,828
1738982159,819
1738982162,824
1738982165,827
1738982168,820
1738982171,816
1738982174,827
1738982177,821
1738982180,814
1738982183,811
1738982186,816
1738982189,818
1738982192,814
1738982195,814
1738982199,856
1738982201,856
1738982204,854
1738982207,859
1738982210,854
1738982213,853
1738982216,860
1738982220,856
1738982223,860
1738982226,860
1738982229,859
1738982232,858
1738982235,851
1738982238,860
1738982241,848
1738982244,841
1738982247,836
1738982250,838
1738982253,834
1738982256,833
1738982259,815
1738982262,875
1738982265,1075
1738982268,1021
1738982271,997
1738982274,867
1738982278,739
1738982280,733
1738982284,735
1738982287,735
1738982290,734
1738982293,729
1738982295,729
1738982299,725
1738982301,725
1738982305,728
1738982308,726
1738982311,724
1738982314,726
1738982317,722
1738982320,725
1738982323,721
1738982323,None
1738982329,720
1738982332,719
1738982335,725
1738982338,720
1738982341,718
1738982344,722
1738982344,None
1738982350,727
1738982353,718
1738982357,733
1738982360,732
1738982362,724
1738982366,720
1738982369,728
1738982372,729
1738982375,726
1738982378,728
1738982381,723
1738982384,720
1738982387,656
1738982390,599
1738982393,573
1738982393,None
1738982400,816
1738982403,807
1738982406,805
1738982406,None
1738982411,686
1738982414,545
1738982418,543
1738982420,550
1738982424,535
1738982427,541
1738982430,539
1738982433,532
1738982436,536
1738982439,542
1738982442,533
1738982442,None
1738982448,528
1738982448,None
1738982454,526
1738982457,528
1738982460,533
1738982463,524
1738982466,525
1738982469,528
1738982473,528
1738982475,519
1738982478,524
1738982482,523
1738982485,518
1738982488,525
1738982491,522
1738982494,518
1738982497,526
1738982500,520
1738982503,515
1738982506,520
1738982509,519
1738982512,519
1738982515,523
1738982518,513
1738982521,523
1738982524,514
1738982527,514
1738982531,523
1738982533,517
1738982537,519
1738982537,None
1738982542,519
1738982542,None
1738982548,522
1738982552,516
1738982555,510
1738982558,522
1738982561,518
1738982564,511
1738982567,518
1738982570,514
1738982573,513
1738982577,520
1738982579,515
1738982582,509
1738982585,529
1738982588,522
1738982591,517
1738982594,518
1738982597,523
1738982600,517
1738982604,516
1738982606,515
1738982609,526
1738982609,None
1738982616,521
1738982619,514
1738982622,515
1738982625,514
1738982628,512
1738982631,511
1738982634,517
1738982637,510
1738982640,547
1738982643,774
1738982646,769
1738982649,777
1738982652,766
1738982655,577
1738982655,None
1738982661,508
1738982664,517
1738982667,521
1738982671,509
1738982674,517
1738982677,511
1738982680,517
1738982682,514
1738982686,511
1738982689,511
1738982692,515
1738982695,515
1738982698,516
1738982701,516
1738982704,509
1738982707,516
1738982710,510
1738982713,521
1738982716,515
1738982719,514
1738982722,519
1738982725,509
1738982728,513
1738982731,510
1738982731,None
1738982738,514
1738982741,513
1738982744,512
1738982747,510
1738982750,512
1738982753,500
1738982756,513
1738982759,648
1738982762,772
1738982765,764
1738982768,766
1738982771,766
1738982775,511
1738982777,515
1738982780,513
1738982784,507
1738982786,513
1738982786,None
1738982792,511
1738982796,499
1738982799,474
1738982802,462
1738982805,461
1738982808,460
1738982811,454
1738982814,448
1738982817,466
1738982820,461
1738982823,460
1738982826,455
1738982829,460
1738982829,None
1738982835,443
1738982838,455
1738982841,456
1738982844,463
1738982847,455
1738982851,453
1738982854,450
1738982857,449
1738982860,447
1738982863,454
1738982866,436
1738982869,424
1738982872,424
1738982875,424
1738982878,432
1738982881,434
1738982885,430
1738982887,427
1738982887,None
1738982893,426
1738982896,430
1738982899,421
1738982902,420
1738982906,420
1738982908,422
1738982912,423
1738982915,414
1738982918,419
1738982921,426
1738982924,414
1738982927,427
1738982930,417
1738982933,416
1738982936,424
1738982939,418
1738982942,417
1738982945,426
1738982949,422
1738982952,411
1738982955,418
1738982957,426
1738982961,418
1738982963,413
1738982967,414
1738982967,None
1738982973,424
1738982976,421
1738982979,414
1738982982,422
1738982985,416
1738982988,415
1738982991,408
1738982994,406
1738982997,421
1738983000,424
1738983003,419
1738983006,416
1738983009,424
1738983012,410
1738983015,417
1738983018,423
1738983018,None
1738983025,420
1738983028,467
1738983028,None
1738983034,459
1738983037,462
1738983040,465
1738983043,462
1738983046,467
1738983046,None
1738983052,469
1738983055,467
1738983058,463
1738983058,None
1738983064,477
1738983067,468
1738983070,465
1738983073,475
1738983076,475
1738983079,468
1738983082,692
1738983085,729
1738983089,733
1738983091,698
1738983095,471
1738983097,466
1738983101,479
1738983104,476
1738983107,469
1738983110,482
1738983113,476
1738983116,474
1738983119,483
1738983119,None
1738983119,None
1738983128,514
1738983132,510
1738983134,508
1738983137,511
1738983137,None
1738983143,503
1738983146,509
1738983150,492
1738983152,474
1738983152,None
1738983159,472
1738983161,477
1738983165,471
1738983168,475
1738983171,469
1738983174,474
1738983177,472
1738983180,464
1738983183,476
1738983186,476
1738983189,478
1738983192,475
1738983195,479
1738983198,477
1738983198,None
1738983205,573
1738983208,730
1738983211,725
1738983214,731
1738983217,674
1738983220,468
1738983224,470
1738983226,477
1738983229,473
1738983232,474
1738983236,470
1738983238,476
1738983241,473
1738983244,465
1738983247,480
1738983250,477
1738983253,467
1738983256,473
1738983259,476
1738983262,471
1738983265,465
1738983269,469
1738983271,474
1738983274,476
1738983277,471
1738983280,470
1738983283,471
1738983286,465
1738983290,476
1738983292,476
1738983296,478
1738983299,469
1738983302,475
1738983305,469
1738983308,462
1738983308,None
1738983314,477
1738983317,470
1738983320,466
1738983323,463
1738983323,None
1738983329,470
1738983332,471
1738983335,464
1738983338,470
1738983341,472
1738983344,462
1738983347,477
1738983350,476
1738983353,466
1738983357,478
1738983360,473
1738983363,467
1738983365,475
1738983369,467
1738983372,478
1738983375,467
1738983378,479
1738983381,468
1738983381,None
1738983381,None
1738983381,None
1738983381,None
1738983397,464
1738983399,473
1738983403,466
1738983406,465
1738983408,467
1738983411,460
1738983414,456
1738983417,465
1738983421,469
1738983424,464
1738983427,462
1738983429,462
1738983429,None
1738983436,731
1738983439,733
1738983442,722
1738983445,593
1738983448,475
1738983451,467
1738983454,464
1738983454,None
1738983454,None
1738983454,None
1738983466,465
1738983469,472
1738983472,471
1738983475,473
1738983478,470
1738983481,470
1738983484,471
1738983487,465
1738983487,None
1738983493,472
1738983493,None
1738983500,471
1738983503,475
1738983506,474
1738983509,475
1738983512,470
1738983515,475
1738983518,468
1738983521,472
1738983524,468
1738983527,473
1738983530,468
1738983533,468
1738983536,470
1738983539,470
1738983542,461
1738983545,475
1738983548,466
1738983551,464
1738983554,477
1738983558,466
1738983561,470
1738983564,473
1738983566,466
1738983570,472
1738983573,462
1738983576,535
1738983579,714
1738983582,717
1738983585,732
1738983588,727
1738983591,672
1738983594,473
1738983597,470
1738983600,471
1738983603,473
1738983606,468
1738983609,459
1738983612,462
1738983615,473
1738983618,466
1738983622,461
1738983624,478
1738983627,471
1738983631,465
1738983634,474
1738983637,471
1738983639,469
1738983643,472
1738983646,462
1738983646,None
1738983652,464
1738983655,473
1738983658,460
1738983661,467
1738983661,None
1738983667,478
1738983670,478
1738983674,480
1738983676,481
1738983679,480
1738983683,474
1738983685,484
1738983685,None
1738983692,474
1738983692,None
1738983698,477
1738983701,478
1738983701,None
1738983707,477
1738983710,484
1738983713,477
1738983716,479
1738983719,484
1738983722,477
1738983725,488
1738983728,478
1738983731,483
1738983731,None
1738983737,478
1738983740,471
1738983743,484
1738983747,480
1738983749,471
1738983752,490
1738983752,None
1738983758,476
1738983761,476
1738983765,480
1738983765,None
1738983771,480
1738983774,480
1738983777,474
1738983780,483
1738983783,474
1738983786,478
1738983789,473
1738983792,476
1738983795,473
1738983798,478
1738983801,481
1738983804,479
1738983807,469
1738983811,476
1738983814,486
1738983816,477
1738983820,474
1738983823,472
1738983826,471
1738983829,470
1738983832,472
1738983832,None
1738983838,479
1738983841,476
1738983844,474
1738983847,470
1738983850,476
1738983853,476
1738983857,473
1738983859,479
1738983862,472
1738983866,475
1738983868,484
1738983872,481
1738983874,469
1738983878,482
1738983881,478
1738983884,472
1738983887,479
1738983890,578
1738983890,None
1738983896,733
1738983899,745
1738983902,687
1738983905,477
1738983908,478
1738983911,473
1738983914,487
1738983918,475
1738983921,483
1738983924,474
1738983926,468
1738983929,478
1738983932,473
1738983936,483
1738983939,473
1738983942,484
1738983945,477
1738983948,482
1738983951,482
1738983954,475
1738983957,471
1738983960,470
1738983963,475
1738983966,470
1738983969,472
1738983972,467
1738983975,464
1738983978,478
1738983981,469
1738983984,465
1738983988,477
1738983991,467
1738983993,467
1738983997,465
1738984000,472
1738984003,466
1738984006,468
1738984009,473
1738984012,465
1738984015,475
1738984018,469
1738984018,None
1738984024,473
1738984028,468
1738984030,474
1738984033,469
1738984037,467
1738984040,468
1738984043,463
1738984046,472
1738984049,472
1738984052,713
1738984055,724
1738984058,725
1738984060,724
1738984064,489
1738984067,470
1738984070,464
1738984073,467
1738984076,469
1738984079,463
1738984082,475
1738984085,466
1738984085,None
1738984091,471
1738984094,464
1738984097,462
1738984101,474
1738984104,466
1738984106,472
1738984109,461
1738984112,469
1738984115,471
1738984119,465
1738984122,456
1738984124,464
1738984128,468
1738984131,464
1738984134,463
1738984137,470
1738984140,465
1738984143,471
1738984146,466
1738984149,474
1738984152,465
1738984155,464
1738984158,459
1738984161,455
1738984164,471
1738984167,472
1738984170,472
1738984174,462
1738984177,466
1738984180,473
1738984183,464
1738984186,458
1738984189,467
1738984192,474
1738984195,462
1738984195,None
1738984202,457
1738984204,470
1738984207,476
1738984210,464
1738984213,464
1738984216,470
1738984219,468
1738984222,464
1738984225,464
1738984225,None
1738984231,465
1738984234,473
1738984238,468
1738984240,471
1738984244,468
1738984246,465
1738984246,None
1738984253,464
1738984256,471
1738984259,463
1738984262,463
1738984264,472
1738984268,464
1738984271,478
1738984274,464
1738984277,469
1738984280,462
1738984283,464
1738984283,None
1738984289,462
1738984292,464
1738984296,465
1738984299,467
1738984301,460
1738984305,468
1738984308,464
1738984311,459
1738984314,466
1738984317,466
1738984320,464
1738984323,461
1738984326,468
1738984329,467
1738984332,498
1738984335,726
1738984338,731
1738984341,724
1738984345,629
1738984345,None
1738984345,None
1738984354,470
1738984356,468
1738984359,458
1738984362,472
1738984365,463
1738984369,459
1738984369,None
1738984375,466
1738984378,463
1738984381,469
1738984384,470
1738984387,466
1738984390,470
1738984393,468
1738984396,469
1738984399,472
1738984403,467
1738984405,475
1738984408,620
1738984411,733
1738984414,726
1738984418,727
1738984418,None
1738984423,462
1738984426,465
1738984430,471
1738984433,463
1738984436,474
1738984439,468
1738984442,462
1738984445,480
1738984448,466
1738984451,462
1738984455,475
1738984457,467
1738984460,467
1738984463,467
1738984467,470
1738984469,466
1738984472,468
1738984475,463
1738984478,467
1738984481,473
1738984485,465
1738984487,466
1738984490,477
1738984490,None
1738984497,463
1738984500,474
1738984503,470
1738984503,None
1738984509,463
1738984512,475
1738984515,470
1738984515,None
1738984521,464
1738984524,473
1738984527,472
1738984530,463
1738984533,462
1738984533,None
1738984540,461
1738984542,457
1738984546,468
1738984549,471
1738984549,None
1738984555,465
1738984557,474
1738984561,466
1738984563,470
1738984567,469
1738984570,476
1738984573,477
1738984576,466
1738984579,469
1738984582,481
1738984585,470
1738984588,461
1738984591,471
1738984594,475
1738984597,467
1738984600,476
1738984603,466
1738984606,471
1738984609,472
1738984612,444
1738984616,418
1738984619,415
1738984622,405
1738984625,422
1738984628,415
1738984631,426
1738984634,425
1738984637,425
1738984637,None
1738984643,421
1738984646,418
1738984649,425
1738984652,416
1738984655,423
1738984658,427
1738984661,415
1738984665,429
1738984668,425
1738984671,421
1738984673,423
1738984673,None
1738984680,415
1738984683,418
1738984686,421
1738984689,421
1738984692,424
1738984695,414
1738984698,433
1738984701,418
1738984704,425
1738984707,423
1738984710,416
1738984713,423
1738984716,424
1738984719,423
1738984723,413
1738984726,423
1738984728,482
1738984732,688
1738984735,680
1738984738,687
1738984741,678
1738984743,417
1738984746,425
1738984750,414
1738984753,418
1738984756,415
1738984759,413
1738984762,410
1738984765,417
1738984768,418
1738984771,409
1738984774,419
1738984777,419
1738984780,412
1738984783,412
1738984786,424
1738984789,419
1738984792,599
1738984796,666
1738984799,685
1738984801,678
1738984805,458
1738984807,417
1738984811,423
1738984814,427
1738984814,None
1738984820,425
1738984823,417
1738984826,424
1738984829,423
1738984832,422
1738984835,421
1738984838,412
1738984841,417
1738984844,425
1738984847,418
1738984850,419
1738984853,417
1738984856,418
1738984860,421
1738984863,411
1738984865,414
1738984869,413
1738984871,419
1738984875,422
1738984878,420
1738984878,None
1738984884,409
1738984887,424
1738984890,418
1738984893,411
1738984896,408
1738984899,410
1738984902,407
1738984906,404
1738984908,411
1738984911,405
1738984914,410
1738984917,405
1738984920,404
1738984924,409
1738984927,408
1738984930,404
1738984933,410
1738984936,409
1738984939,408
1738984942,404
1738984945,413
1738984948,409
1738984951,406
1738984954,404
1738984957,407
1738984960,412
1738984963,408
1738984966,406
1738984969,407
1738984972,417
1738984972,None
1738984978,414
1738984981,408
1738984984,406
1738984987,415
1738984991,408
1738984993,403
1738984997,402
1738985000,413
1738985000,None
1738985006,405
1738985009,411
1738985012,406
1738985015,404
1738985018,407
1738985022,407
1738985024,404
1738985027,405
1738985030,409
1738985034,404
1738985036,404
1738985039,409
1738985043,404
1738985046,404
1738985048,406
1738985051,409
1738985055,405
1738985058,405
1738985061,409
1738985064,405
1738985067,404
1738985071,415
1738985073,409
1738985073,None
1738985079,410
1738985082,413
1738985085,418
1738985088,416
1738985091,400
1738985094,409
1738985097,410
1738985100,402
1738985104,402
1738985106,414
1738985109,407
1738985113,407
1738985115,408
1738985119,417
1738985122,410
1738985125,411
1738985128,410
1738985131,406
1738985134,400
1738985137,403
1738985140,421
1738985140,None
1738985147,405
1738985149,406
1738985152,406
1738985156,595
1738985159,676
1738985162,668
1738985164,669
1738985167,513
1738985170,406
1738985174,398
1738985174,None
1738985180,409
1738985183,407
1738985186,405
1738985189,447
1738985192,673
1738985195,665
1738985198,673
1738985201,665
1738985201,None
1738985207,413
1738985210,413
1738985213,399
1738985216,389
1738985220,406
1738985223,400
1738985226,400
1738985228,396
1738985231,403
1738985235,407
1738985238,397
1738985241,405
1738985244,396
1738985247,395
1738985247,None
1738985253,401
1738985253,None
1738985259,396
1738985262,391
1738985265,397
1738985269,406
1738985271,402
1738985274,399
1738985277,398
1738985280,401
1738985280,None
1738985287,403
1738985289,397
1738985289,None
1738985296,403
1738985298,394
1738985301,404
1738985305,402
1738985308,395
1738985311,400
1738985314,396
1738985317,398
1738985320,400
1738985323,401
1738985326,398
1738985329,397
1738985332,395
1738985335,394
1738985335,None
1738985342,389
1738985345,392
1738985348,403
1738985350,397
1738985353,396
1738985356,392
1738985360,408
1738985362,399
1738985366,398
1738985369,404
1738985371,400
1738985371,None
1738985378,399
1738985381,396
1738985384,400
1738985387,404
1738985390,396
1738985390,None
1738985396,405
1738985399,399
1738985402,392
1738985405,402
1738985409,400
1738985412,397
1738985414,398
1738985417,396
1738985421,397
1738985423,390
1738985426,394
1738985429,406
1738985433,394
1738985436,397
1738985439,399
1738985442,393
1738985445,401
1738985448,398
1738985451,396
1738985454,397
1738985457,397
1738985460,398
1738985463,400
1738985466,406
1738985470,404
1738985472,461
1738985475,495
1738985478,510
1738985481,506
1738985484,510
1738985487,499
1738985490,496
1738985494,489
1738985497,493
1738985500,491
1738985503,488
1738985506,482
1738985509,486
1738985512,486
1738985512,None
1738985518,484
1738985521,475
1738985524,480
1738985527,470
1738985530,475
1738985533,471
1738985536,465
1738985539,470
1738985543,685
1738985545,728
1738985549,726
1738985552,666
1738985555,472
1738985558,471
1738985561,480
1738985564,468
1738985567,476
1738985570,468
1738985573,473
1738985576,469
1738985579,463
1738985582,474
1738985585,464
1738985588,466
1738985591,462
1738985595,465
1738985598,463
1738985601,467
1738985603,452
1738985607,458
1738985610,464
1738985613,471
1738985616,465
1738985619,452
1738985622,462
1738985625,451
1738985628,460
1738985632,459
1738985634,460
1738985638,464
1738985640,463
1738985644,470
1738985646,469
1738985650,460
1738985653,473
1738985656,720
1738985659,742
1738985662,735
1738985665,687
1738985668,466
1738985671,471
1738985674,467
1738985677,464
1738985680,469
1738985683,472
1738985686,467
1738985689,468
1738985692,462
1738985695,470
1738985699,459
1738985702,476
1738985705,460
1738985707,466
1738985711,462
1738985714,458
1738985717,462
1738985720,459
1738985723,460
1738985726,458
1738985729,460
1738985732,453
1738985732,None
1738985738,462
1738985741,455
1738985744,446
1738985747,455
1738985750,465
1738985754,452
1738985756,456
1738985759,454
1738985762,453
1738985762,None
1738985769,458
1738985771,451
1738985775,448
1738985778,445
1738985781,446
1738985784,453
1738985787,457
1738985790,453
1738985793,462
1738985796,457
1738985799,456
1738985802,457
1738985805,455
1738985808,455
1738985811,460
1738985814,457
1738985817,464
1738985820,461
1738985823,457
1738985826,457
1738985829,462
1738985832,468
1738985835,456
1738985835,None
1738985841,461
1738985844,455
1738985848,468
1738985851,453
1738985854,604
1738985857,714
1738985860,725
1738985863,713
1738985866,622
1738985869,457
1738985872,451
1738985875,454
1738985878,452
1738985878,None
1738985884,453
1738985887,455
1738985890,455
1738985893,455
1738985896,454
1738985899,453
1738985902,453
1738985905,453
1738985908,452
1738985911,451
1738985915,452
1738985918,460
1738985920,450
1738985924,451
1738985926,453
1738985930,450
1738985933,453
1738985936,448
1738985939,450
1738985942,446
1738985945,455
1738985948,451
1738985951,448
1738985954,447
1738985957,453
1738985960,438
1738985963,436
1738985966,457
1738985969,447
1738985969,None
1738985969,None
1738985978,443
1738985981,442
1738985984,450
1738985988,452
1738985991,454
1738985994,457
1738985997,450
1738986000,443
1738986003,442
1738986006,453
1738986009,458
1738986009,None
1738986015,452
1738986018,450
1738986021,455
1738986025,711
1738986027,714
1738986031,714
1738986033,724
1738986036,531
1738986039,456
1738986043,442
1738986046,454
1738986046,None
1738986052,450
1738986055,449
1738986058,449
1738986058,None
1738986064,454
1738986064,None
1738986070,461
1738986073,457
1738986077,456
1738986079,453
1738986079,None
1738986085,455
1738986088,455
1738986091,450
1738986095,452
1738986098,451
1738986101,458
1738986104,455
1738986107,447
1738986110,460
1738986113,446
1738986116,456
1738986119,452
1738986122,455
1738986125,454
1738986128,455
1738986131,449
1738986134,449
1738986137,452
1738986140,443
1738986143,454
1738986143,None
1738986149,457
1738986152,443
1738986155,453
1738986158,447
1738986161,451
1738986165,447
1738986168,446
1738986171,451
1738986173,453
1738986177,447
1738986180,457
1738986183,451
1738986186,446
1738986189,456
1738986192,450
1738986195,447
1738986198,446
1738986201,449
1738986204,448
1738986207,446
1738986210,456
1738986214,452
1738986216,440
1738986219,464
1738986223,454
1738986226,449
1738986228,445
1738986232,453
1738986235,454
1738986238,450
1738986241,450
1738986244,446
1738986247,452
1738986250,452
1738986253,453
1738986256,443
1738986259,449
1738986262,454
1738986265,448
1738986268,613
1738986271,710
1738986274,717
1738986277,709
1738986277,None
1738986284,563
1738986287,452
1738986289,450
1738986293,443
1738986296,457
1738986299,444
1738986299,None
1738986299,None
1738986308,451
1738986311,450
1738986314,448
1738986317,447
1738986320,452
1738986323,439
1738986326,449
1738986329,447
1738986332,444
1738986335,448
1738986338,452
1738986341,451
1738986344,445
1738986348,441
1738986351,447
1738986354,446
1738986356,447
1738986359,441
1738986362,453
1738986366,446
1738986366,None
1738986372,444
1738986374,453
1738986378,445
1738986381,442
1738986384,447
1738986387,445
1738986390,442
1738986393,445
1738986396,447
1738986399,435
1738986402,446
1738986405,450
1738986408,444
1738986411,451
1738986411,None
1738986418,449
1738986420,447
1738986423,452
1738986427,449
1738986430,438
1738986432,451
1738986436,452
1738986436,None
1738986442,446
1738986442,None
1738986448,446
1738986451,446
1738986454,447
1738986457,439
1738986460,436
1738986463,440
1738986466,440
1738986469,441
1738986472,448
1738986476,445
1738986478,447
1738986482,441
1738986485,439
1738986488,447
1738986491,453
1738986494,442
1738986497,443
1738986500,443
1738986503,445
1738986506,441
1738986509,443
1738986512,443
1738986515,436
1738986518,531
1738986521,704
1738986524,712
1738986527,708
1738986530,664
1738986533,442
1738986536,444
1738986540,443
1738986542,447
1738986546,435
1738986549,447
1738986552,437
1738986555,449
1738986557,433
1738986561,446
1738986564,436
1738986567,437
1738986570,442
1738986573,441
1738986576,440
1738986579,442
1738986583,435
1738986585,445
1738986588,450
1738986591,436
1738986594,443
1738986597,439
1738986600,432
1738986603,434
1738986607,440
1738986609,435
1738986613,432
1738986616,441
1738986618,442
1738986621,436
1738986624,443
1738986627,435
1738986631,434
1738986634,439
1738986637,443
1738986640,440
1738986643,430
1738986646,440
1738986649,449
1738986652,439
1738986655,439
1738986658,436
1738986658,None
1738986664,440
1738986667,437
1738986670,443
1738986673,439
1738986676,439
1738986680,433
1738986683,438
1738986685,444
1738986689,441
1738986692,437
1738986695,444
1738986698,439
1738986701,430
1738986701,None
1738986707,437
1738986710,439
1738986713,440
1738986716,435
1738986719,439
1738986723,440
1738986725,434
1738986729,441
1738986731,444
1738986734,439
1738986737,654
1738986740,703
1738986744,692
1738986747,705
1738986750,573
1738986753,435
1738986756,436
1738986759,436
1738986762,434
1738986765,434
1738986768,444
1738986771,433
1738986774,441
1738986777,443
1738986781,432
1738986783,444
1738986787,435
1738986789,435
1738986792,444
1738986795,429
1738986799,441
1738986801,434
1738986801,None
1738986808,434
1738986811,433
1738986814,436
1738986817,437
1738986820,432
1738986823,440
1738986826,432
1738986829,444
1738986832,432
1738986835,441
1738986835,None
1738986841,446
1738986845,439
1738986848,443
1738986851,435
1738986853,437
1738986857,439
1738986859,438
1738986863,441
1738986866,428
1738986869,438
1738986872,441
1738986875,430
1738986878,440
1738986881,437
1738986884,434
1738986887,436
1738986890,440
1738986893,440
1738986897,439
1738986899,443
1738986902,426
1738986905,439
1738986908,441
1738986911,436
1738986915,428
1738986917,432
1738986921,435
1738986923,580
1738986927,700
1738986930,704
1738986933,701
1738986936,624
1738986939,438
1738986942,437
1738986945,436
1738986948,437
1738986951,436
1738986954,440
1738986957,433
1738986960,429
1738986963,435
1738986966,432
1738986969,433
1738986972,431
1738986972,None
1738986978,429
1738986981,440
1738986984,431
1738986987,436
1738986991,430
1738986994,439
1738986997,433
1738987000,433
1738987003,432
1738987006,429
1738987009,433
1738987012,437
1738987015,440
1738987018,435
1738987021,444
1738987024,440
1738987027,431
1738987030,446
1738987033,435
1738987036,431
1738987039,435
1738987043,432
1738987046,431
1738987048,437
1738987052,433
1738987055,432
1738987057,427
1738987061,426
1738987064,431
1738987066,440
1738987070,433
1738987073,439
1738987076,425
1738987079,426
1738987082,441
1738987085,438
1738987088,438
1738987091,436
1738987094,438
1738987097,427
1738987100,434
1738987103,443
1738987106,436
1738987109,433
1738987112,434
1738987116,429
1738987119,438
1738987121,429
1738987125,436
1738987128,433
1738987131,438
1738987131,None
1738987131,None
1738987131,None
1738987143,432
1738987146,601
1738987149,699
1738987152,686
1738987155,691
1738987158,561
1738987161,434
1738987164,429
1738987167,423
1738987171,427
1738987174,423
1738987176,424
1738987180,433
1738987182,434
1738987186,434
1738987189,434
1738987192,427
1738987195,431
1738987198,435
1738987201,424
1738987204,436
1738987207,436
1738987210,424
1738987213,437
1738987216,433
1738987219,437
1738987223,449
1738987225,461
1738987228,457
1738987231,450
1738987234,454
1738987237,451
1738987240,459
1738987244,453
1738987247,459
1738987250,446
1738987253,451
1738987256,452
1738987259,451
1738987262,450
1738987265,456
1738987268,450
1738987271,460
1738987274,451
1738987277,457
1738987280,448
1738987283,448
1738987286,450
1738987286,None
1738987286,None
1738987295,451
1738987298,450
1738987302,446
1738987305,452
1738987308,447
1738987311,454
1738987314,450
1738987317,458
1738987320,444
1738987323,454
1738987326,446
1738987329,448
1738987332,449
1738987335,441
1738987338,453
1738987341,451
1738987344,448
1738987347,448
1738987351,452
1738987353,450
1738987356,449
1738987359,448
1738987363,454
1738987365,446
1738987368,452
1738987371,460
1738987375,446
1738987378,455
1738987378,None
1738987384,631
1738987387,720
1738987390,710
1738987393,714
1738987396,617
1738987399,450
1738987402,451
1738987405,452
1738987408,448
1738987411,455
1738987414,445
1738987414,None
1738987420,454
1738987423,442
1738987423,None
1738987429,458
1738987433,451
1738987435,447
1738987438,458
1738987441,455
1738987445,443
1738987445,None
1738987450,412
1738987454,402
1738987457,408
1738987460,398
1738987463,393
1738987466,402
1738987469,402
1738987472,405
1738987475,454
1738987479,1257
1738987481,1821
1738987484,1819
1738987487,1816
1738987490,1825
1738987493,1846
1738987496,1834
1738987499,1829
1738987502,1815
1738987505,1817
1738987508,1806
1738987512,1818
1738987514,1812
1738987518,1810
1738987521,1820
1738987524,2076
1738987527,2074
1738987530,802
1738987533,591
1738987536,398
1738987539,398
1738987543,399
1738987545,396
1738987545,None
1738987551,419
1738987555,1047
1738987557,1700
1738987560,1823
1738987564,1816
1738987567,1819
1738987570,1819
1738987570,None
1738987576,1284
1738987579,401
1738987582,395
1738987585,400
1738987588,396
1738987591,397
1738987594,402
1738987597,395
1738987600,395
1738987603,394
1738987606,392
1738987609,391
1738987612,390
1738987612,None
1738987618,394
1738987621,395
1738987624,393
1738987628,393
1738987631,396
1738987631,None
1738987636,395
1738987640,388
1738987642,384
1738987646,388
1738987649,386
1738987652,390
1738987655,389
1738987658,385
1738987661,386
1738987664,381
1738987667,389
1738987670,381
1738987670,None
1738987676,382
1738987679,389
1738987682,392
1738987685,394
1738987688,400
1738987691,396
1738987694,395
1738987697,391
1738987700,397
1738987703,400
1738987707,391
1738987709,380
1738987713,388
1738987715,386
1738987719,382
1738987722,392
1738987725,391
1738987728,388
1738987731,396
1738987734,405
1738987737,651
1738987740,646
1738987743,644
1738987746,631
1738987749,593
1738987752,589
1738987756,599
1738987759,586
1738987761,592
1738987765,591
1738987768,596
1738987771,602
1738987774,612
1738987777,612
1738987780,594
1738987783,600
1738987786,592
1738987789,601
1738987792,592
1738987795,603
1738987798,521
1738987801,340
1738987804,336
1738987807,334
1738987811,327
1738987813,333
1738987816,334
1738987820,337
1738987823,331
1738987825,319
1738987829,330
1738987832,345
1738987835,340
1738987838,331
1738987841,332
1738987844,342
1738987847,331
1738987850,329
1738987853,332
1738987857,337
1738987859,334
1738987862,331
1738987865,329
1738987868,338
1738987871,332
1738987875,383
1738987877,590
1738987880,589
1738987883,591
1738987886,524
1738987889,329
1738987893,327
1738987896,333
1738987899,330
1738987902,321
1738987905,332
1738987908,327
1738987911,319
1738987914,321
1738987914,None
1738987920,326
1738987923,322
1738987926,321
1738987926,None
1738987932,316
1738987936,321
1738987938,323
1738987941,319
1738987944,316
1738987947,317
1738987951,317
1738987953,313
1738987956,308
1738987956,None
1738987963,314
1738987966,317
1738987969,309
1738987969,None
1738987975,324
1738987978,318
1738987982,316
1738987984,311
1738987987,316
1738987990,315
1738987993,310
1738987996,308
1738988000,315
1738988003,310
1738988005,309
1738988009,320
1738988011,315
1738988015,308
1738988018,323
1738988021,317
1738988024,313
1738988027,325
1738988030,319
1738988030,None
1738988036,323
1738988040,329
1738988042,327
1738988045,328
1738988048,335
1738988051,329
1738988054,325
1738988057,336
1738988061,322
1738988061,None
1738988067,332
1738988070,336
1738988073,334
1738988075,327
1738988079,334
1738988082,326
1738988085,328
1738988088,333
1738988091,326
1738988094,335
1738988097,322
1738988100,331
1738988103,324
1738988106,329
1738988106,None
1738988106,None
1738988115,321
1738988119,325
1738988122,322
1738988124,395
1738988128,588
1738988131,591
1738988134,589
1738988137,590
1738988140,583
1738988143,321
1738988146,325
1738988146,None
1738988152,319
1738988155,312
1738988158,324
1738988161,316
1738988164,323
1738988164,None
1738988170,318
1738988173,326
1738988176,325
1738988179,316
1738988182,321
1738988186,326
1738988188,315
1738988192,322
1738988194,325
1738988198,311
1738988201,327
1738988203,327
1738988207,320
1738988210,320
1738988210,None
1738988216,323
1738988219,320
1738988222,324
1738988225,314
1738988228,319
1738988231,331
1738988234,327
1738988237,311
1738988240,323
1738988243,325
1738988246,316
1738988249,315
1738988253,316
1738988255,355
1738988258,579
1738988262,575
1738988262,None
1738988268,568
1738988270,453
1738988274,314
1738988277,306
1738988280,323
1738988283,311
1738988286,314
1738988286,None
1738988292,316
1738988295,313
1738988298,315
1738988301,310
1738988304,319
1738988307,318
1738988310,313
1738988313,319
1738988316,309
1738988319,323
1738988323,310
1738988326,319
1738988328,319
1738988332,312
1738988335,318
1738988338,314
1738988341,317
1738988344,315
1738988347,317
1738988350,328
1738988353,322
1738988356,316
1738988359,324
1738988362,308
1738988366,321
1738988368,319
1738988368,None
1738988375,324
1738988375,None
1738988380,310
1738988383,323
1738988386,328
1738988389,322
1738988393,328
1738988396,319
1738988399,321
1738988401,322
1738988405,317
1738988408,332
1738988411,327
1738988414,311
1738988417,322
1738988420,332
1738988424,323
1738988427,349
1738988429,348
1738988432,370
1738988435,360
1738988438,365
1738988442,366
1738988444,361
1738988444,None
1738988450,358
1738988454,368
1738988457,366
1738988460,373
1738988463,367
1738988466,371
1738988469,365
1738988472,367
1738988475,375
1738988478,375
1738988481,362
1738988484,374
1738988487,378
1738988490,372
1738988493,360
1738988496,359
1738988500,374
1738988503,375
1738988505,368
1738988508,375
1738988512,373
1738988514,570
1738988517,644
1738988520,645
1738988524,647
1738988527,424
1738988530,376
1738988533,369
1738988536,380
1738988539,376
1738988542,370
1738988545,372
1738988548,372
1738988551,377
1738988554,373
1738988557,370
1738988560,377
1738988564,386
1738988566,374
1738988570,383
1738988572,382
1738988575,381
1738988579,381
1738988582,380
1738988584,384
1738988587,371
1738988591,390
1738988594,378
1738988597,377
1738988600,385
1738988603,376
1738988606,392
1738988609,426
1738988612,468
1738988615,483
1738988618,487
1738988621,479
1738988624,469
1738988628,471
1738988631,476
1738988633,471
1738988637,471
1738988639,458
1738988643,461
1738988645,460
1738988649,463
1738988652,460
1738988655,455
1738988658,461
1738988658,None
1738988658,None
1738988667,446
1738988670,459
1738988672,446
1738988676,446
1738988679,445
1738988682,445
1738988685,445
1738988688,445
1738988691,437
1738988694,589
1738988697,713
1738988700,696
1738988704,707
1738988704,None
1738988704,None
1738988713,444
1738988716,440
1738988718,448
1738988722,449
1738988725,450
1738988728,443
1738988731,440
1738988734,454
1738988737,450
1738988740,447
1738988743,449
1738988746,444
1738988749,447
1738988753,443
1738988755,442
1738988758,440
1738988761,443
1738988764,443
1738988767,448
1738988770,449
1738988773,455
1738988776,456
1738988779,458
1738988782,450
1738988785,452
1738988788,445
1738988791,445
1738988795,455
1738988797,451
1738988797,None
1738988797,None
1738988807,450
1738988809,448
1738988813,439
1738988816,451
1738988819,446
1738988822,442
1738988825,439
1738988828,446
1738988831,443
1738988834,439
1738988837,446
1738988840,437
1738988843,449
1738988846,444
1738988846,None
1738988853,438
1738988855,435
1738988859,627
1738988862,712
1738988865,705
1738988868,684
1738988871,664
1738988874,414
1738988877,400
1738988880,391
1738988883,392
1738988886,401
1738988889,391
1738988892,394
1738988895,388
1738988898,392
1738988901,396
1738988904,382
1738988907,392
1738988910,396
1738988913,388
1738988916,385
1738988919,392
1738988923,384
1738988923,None
1738988929,386
1738988932,387
1738988935,381
1738988938,387
1738988941,388
1738988944,379
1738988947,391
1738988950,383
1738988953,377
1738988956,389
1738988959,380
1738988962,385
1738988965,385
1738988969,383
1738988972,380
1738988972,None
1738988977,383
1738988981,382
1738988984,374
1738988984,None
1738988990,383
1738988993,384
1738988996,383
1738988999,386
1738989002,378
1738989005,381
1738989008,392
1738989011,388
1738989014,380
1738989017,388
1738989020,388
1738989023,387
1738989026,388
1738989029,390
1738989032,383
1738989035,384
1738989038,388
1738989041,386
1738989045,392
1738989047,388
1738989051,389
1738989053,388
1738989057,388
1738989060,384
1738989062,388
1738989065,391
1738989069,595
1738989072,639
1738989075,652
1738989078,645
1738989081,644
1738989084,407
1738989087,382
1738989090,384
1738989093,382
1738989096,389
1738989099,387
1738989102,386
1738989105,388
1738989108,388
1738989111,389
1738989114,381
1738989118,383
1738989121,396
1738989124,390
1738989127,387
1738989129,387
1738989133,391
1738989136,378
1738989139,392
1738989142,388
1738989145,384
1738989148,380
1738989151,396
1738989154,388
1738989157,383
1738989160,390
1738989163,391
1738989166,379
1738989169,390
1738989173,385
1738989175,379
1738989178,385
1738989182,393
1738989184,391
1738989187,385
1738989190,387
1738989193,394
1738989197,378
1738989199,382
1738989202,383
1738989206,387
1738989209,389
1738989212,401
1738989215,396
1738989218,385
1738989221,385
1738989224,386
1738989227,383
1738989230,386
1738989233,392
1738989236,397
1738989239,393
1738989242,380
1738989245,382
1738989248,377
1738989252,381
1738989254,388
1738989257,390
1738989257,None
1738989264,388
1738989266,388
1738989269,384
1738989273,385
1738989276,393
1738989279,394
1738989282,385
1738989285,381
1738989288,377
1738989291,380
1738989294,383
1738989297,397
1738989300,392
1738989303,580
1738989303,None
1738989310,649
1738989312,656
1738989315,433
1738989319,391
1738989321,392
1738989325,387
1738989328,381
1738989331,389
1738989331,None
1738989337,384
1738989340,383
1738989340,None
1738989346,384
1738989349,382
1738989352,377
1738989355,386
1738989358,394
1738989361,384
1738989364,379
1738989367,375
1738989370,386
1738989373,396
1738989376,394
1738989379,387
1738989383,383
1738989385,396
1738989388,379
1738989391,383
1738989394,396
1738989397,389
1738989400,383
1738989403,392
1738989406,385
1738989410,391
1738989413,389
1738989415,393
1738989419,393
1738989422,396
1738989425,385
1738989428,393
1738989431,387
1738989434,396
1738989437,385
1738989440,393
1738989443,385
1738989443,None
1738989450,391
1738989452,392
1738989455,393
1738989459,386
1738989462,390
1738989464,393
1738989464,None
1738989471,396
1738989473,384
1738989477,394
1738989480,390
1738989483,389
1738989486,387
1738989489,386
1738989492,389
1738989495,393
1738989498,394
1738989502,394
1738989504,377
1738989507,395
1738989510,392
1738989513,386
1738989517,383
1738989519,397
1738989522,392
1738989526,387
1738989529,392
1738989532,385
1738989535,377
1738989538,387
1738989541,397
1738989544,486
1738989544,None
1738989550,646
1738989553,642
1738989556,640
1738989559,390
1738989562,388
1738989565,394
1738989568,387
1738989571,396
1738989575,398
1738989577,386
1738989581,394
1738989583,389
1738989586,385
1738989589,385
1738989592,391
1738989595,383
1738989599,381
1738989602,385
1738989605,389
1738989607,379
1738989611,384
1738989614,385
1738989616,379
1738989619,382
1738989623,385
1738989626,384
1738989629,381
1738989632,388
1738989635,389
1738989638,385
1738989638,None
1738989644,376
1738989647,380
1738989650,388
1738989653,395
1738989656,388
1738989659,386
1738989662,387
1738989665,379
1738989668,381
1738989668,None
1738989674,386
1738989674,None
1738989681,381
1738989684,381
1738989686,395
1738989689,387
1738989692,378
1738989696,395
1738989696,None
1738989702,380
1738989705,390
1738989708,383
1738989708,None
1738989714,389
1738989717,381
1738989720,388
1738989723,382
1738989723,None
1738989729,652
1738989732,645
1738989735,655
1738989738,407
1738989741,382
1738989744,382
1738989747,382
1738989747,None
1738989754,382
1738989757,392
1738989760,387
1738989763,374
1738989766,382
1738989769,386
1738989772,384
1738989775,383
1738989778,380
1738989781,383
1738989784,383
1738989784,None
1738989790,390
1738989793,385
1738989796,375
1738989799,394
1738989802,385
1738989805,383
1738989808,383
1738989811,386
1738989814,387
1738989817,380
1738989821,379
1738989824,390
1738989827,388
1738989830,372
1738989833,388
1738989836,389
1738989839,381
1738989842,383
1738989845,375
1738989848,386
1738989851,388
1738989854,384
1738989857,373
1738989861,387
1738989864,388
1738989866,382
1738989869,379
1738989872,388
1738989876,382
1738989878,384
1738989882,381
1738989884,383
1738989888,382
1738989888,None
1738989894,390
1738989897,377
1738989897,None
1738989903,383
1738989906,377
1738989909,388
1738989913,379
1738989915,383
1738989915,None
1738989921,388
1738989924,387
1738989927,379
1738989930,376
1738989934,536
1738989936,648
1738989936,None
1738989943,641
1738989946,650
1738989948,421
1738989952,380
1738989955,381
1738989957,383
1738989957,None
1738989964,382
1738989967,387
1738989970,377
1738989973,389
1738989976,387
1738989979,381
1738989982,381
1738989985,377
1738989988,381
1738989991,381
1738989994,384
1738989997,384
1738990000,383
1738990003,388
1738990007,379
1738990010,385
1738990012,378
1738990016,389
1738990019,377
1738990022,379
1738990025,383
1738990028,381
1738990031,384
1738990034,377
1738990037,377
1738990040,384
1738990043,384
1738990047,388
1738990049,381
1738990052,376
1738990055,384
1738990058,375
1738990061,380
1738990064,381
1738990067,380
1738990070,372
1738990074,379
1738990077,384
1738990080,374
1738990083,375
1738990086,390
1738990089,381
1738990092,376
1738990095,380
1738990098,386
1738990101,381
1738990104,385
1738990107,376
1738990111,383
1738990113,384
1738990116,382
1738990116,None
1738990122,645
1738990125,657
1738990128,621
1738990131,379
1738990134,381
1738990137,383
1738990140,377
1738990144,384
1738990146,372
1738990150,382
1738990152,384
1738990156,375
1738990158,375
1738990162,383
1738990165,379
1738990168,377
1738990168,None
1738990174,380
1738990177,383
1738990180,374
1738990183,380
1738990186,384
1738990189,377
1738990192,366
1738990195,386
1738990198,382
1738990201,380
1738990204,386
1738990207,376
1738990210,384
1738990213,373
1738990217,384
1738990220,389
1738990222,380
1738990226,372
1738990228,384
1738990231,381
1738990235,380
1738990238,382
1738990241,380
1738990244,384
1738990247,378
1738990250,375
1738990254,369
1738990256,374
1738990259,386
1738990262,381
1738990265,372
1738990268,389
1738990271,382
1738990274,383
1738990277,377
1738990281,376
1738990283,379
1738990286,374
1738990289,383
1738990293,380
1738990295,371
1738990298,385
1738990302,383
1738990305,378
1738990308,384
1738990310,375
1738990310,None
1738990317,377
1738990320,381
1738990323,389
1738990325,380
1738990329,380
1738990332,379
1738990335,376
1738990338,377
1738990341,380
1738990344,373
1738990347,379
1738990350,379
1738990350,None
1738990356,386
1738990359,379
1738990362,373
1738990362,None
1738990369,378
1738990372,453
1738990374,643
1738990378,636
1738990380,642
1738990384,610
1738990387,371
1738990390,382
1738990393,379
1738990396,373
1738990399,378
1738990402,377
1738990405,378
1738990408,383
1738990411,378
1738990414,376
1738990417,381
1738990423,382
1738990424,375
1738990428,379
1738990431,377
1738990433,376
1738990433,None
1738990439,386
1738990439,None
1738990445,389
1738990449,384
1738990452,391
1738990455,383
1738990455,None
1738990461,391
1738990464,386
1738990467,380
1738990470,391
1738990473,389
1738990473,None
1738990479,395
1738990482,381
1738990485,384
1738990488,392
1738990491,394
1738990495,385
1738990498,382
1738990500,398
1738990503,388
1738990507,385
1738990510,391
1738990513,389
1738990516,387
1738990516,None
1738990522,391
1738990525,382
1738990528,386
1738990531,384
1738990534,383
1738990537,393
1738990540,390
1738990543,393
1738990546,393
1738990549,386
1738990552,390
1738990555,378
1738990558,383
1738990561,375
1738990564,375
1738990568,582
1738990571,640
1738990571,None
1738990577,643
1738990580,566
1738990583,377
1738990586,374
1738990589,378
1738990592,376
1738990595,377
1738990598,384
1738990601,376
1738990604,376
1738990607,372
1738990610,379
1738990614,374
1738990617,374
1738990619,378
1738990622,380
1738990622,None
1738990629,380
1738990632,378
1738990635,368
1738990638,378
1738990638,None
1738990644,374
1738990647,377
1738990650,371
1738990653,378
1738990656,376
1738990659,379
1738990662,378
1738990665,379
1738990668,385
1738990671,385
1738990675,385
1738990677,381
1738990680,387
1738990683,383
1738990686,391
1738990689,387
1738990692,385
1738990696,393
1738990699,387
1738990702,387
1738990705,388
1738990708,391
1738990711,387
1738990714,381
1738990717,395
1738990720,390
1738990720,None
1738990726,396
1738990729,382
1738990732,384
1738990735,383
1738990738,382
1738990741,378
1738990744,378
1738990747,372
1738990747,None
1738990753,373
1738990756,377
1738990759,372
1738990763,367
1738990765,363
1738990769,364
1738990772,372
1738990775,373
1738990778,371
1738990781,366
1738990784,595
1738990787,633
1738990790,625
1738990793,631
1738990796,631
1738990799,457
1738990802,373
1738990805,373
1738990808,372
1738990811,376
1738990814,375
1738990817,373
1738990820,370
1738990823,373
1738990826,380
1738990829,380
1738990833,374
1738990836,383
1738990839,384
1738990839,None
1738990845,380
1738990848,382
1738990851,386
1738990854,384
1738990857,388
1738990860,380
1738990863,453
1738990866,661
1738990870,656
1738990872,657
1738990875,591
1738990875,None
1738990882,391
1738990884,401
1738990888,427
1738990891,426
1738990894,436
1738990897,419
1738990900,423
1738990903,437
1738990906,429
1738990909,417
1738990912,434
1738990915,433
1738990918,430
1738990921,432
1738990924,433
1738990927,430
1738990930,432
1738990933,432
1738990936,424
1738990939,438
1738990942,424
1738990945,430
1738990948,439
1738990951,427
1738990951,None
1738990957,427
1738990961,436
1738990964,434
1738990966,435
1738990970,440
1738990973,436
1738990976,429
1738990976,None
1738990982,441
1738990985,428
1738990988,445
1738990988,None
1738990994,439
1738990997,443
1738991000,437
1738991003,439
1738991007,442
1738991009,441
1738991013,445
1738991016,433
1738991018,448
1738991022,444
1738991025,445
1738991028,446
1738991031,445
1738991034,446
1738991037,432
1738991040,439
1738991043,436
1738991046,440
1738991049,437
1738991052,437
1738991055,442
1738991058,431
1738991061,447
1738991064,437
1738991067,432
1738991070,444
1738991074,440
1738991077,442
1738991080,436
1738991083,440
1738991083,None
1738991083,None
1738991092,444
1738991092,None
1738991098,437
1738991101,442
1738991104,437
1738991107,440
1738991110,440
1738991113,441
1738991116,438
1738991119,443
1738991122,439
1738991125,441
1738991128,437
1738991131,443
1738991134,441
1738991138,440
1738991140,443
1738991144,440
1738991147,447
1738991147,None
1738991153,446
1738991153,None
1738991159,441
1738991162,441
1738991165,443
1738991168,439
1738991171,438
1738991174,441
1738991177,431
1738991177,None
1738991183,431
1738991183,None
1738991189,432
1738991192,421
1738991195,420
1738991198,444
1738991201,440
1738991204,564
1738991208,698
1738991210,702
1738991214,703
1738991217,578
1738991220,439
1738991223,445
1738991223,None
1738991229,432
1738991232,438
1738991235,451
1738991235,None
1738991241,430
1738991244,444
1738991248,440
1738991250,437
1738991254,442
1738991256,423
1738991260,388
1738991263,388
1738991266,391
1738991269,393
1738991272,388
1738991275,405
1738991278,655
1738991281,655
1738991284,653
1738991287,664
1738991290,409
1738991294,394
1738991296,404
1738991300,396
1738991302,388
1738991306,390
1738991309,390
1738991312,389
1738991315,393
1738991318,395
1738991321,390
1738991324,398
1738991327,393
1738991330,390
1738991333,394
1738991337,399
1738991339,394
1738991342,390
1738991345,392
1738991348,392
1738991351,392
1738991354,391
1738991357,391
1738991361,397
1738991363,386
1738991367,397
1738991370,389
1738991372,391
1738991376,390
1738991379,396
1738991382,393
1738991385,385
1738991388,398
1738991391,439
1738991394,507
1738991397,602
1738991400,664
1738991404,690
1738991406,705
1738991409,710
1738991412,717
1738991415,724
1738991418,731
1738991422,731
1738991424,737
1738991427,746
1738991431,741
1738991433,756
1738991436,754
1738991440,755
1738991443,764
1738991446,762
1738991449,759
1738991452,675
1738991455,577
1738991459,494
1738991461,474
1738991464,442
1738991467,448
1738991470,456
1738991473,454
1738991473,None
1738991480,453
1738991482,449
1738991485,448
1738991488,447
1738991491,441
1738991494,444
1738991497,441
1738991501,447
1738991503,435
1738991503,None
1738991509,443
1738991513,437
1738991513,None
1738991519,439
1738991522,438
1738991525,439
1738991529,439
1738991531,438
1738991534,426
1738991537,439
1738991540,441
1738991544,427
1738991546,428
1738991549,444
1738991553,436
1738991556,429
1738991558,432
1738991562,436
1738991565,424
1738991567,432
1738991570,434
1738991574,440
1738991577,435
1738991580,430
1738991583,434
1738991586,538
1738991590,698
1738991592,701
1738991595,696
1738991598,530
1738991601,438
1738991604,422
1738991607,430
1738991610,437
1738991613,425
1738991617,427
1738991619,438
1738991622,433
1738991626,428
1738991628,433
1738991632,427
1738991635,591
1738991638,685
1738991638,None
1738991638,None
1738991647,696
1738991650,463
1738991653,423
1738991656,433
1738991659,432
1738991662,430
1738991665,429
1738991668,433
1738991671,430
1738991675,436
1738991678,425
1738991681,434
1738991684,425
1738991687,429
1738991687,None
1738991692,424
1738991696,435
1738991699,431
1738991702,433
1738991702,None
1738991708,428
1738991711,430
1738991711,None
1738991717,430
1738991720,434
1738991723,430
1738991726,433
1738991729,426
1738991732,437
1738991732,None
1738991738,432
1738991741,432
1738991745,429
1738991748,436
1738991751,434
1738991754,428
1738991754,None
1738991760,429
1738991762,416
1738991766,428
1738991769,424
1738991772,418
1738991772,None
1738991772,None
1738991781,416
1738991784,425
1738991787,421
1738991790,425
1738991793,418
1738991796,429
1738991796,None
1738991803,415
1738991806,428
1738991808,422
1738991811,426
1738991814,420
1738991817,425
1738991821,423
1738991823,421
1738991827,422
1738991830,419
1738991833,415
1738991836,412
1738991839,418
1738991842,420
1738991845,406
1738991848,416
1738991852,411
1738991854,412
1738991854,None
1738991861,417
1738991863,419
1738991866,412
1738991869,414
1738991872,419
1738991872,None
1738991878,417
1738991881,414
1738991884,410
1738991887,414
1738991890,414
1738991894,416
1738991897,416
1738991900,418
1738991903,419
1738991906,418
1738991909,417
1738991912,416
1738991915,417
1738991918,407
1738991921,413
1738991924,413
1738991927,417
1738991930,410
1738991933,409
1738991936,408
1738991939,410
1738991942,411
1738991945,414
1738991948,403
1738991952,418
1738991954,408
1738991957,412
1738991961,417
1738991964,414
1738991967,415
1738991970,412
1738991973,416
1738991976,675
1738991979,682
1738991982,673
1738991985,679
1738991988,447
1738991991,411
1738991994,415
1738991997,409
1738991997,None
1738992003,404
1738992006,410
1738992009,411
1738992012,408
1738992015,418
1738992018,416
1738992022,410
1738992024,409
1738992027,417
1738992030,410
1738992034,400
1738992037,417
1738992040,396
1738992040,None
1738992046,413
1738992049,415
1738992052,415
1738992055,418
1738992058,404
1738992061,413
1738992064,489
1738992067,660
1738992070,650
1738992073,642
1738992076,650
1738992080,424
1738992082,451
1738992085,477
1738992089,481
1738992091,486
1738992095,482
1738992098,478
1738992098,None
1738992104,474
1738992107,472
1738992110,479
1738992113,475
1738992116,463
1738992119,466
1738992122,457
1738992126,461
1738992128,448
1738992131,448
1738992134,447
1738992137,445
1738992140,441
1738992140,None
1738992147,439
1738992150,445
1738992153,443
1738992156,452
1738992159,446
1738992162,443
1738992165,431
1738992168,447
1738992171,444
1738992175,448
1738992177,441
1738992181,454
1738992181,None
1738992186,440
1738992190,436
1738992190,None
1738992195,438
1738992198,451
1738992201,446
1738992205,444
1738992208,454
1738992211,444
1738992214,445
1738992217,442
1738992220,447
1738992224,450
1738992226,449
1738992226,None
1738992232,450
1738992235,443
1738992238,441
1738992242,439
1738992244,445
1738992248,452
1738992251,439
1738992253,448
1738992257,449
1738992260,445
1738992263,449
1738992266,443
1738992269,434
1738992269,None
1738992275,446
1738992278,439
1738992282,452
1738992284,448
1738992287,434
1738992290,448
1738992293,449
1738992296,446
1738992299,458
1738992303,453
1738992305,458
1738992309,451
1738992312,450
1738992314,450
1738992317,447
1738992321,438
1738992324,446
1738992327,443
1738992329,445
1738992333,441
1738992336,438
1738992339,433
1738992343,438
1738992345,439
1738992348,445
1738992351,445
1738992354,440
1738992357,444
1738992360,443
1738992363,436
1738992367,434
1738992370,436
1738992373,443
1738992376,445
1738992379,446
1738992382,442
1738992384,442
1738992387,437
1738992391,443
1738992394,446
1738992397,442
1738992400,437
1738992400,None
1738992406,703
1738992409,702
1738992412,709
1738992415,703
1738992418,515
1738992421,444
1738992424,438
1738992427,444
1738992430,438
1738992433,445
1738992436,439
1738992439,444
1738992442,439
1738992442,None
1738992448,443
1738992452,437
1738992455,446
1738992458,444
1738992461,440
1738992464,444
1738992467,436
1738992470,442
1738992473,444
1738992476,434
1738992479,629
1738992482,704
1738992485,696
1738992488,702
1738992491,699
1738992494,450
1738992498,444
1738992498,None
1738992504,442
1738992507,439
1738992510,441
1738992513,450
1738992516,444
1738992519,445
1738992522,443
1738992525,439
1738992528,442
1738992531,447
1738992534,444
1738992537,444
1738992540,442
1738992543,437
1738992547,435
1738992549,446
1738992552,445
1738992555,442
1738992555,None
1738992562,443
1738992562,None
1738992568,445
1738992571,439
1738992574,443
1738992577,444
1738992580,443
1738992583,439
1738992586,444
1738992589,445
1738992592,441
1738992592,None
1738992598,445
1738992601,443
1738992605,441
1738992607,444
1738992610,442
1738992610,None
1738992617,446
1738992617,None
1738992623,438
1738992626,446
1738992629,442
1738992632,443
1738992635,445
1738992638,440
1738992641,443
1738992644,438
1738992647,444
1738992650,442
1738992653,444
1738992656,441
1738992659,446
1738992662,442
1738992665,446
1738992669,425
1738992671,417
1738992674,422
1738992678,413
1738992680,421
1738992684,418
1738992687,421
1738992687,None
1738992693,416
1738992696,415
1738992698,425
1738992702,422
1738992705,421
1738992708,424
1738992711,685
1738992714,691
1738992717,688
1738992720,689
1738992723,689
1738992723,None
1738992730,686
1738992733,680
1738992736,683
1738992738,682
1738992741,673
1738992741,None
1738992748,680
1738992751,677
1738992754,675
1738992757,682
1738992760,681
1738992763,677
1738992766,671
1738992769,678
1738992772,679
1738992775,676
1738992778,677
1738992781,667
1738992784,670
1738992787,677
1738992790,677
1738992793,679
1738992796,678
1738992799,437
1738992802,413
1738992805,412
1738992809,406
1738992812,406
1738992815,408
1738992817,417
1738992820,416
1738992824,435
1738992827,408
1738992830,405
1738992833,405
1738992833,None
1738992839,399
1738992842,401
1738992846,406
1738992848,404
1738992851,403
1738992854,403
1738992857,405
1738992860,400
1738992863,409
1738992866,400
1738992869,407
1738992872,408
1738992875,409
1738992878,404
1738992882,418
1738992884,406
1738992888,413
1738992891,410
1738992894,405
1738992897,417
1738992900,414
1738992903,411
1738992906,418
1738992909,411
1738992912,420
1738992915,413
1738992918,421
1738992921,414
1738992924,419
1738992927,416
1738992931,422
1738992934,421
1738992936,414
1738992939,417
1738992939,None
1738992946,679
1738992948,680
1738992952,672
1738992955,652
1738992958,407
1738992961,415
1738992964,403
1738992967,682
1738992967,None
1738992973,675
1738992976,678
1738992979,515
1738992982,416
1738992985,402
1738992988,399
1738992992,415
1738992994,410
1738992997,409
1738992997,None
1738993003,401
1738993007,403
1738993010,401
1738993012,405
1738993016,409
1738993018,408
1738993022,403
1738993025,404
1738993028,412
1738993031,402
1738993034,406
1738993034,None
1738993040,409
1738993043,401
1738993043,None
1738993043,None
1738993052,399
1738993055,411
1738993059,404
1738993061,406
1738993065,408
1738993065,None
1738993070,404
1738993074,404
1738993077,404
1738993080,405
1738993083,403
1738993086,405
1738993089,403
1738993092,401
1738993095,400
1738993098,407
1738993101,407
1738993104,408
1738993107,396
1738993110,405
1738993114,407
1738993116,404
1738993119,402
1738993122,403
1738993126,404
1738993129,407
1738993132,403
1738993135,405
1738993138,406
1738993141,397
1738993144,397
1738993147,409
1738993150,404
1738993153,401
1738993156,396
1738993160,400
1738993162,408
1738993165,403
1738993168,400
1738993171,401
1738993174,409
1738993177,408
1738993181,397
1738993183,408
1738993186,402
1738993189,401
1738993192,406
1738993195,402
1738993198,403
1738993202,406
1738993204,401
1738993208,400
1738993211,409
1738993214,401
1738993217,398
1738993220,408
1738993223,402
1738993226,399
1738993229,404
1738993232,412
1738993232,None
1738993238,419
1738993241,414
1738993244,401
1738993244,None
1738993250,421
1738993254,412
1738993256,413
1738993259,412
1738993263,411
1738993266,409
1738993268,406
1738993272,390
1738993274,394
1738993278,387
1738993281,389
1738993285,397
1738993287,387
1738993287,None
1738993293,384
1738993296,373
1738993296,None
1738993302,376
1738993305,377
1738993308,386
1738993308,None
1738993314,389
1738993317,391
1738993320,384
1738993323,391
1738993326,380
1738993329,388
1738993333,387
1738993336,390
1738993339,389
1738993341,389
1738993344,386
1738993348,387
1738993350,711
1738993354,918
1738993356,913
1738993360,898
1738993363,562
1738993366,381
1738993369,388
1738993372,384
1738993375,376
1738993378,390
1738993381,385
1738993384,381
1738993387,383
1738993390,385
1738993393,384
1738993396,381
1738993399,380
1738993403,386
1738993406,379
1738993406,None
1738993412,384
1738993415,376
1738993417,383
1738993421,384
1738993424,385
1738993427,387
1738993430,387
1738993433,385
1738993436,385
1738993440,383
1738993442,386
1738993445,382
1738993448,381
1738993451,381
1738993455,390
1738993457,382
1738993460,372
1738993464,391
1738993467,383
1738993470,377
1738993473,384
1738993476,388
1738993479,381
1738993482,381
1738993485,384
1738993488,387
1738993491,375
1738993494,377
1738993497,389
1738993500,374
1738993503,386
1738993507,384
1738993509,383
1738993512,378
1738993515,379
1738993518,382
1738993522,377
1738993524,387
1738993528,382
1738993531,378
1738993534,382
1738993537,382
1738993540,381
1738993543,381
1738993546,382
1738993549,386
1738993549,None
1738993555,372
1738993558,383
1738993561,387
1738993564,380
1738993564,None
1738993570,378
1738993574,381
1738993576,381
1738993579,374
1738993582,384
1738993585,372
1738993589,372
1738993591,389
1738993595,382
1738993598,374
1738993601,380
1738993603,380
1738993607,381
1738993610,378
1738993613,387
1738993616,377
1738993619,380
1738993622,381
1738993625,377
1738993625,None
1738993631,379
1738993635,380
1738993635,None
1738993641,385
1738993644,376
1738993647,383
1738993650,380
1738993652,374
1738993655,383
1738993659,373
1738993661,379
1738993665,384
1738993668,380
1738993671,376
1738993674,379
1738993677,383
1738993680,471
1738993683,635
1738993686,635
1738993689,623
1738993692,754
1738993696,630
1738993696,None
1738993696,None
1738993704,586
1738993708,376
1738993710,375
1738993714,371
1738993717,382
1738993720,382
1738993722,374
1738993726,367
1738993729,383
1738993732,393
1738993735,379
1738993738,379
1738993741,378
1738993741,None
1738993747,380
1738993750,379
1738993753,377
1738993756,374
1738993760,381
1738993762,374
1738993766,380
1738993768,380
1738993771,378
1738993774,375
1738993777,381
1738993781,374
1738993784,378
1738993787,382
1738993790,375
1738993793,374
1738993796,373
1738993799,379
1738993802,376
1738993805,369
1738993808,381
1738993811,377
1738993814,376
1738993817,380
1738993820,384
1738993820,None
1738993827,379
1738993829,374
1738993832,379
1738993832,None
1738993838,381
1738993842,375
1738993845,379
1738993848,375
1738993851,368
1738993854,377
1738993857,379
1738993860,383
1738993863,378
1738993863,None
1738993869,378
1738993872,374
1738993875,379
1738993878,379
1738993881,378
1738993884,382
1738993887,380
1738993890,374
1738993894,380
1738993896,374
1738993899,376
1738993902,369
1738993906,375
1738993908,383
1738993912,377
1738993915,377
1738993918,367
1738993921,380
1738993924,383
1738993927,378
1738993930,377
1738993933,378
1738993936,376
1738993939,375
1738993942,378
1738993945,383
1738993948,377
1738993951,379
1738993955,380
1738993957,374
1738993961,392
1738993963,384
1738993967,387
1738993970,386
1738993973,387
1738993975,386
1738993978,387
1738993982,390
1738993985,381
1738993988,388
1738993991,379
1738993994,393
1738993997,381
1738994000,387
1738994003,381
1738994006,388
1738994009,384
1738994012,390
1738994015,387
1738994015,None
1738994022,386
1738994025,387
1738994027,385
1738994031,392
1738994034,381
1738994036,389
1738994039,388
1738994043,380
1738994046,394
1738994049,388
1738994052,383
1738994055,384
1738994058,387
1738994061,378
1738994064,387
1738994067,380
1738994070,391
1738994073,387
1738994076,393
1738994079,386
1738994082,383
1738994085,388
1738994088,395
1738994091,649
1738994095,889
1738994098,903
1738994100,893
1738994104,756
1738994107,389
1738994110,388
1738994113,388
1738994116,381
1738994119,389
1738994122,388
1738994125,386
1738994128,377
1738994131,384
1738994131,None
1738994137,382
1738994140,378
1738994143,390
1738994146,387
1738994149,382
1738994152,384
1738994156,382
1738994158,388
1738994162,381
1738994162,None
1738994167,390
1738994170,383
1738994174,393
1738994176,385
1738994180,389
1738994180,None
1738994186,384
1738994189,391
1738994192,385
1738994195,390
1738994198,385
1738994201,387
1738994204,381
1738994207,380
1738994211,391
1738994213,391
1738994216,383
1738994216,None
1738994222,378
1738994225,391
1738994229,382
1738994231,388
1738994231,None
1738994237,387
1738994241,388
1738994244,386
1738994247,387
1738994250,378
1738994253,382
1738994256,378
1738994259,375
1738994262,368
1738994265,372
1738994268,378
1738994271,376
1738994274,371
1738994277,372
1738994277,None
1738994283,376
1738994286,367
1738994286,None
1738994286,None
1738994295,367
1738994298,371
1738994301,371
1738994304,369
1738994307,367
1738994311,376
1738994313,375
1738994313,None
1738994320,371
1738994323,373
1738994326,377
1738994329,376
1738994332,373
1738994335,366
1738994338,371
1738994341,375
1738994345,375
1738994345,None
1738994345,None
1738994345,None
1738994356,365
1738994359,373
1738994363,376
1738994365,376
1738994368,374
1738994372,367
1738994375,372
1738994378,373
1738994381,371
1738994384,370
1738994387,379
1738994390,375
1738994393,365
1738994396,376
1738994399,374
1738994403,374
1738994405,375
1738994408,371
1738994412,378
1738994414,376
1738994417,386
1738994420,381
1738994423,377
1738994427,390
1738994429,388
1738994433,380
1738994436,392
1738994439,390
1738994442,385
1738994445,391
1738994448,386
1738994451,384
1738994454,389
1738994457,387
1738994460,392
1738994463,387
1738994466,393
1738994470,383
1738994472,387
1738994475,384
1738994475,None
1738994482,590
1738994484,694
1738994487,897
1738994490,894
1738994493,827
1738994496,524
1738994500,383
1738994503,393
1738994506,385
1738994509,376
1738994512,392
1738994516,385
1738994518,380
1738994521,383
1738994524,383
1738994527,385
1738994530,382
1738994530,None
1738994536,381
1738994539,378
1738994543,364
1738994545,368
1738994549,377
1738994551,372
1738994555,379
1738994557,368
1738994561,371
1738994564,378
1738994567,374
1738994570,362
1738994573,374
1738994576,379
1738994579,369
1738994582,378
1738994582,None
1738994588,373
1738994588,None
1738994594,374
1738994598,365
1738994600,383
1738994604,375
1738994607,374
1738994610,369
1738994613,378
1738994616,368
1738994619,380
1738994623,373
1738994625,367
1738994628,356
1738994631,363
1738994634,377
1738994634,None
1738994640,379
1738994644,377
1738994646,367
1738994649,381
1738994653,372
1738994656,368
1738994658,373
1738994662,378
1738994665,368
1738994668,381
1738994671,380
1738994674,374
1738994676,375
1738994680,380
1738994683,377
1738994686,379
1738994689,372
1738994689,None
1738994695,383
1738994698,388
1738994701,376
1738994704,390
1738994707,367
1738994711,312
1738994713,315
1738994713,None
1738994720,328
1738994723,304
1738994726,308
1738994729,320
1738994732,314
1738994735,302
1738994738,315
1738994741,309
1738994744,311
1738994748,328
1738994750,323
1738994753,323
1738994756,328
1738994759,324
1738994762,331
1738994765,329
1738994769,323
1738994772,320
1738994775,325
1738994777,323
1738994781,324
1738994784,320
1738994787,325
1738994790,319
1738994793,322
1738994796,322
1738994796,None
1738994803,325
1738994805,319
1738994808,320
1738994811,321
1738994814,365
1738994817,431
1738994820,401
1738994823,390
1738994826,406
1738994829,403
1738994833,385
1738994835,385
1738994839,391
1738994841,400
1738994844,423
1738994847,406
1738994850,391
1738994854,383
1738994857,381
1738994860,373
1738994863,375
1738994866,379
1738994869,364
1738994872,378
1738994875,390
1738994878,394
1738994881,383
1738994885,475
1738994887,646
1738994890,634
1738994893,638
1738994893,None
1738994899,386
1738994903,378
1738994905,386
1738994908,386
1738994911,395
1738994914,386
1738994917,379
1738994920,525
1738994923,643
1738994923,None
1738994930,678
1738994933,562
1738994935,425
1738994939,425
1738994942,426
1738994945,426
1738994948,421
1738994951,431
1738994954,424
1738994957,429
1738994960,421
1738994964,428
1738994966,428
1738994966,None
1738994972,429
1738994975,424
1738994978,434
1738994982,431
1738994985,429
1738994988,437
1738994991,429
1738994994,438
1738994997,436
1738995000,435
1738995003,438
1738995006,433
1738995009,434
1738995012,443
1738995015,432
1738995015,None
1738995021,439
1738995024,440
1738995027,433
1738995030,439
1738995033,442
1738995036,437
1738995039,437
1738995039,None
1738995046,433
1738995049,443
1738995051,478
1738995054,473
1738995058,444
1738995061,442
1738995064,446
1738995067,431
1738995070,441
1738995073,439
1738995076,444
1738995079,436
1738995082,439
1738995082,None
1738995082,None
1738995091,444
1738995094,438
1738995098,429
1738995100,431
1738995104,438
1738995104,None
1738995110,442
1738995113,434
1738995116,450
1738995118,438
1738995122,437
1738995122,None
1738995128,438
1738995131,437
1738995131,None
1738995137,437
1738995140,442
1738995143,439
1738995146,428
1738995149,448
1738995152,435
1738995155,429
1738995159,434
1738995162,444
1738995164,435
1738995167,440
1738995171,431
1738995174,432
1738995177,446
1738995179,448
1738995183,439
1738995186,432
1738995186,None
1738995192,444
1738995195,437
1738995198,434
1738995201,447
1738995204,457
1738995207,436
1738995210,420
1738995214,440
1738995217,430
1738995219,421
1738995223,423
1738995225,434
1738995228,427
1738995231,610
1738995234,686
1738995238,676
1738995240,682
1738995244,433
1738995247,432
1738995250,417
1738995253,425
1738995256,432
1738995259,429
1738995262,426
1738995265,428
1738995268,431
1738995271,426
1738995274,431
1738995278,428
1738995280,424
1738995284,432
1738995286,422
1738995290,435
1738995292,429
1738995296,429
1738995299,424
1738995302,424
1738995305,423
1738995308,428
1738995311,427
1738995314,429
1738995317,422
1738995320,435
1738995320,None
1738995326,424
1738995329,429
1738995332,417
1738995335,425
1738995338,433
1738995341,427
1738995344,430
1738995348,523
1738995348,None
1738995354,690
1738995356,676
1738995360,451
1738995363,429
1738995366,435
1738995369,432
1738995372,435
1738995375,445
1738995378,434
1738995381,435
1738995381,None
1738995387,438
1738995390,436
1738995393,429
1738995396,435
1738995399,432
1738995402,427
1738995405,434
1738995408,439
1738995412,430
1738995415,430
1738995418,447
1738995421,439
1738995424,421
1738995427,438
1738995430,430
1738995433,425
1738995436,432
1738995439,427
1738995442,431
1738995445,424
1738995448,400
1738995451,389
1738995451,None
1738995457,377
1738995460,383
1738995463,373
1738995466,382
1738995470,383
1738995472,385
1738995475,385
1738995478,377
1738995481,372
1738995485,377
1738995488,372
1738995491,368
1738995493,355
1738995497,365
1738995500,356
1738995503,358
1738995506,359
1738995509,369
1738995513,364
1738995515,368
1738995518,379
1738995521,376
1738995524,412
1738995527,448
1738995531,450
1738995533,455
1738995536,462
1738995539,456
1738995542,450
1738995545,457
1738995549,448
1738995551,444
1738995551,None
1738995551,None
1738995551,None
1738995564,704
1738995567,698
1738995570,687
1738995572,439
1738995576,435
1738995579,438
1738995582,430
1738995585,442
1738995588,438
1738995591,432
1738995594,442
1738995594,None
1738995600,437
1738995603,437
1738995606,438
1738995609,436
1738995612,437
1738995616,436
1738995619,427
1738995621,434
1738995625,437
1738995628,432
1738995631,436
1738995634,437
1738995634,None
1738995640,439
1738995643,433
1738995646,435
1738995649,434
1738995652,436
1738995656,427
1738995658,420
1738995661,429
1738995664,440
1738995664,None
1738995671,434
1738995674,432
1738995677,437
1738995680,436
1738995683,441
1738995686,435
1738995689,443
1738995692,436
1738995695,428
1738995698,438
1738995701,437
1738995704,437
1738995707,436
1738995710,443
1738995713,434
1738995716,432
1738995719,429
1738995722,441
1738995725,437
1738995728,446
1738995728,None
1738995735,434
1738995737,445
1738995741,450
1738995744,437
1738995747,452
1738995750,450
1738995753,452
1738995756,698
1738995759,706
1738995762,700
1738995765,638
1738995768,430
1738995772,437
1738995774,432
1738995778,428
1738995781,432
1738995783,432
1738995787,431
1738995790,437
1738995792,434
1738995796,406
1738995799,417
1738995802,415
1738995805,418
1738995808,421
1738995811,416
1738995814,415
1738995817,415
1738995820,416
1738995823,433
1738995823,None
1738995829,422
1738995832,419
1738995835,420
1738995838,439
1738995838,None
1738995844,434
1738995847,430
1738995850,430
1738995853,438
1738995856,430
1738995859,410
1738995863,430
1738995865,424
1738995869,426
1738995871,407
1738995875,428
1738995878,427
1738995881,415
1738995884,423
1738995887,425
1738995890,420
1738995893,419
1738995896,414
1738995899,424
1738995902,419
1738995905,421
1738995908,422
1738995911,411
1738995915,426
1738995917,422
1738995920,416
1738995923,425
1738995927,421
1738995929,423
1738995932,422
1738995936,429
1738995939,420
1738995942,417
1738995944,559
1738995948,674
1738995951,662
1738995954,679
1738995957,551
1738995960,422
1738995963,419
1738995966,421
1738995969,419
1738995972,419
1738995975,425
1738995978,421
1738995981,409
1738995984,426
1738995987,423
1738995990,413
1738995993,422
1738995996,425
1738995999,415
1738996002,424
1738996006,425
1738996009,419
1738996012,426
1738996015,424
1738996018,408
1738996021,416
1738996024,430
1738996027,422
1738996030,414
1738996033,418
1738996033,None
1738996039,415
1738996043,415
1738996045,422
1738996049,431
1738996051,438
1738996055,425
1738996058,426
1738996061,428
1738996064,431
1738996067,450
1738996070,430
1738996073,430
1738996077,445
1738996079,429
1738996082,442
1738996085,436
1738996088,421
1738996091,429
1738996094,417
1738996097,425
1738996100,427
1738996103,420
1738996106,427
1738996109,419
1738996113,424
1738996116,419
1738996118,418
1738996121,425
1738996125,420
1738996128,422
1738996131,419
1738996134,528
1738996137,675
1738996140,678
1738996143,681
1738996146,526
1738996149,428
1738996152,427
1738996155,418
1738996158,419
1738996161,428
1738996164,417
1738996167,419
1738996171,420
1738996173,426
1738996177,419
1738996180,421
1738996183,429
1738996186,425
1738996189,422
1738996192,429
1738996195,420
1738996198,414
1738996201,426
1738996204,425
1738996207,417
1738996210,423
1738996214,426
1738996216,419
1738996219,429
1738996222,422
1738996225,417
1738996228,430
1738996231,429
1738996234,420
1738996237,423
1738996240,428
1738996244,418
1738996246,424
1738996246,None
1738996253,426
1738996256,428
1738996259,425
1738996262,427
1738996265,433
1738996268,428
1738996271,425
1738996274,428
1738996277,423
1738996280,428
1738996284,417
1738996287,430
1738996289,426
1738996292,427
1738996295,417
1738996298,427
1738996302,418
1738996305,428
1738996308,418
1738996311,421
1738996314,421
1738996317,425
1738996320,423
1738996323,420
1738996326,425
1738996329,415
1738996332,419
1738996335,432
1738996338,663
1738996341,682
1738996345,681
1738996347,648
1738996351,434
1738996354,421
1738996357,423
1738996360,421
1738996363,419
1738996366,419
1738996369,421
1738996372,424
1738996375,420
1738996378,431
1738996381,414
1738996384,430
1738996387,416
1738996390,429
1738996393,415
1738996396,428
1738996399,422
1738996402,424
1738996405,423
1738996408,460
1738996411,465
1738996415,462
1738996418,469
1738996421,462
1738996424,476
1738996427,470
1738996430,475
1738996433,466
1738996436,484
1738996439,481
1738996442,491
1738996445,492
1738996448,495
1738996451,474
1738996454,493
1738996457,484
1738996460,482
1738996463,486
1738996466,492
1738996470,479
1738996473,482
1738996476,482
1738996478,477
1738996482,472
1738996485,484
1738996488,480
1738996491,470
1738996494,485
1738996494,None
1738996500,480
1738996503,483
1738996506,474
1738996509,479
1738996512,473
1738996515,475
1738996518,487
1738996521,484
1738996524,478
1738996527,475
1738996530,484
1738996533,486
1738996537,478
1738996539,475
1738996543,481
1738996545,567
1738996549,746
1738996552,745
1738996555,753
1738996558,546
1738996561,477
1738996564,484
1738996567,483
1738996567,None
1738996567,None
1738996576,481
1738996579,474
1738996583,473
1738996585,483
1738996588,477
1738996592,488
1738996592,None
1738996598,495
1738996601,498
1738996603,489
1738996607,490
1738996609,485
1738996613,489
1738996616,487
1738996619,473
1738996622,480
1738996622,None
1738996628,483
1738996631,479
1738996634,478
1738996637,479
1738996640,482
1738996640,None
1738996646,479
1738996649,490
1738996652,485
1738996655,477
1738996658,484
1738996662,473
1738996665,486
1738996668,481
1738996671,480
1738996671,None
1738996677,495
1738996679,485
1738996683,485
1738996686,476
1738996689,485
1738996692,482
1738996695,502
1738996698,486
1738996701,484
1738996704,484
1738996707,501
1738996710,732
1738996714,733
1738996716,727
1738996719,641
1738996722,487
1738996726,486
1738996728,491
1738996732,496
1738996734,490
1738996738,480
1738996741,505
1738996743,484
1738996747,491
1738996747,None
1738996753,493
1738996756,487
1738996756,None
1738996762,495
1738996766,480
1738996768,494
1738996771,485
1738996774,494
1738996777,486
1738996781,492
1738996784,485
1738996786,492
1738996790,493
1738996790,None
1738996796,490
1738996796,None
1738996796,None
1738996804,491
1738996807,484
1738996811,480
1738996814,473
1738996817,486
1738996820,483
1738996823,487
1738996823,None
1738996829,489
1738996832,478
1738996835,493
1738996838,500
1738996841,480
1738996844,486
1738996844,None
1738996850,496
1738996854,495
1738996856,481
1738996860,485
1738996863,496
1738996866,492
1738996869,496
1738996872,481
1738996875,513
1738996878,489
1738996881,498
1738996884,494
1738996887,490
1738996890,445
1738996893,456
1738996896,450
1738996899,446
1738996902,440
1738996906,430
1738996908,429
1738996912,439
1738996915,440
1738996918,436
1738996921,430
1738996924,451
1738996927,438
1738996930,426
1738996933,423
1738996936,423
1738996939,425
1738996942,425
1738996945,423
1738996948,427
1738996951,432
1738996955,424
1738996957,419
1738996961,607
1738996961,None
1738996967,684
1738996969,687
1738996973,580
1738996976,424
1738996979,436
1738996982,423
1738996985,417
1738996988,423
1738996991,412
1738996994,422
1738996997,420
1738997000,423
1738997003,424
1738997006,416
1738997009,417
1738997013,420
1738997015,422
1738997018,413
1738997022,424
1738997025,434
1738997028,423
1738997030,426
1738997034,426
1738997036,412
1738997036,None
1738997043,665
1738997046,666
1738997049,673
1738997052,581
1738997055,423
1738997058,418
1738997061,429
1738997064,422
1738997067,417
1738997070,430
1738997073,430
1738997077,420
1738997079,428
1738997082,420
1738997086,417
1738997088,405
1738997092,372
1738997095,368
1738997098,363
1738997101,369
1738997104,368
1738997107,365
1738997110,372
1738997113,336
1738997116,329
1738997119,345
1738997122,328
1738997125,338
1738997128,334
1738997131,327
1738997134,348
1738997137,328
1738997141,329
1738997144,329
1738997147,329
1738997149,324
1738997152,329
1738997156,327
1738997158,319
1738997162,345
1738997165,327
1738997168,351
1738997172,334
1738997174,341
1738997177,343
1738997180,333
1738997183,328
1738997186,340
1738997189,342
1738997192,333
1738997195,340
1738997198,334
1738997202,332
1738997205,345
1738997207,330
1738997211,328
1738997214,325
1738997216,340
1738997220,326
1738997223,335
1738997226,346
1738997229,339
1738997232,336
1738997235,342
1738997238,333
1738997241,334
1738997244,341
1738997247,323
1738997250,329
1738997253,334
1738997256,326
1738997260,339
1738997263,337
1738997265,329
1738997265,None
1738997272,330
1738997274,326
1738997277,331
1738997280,326
1738997284,336
1738997287,341
1738997290,336
1738997292,336
1738997292,None
1738997299,333
1738997302,342
1738997305,336
1738997308,337
1738997311,336
1738997314,347
1738997317,348
1738997320,346
1738997323,346
1738997326,337
1738997329,333
1738997332,340
1738997335,325
1738997338,333
1738997341,343
1738997344,332
1738997347,337
1738997351,329
1738997353,329
1738997356,329
1738997360,333
1738997363,337
1738997366,325
1738997369,332
1738997372,328
1738997375,320
1738997378,330
1738997381,325
1738997385,323
1738997387,326
1738997390,331
1738997394,331
1738997396,320
1738997396,None
1738997402,331
1738997406,329
1738997409,322
1738997412,356
1738997415,590
1738997418,584
1738997421,588
1738997424,603
1738997427,581
1738997430,590
1738997433,591
1738997436,492
1738997439,331
1738997442,338
1738997445,333
1738997448,330
1738997451,337
1738997454,330
1738997457,333
1738997461,330
1738997464,340
1738997467,330
1738997470,345
1738997473,335
1738997475,330
1738997479,340
1738997482,335
1738997485,339
1738997488,352
1738997488,None
1738997494,338
1738997497,329
1738997500,335
1738997503,334
1738997506,340
1738997509,334
1738997512,335
1738997515,338
1738997518,336
1738997521,337
1738997525,338
1738997527,340
1738997530,334
1738997534,339
1738997536,337
1738997539,330
1738997542,340
1738997546,329
1738997548,344
1738997552,336
1738997555,333
1738997558,338
1738997561,334
1738997564,332
1738997567,336
1738997570,335
1738997573,323
1738997576,330
1738997579,343
1738997583,392
1738997585,369
1738997588,424
1738997592,430
1738997594,440
1738997597,435
1738997600,431
1738997604,433
1738997606,433
1738997610,431
1738997613,425
1738997615,430
1738997619,434
1738997622,424
1738997624,437
1738997628,423
1738997631,421
1738997634,429
1738997637,429
1738997640,419
1738997643,431
1738997646,421
1738997649,411
1738997652,422
1738997656,388
1738997656,None
1738997662,371
1738997664,373
1738997668,419
1738997671,419
1738997671,None
1738997677,418
1738997680,421
1738997683,419
1738997686,418
1738997689,459
1738997692,467
1738997695,464
1738997698,463
1738997701,463
1738997704,473
1738997707,468
1738997710,475
1738997714,465
1738997717,461
1738997720,450
1738997723,441
1738997726,448
1738997726,None
1738997732,430
1738997735,417
1738997738,421
1738997741,420
1738997744,416
1738997747,423
1738997750,423
1738997753,417
1738997753,None
1738997759,423
1738997763,423
1738997765,428
1738997769,422
1738997771,429
1738997774,452
1738997777,419
1738997780,423
1738997783,431
1738997787,432
1738997790,441
1738997793,429
1738997795,414
1738997799,418
1738997802,617
1738997805,674
1738997808,673
1738997812,672
1738997814,600
1738997817,646
1738997820,655
1738997823,656
1738997827,665
1738997829,456
1738997832,470
1738997836,480
1738997838,498
1738997842,491
1738997845,495
1738997848,505
1738997851,491
1738997854,477
1738997857,495
1738997860,510
1738997863,523
1738997866,524
1738997869,542
1738997872,528
1738997875,537
1738997878,529
1738997881,531
1738997884,516
1738997888,539
1738997888,None
1738997893,531
1738997896,523
1738997900,540
1738997903,537
1738997906,529
1738997908,521
1738997912,531
1738997915,533
1738997915,None
1738997921,539
1738997924,530
1738997927,525
1738997931,535
1738997933,516
1738997936,515
1738997940,523
1738997942,512
1738997946,525
1738997949,517
1738997952,519
1738997955,536
1738997958,521
1738997961,512
1738997964,514
1738997967,515
1738997970,512
1738997973,510
1738997976,515
1738997979,512
1738997982,518
1738997985,526
1738997988,525
1738997991,512
1738997995,520
1738997998,518
1738998000,521
1738998004,521
1738998006,524
1738998010,522
1738998013,516
1738998016,508
1738998019,526
1738998022,521
1738998025,517
1738998028,502
1738998031,513
1738998034,511
1738998034,None
1738998040,510
1738998043,509
1738998046,509
1738998049,497
1738998052,508
1738998056,514
1738998056,None
1738998062,508
1738998065,506
1738998065,None
1738998071,508
1738998074,482
1738998077,463
1738998081,458
1738998083,460
1738998086,460
1738998089,476
1738998093,476
1738998095,458
1738998099,473
1738998102,474
1738998104,456
1738998107,472
1738998111,476
1738998114,470
1738998116,475
1738998116,None
1738998123,723
1738998126,729
1738998128,722
1738998132,591
1738998132,None
1738998138,459
1738998141,468
1738998144,461
1738998147,464
1738998147,None
1738998153,469
1738998156,456
1738998159,456
1738998162,462
1738998165,447
1738998168,459
1738998171,456
1738998175,454
1738998178,456
1738998181,460
1738998184,459
1738998187,462
1738998190,456
1738998193,463
1738998196,576
1738998199,710
1738998202,712
1738998205,706
1738998208,537
1738998211,471
1738998214,467
1738998217,468
1738998220,461
1738998223,452
1738998227,466
1738998229,454
1738998233,454
1738998236,465
1738998238,455
1738998242,458
1738998244,455
1738998247,437
1738998251,412
1738998254,414
1738998257,403
1738998260,410
1738998263,397
1738998266,412
1738998269,403
1738998272,410
1738998275,412
1738998278,413
1738998281,406
1738998284,404
1738998288,413
1738998290,406
1738998293,400
1738998296,411
1738998299,406
1738998302,407
1738998305,406
1738998308,401
1738998311,404
1738998314,407
1738998317,412
1738998320,402
1738998324,400
1738998326,401
1738998330,401
1738998333,397
1738998336,397
1738998339,391
1738998342,398
1738998345,393
1738998348,395
1738998351,395
1738998354,395
1738998357,390
1738998361,392
1738998363,389
1738998363,None
1738998369,389
1738998369,None
1738998375,386
1738998379,389
1738998381,390
1738998384,413
1738998388,419
1738998391,420
1738998393,419
1738998397,424
1738998400,415
1738998402,427
1738998406,418
1738998409,389
1738998412,395
1738998415,401
1738998418,387
1738998421,392
1738998424,380
1738998427,395
1738998430,380
1738998433,397
1738998433,None
1738998439,385
1738998442,384
1738998445,381
1738998448,394
1738998451,569
1738998454,648
1738998457,646
1738998461,652
1738998464,558
1738998466,390
1738998470,392
1738998473,388
1738998476,392
1738998479,397
1738998482,397
1738998485,389
1738998488,389
1738998491,384
1738998494,386
1738998497,394
1738998500,381
1738998503,367
1738998506,373
1738998509,390
1738998512,388
1738998515,377
1738998519,392
1738998522,383
1738998524,377
1738998528,390
1738998530,385
1738998534,384
1738998537,382
1738998540,391
1738998543,389
1738998546,389
1738998549,382
1738998552,394
1738998555,384
1738998555,None
1738998561,387
1738998564,421
1738998567,632
1738998571,631
1738998574,642
1738998577,555
1738998580,389
1738998583,393
1738998586,381
1738998589,390
1738998592,376
1738998595,378
1738998598,383
1738998601,378
1738998604,382
1738998607,383
1738998610,384
1738998613,399
1738998613,None
1738998619,388
1738998622,379
1738998625,368
1738998628,386
1738998631,381
1738998634,377
1738998634,None
1738998641,379
1738998643,378
1738998646,378
1738998650,382
1738998653,377
1738998655,379
1738998659,368
1738998662,367
1738998665,377
1738998665,None
1738998671,366
1738998673,356
1738998677,366
1738998680,363
1738998683,366
1738998686,367
1738998689,372
1738998692,379
1738998695,368
1738998698,370
1738998701,347
1738998704,359
1738998707,362
1738998711,356
1738998714,368
1738998714,None
1738998714,None
1738998722,376
1738998726,366
1738998729,368
1738998732,378
1738998732,None
1738998738,366
1738998741,387
1738998743,378
1738998747,369
1738998747,None
1738998753,382
1738998756,373
1738998760,372
1738998762,371
1738998765,376
1738998768,376
1738998771,374
1738998774,370
1738998777,382
1738998777,None
1738998784,377
1738998786,376
1738998789,371
1738998792,379
1738998792,None
1738998801,374
1738998802,379
1738998805,376
1738998809,377
1738998811,382
1738998815,383
1738998817,370
1738998820,375
1738998823,375
1738998827,382
1738998830,375
1738998833,369
1738998836,602
1738998839,629
1738998842,630
1738998845,639
1738998845,None
1738998851,415
1738998851,None
1738998857,473
1738998860,484
1738998863,476
1738998866,473
1738998869,459
1738998872,466
1738998875,465
1738998879,462
1738998881,466
1738998881,None
1738998881,None
1738998891,459
1738998893,456
1738998897,454
1738998900,443
1738998903,449
1738998906,458
1738998909,446
1738998912,446
1738998915,459
1738998918,510
1738998921,698
1738998924,696
1738998927,692
1738998930,685
1738998934,442
1738998937,443
1738998939,442
1738998942,443
1738998946,447
1738998948,436
1738998952,448
1738998954,446
1738998958,433
1738998961,450
1738998964,439
1738998966,437
1738998970,421
1738998973,419
1738998976,424
1738998979,423
1738998979,None
1738998985,422
1738998988,427
1738998991,429
1738998994,417
1738998997,426
1738999001,429
1738999003,428
1738999003,None
1738999009,424
1738999009,None
1738999015,446
1738999019,427
1738999022,435
1738999025,432
1738999028,444
1738999031,447
1738999034,447
1738999037,434
1738999040,442
1738999043,437
1738999046,433
1738999049,445
1738999052,445
1738999055,433
1738999058,438
1738999061,440
1738999064,442
1738999067,463
1738999071,475
1738999071,None
1738999076,480
1738999080,490
1738999083,479
1738999086,488
1738999086,None
1738999092,487
1738999095,486
1738999098,491
1738999101,479
1738999104,493
1738999107,493
1738999111,492
1738999113,495
1738999117,483
1738999119,492
1738999122,488
1738999126,489
1738999128,495
1738999131,486
1738999134,490
1738999138,490
1738999141,490
1738999144,498
1738999147,489
1738999150,493
1738999153,495
1738999156,488
1738999159,496
1738999162,486
1738999165,494
1738999168,488
1738999171,495
1738999174,497
1738999177,496
1738999180,493
1738999183,491
1738999186,499
1738999189,483
1738999193,508
1738999195,488
1738999199,442
1738999199,None
1738999205,452
1738999208,448
1738999210,458
1738999214,457
1738999217,451
1738999220,447
1738999223,451
1738999226,451
1738999229,459
1738999233,447
1738999233,None
1738999238,719
1738999241,718
1738999244,702
1738999247,646
1738999250,456
1738999250,None
1738999256,450
1738999259,460
1738999263,459
1738999265,454
1738999268,449
1738999272,448
1738999272,None
1738999278,446
1738999281,461
1738999284,454
1738999287,447
1738999290,463
1738999293,460
1738999296,453
1738999299,694
1738999302,700
1738999305,701
1738999308,684
1738999311,446
1738999314,446
1738999317,459
1738999320,454
1738999324,447
1738999327,448
1738999330,449
1738999333,442
1738999336,456
1738999339,452
1738999342,452
1738999345,458
1738999348,453
1738999351,450
1738999354,460
1738999357,454
1738999360,449
1738999364,447
1738999367,452
1738999370,458
1738999370,None
1738999375,449
1738999379,459
1738999382,452
1738999385,445
1738999388,458
1738999391,455
1738999394,450
1738999397,454
1738999400,457
1738999403,458
1738999406,454
1738999409,453
1738999412,456
1738999415,458
1738999418,462
1738999423,450
1738999424,463
1738999428,451
1738999431,442
1738999433,451
1738999436,454
1738999440,451
1738999443,458
1738999446,452
1738999449,458
1738999452,458
1738999455,457
1738999458,446
1738999461,450
1738999464,463
1738999467,460
1738999470,452
1738999473,445
1738999476,459
1738999479,454
1738999482,446
1738999485,453
1738999488,453
1738999491,452
1738999495,455
1738999495,None
1738999501,455
1738999504,457
1738999507,449
1738999509,455
1738999513,461
1738999516,459
1738999519,455
1738999522,459
1738999522,None
1738999528,459
1738999531,447
1738999531,None
1738999537,440
1738999541,450
1738999544,442
1738999546,445
1738999550,449
1738999553,449
1738999555,450
1738999559,444
1738999562,453
1738999565,439
1738999568,452
1738999571,436
1738999574,460
1738999577,446
1738999580,448
1738999583,443
1738999586,457
1738999589,456
1738999592,454
1738999596,456
1738999598,456
1738999602,460
1738999604,466
1738999607,465
1738999611,442
1738999613,457
1738999617,455
1738999620,444
1738999623,451
1738999626,463
1738999629,469
1738999632,458
1738999632,None
1738999638,548
1738999641,712
1738999644,699
1738999647,712
1738999650,716
1738999653,465
1738999653,None
1738999660,451
1738999660,None
1738999665,456
1738999665,None
1738999672,709
1738999675,714
1738999678,656
1738999681,477
1738999684,462
1738999687,458
1738999690,454
1738999693,461
1738999696,454
1738999699,448
1738999702,456
1738999705,457
1738999708,447
1738999711,451
1738999715,457
1738999717,458
1738999720,445
1738999724,466
1738999727,459
1738999730,450
1738999733,449
1738999736,445
1738999739,457
1738999742,458
1738999742,None
1738999748,456
1738999751,462
1738999751,None
1738999757,455
1738999760,463
1738999763,453
1738999766,464
1738999769,459
1738999772,471
1738999775,459
1738999779,466
1738999781,461
1738999785,462
1738999787,461
1738999791,461
1738999791,None
1738999797,460
1738999800,470
1738999803,462
1738999806,462
1738999809,470
1738999812,454
1738999815,469
1738999818,458
1738999821,464
1738999824,461
1738999824,None
1738999830,461
1738999833,464
1738999837,453
1738999840,471
1738999842,468
1738999845,461
1738999849,460
1738999851,465
1738999855,454
1738999857,445
1738999860,466
1738999864,455
1738999867,455
1738999870,457
1738999873,453
1738999876,457
1738999879,448
1738999882,446
1738999885,461
1738999888,458
1738999891,456
1738999894,454
1738999898,461
1738999901,464
1738999903,460
1738999903,None
1738999910,456
1738999912,463
1738999916,457
1738999918,447
1738999922,440
1738999925,450
1738999928,450
1738999931,461
1738999934,457
1738999937,454
1738999940,454
1738999943,455
1738999946,444
1738999949,448
1738999953,459
1738999955,442
1738999959,453
1738999962,451
1738999965,435
1738999968,453
1738999968,None
1738999968,None
1738999977,459
1738999980,449
1738999983,453
1738999986,454
1738999989,457
1738999992,451
1738999995,460
1738999998,446
1739000001,451
1739000005,449
1739000007,458
1739000010,454
1739000013,454
1739000017,456
1739000019,484
1739000023,717
1739000026,716
1739000029,715
1739000032,501
1739000035,455
1739000038,453
1739000041,460
1739000044,452
1739000047,461
1739000050,454
1739000053,447
1739000056,442
1739000059,617
1739000063,716
1739000066,709
1739000068,715
1739000068,None
1739000068,None
1739000078,467
1739000081,463
1739000083,463
1739000087,463
1739000090,459
1739000093,454
1739000096,456
1739000099,454
1739000102,454
1739000102,None
1739000108,458
1739000111,449
1739000114,462
1739000117,451
1739000121,449
1739000121,None
1739000126,449
1739000129,455
1739000129,None
1739000136,448
1739000138,447
1739000142,457
1739000145,452
1739000148,452
1739000151,461
1739000151,None
1739000157,457
1739000160,458
1739000163,451
1739000166,458
1739000169,450
1739000172,457
1739000175,453
1739000178,460
1739000181,453
1739000181,None
1739000187,457
1739000190,447
1739000193,463
1739000197,455
1739000197,None
1739000203,459
1739000206,450
1739000208,455
1739000212,454
1739000215,451
1739000215,None
1739000221,458
1739000224,448
1739000224,None
1739000230,447
1739000233,453
1739000233,None
1739000239,457
1739000242,452
1739000245,454
1739000248,459
1739000251,452
1739000254,455
1739000257,459
1739000260,453
1739000263,450
1739000266,460
1739000269,452
1739000272,454
1739000276,454
1739000278,462
1739000278,None
1739000285,453
1739000287,451
1739000290,455
1739000294,450
1739000297,451
1739000300,451
1739000303,453
1739000306,461
1739000309,455
1739000312,444
1739000315,463
1739000318,455
1739000322,452
1739000324,457
1739000327,454
1739000330,445
1739000333,455
1739000337,453
1739000340,456
1739000343,451
1739000346,462
1739000349,461
1739000352,448
1739000355,440
1739000358,453
1739000361,466
1739000364,465
1739000367,459
1739000370,456
1739000373,455
1739000373,None
1739000379,447
1739000382,456
1739000386,454
1739000388,448
1739000391,450
1739000395,449
1739000397,454
1739000401,456
1739000404,455
1739000407,445
1739000407,None
1739000413,443
1739000416,552
1739000419,694
1739000422,694
1739000425,702
1739000428,593
1739000431,448
1739000434,440
1739000437,443
1739000440,447
1739000443,442
1739000446,451
1739000450,452
1739000453,444
1739000455,453
1739000459,507
1739000462,720
1739000465,935
1739000468,967
1739000471,987
1739000474,1009
1739000477,766
1739000480,772
1739000483,780
1739000486,788
1739000489,794
1739000492,793
1739000495,830
1739000498,822
1739000501,815
1739000504,830
1739000507,827
1739000510,833
1739000514,832
1739000517,818
1739000519,752
1739000523,619
1739000526,564
1739000529,520
1739000532,509
1739000535,513
1739000538,527
1739000541,512
1739000544,524
1739000547,511
1739000547,None
1739000553,507
1739000556,510
1739000559,513
1739000562,515
1739000566,506
1739000568,509
1739000572,510
1739000574,510
1739000578,506
1739000580,509
1739000584,504
1739000586,507
1739000590,498
1739000593,503
1739000596,493
1739000599,502
1739000602,499
1739000605,500
1739000608,498
1739000611,498
1739000614,495
1739000617,502
1739000620,492
1739000623,493
1739000626,505
1739000629,506
1739000632,498
1739000635,482
1739000639,503
1739000642,501
1739000644,497
1739000648,489
1739000651,499
1739000654,493
1739000657,487
1739000660,490
1739000660,None
1739000666,497
1739000669,498
1739000672,483
1739000675,501
1739000678,495
1739000681,487
1739000684,490
1739000688,488
1739000690,493
1739000693,487
1739000696,492
1739000699,498
1739000699,None
1739000706,496
1739000709,484
1739000711,487
1739000715,490
1739000718,484
1739000721,491
1739000724,490
1739000727,486
1739000730,490
1739000733,489
1739000736,485
1739000739,501
1739000743,496
1739000745,495
1739000749,502
1739000751,491
1739000754,491
1739000758,499
1739000761,497
1739000763,495
1739000767,495
1739000769,495
1739000773,499
1739000776,492
1739000779,506
1739000781,503
1739000785,482
1739000788,507
1739000791,493
1739000794,486
1739000797,497
1739000800,490
1739000803,494
1739000806,498
1739000809,491
1739000809,None
1739000816,725
1739000818,755
1739000821,755
1739000824,741
1739000827,504
1739000830,497
1739000833,487
1739000836,497
1739000840,489
1739000843,485
1739000846,495
1739000849,492
1739000852,490
1739000852,None
1739000858,494
1739000861,482
1739000864,650
1739000867,745
1739000867,None
1739000873,750
1739000876,596
1739000879,494
1739000882,499
1739000885,494
1739000888,490
1739000892,488
1739000894,486
1739000897,484
1739000900,497
1739000903,477
1739000907,495
1739000909,484
1739000912,486
1739000916,482
1739000918,482
1739000922,485
1739000925,488
1739000928,485
1739000931,488
1739000934,482
1739000937,488
1739000940,482
1739000943,490
1739000946,482
1739000949,491
1739000952,484
1739000955,495
1739000958,489
1739000961,486
1739000964,486
1739000967,492
1739000970,483
1739000973,492
1739000976,485
1739000979,488
1739000982,486
1739000985,490
1739000989,485
1739000991,487
1739000995,489
1739000998,486
1739000998,None
1739001004,486
1739001007,481
1739001010,492
1739001013,481
1739001016,494
1739001019,490
1739001022,487
1739001025,493
1739001029,481
1739001031,485
1739001034,489
1739001037,483
1739001040,481
1739001043,485
1739001046,493
1739001049,482
1739001052,494
1739001055,481
1739001058,482
1739001061,492
1739001064,482
1739001068,491
1739001068,None
1739001074,489
1739001076,492
1739001080,488
1739001083,487
1739001086,490
1739001089,483
1739001092,490
1739001095,436
1739001095,None
1739001101,435
1739001104,421
1739001107,434
1739001110,424
1739001113,425
1739001116,432
1739001120,424
1739001123,427
1739001126,432
1739001129,429
1739001132,430
1739001135,422
1739001138,409
1739001141,399
1739001144,400
1739001147,405
1739001150,395
1739001153,401
1739001156,393
1739001159,391
1739001162,402
1739001165,395
1739001168,396
1739001171,396
1739001174,390
1739001178,395
1739001180,393
1739001184,388
1739001186,400
1739001190,389
1739001193,401
1739001196,393
1739001199,385
1739001202,396
1739001205,391
1739001208,396
1739001211,640
1739001214,645
1739001217,643
1739001223,395
1739001224,389
1739001224,None
1739001231,395
1739001233,399
1739001236,559
1739001240,641
1739001242,644
1739001245,663
1739001249,398
1739001252,395
1739001255,386
1739001258,390
1739001261,387
1739001264,394
1739001267,395
1739001270,384
1739001273,396
1739001276,389
1739001279,389
1739001282,386
1739001285,399
1739001288,396
1739001292,382
1739001294,391
1739001297,396
1739001301,390
1739001304,396
1739001307,394
1739001310,397
1739001313,394
1739001316,392
1739001319,391
1739001322,389
1739001325,396
1739001328,391
1739001331,393
1739001334,395
1739001337,389
1739001340,395
1739001343,386
1739001347,396
1739001349,382
1739001353,392
1739001355,385
1739001359,393
1739001362,392
1739001365,391
1739001367,390
1739001371,393
1739001374,392
1739001377,387
1739001380,398
1739001383,385
1739001386,397
1739001390,387
1739001390,None
1739001396,391
1739001398,399
1739001401,392
1739001404,396
1739001407,387
1739001411,396
1739001414,394
1739001417,379
1739001417,None
1739001423,399
1739001426,390
1739001429,394
1739001432,388
1739001435,390
1739001438,392
1739001441,389
1739001444,395
1739001448,389
1739001448,None
1739001453,391
1739001457,393
1739001459,394
1739001462,379
1739001465,386
1739001469,395
1739001471,385
1739001475,396
1739001477,389
1739001480,390
1739001484,387
1739001487,396
1739001490,392
1739001490,None
1739001496,398
1739001499,393
1739001502,381
1739001505,391
1739001508,391
1739001511,391
1739001514,389
1739001514,None
1739001520,394
1739001523,390
1739001523,None
1739001529,394
1739001532,393
1739001535,386
1739001539,390
1739001542,390
1739001544,384
1739001547,388
1739001551,386
1739001554,380
1739001557,378
1739001560,383
1739001563,382
1739001563,None
1739001569,387
1739001572,383
1739001575,373
1739001578,384
1739001581,386
1739001584,377
1739001587,386
1739001587,None
1739001593,390
1739001596,392
1739001599,377
1739001602,529
1739001605,625
1739001608,620
1739001611,621
1739001614,414
1739001617,368
1739001621,375
1739001623,374
1739001627,368
1739001630,375
1739001633,369
1739001636,375
1739001639,369
1739001642,372
1739001645,370
1739001648,371
1739001651,378
1739001654,371
1739001654,None
1739001660,374
1739001663,366
1739001666,560
1739001669,631
1739001672,631
1739001675,633
1739001679,384
1739001681,369
1739001685,369
1739001688,370
1739001690,374
1739001690,None
1739001697,370
1739001700,370
1739001703,369
1739001706,368
1739001709,376
1739001712,366
1739001715,374
1739001718,365
1739001721,376
1739001724,368
1739001727,373
1739001730,371
1739001733,367
1739001736,356
1739001740,347
1739001743,347
1739001745,346
1739001749,343
1739001752,343
1739001752,None
1739001758,347
1739001761,344
1739001764,347
1739001767,345
1739001770,359
1739001773,356
1739001776,360
1739001779,345
1739001782,341
1739001785,345
1739001788,349
1739001791,336
1739001795,349
1739001797,342
1739001800,346
1739001803,348
1739001807,340
1739001810,337
1739001813,344
1739001816,340
1739001819,348
1739001822,344
1739001825,337
1739001828,337
1739001831,349
1739001834,344
1739001837,336
1739001840,338
1739001843,350
1739001846,345
1739001849,338
1739001852,341
1739001855,342
1739001858,338
1739001861,339
1739001864,345
1739001868,343
1739001868,None
1739001868,None
1739001876,347
1739001880,332
1739001882,344
1739001886,339
1739001889,341
1739001892,342
1739001895,341
1739001895,None
1739001901,343
1739001904,343
1739001907,348
1739001910,338
1739001910,None
1739001916,339
1739001919,349
1739001922,341
1739001925,351
1739001925,None
1739001931,353
1739001934,360
1739001938,357
1739001941,356
1739001941,None
1739001946,358
1739001950,351
1739001950,None
1739001955,361
1739001959,345
1739001961,352
1739001964,368
1739001964,None
1739001971,424
1739001973,452
1739001977,604
1739001980,718
1739001983,701
1739001986,698
1739001989,567
1739001992,455
1739001995,453
1739001998,436
1739002001,449
1739002004,443
1739002008,436
1739002010,438
1739002013,440
1739002017,426
1739002019,432
1739002023,423
1739002025,427
1739002029,426
1739002032,425
1739002034,421
1739002038,422
1739002041,425
1739002044,421
1739002046,419
1739002050,426
1739002053,427
1739002056,419
1739002059,415
1739002062,422
1739002065,416
1739002068,425
1739002071,419
1739002074,415
1739002078,425
1739002081,417
1739002083,413
1739002087,422
1739002090,423
1739002092,590
1739002096,673
1739002099,665
1739002102,581
1739002105,412
1739002108,421
1739002111,414
1739002114,418
1739002117,408
1739002120,412
1739002124,419
1739002126,425
1739002130,435
1739002133,444
1739002135,439
1739002139,437
1739002142,443
1739002145,435
1739002148,443
1739002151,435
1739002154,435
1739002157,445
1739002160,440
1739002163,442
1739002166,430
1739002169,448
1739002172,449
1739002172,None
1739002178,437
1739002178,None
1739002184,436
1739002184,None
1739002190,440
1739002193,442
1739002197,432
1739002197,None
1739002202,442
1739002206,444
1739002208,444
1739002212,438
1739002215,448
1739002218,439
1739002221,440
1739002224,442
1739002227,443
1739002231,440
1739002233,445
1739002236,435
1739002239,448
1739002242,445
1739002245,440
1739002248,447
1739002251,437
1739002254,442
1739002257,442
1739002260,446
1739002264,442
1739002267,445
1739002270,441
1739002273,444
1739002276,444
1739002279,433
1739002282,449
1739002285,442
1739002288,440
1739002292,454
1739002292,None
1739002298,446
1739002300,445
1739002304,443
1739002307,437
1739002310,442
1739002313,449
1739002315,445
1739002318,440
1739002322,450
1739002325,446
1739002328,436
1739002331,441
1739002334,448
1739002337,439
1739002340,444
1739002343,441
1739002346,634
1739002349,698
1739002353,709
1739002355,725
1739002359,489
1739002361,487
1739002364,484
1739002367,479
1739002371,488
1739002374,486
1739002377,484
1739002380,480
1739002383,484
1739002386,491
1739002389,485
1739002392,483
1739002395,487
1739002399,466
1739002401,472
1739002404,474
1739002404,None
1739002410,463
1739002410,None
1739002416,450
1739002420,451
1739002423,456
1739002425,445
1739002428,435
1739002432,445
1739002435,439
1739002438,442
1739002441,439
1739002444,438
1739002447,438
1739002450,439
1739002453,432
1739002453,None
1739002459,436
1739002462,440
1739002465,433
1739002469,440
1739002471,439
1739002474,438
1739002478,434
1739002481,436
1739002484,436
1739002487,438
1739002490,434
1739002493,584
1739002493,None
1739002499,691
1739002502,664
1739002505,433
1739002508,443
1739002511,440
1739002514,437
1739002517,450
1739002520,441
1739002523,438
1739002526,447
1739002529,442
1739002532,446
1739002535,444
1739002538,449
1739002541,463
1739002545,439
1739002547,437
1739002550,445
1739002553,456
1739002557,451
1739002559,452
1739002562,444
1739002566,449
1739002569,453
1739002572,456
1739002575,447
1739002578,455
1739002580,457
1739002584,447
1739002587,445
1739002590,455
1739002593,456
1739002596,450
1739002599,447
1739002602,446
1739002605,454
1739002608,450
1739002611,451
1739002614,447
1739002618,445
1739002620,450
1739002623,452
1739002627,439
1739002630,456
1739002633,446
1739002637,441
1739002639,450
1739002642,445
1739002645,443
1739002648,450
1739002651,448
1739002654,440
1739002657,445
1739002660,445
1739002663,446
1739002667,446
1739002669,439
1739002672,448
1739002676,439
1739002679,448
1739002682,441
1739002685,446
1739002687,446
1739002691,450
1739002694,480
1739002697,653
1739002700,704
1739002703,706
1739002706,706
1739002709,493
1739002712,448
1739002715,452
1739002718,449
1739002721,448
1739002724,446
1739002727,448
1739002730,449
1739002733,450
1739002736,444
1739002736,None
1739002742,453
1739002742,None
1739002749,442
1739002751,451
1739002755,450
1739002758,448
1739002760,446
1739002764,444
1739002767,449
1739002770,444
1739002770,None
1739002776,444
1739002779,454
1739002782,448
1739002785,442
1739002788,444
1739002791,456
1739002795,447
1739002797,443
1739002800,450
1739002800,None
1739002806,443
1739002809,446
1739002812,445
1739002815,446
1739002818,448
1739002822,453
1739002824,442
1739002827,444
1739002831,454
1739002834,449
1739002836,447
1739002840,443
1739002843,451
1739002846,454
1739002849,448
1739002852,452
1739002855,444
1739002858,450
1739002861,449
1739002864,500
1739002867,704
1739002870,699
1739002873,714
1739002877,452
1739002879,448
1739002882,434
1739002885,451
1739002888,447
1739002891,447
1739002895,442
1739002897,452
1739002901,453
1739002904,450
1739002906,453
1739002910,444
1739002913,447
1739002915,446
1739002919,452
1739002922,448
1739002925,435
1739002928,445
1739002931,456
1739002934,447
1739002937,442
1739002940,452
1739002943,445
1739002946,441
1739002946,None
1739002953,446
1739002956,442
1739002959,451
1739002962,441
1739002964,439
1739002968,452
1739002971,445
1739002974,440
1739002977,439
1739002980,452
1739002980,None
1739002986,444
1739002989,445
1739002992,447
1739002995,443
1739002998,448
1739003001,437
1739003004,443
1739003007,447
1739003011,438
1739003014,435
1739003016,451
1739003020,441
1739003023,437
1739003025,439
1739003028,452
1739003031,445
1739003034,441
1739003038,454
1739003041,465
1739003044,462
1739003047,459
1739003050,469
1739003053,468
1739003056,460
1739003059,465
1739003062,466
1739003062,None
1739003069,473
1739003071,463
1739003074,461
1739003077,464
1739003080,472
1739003084,472
1739003086,475
1739003089,469
1739003092,474
1739003096,473
1739003099,480
1739003101,471
1739003105,474
1739003108,477
1739003111,470
1739003114,540
1739003117,710
1739003120,724
1739003123,723
1739003126,611
1739003129,467
1739003132,476
1739003135,474
1739003138,465
1739003141,471
1739003144,467
1739003147,466
1739003151,474
1739003154,474
1739003157,471
1739003160,470
1739003163,472
1739003166,487
1739003169,497
1739003172,506
1739003175,497
1739003178,498
1739003181,510
1739003184,500
1739003187,500
1739003190,494
1739003193,498
1739003197,498
1739003199,501
1739003202,498
1739003205,503
1739003209,498
1739003212,495
1739003215,497
1739003218,503
1739003221,499
1739003224,489
1739003227,505
1739003230,499
1739003233,499
1739003236,497
1739003236,None
1739003236,None
1739003245,726
1739003245,None
1739003251,461
1739003255,475
1739003258,469
1739003260,464
1739003264,471
1739003267,465
1739003270,470
1739003273,471
1739003276,473
1739003278,473
1739003282,474
1739003285,463
1739003288,473
1739003291,463
1739003294,469
1739003297,470
1739003297,None
1739003303,469
1739003307,465
1739003309,469
1739003312,464
1739003315,467
1739003318,468
1739003322,464
1739003324,468
1739003328,464
1739003331,459
1739003334,462
1739003337,469
1739003337,None
1739003343,470
1739003346,468
1739003349,465
1739003349,None
1739003355,464
1739003358,475
1739003361,465
1739003364,468
1739003367,471
1739003371,467
1739003373,470
1739003376,467
1739003380,471
1739003380,None
1739003386,473
1739003386,None
1739003392,449
1739003395,450
1739003397,445
1739003401,445
1739003404,451
1739003407,447
1739003410,449
1739003413,447
1739003416,449
1739003419,448
1739003423,447
1739003425,448
1739003429,447
1739003431,436
1739003434,446
1739003437,437
1739003440,437
1739003444,444
1739003447,440
1739003449,438
1739003452,441
1739003456,439
1739003459,440
1739003462,435
1739003465,441
1739003468,669
1739003471,689
1739003474,688
1739003478,681
1739003480,484
1739003483,445
1739003486,446
1739003489,440
1739003492,442
1739003495,436
1739003499,443
1739003502,442
1739003505,445
1739003508,437
1739003511,451
1739003514,442
1739003517,435
1739003520,445
1739003522,441
1739003526,440
1739003529,442
1739003532,442
1739003535,444
1739003538,440
1739003541,446
1739003544,448
1739003547,441
1739003550,455
1739003553,446
1739003556,458
1739003559,444
1739003562,449
1739003562,None
1739003568,444
1739003568,None
1739003568,None
1739003577,447
1739003580,444
1739003584,446
1739003587,443
1739003590,448
1739003593,445
1739003596,449
1739003599,447
1739003602,458
1739003605,448
1739003608,451
1739003611,452
1739003614,447
1739003617,449
1739003621,454
1739003623,454
1739003626,458
1739003629,621
1739003633,712
1739003635,713
1739003638,722
1739003642,612
1739003644,458
1739003647,458
1739003651,459
1739003654,463
1739003657,455
1739003660,453
1739003663,453
1739003666,462
1739003669,453
1739003672,449
1739003675,469
1739003678,458
1739003682,453
1739003684,462
1739003684,None
1739003690,454
1739003694,449
1739003696,456
1739003700,456
1739003703,451
1739003706,459
1739003709,449
1739003712,458
1739003715,447
1739003718,459
1739003718,None
1739003724,456
1739003727,450
1739003730,454
1739003733,455
1739003736,455
1739003739,450
1739003742,455
1739003745,451
1739003749,457
1739003751,451
1739003754,451
1739003758,459
1739003761,449
1739003764,450
1739003767,449
1739003770,445
1739003773,448
1739003776,447
1739003779,451
1739003782,448
1739003785,448
1739003788,446
1739003791,439
1739003794,451
1739003794,None
1739003800,440
1739003803,443
1739003806,449
1739003809,444
1739003812,451
1739003815,436
1739003818,435
1739003822,437
1739003825,453
1739003827,448
1739003831,439
1739003834,440
1739003837,554
1739003840,696
1739003843,704
1739003846,703
1739003849,533
1739003852,448
1739003855,455
1739003858,445
1739003861,451
1739003864,459
1739003867,458
1739003870,449
1739003874,461
1739003874,None
1739003879,458
1739003882,453
1739003886,461
1739003889,463
1739003891,450
1739003895,463
1739003898,460
1739003901,456
1739003904,459
1739003907,462
1739003910,453
1739003913,459
1739003916,461
1739003916,None
1739003922,451
1739003925,454
1739003928,458
1739003931,451
1739003935,450
1739003937,456
1739003940,450
1739003944,452
1739003947,459
1739003950,462
1739003950,None
1739003956,457
1739003959,457
1739003962,445
1739003965,449
1739003968,444
1739003971,453
1739003975,452
1739003977,460
1739003980,456
1739003983,453
1739003986,458
1739003989,448
1739003992,460
1739003995,451
1739003998,455
1739004002,458
1739004005,456
1739004008,453
1739004011,456
1739004011,None
1739004017,460
1739004020,461
1739004023,455
1739004026,460
1739004029,453
1739004032,462
1739004035,452
1739004038,452
1739004041,447
1739004044,447
1739004047,450
1739004050,450
1739004053,443
1739004057,452
1739004060,442
1739004062,445
1739004066,447
1739004068,439
1739004072,450
1739004075,442
1739004078,448
1739004081,585
1739004084,704
1739004087,709
1739004090,707
1739004094,458
1739004096,453
1739004099,446
1739004102,450
1739004105,444
1739004109,448
1739004111,445
1739004114,436
1739004117,451
1739004121,436
1739004124,440
1739004127,446
1739004130,449
1739004133,444
1739004136,446
1739004139,443
1739004142,440
1739004145,444
1739004148,436
1739004151,445
1739004154,437
1739004158,446
1739004160,440
1739004163,440
1739004166,446
1739004170,444
1739004173,451
1739004176,441
1739004179,454
1739004182,444
1739004185,568
1739004188,700
1739004191,703
1739004194,702
1739004197,547
1739004200,449
1739004203,450
1739004206,451
1739004209,449
1739004212,450
1739004215,451
1739004218,444
1739004221,450
1739004225,453
1739004227,458
1739004227,None
1739004233,455
1739004237,463
1739004240,458
1739004242,458
1739004246,463
1739004248,463
1739004251,466
1739004255,457
1739004258,467
1739004261,468
1739004264,456
1739004267,465
1739004271,466
1739004273,455
1739004277,465
1739004279,462
1739004282,458
1739004286,458
1739004288,461
1739004292,459
1739004294,452
1739004297,465
1739004297,None
1739004304,463
1739004307,474
1739004310,473
1739004313,465
1739004316,477
1739004320,472
1739004320,None
1739004320,None
1739004328,469
1739004331,475
1739004334,466
1739004337,459
1739004340,470
1739004343,472
1739004343,None
1739004350,471
1739004352,465
1739004356,475
1739004359,468
1739004362,469
1739004365,465
1739004368,470
1739004371,463
1739004374,471
1739004377,463
1739004380,467
1739004383,470
1739004386,451
1739004389,466
1739004392,458
1739004395,457
1739004398,463
1739004401,458
1739004404,461
1739004407,456
1739004411,465
1739004414,458
1739004416,458
1739004420,456
1739004423,454
1739004426,452
1739004429,452
1739004432,450
1739004435,451
1739004439,451
1739004441,449
1739004444,449
1739004447,462
1739004450,474
1739004453,490
1739004456,484
1739004459,480
1739004463,481
1739004465,483
1739004469,482
1739004472,480
1739004475,483
1739004478,479
1739004481,488
1739004484,490
1739004487,485
1739004490,488
1739004493,549
1739004496,743
1739004499,700
1739004502,695
1739004505,549
1739004508,428
1739004511,425
1739004514,420
1739004517,421
1739004520,424
1739004523,424
1739004526,428
1739004530,422
1739004532,426
1739004536,421
1739004539,434
1739004542,438
1739004545,430
1739004548,436
1739004551,438
1739004551,None
1739004557,435
1739004560,679
1739004563,683
1739004566,680
1739004569,688
1739004573,431
1739004576,423
1739004579,436
1739004582,431
1739004585,425
1739004588,440
1739004591,437
1739004594,437
1739004597,431
1739004600,426
1739004603,425
1739004606,428
1739004609,431
1739004612,423
1739004615,427
1739004618,435
1739004621,422
1739004624,433
1739004627,430
1739004630,429
1739004633,437
1739004637,427
1739004640,436
1739004642,428
1739004646,428
1739004649,428
1739004652,426
1739004655,428
1739004655,None
1739004661,421
1739004664,436
1739004667,427
1739004670,427
1739004674,429
1739004676,421
1739004679,435
1739004682,432
1739004685,435
1739004688,491
1739004691,571
1739004695,616
1739004698,638
1739004700,649
1739004704,659
1739004707,655
1739004707,None
1739004713,662
1739004716,676
1739004719,675
1739004722,680
1739004725,684
1739004728,682
1739004731,689
1739004734,685
1739004737,683
1739004740,689
1739004743,687
1739004746,684
1739004749,694
1739004752,687
1739004755,691
1739004759,685
1739004762,697
1739004764,690
1739004768,691
1739004771,692
1739004774,696
1739004777,693
1739004780,693
1739004783,695
1739004786,693
1739004789,694
1739004792,692
1739004795,700
1739004798,698
1739004801,697
1739004801,None
1739004807,728
1739004810,746
1739004813,764
1739004816,767
1739004820,767
1739004823,783
1739004826,767
1739004829,734
1739004829,None
1739004835,712
1739004838,725
1739004841,732
1739004844,728
1739004847,725
1739004850,723
1739004853,734
1739004856,724
1739004859,727
1739004862,728
1739004865,723
1739004868,732
1739004871,730
1739004875,730
1739004877,730
1739004880,729
1739004883,730
1739004887,737
1739004890,727
1739004893,734
1739004896,738
1739004899,732
1739004902,742
1739004902,None
1739004902,None
1739004911,991
1739004914,990
1739004914,None
1739004920,733
1739004923,731
1739004927,729
1739004929,733
1739004933,725
1739004935,726
1739004935,None
1739004942,739
1739004945,733
1739004948,724
1739004951,728
1739004954,825
1739004958,973
1739004960,948
1739004963,927
1739004966,838
1739004969,676
1739004972,671
1739004975,674
1739004979,673
1739004981,675
1739004984,671
1739004988,678
1739004991,669
1739004993,678
1739004997,673
1739004999,676
1739005003,671
1739005006,675
1739005009,664
1739005012,665
1739005015,669
1739005018,664
1739005021,671
1739005024,668
1739005027,667
1739005030,670
1739005033,663
1739005036,669
1739005039,663
1739005042,668
1739005045,664
1739005045,None
1739005051,668
1739005054,670
1739005057,671
1739005060,668
1739005063,662
1739005066,670
1739005070,668
1739005072,663
1739005076,674
1739005079,669
1739005082,667
1739005085,672
1739005085,None
1739005091,677
1739005094,669
1739005097,676
1739005100,669
1739005103,664
1739005106,674
1739005110,676
1739005112,675
1739005115,669
1739005118,681
1739005122,675
1739005124,673
1739005128,669
1739005131,674
1739005134,672
1739005137,674
1739005139,670
1739005143,676
1739005146,675
1739005149,670
1739005152,678
1739005155,671
1739005158,666
1739005161,675
1739005164,680
1739005167,668
1739005170,634
1739005173,619
1739005176,611
1739005180,616
1739005182,603
1739005185,606
1739005189,612
1739005191,611
1739005194,608
1739005198,597
1739005200,609
1739005203,607
1739005207,600
1739005210,599
1739005213,601
1739005216,602
1739005219,603
1739005222,601
1739005225,592
1739005225,None
1739005225,None
1739005234,599
1739005237,594
1739005240,605
1739005243,605
1739005246,602
1739005250,601
1739005252,598
1739005256,596
1739005258,598
1739005261,607
1739005265,607
1739005267,601
1739005271,598
1739005274,601
1739005277,591
1739005280,626
1739005283,863
1739005286,849
1739005289,774
1739005292,603
1739005294,444
1739005298,448
1739005302,439
1739005304,438
1739005307,431
1739005310,498
1739005313,522
1739005317,530
1739005317,None
1739005323,516
1739005326,511
1739005326,None
1739005326,None
1739005335,509
1739005338,502
1739005341,519
1739005341,None
1739005347,747
1739005350,736
1739005353,740
1739005356,517
1739005359,480
1739005362,472
1739005365,475
1739005368,475
1739005371,466
1739005374,480
1739005377,470
1739005380,478
1739005383,474
1739005387,478
1739005390,476
1739005394,475
1739005396,472
1739005398,468
1739005402,473
1739005402,None
1739005408,451
1739005411,418
1739005414,415
1739005417,407
1739005417,None
1739005424,412
1739005426,409
1739005429,410
1739005433,408
1739005436,412
1739005439,406
1739005441,400
1739005445,415
1739005448,402
1739005451,404
1739005454,408
1739005457,406
1739005460,406
1739005463,405
1739005466,400
1739005469,404
1739005473,411
1739005475,403
1739005478,389
1739005481,403
1739005484,395
1739005488,388
1739005491,396
1739005494,403
1739005497,395
1739005500,394
1739005502,399
1739005506,394
1739005508,399
1739005512,389
1739005515,396
1739005518,398
1739005521,396
1739005524,383
1739005527,380
1739005530,377
1739005533,370
1739005537,361
1739005539,368
1739005542,372
1739005545,371
1739005548,366
1739005551,363
1739005554,368
1739005558,370
1739005561,366
1739005564,360
1739005567,370
1739005570,369
1739005570,None
1739005576,368
1739005579,368
1739005582,359
1739005585,372
1739005588,398
1739005591,407
1739005594,408
1739005597,410
1739005600,414
1739005603,417
1739005606,411
1739005609,415
1739005612,409
1739005615,421
1739005618,412
1739005622,391
1739005625,380
1739005627,392
1739005630,383
1739005634,380
1739005637,358
1739005639,356
1739005643,361
1739005646,364
1739005649,370
1739005652,374
1739005655,363
1739005655,None
1739005661,358
1739005664,360
1739005667,367
1739005670,366
1739005673,506
1739005676,631
1739005679,630
1739005683,619
1739005685,566
1739005688,370
1739005691,365
1739005694,359
1739005698,366
1739005700,368
1739005703,359
1739005707,370
1739005710,359
1739005713,350
1739005716,357
1739005719,457
1739005722,614
1739005725,608
1739005728,608
1739005731,612
1739005734,434
1739005737,352
1739005740,352
1739005743,348
1739005746,348
1739005749,353
1739005752,355
1739005755,353
1739005758,355
1739005761,350
1739005764,351
1739005767,351
1739005771,351
1739005774,354
1739005777,353
1739005780,366
1739005782,369
1739005785,356
1739005789,366
1739005791,366
1739005795,346
1739005795,None
1739005801,364
1739005804,356
1739005807,361
1739005810,364
1739005813,362
1739005816,361
1739005819,369
1739005822,367
1739005825,360
1739005829,364
1739005831,374
1739005834,363
1739005837,368
1739005840,375
1739005844,374
1739005847,377
1739005849,388
1739005853,379
1739005856,380
1739005859,379
1739005862,377
1739005865,376
1739005868,378
1739005871,375
1739005874,390
1739005877,393
1739005880,393
1739005883,385
1739005886,395
1739005889,391
1739005892,378
1739005895,382
1739005899,395
1739005901,390
1739005904,385
1739005907,387
1739005910,385
1739005914,381
1739005917,370
1739005920,380
1739005923,365
1739005926,366
1739005929,372
1739005929,None
1739005935,358
1739005938,346
1739005941,358
1739005944,361
1739005947,351
1739005950,350
1739005953,360
1739005956,354
1739005959,359
1739005962,355
1739005965,354
1739005968,355
1739005972,352
1739005975,362
1739005978,355
1739005981,346
1739005984,357
1739005987,354
1739005990,359
1739005993,351
1739005996,608
1739005999,628
1739006002,620
1739006005,579
1739006008,357
1739006011,357
1739006014,363
1739006018,356
1739006020,364
1739006023,365
1739006026,353
1739006029,361
1739006033,360
1739006036,358
1739006036,None
1739006042,360
1739006045,354
1739006048,365
1739006051,357
1739006054,356
1739006058,353
1739006060,354
1739006060,None
1739006066,363
1739006069,359
1739006072,364
1739006075,353
1739006078,359
1739006081,349
1739006084,360
1739006084,None
1739006090,354
1739006093,355
1739006096,353
1739006100,359
1739006103,363
1739006105,362
1739006109,361
1739006112,362
1739006115,365
1739006118,361
1739006121,358
1739006124,361
1739006127,360
1739006130,381
1739006134,372
1739006136,385
1739006139,378
1739006142,380
1739006146,379
1739006148,378
1739006151,379
1739006154,383
1739006157,530
1739006160,637
1739006164,632
1739006166,638
1739006170,637
1739006173,419
1739006176,375
1739006179,371
1739006182,382
1739006185,373
1739006188,377
1739006191,377
1739006194,375
1739006197,379
1739006200,374
1739006203,374
1739006206,374
1739006210,377
1739006210,None
1739006215,378
1739006218,378
1739006221,387
1739006224,381
1739006227,374
1739006231,385
1739006233,379
1739006237,374
1739006240,380
1739006243,374
1739006246,379
1739006249,377
1739006251,377
1739006255,377
1739006258,377
1739006261,377
1739006264,378
1739006267,379
1739006270,380
1739006273,376
1739006276,381
1739006279,375
1739006282,376
1739006285,386
1739006288,386
1739006291,383
1739006294,384
1739006298,382
1739006301,385
1739006303,389
1739006306,376
1739006310,387
1739006312,388
1739006315,382
1739006315,None
1739006322,391
1739006325,385
1739006328,379
1739006331,385
1739006334,389
1739006337,386
1739006340,460
1739006343,643
1739006346,643
1739006349,636
1739006352,637
1739006355,374
1739006358,375
1739006361,376
1739006364,371
1739006368,420
1739006370,485
1739006373,544
1739006376,567
1739006379,575
1739006379,None
1739006386,595
1739006388,599
1739006392,598
1739006395,608
1739006398,609
1739006401,604
1739006404,610
1739006407,615
1739006410,611
1739006413,620
1739006416,620
1739006419,615
1739006422,626
1739006425,622
1739006428,623
1739006428,None
1739006434,622
1739006438,624
1739006440,621
1739006443,628
1739006446,619
1739006450,627
1739006453,620
1739006453,None
1739006459,623
1739006462,631
1739006465,626
1739006468,624
1739006471,627
1739006474,630
1739006477,624
1739006480,629
1739006483,628
1739006486,636
1739006489,702
1739006492,695
1739006496,712
1739006498,704
1739006501,703
1739006504,711
1739006507,703
1739006511,708
1739006514,715
1739006517,711
1739006520,712
1739006523,718
1739006526,714
1739006526,None
1739006532,707
1739006535,727
1739006538,720
1739006541,708
1739006544,721
1739006547,724
1739006551,716
1739006553,712
1739006556,723
1739006559,721
1739006562,724
1739006566,727
1739006566,None
1739006572,726
1739006575,734
1739006577,721
1739006581,730
1739006584,729
1739006587,722
1739006590,717
1739006593,738
1739006596,730
1739006599,718
1739006599,None
1739006605,973
1739006608,966
1739006612,926
1739006614,920
1739006614,None
1739006623,674
1739006624,672
1739006627,664
1739006631,718
1739006634,757
1739006636,736
1739006640,747
1739006643,743
1739006646,733
1739006648,745
1739006652,740
1739006655,734
1739006658,730
1739006661,738
1739006664,722
1739006667,722
1739006670,720
1739006670,None
1739006676,716
1739006679,721
1739006682,741
1739006685,726
1739006688,735
1739006692,713
1739006694,725
1739006697,719
1739006701,722
1739006704,719
1739006707,721
1739006710,716
1739006714,727
1739006716,720
1739006719,727
1739006722,727
1739006725,731
1739006728,720
1739006731,724
1739006734,725
1739006737,727
1739006740,722
1739006743,727
1739006746,728
1739006749,725
1739006752,720
1739006756,716
1739006758,730
1739006762,729
1739006765,724
1739006768,721
1739006771,720
1739006774,804
1739006777,985
1739006780,973
1739006783,981
1739006786,967
1739006789,734
1739006792,734
1739006795,734
1739006798,747
1739006801,729
1739006805,737
1739006808,745
1739006811,723
1739006814,715
1739006816,729
1739006820,715
1739006822,721
1739006826,723
1739006829,716
1739006832,729
1739006835,714
1739006838,725
1739006841,718
1739006844,724
1739006847,717
1739006850,717
1739006853,731
1739006856,725
1739006859,720
1739006862,726
1739006865,742
1739006869,746
1739006871,735
1739006874,740
1739006877,727
1739006881,725
1739006883,731
1739006886,730
1739006889,733
1739006893,727
1739006896,751
1739006899,732
1739006902,750
1739006905,753
1739006908,733
1739006911,672
1739006911,None
1739006917,667
1739006920,665
1739006923,661
1739006926,665
1739006929,670
1739006929,None
1739006935,666
1739006939,658
1739006942,657
1739006944,664
1739006947,657
1739006950,658
1739006954,662
1739006956,658
1739006959,649
1739006962,658
1739006965,656
1739006968,652
1739006972,650
1739006975,655
1739006978,650
1739006981,649
1739006984,639
1739006987,645
1739006990,654
1739006993,654
1739006996,638
1739006999,662
1739007002,653
1739007005,725
1739007008,901
1739007011,918
1739007014,909
1739007018,773
1739007020,655
1739007024,654
1739007026,642
1739007030,559
1739007033,512
1739007036,505
1739007036,None
1739007042,478
1739007045,483
1739007048,482
1739007048,None
1739007054,473
1739007057,473
1739007060,471
1739007063,473
1739007066,469
1739007070,467
1739007072,457
1739007075,468
1739007079,470
1739007081,465
1739007085,474
1739007088,464
1739007090,468
1739007094,464
1739007097,459
1739007100,469
1739007103,463
1739007106,462
1739007109,476
1739007112,479
1739007115,477
1739007118,482
1739007121,473
1739007121,None
1739007128,482
1739007130,476
1739007133,482
1739007136,486
1739007139,473
1739007142,480
1739007146,471
1739007149,437
1739007152,428
1739007155,418
1739007158,410
1739007161,413
1739007164,417
1739007167,418
1739007170,427
1739007173,422
1739007176,414
1739007179,413
1739007182,401
1739007185,417
1739007189,412
1739007191,418
1739007194,408
1739007197,411
1739007200,407
1739007203,414
1739007207,663
1739007210,672
1739007213,678
1739007216,663
1739007219,429
1739007222,416
1739007222,None
1739007228,413
1739007231,415
1739007231,None
1739007237,419
1739007237,None
1739007243,412
1739007246,423
1739007250,421
1739007252,415
1739007255,409
1739007258,420
1739007261,416
1739007265,412
1739007268,399
1739007270,390
1739007274,397
1739007277,395
1739007280,402
1739007283,397
1739007286,388
1739007289,377
1739007289,None
1739007295,388
1739007299,381
1739007301,387
1739007305,380
1739007307,381
1739007310,388
1739007313,376
1739007316,387
1739007319,385
1739007323,378
1739007325,390
1739007329,418
1739007332,445
1739007335,431
1739007337,425
1739007341,433
1739007344,430
1739007347,443
1739007350,428
1739007353,431
1739007356,431
1739007359,428
1739007362,430
1739007365,434
1739007365,None
1739007371,427
1739007374,431
1739007378,429
1739007380,434
1739007383,427
1739007387,423
1739007389,422
1739007392,429
1739007396,422
1739007398,436
1739007402,426
1739007405,432
1739007408,429
1739007408,None
1739007414,685
1739007417,684
1739007420,681
1739007423,630
1739007427,430
1739007429,428
1739007433,434
1739007435,437
1739007438,424
1739007438,None
1739007444,425
1739007447,429
1739007451,430
1739007453,424
1739007456,428
1739007459,430
1739007463,413
1739007465,416
1739007469,414
1739007472,417
1739007474,420
1739007478,419
1739007481,426
1739007484,440
1739007487,445
1739007490,426
1739007493,419
1739007493,None
1739007499,417
1739007502,428
1739007505,420
1739007505,None
1739007511,416
1739007514,416
1739007514,None
1739007521,424
1739007523,410
1739007526,418
1739007530,412
1739007530,None
1739007535,434
1739007539,425
1739007542,426
1739007545,434
1739007548,429
1739007551,421
1739007554,434
1739007554,None
1739007560,425
1739007563,432
1739007566,431
1739007569,427
1739007572,432
1739007575,434
1739007578,459
1739007582,474
1739007584,480
1739007588,476
1739007591,471
1739007594,434
1739007597,421
1739007600,426
1739007603,415
1739007606,424
1739007609,439
1739007612,444
1739007615,445
1739007618,447
1739007621,450
1739007624,441
1739007627,453
1739007630,586
1739007633,698
1739007636,710
1739007639,700
1739007642,548
1739007645,449
1739007649,453
1739007652,456
1739007654,450
1739007657,453
1739007661,449
1739007664,467
1739007667,451
1739007670,465
1739007673,469
1739007676,446
1739007679,460
1739007679,None
1739007685,449
1739007688,440
1739007691,453
1739007694,451
1739007697,446
1739007700,441
1739007703,453
1739007706,443
1739007709,450
1739007713,448
1739007713,None
1739007718,444
1739007721,456
1739007725,496
1739007728,463
1739007731,472
1739007734,464
1739007737,461
1739007740,478
1739007743,486
1739007746,480
1739007749,471
1739007749,None
1739007756,485
1739007758,473
1739007761,458
1739007764,470
1739007767,463
1739007770,474
1739007773,454
1739007776,455
1739007779,458
1739007782,451
1739007786,450
1739007788,454
1739007792,453
1739007795,453
1739007798,459
1739007801,451
1739007804,640
1739007807,697
1739007810,697
1739007813,700
1739007816,513
1739007819,447
1739007822,438
1739007825,428
1739007828,381
1739007832,382
1739007834,387
1739007837,384
1739007840,391
1739007844,380
1739007847,409
1739007849,476
1739007853,548
1739007855,570
1739007858,578
1739007862,606
1739007865,610
1739007865,None
1739007871,609
1739007874,620
1739007877,632
1739007880,623
1739007883,632
1739007886,621
1739007890,638
1739007893,637
1739007893,None
1739007899,644
1739007902,640
1739007905,636
1739007908,644
1739007911,643
1739007914,644
1739007917,638
1739007920,640
1739007923,645
1739007926,638
1739007929,637
1739007932,648
1739007935,642
1739007938,639
1739007941,637
1739007945,647
1739007948,640
1739007950,632
1739007953,636
1739007957,642
1739007960,637
1739007963,645
1739007966,658
1739007968,711
1739007971,710
1739007971,None
1739007971,None
1739007981,721
1739007984,724
1739007987,722
1739007990,719
1739007993,721
1739007996,718
1739007999,746
1739008002,727
1739008005,723
1739008008,721
1739008011,728
1739008015,712
1739008017,712
1739008021,778
1739008024,973
1739008026,984
1739008030,978
1739008033,886
1739008036,727
1739008039,721
1739008042,720
1739008042,None
1739008048,727
1739008051,723
1739008054,728
1739008057,717
1739008060,726
1739008063,727
1739008066,711
1739008069,725
1739008072,719
1739008075,713
1739008078,725
1739008081,723
1739008084,729
1739008087,715
1739008091,667
1739008093,658
1739008093,None
1739008099,659
1739008103,656
1739008106,663
1739008108,660
1739008112,654
1739008115,652
1739008117,661
1739008121,661
1739008124,655
1739008124,None
1739008130,657
1739008133,656
1739008136,655
1739008139,662
1739008142,652
1739008145,657
1739008148,657
1739008151,651
1739008154,659
1739008157,657
1739008160,651
1739008163,654
1739008166,657
1739008169,669
1739008172,904
1739008176,911
1739008179,903
1739008182,905
1739008185,683
1739008188,656
1739008191,661
1739008194,657
1739008197,648
1739008200,652
1739008203,659
1739008206,649
1739008209,611
1739008212,596
1739008215,589
1739008218,584
1739008221,583
1739008224,587
1739008224,None
1739008230,588
1739008233,573
1739008236,579
1739008240,584
1739008242,579
1739008245,618
1739008248,670
1739008252,705
1739008255,700
1739008258,684
1739008262,682
1739008264,684
1739008267,679
1739008270,679
1739008273,675
1739008276,673
1739008279,672
1739008282,687
1739008285,718
1739008289,720
1739008291,733
1739008294,723
1739008298,729
1739008298,None
1739008303,721
1739008306,723
1739008309,725
1739008312,720
1739008316,724
1739008319,724
1739008322,721
1739008325,718
1739008328,663
1739008331,613
1739008331,None
1739008337,570
1739008340,575
1739008343,558
1739008346,547
1739008349,556
1739008353,552
1739008356,541
1739008358,542
1739008362,537
1739008364,536
1739008364,None
1739008370,535
1739008374,539
1739008377,526
1739008380,528
1739008382,540
1739008386,548
1739008389,542
1739008392,538
1739008395,542
1739008398,543
1739008401,542
1739008404,538
1739008407,541
1739008411,537
1739008411,None
1739008417,530
1739008419,545
1739008423,801
1739008425,794
1739008429,803
1739008432,686
1739008435,544
1739008438,544
1739008441,537
1739008444,538
1739008444,None
1739008450,492
1739008453,473
1739008456,481
1739008456,None
1739008463,510
1739008465,520
1739008468,514
1739008471,512
1739008474,527
1739008477,516
1739008480,514
1739008484,516
1739008486,515
1739008489,516
1739008492,508
1739008496,517
1739008498,517
1739008501,510
1739008505,501
1739008508,491
1739008511,505
1739008514,500
1739008517,501
1739008520,488
1739008523,507
1739008526,508
1739008529,502
1739008532,505
1739008535,506
1739008538,495
1739008541,499
1739008545,503
1739008547,518
1739008550,526
1739008554,502
1739008557,501
1739008560,496
1739008563,511
1739008566,497
1739008569,480
1739008569,None
1739008575,479
1739008578,478
1739008581,478
1739008584,469
1739008587,467
1739008590,476
1739008593,483
1739008596,472
1739008599,472
1739008603,464
1739008606,470
1739008608,479
1739008611,517
1739008615,717
1739008618,717
1739008621,715
1739008624,715
1739008627,478
1739008630,474
1739008630,None
1739008636,476
1739008639,467
1739008642,475
1739008645,484
1739008649,472
1739008651,475
1739008654,470
1739008657,476
1739008660,474
1739008663,471
1739008666,470
1739008669,473
1739008673,473
1739008676,473
1739008679,467
1739008682,473
1739008682,None
1739008688,475
1739008691,466
1739008694,482
1739008697,475
1739008700,472
1739008703,474
1739008707,474
1739008709,480
1739008713,465
1739008716,469
1739008718,469
1739008722,463
1739008724,461
1739008727,468
1739008731,467
1739008733,461
1739008737,459
1739008739,465
1739008743,463
1739008745,462
1739008745,None
1739008752,506
1739008755,503
1739008758,511
1739008761,509
1739008765,500
1739008767,506
1739008770,511
1739008773,505
1739008776,508
1739008779,525
1739008782,515
1739008785,516
1739008789,520
1739008791,522
1739008794,517
1739008797,513
1739008800,524
1739008803,515
1739008806,520
1739008810,526
1739008812,524
1739008816,521
1739008819,516
1739008822,512
1739008825,527
1739008828,519
1739008832,520
1739008834,513
1739008834,None
1739008840,523
1739008843,524
1739008846,513
1739008849,524
1739008853,520
1739008855,523
1739008858,548
1739008862,781
1739008865,795
1739008868,796
1739008871,799
1739008874,529
1739008877,526
1739008880,520
1739008883,527
1739008886,526
1739008889,525
1739008892,523
1739008896,529
1739008898,536
1739008901,532
1739008904,535
1739008907,530
1739008910,533
1739008913,501
1739008916,487
1739008919,479
1739008922,472
1739008926,480
1739008929,492
1739008932,482
1739008932,None
1739008938,481
1739008941,486
1739008944,479
1739008947,481
1739008950,475
1739008953,482
1739008956,481
1739008959,480
1739008962,471
1739008965,481
1739008969,485
1739008972,477
1739008975,465
1739008977,492
1739008981,725
1739008984,719
1739008987,718
1739008990,692
1739008993,475
1739008995,464
1739008999,470
1739009002,470
1739009005,464
1739009008,469
1739009011,471
1739009014,467
1739009014,None
1739009014,None
1739009023,474
1739009026,473
1739009029,476
1739009032,472
1739009035,472
1739009038,474
1739009042,474
1739009045,461
1739009048,469
1739009050,476
1739009054,469
1739009057,474
1739009060,468
1739009063,477
1739009066,462
1739009069,471
1739009072,470
1739009075,475
1739009078,477
1739009081,467
1739009084,470
1739009087,467
1739009090,476
1739009094,468
1739009097,471
1739009099,465
1739009102,462
1739009105,468
1739009109,463
1739009112,470
1739009115,467
1739009118,469
1739009121,467
1739009124,469
1739009127,462
1739009130,459
1739009133,463
1739009136,462
1739009139,462
1739009142,461
1739009146,465
1739009148,463
1739009151,469
1739009155,457
1739009157,462
1739009160,457
1739009164,460
1739009167,456
1739009170,459
1739009173,458
1739009176,455
1739009179,458
1739009182,455
1739009185,450
1739009188,461
1739009191,453
1739009195,457
1739009197,459
1739009200,449
1739009203,457
1739009206,458
1739009209,459
1739009212,461
1739009216,463
1739009219,464
1739009222,451
1739009225,462
1739009228,460
1739009231,456
1739009234,465
1739009237,454
1739009240,460
1739009243,458
1739009246,451
1739009249,463
1739009252,459
1739009255,454
1739009258,465
1739009261,459
1739009265,464
1739009267,457
1739009270,461
1739009274,465
1739009276,452
1739009280,454
1739009283,464
1739009286,459
1739009289,454
1739009292,464
1739009295,462
1739009298,459
1739009301,465
1739009301,None
1739009307,479
1739009310,723
1739009310,None
1739009316,720
1739009320,665
1739009322,464
1739009326,453
1739009329,458
1739009331,469
1739009335,461
1739009337,451
1739009341,462
1739009344,466
1739009347,457
1739009350,456
1739009353,460
1739009355,452
1739009359,510
1739009362,706
1739009365,700
1739009368,710
1739009371,646
1739009374,467
1739009377,459
1739009380,465
1739009383,454
1739009386,467
1739009389,463
1739009393,457
1739009395,452
1739009398,451
1739009402,467
1739009404,462
1739009408,456
1739009411,455
1739009413,463
1739009417,460
1739009420,458
1739009423,452
1739009426,463
1739009429,458
1739009432,464
1739009435,459
1739009438,454
1739009441,458
1739009444,455
1739009447,457
1739009451,455
1739009454,457
1739009456,460
1739009460,456
1739009462,460
1739009465,451
1739009469,462
1739009472,456
1739009475,462
1739009478,459
1739009481,459
1739009484,456
1739009487,455
1739009490,457
1739009493,460
1739009496,459
1739009499,457
1739009502,450
1739009505,461
1739009508,457
1739009511,461
1739009511,None
1739009518,459
1739009518,None
1739009523,458
1739009526,453
1739009530,451
1739009533,447
1739009536,452
1739009539,457
1739009542,461
1739009545,466
1739009548,449
1739009551,455
1739009554,460
1739009557,452
1739009560,456
1739009563,462
1739009566,458
1739009569,465
1739009572,462
1739009576,462
1739009578,457
1739009578,None
1739009585,460
1739009587,458
1739009590,461
1739009593,470
1739009593,None
1739009600,464
1739009600,None
1739009607,459
1739009609,466
1739009612,466
1739009615,458
1739009618,469
1739009621,465
1739009624,466
1739009627,467
1739009630,465
1739009633,460
1739009637,466
1739009639,468
1739009642,459
1739009645,469
1739009649,466
1739009651,459
1739009654,463
1739009658,464
1739009661,468
1739009664,466
1739009667,458
1739009670,467
1739009673,466
1739009676,460
1739009679,460
1739009682,464
1739009685,462
1739009688,460
1739009691,466
1739009694,458
1739009697,462
1739009701,467
1739009701,None
1739009707,459
1739009709,463
1739009712,463
1739009716,458
1739009718,460
1739009722,461
1739009725,472
1739009728,459
1739009731,461
1739009734,468
1739009737,500
1739009740,708
1739009743,897
1739009746,972
1739009746,None
1739009752,724
1739009755,523
1739009755,None
1739009761,460
1739009764,466
1739009767,466
1739009770,457
1739009774,461
1739009777,470
1739009779,464
1739009783,460
1739009786,456
1739009788,472
1739009792,465
1739009795,458
1739009798,454
1739009801,455
1739009804,455
1739009807,452
1739009810,460
1739009813,458
1739009816,452
1739009819,455
1739009822,458
1739009825,450
1739009828,461
1739009831,463
1739009834,457
1739009837,466
1739009840,465
1739009843,459
1739009846,459
1739009849,463
1739009852,462
1739009856,458
1739009859,457
1739009862,455
1739009865,451
1739009868,442
1739009871,448
1739009873,437
1739009877,448
1739009880,441
1739009880,None
1739009886,433
1739009889,441
1739009892,433
1739009895,437
1739009898,437
1739009901,430
1739009905,434
1739009907,428
1739009910,436
1739009914,431
1739009917,437
1739009919,429
1739009923,435
1739009925,427
1739009929,435
1739009932,429
1739009935,429
1739009937,431
1739009937,None
1739009944,430
1739009947,430
1739009950,427
1739009953,428
1739009956,422
1739009960,432
1739009962,422
1739009965,427
1739009968,424
1739009971,418
1739009974,427
1739009978,419
1739009980,420
1739009983,423
1739009983,None
1739009990,420
1739009993,421
1739009996,420
1739009999,422
1739010002,431
1739010005,422
1739010008,431
1739010011,422
1739010014,416
1739010018,425
1739010020,419
1739010023,422
1739010026,426
1739010029,422
1739010032,427
1739010035,431
1739010039,431
1739010042,435
1739010045,429
1739010048,426
1739010051,432
1739010054,437
1739010057,428
1739010060,425
1739010063,425
1739010066,427
1739010069,431
1739010072,433
1739010075,434
1739010078,430
1739010081,431
1739010085,437
1739010087,436
1739010090,432
1739010093,422
1739010097,431
1739010100,432
1739010103,423
1739010106,422
1739010109,428
1739010112,429
1739010115,420
1739010118,424
1739010121,430
1739010125,429
1739010127,425
1739010130,423
1739010133,426
1739010136,420
1739010140,641
1739010142,620
1739010145,634
1739010148,628
1739010151,386
1739010155,375
1739010157,373
1739010161,381
1739010163,373
1739010166,542
1739010170,630
1739010173,630
1739010175,628
1739010179,486
1739010182,379
1739010185,379
1739010188,376
1739010191,382
1739010194,371
1739010197,381
1739010200,377
1739010203,379
1739010206,372
1739010209,368
1739010209,None
1739010216,371
1739010218,374
1739010222,391
1739010224,391
1739010228,390
1739010231,394
1739010233,395
1739010237,391
1739010240,390
1739010243,385
1739010246,393
1739010249,394
1739010252,408
1739010255,393
1739010258,398
1739010261,394
1739010264,397
1739010267,396
1739010270,387
1739010273,397
1739010276,400
1739010276,None
1739010283,393
1739010286,393
1739010289,418
1739010292,417
1739010294,420
1739010298,412
1739010301,413
1739010304,421
1739010307,417
1739010310,413
1739010313,411
1739010316,406
1739010319,436
1739010322,442
1739010325,439
1739010328,433
1739010331,444
1739010331,None
1739010338,429
1739010341,414
1739010344,415
1739010347,421
1739010350,415
1739010353,421
1739010356,422
1739010359,426
1739010362,421
1739010365,422
1739010368,417
1739010372,422
1739010374,416
1739010377,423
1739010380,416
1739010384,418
1739010386,416
1739010386,None
1739010393,418
1739010396,424
1739010396,None
1739010402,427
1739010405,420
1739010408,420
1739010411,420
1739010414,420
1739010417,419
1739010420,421
1739010420,None
1739010426,417
1739010430,422
1739010432,423
1739010435,415
1739010438,428
1739010438,None
1739010444,432
1739010447,425
1739010451,419
1739010453,418
1739010456,413
1739010459,417
1739010462,414
1739010466,411
1739010466,None
1739010472,408
1739010475,411
1739010478,407
1739010481,413
1739010484,407
1739010487,412
1739010490,407
1739010493,408
1739010496,407
1739010499,415
1739010502,408
1739010506,407
1739010508,409
1739010511,399
1739010514,408
1739010517,403
1739010520,398
1739010524,408
1739010527,417
1739010530,465
1739010533,562
1739010537,576
1739010539,600
1739010542,615
1739010546,622
1739010548,630
1739010551,637
1739010554,635
1739010557,640
1739010560,640
1739010563,679
1739010566,898
1739010569,904
1739010572,901
1739010576,867
1739010576,None
1739010582,653
1739010585,664
1739010588,660
1739010591,653
1739010594,653
1739010597,659
1739010600,705
1739010603,915
1739010606,910
1739010609,919
1739010612,905
1739010615,676
1739010618,685
1739010622,678
1739010625,672
1739010627,679
1739010630,683
1739010633,681
1739010636,682
1739010639,683
1739010642,681
1739010645,685
1739010648,725
1739010651,738
1739010654,740
1739010658,756
1739010661,756
1739010664,755
1739010667,743
1739010670,753
1739010673,766
1739010676,758
1739010679,768
1739010682,770
1739010685,770
1739010688,758
1739010691,766
1739010694,773
1739010697,762
1739010701,750
1739010704,765
1739010706,765
1739010709,761
1739010713,770
1739010715,759
1739010715,None
1739010722,755
1739010724,752
1739010728,763
1739010731,758
1739010734,767
1739010737,771
1739010740,766
1739010743,762
1739010746,771
1739010749,757
1739010752,758
1739010755,758
1739010758,760
1739010761,761
1739010764,742
1739010768,798
1739010770,862
1739010773,862
1739010777,878
1739010779,874
1739010782,871
1739010786,880
1739010789,871
1739010792,881
1739010795,889
1739010795,None
1739010795,None
1739010804,889
1739010807,882
1739010810,881
1739010813,892
1739010816,884
1739010819,887
1739010822,894
1739010825,891
1739010828,906
1739010832,974
1739010834,1008
1739010837,1015
1739010840,1018
1739010844,1005
1739010847,992
1739010849,1013
1739010853,1015
1739010856,1009
1739010859,1000
1739010859,None
1739010865,1001
1739010868,998
1739010871,992
1739010874,987
1739010877,990
1739010880,985
1739010883,981
1739010883,None
1739010890,1068
1739010892,1060
1739010895,1071
1739010898,1067
1739010902,1065
1739010905,1071
1739010908,1062
1739010910,1018
1739010914,990
1739010917,1002
1739010920,989
1739010923,991
1739010925,982
1739010929,992
1739010932,985
1739010935,988
1739010938,984
1739010942,991
1739010944,975
1739010948,976
1739010950,977
1739010953,983
1739010956,980
1739010959,1148
1739010963,1224
1739010965,1225
1739010968,1229
1739010971,1222
1739010974,1094
1739010977,992
1739010981,977
1739010984,984
1739010987,981
1739010990,932
1739010993,910
1739010996,909
1739010999,928
1739011002,924
1739011005,921
1739011008,913
1739011011,919
1739011014,917
1739011017,924
1739011020,917
1739011023,925
1739011023,None
1739011030,926
1739011033,914
1739011036,1013
1739011039,1170
1739011041,1164
1739011041,None
1739011041,None
1739011051,914
1739011054,916
1739011057,919
1739011060,907
1739011063,926
1739011063,None
1739011069,935
1739011072,930
1739011075,923
1739011078,935
1739011082,926
1739011084,926
1739011088,933
1739011090,925
1739011094,930
1739011096,921
1739011099,925
1739011102,935
1739011106,929
1739011109,901
1739011112,849
1739011115,860
1739011118,861
1739011121,854
1739011124,847
1739011127,848
1739011130,847
1739011133,842
1739011136,856
1739011139,844
1739011142,842
1739011145,851
1739011148,844
1739011151,841
1739011154,844
1739011157,834
1739011160,850
1739011163,846
1739011166,831
1739011169,845
1739011172,843
1739011175,843
1739011179,846
1739011181,847
1739011185,864
1739011187,874
1739011190,881
1739011194,881
1739011197,882
1739011200,874
1739011203,884
1739011203,None
1739011209,874
1739011212,877
1739011215,876
1739011218,878
1739011221,870
1739011224,883
1739011227,868
1739011230,827
1739011233,814
1739011236,810
1739011239,814
1739011243,800
1739011245,812
1739011249,806
1739011252,807
1739011255,804
1739011255,None
1739011261,793
1739011264,791
1739011267,797
1739011270,794
1739011273,796
1739011276,797
1739011279,796
1739011282,798
1739011282,None
1739011288,797
1739011292,799
1739011295,784
1739011298,795
1739011301,796
1739011303,786
1739011307,789
1739011310,797
1739011313,789
1739011316,803
1739011319,807
1739011322,806
1739011325,801
1739011325,None
1739011331,805
1739011334,802
1739011337,805
1739011337,None
1739011343,806
1739011346,787
1739011349,715
1739011352,657
1739011356,633
1739011359,624
1739011362,633
1739011365,616
1739011365,None
1739011371,617
1739011374,620
1739011377,612
1739011380,614
1739011383,608
1739011386,602
1739011390,599
1739011392,599
1739011395,599
1739011399,594
1739011401,604
1739011404,604
1739011408,597
1739011411,587
1739011414,599
1739011417,599
1739011420,599
1739011423,588
1739011426,593
1739011429,589
1739011432,593
1739011435,598
1739011439,808
1739011441,838
1739011444,841
1739011447,692
1739011450,582
1739011453,586
1739011456,595
1739011459,599
1739011462,586
1739011465,586
1739011468,560
1739011472,532
1739011474,530
1739011478,534
1739011481,526
1739011484,527
1739011487,520
1739011490,772
1739011493,776
1739011496,776
1739011496,None
1739011502,526
1739011505,521
1739011509,528
1739011511,521
1739011514,513
1739011517,523
1739011521,512
1739011524,516
1739011527,517
1739011530,515
1739011533,514
1739011535,518
1739011538,520
1739011542,514
1739011545,510
1739011545,None
1739011551,509
1739011554,515
1739011554,None
1739011560,508
1739011563,519
1739011566,516
1739011569,514
1739011572,520
1739011575,517
1739011578,512
1739011581,500
1739011584,524
1739011588,512
1739011591,493
1739011594,488
1739011597,491
1739011599,491
1739011603,473
1739011606,464
1739011609,463
1739011612,459
1739011615,451
1739011618,446
1739011621,454
1739011624,448
1739011627,451
1739011630,452
1739011633,442
1739011636,453
1739011639,449
1739011642,448
1739011645,456
1739011648,449
1739011648,None
1739011655,477
1739011657,474
1739011661,470
1739011664,472
1739011667,474
1739011669,471
1739011673,464
1739011676,462
1739011679,446
1739011679,None
1739011685,450
1739011688,435
1739011691,448
1739011694,447
1739011697,448
1739011697,None
1739011704,448
1739011706,439
1739011709,441
1739011713,437
1739011716,439
1739011719,447
1739011721,443
1739011725,440
1739011728,461
1739011730,702
1739011733,734
1739011737,735
1739011739,741
1739011743,574
1739011746,492
1739011749,496
1739011752,491
1739011755,496
1739011758,492
1739011761,497
1739011764,498
1739011767,489
1739011770,502
1739011773,497
1739011777,497
1739011779,501
1739011783,493
1739011786,498
1739011789,502
1739011792,498
1739011795,504
1739011798,494
1739011798,None
1739011804,507
1739011807,505
1739011810,491
1739011813,488
1739011816,509
1739011819,502
1739011822,493
1739011822,None
1739011822,None
1739011831,502
1739011834,502
1739011837,499
1739011840,498
1739011843,506
1739011846,498
1739011849,505
1739011852,504
1739011856,494
1739011858,505
1739011862,501
1739011865,507
1739011868,504
1739011871,755
1739011874,757
1739011877,755
1739011880,750
1739011883,502
1739011886,506
1739011889,493
1739011892,503
1739011895,492
1739011898,507
1739011901,495
1739011904,502
1739011907,505
1739011910,506
1739011913,506
1739011916,509
1739011919,505
1739011922,510
1739011926,505
1739011929,539
1739011932,537
1739011935,532
1739011938,544
1739011941,536
1739011944,530
1739011947,534
1739011950,541
1739011953,532
1739011956,542
1739011960,532
1739011962,541
1739011965,546
1739011969,544
1739011971,531
1739011974,544
1739011974,None
1739011981,534
1739011984,597
1739011987,611
1739011990,741
1739011990,None
1739011996,1717
1739012000,1579
1739012002,1574
1739012002,None
1739012008,1716
1739012011,1711
1739012014,1705
1739012017,1715
1739012022,1704
1739012024,1572
1739012027,1300
1739012030,633
1739012033,620
1739012036,865
1739012039,1624
1739012043,1480
1739012045,1198
1739012049,1465
1739012052,1642
1739012055,1640
1739012057,1213
1739012061,1701
1739012063,1648
1739012067,1647
1739012070,1717
1739012073,1719
1739012076,1582
1739012079,1707
1739012082,1718
1739012085,1715
1739012088,1720
1739012091,1717
1739012094,1714
1739012097,1710
1739012100,1714
1739012104,1716
1739012106,1711
1739012106,None
1739012112,1712
1739012112,None
1739012119,1951
1739012121,1958
1739012124,1961
1739012128,1927
1739012130,1694
1739012133,1705
1739012137,1706
1739012137,None
1739012143,1710
1739012146,1707
1739012149,1707
1739012152,1710
1739012156,1699
1739012158,1696
1739012161,1711
1739012161,None
1739012167,1721
1739012170,1798
1739012173,1877
1739012176,1894
1739012179,1904
1739012182,1928
1739012185,1939
1739012188,1932
1739012191,1935
1739012195,1939
1739012198,1944
1739012201,1946
1739012204,1944
1739012206,1942
1739012210,1948
1739012213,1945
1739012216,1944
1739012219,1963
1739012222,1959
1739012225,1956
1739012228,1961
1739012232,1965
1739012234,1953
1739012237,1959
1739012240,1958
1739012243,1968
1739012246,1977
1739012249,1971
1739012252,1965
1739012255,1974
1739012258,1964
1739012262,1969
1739012264,1971
1739012268,1970
1739012271,1977
1739012273,1969
1739012277,1510
1739012280,1515
1739012283,1682
1739012286,1751
1739012289,1740
1739012292,1809
1739012295,1985
1739012298,1947
1739012301,2103
1739012304,2051
1739012307,1974
1739012310,1700
1739012313,1864
1739012316,1702
1739012319,1854
1739012322,1698
1739012326,1850
1739012328,1685
1739012332,1845
1739012335,1678
1739012338,1830
1739012340,1669
1739012343,1820
1739012347,1639
1739012349,1815
1739012353,1651
1739012356,1822
1739012359,1662
1739012362,1840
1739012362,None
1739012368,1848
1739012371,1653
1739012374,1848
1739012377,1648
1739012380,1856
1739012383,1660
1739012386,1845
1739012389,1655
1739012393,1852
1739012395,1650
1739012399,1815
1739012402,1755
1739012405,1749
1739012408,1789
1739012411,1864
1739012414,1862
1739012417,1870
1739012420,1872
1739012423,1867
1739012426,1875
1739012429,1868
1739012432,1876
1739012435,1883
1739012438,1884
1739012442,1885
1739012445,1887
1739012448,1883
1739012451,1884
1739012454,1890
1739012457,1886
1739012459,1887
1739012463,1874
1739012466,1882
1739012469,1888
1739012472,1890
1739012475,1883
1739012478,2017
1739012482,2135
1739012484,2135
1739012487,2140
1739012490,2107
1739012493,1422
1739012496,1083
1739012499,1095
1739012503,1092
1739012506,1098
1739012509,1103
1739012511,1098
1739012515,1107
1739012518,1106
1739012520,1095
1739012524,1106
1739012527,1100
1739012530,1066
1739012533,1039
1739012536,1039
1739012539,1043
1739012542,1042
1739012545,1032
1739012549,1041
1739012549,None
1739012549,None
1739012557,1273
1739012560,1267
1739012564,1269
1739012566,1262
1739012569,1260
1739012573,1264
1739012576,1259
1739012579,1264
1739012579,None
1739012585,1260
1739012588,1261
1739012591,1259
1739012594,1266
1739012597,1260
1739012600,1267
1739012603,1259
1739012606,1263
1739012609,1267
1739012613,1269
1739012615,1260
1739012618,1259
1739012621,1085
1739012624,1011
1739012627,1012
1739012630,1016
1739012634,1019
1739012636,1016
1739012640,1019
1739012643,1018
1739012646,1014
1739012649,1017
1739012652,1009
1739012655,1002
1739012658,1011
1739012661,1013
1739012665,1014
1739012667,1008
1739012670,1009
1739012673,1014
1739012676,1008
1739012679,1005
1739012682,1003
1739012685,1011
1739012689,1014
1739012691,1017
1739012694,1010
1739012698,1018
1739012701,1020
1739012704,1018
1739012707,1018
1739012710,1021
1739012713,1020
1739012716,1017
1739012719,1019
1739012722,1006
1739012725,1005
1739012728,998
1739012731,1005
1739012734,1002
1739012737,1002
1739012740,1001
1739012743,1003
1739012746,1004
1739012749,1002
1739012752,1004
1739012755,1000
1739012758,1000
1739012761,1001
1739012765,1003
1739012768,1006
1739012771,1011
1739012774,1005
1739012777,1011
1739012780,1010
1739012783,1008
1739012785,1007
1739012789,1013
1739012792,1010
1739012795,1017
1739012798,1015
1739012801,1007
1739012801,None
1739012807,1307
1739012810,2438
1739012813,2429
1739012816,2428
1739012819,2431
1739012823,2426
1739012825,2431
1739012828,2427
1739012831,2425
1739012835,2427
1739012837,2430
1739012841,2426
1739012844,2421
1739012847,2434
1739012847,None
1739012853,2360
1739012856,2367
1739012859,2361
1739012862,2361
1739012865,2367
1739012868,2362
1739012871,2359
1739012875,2359
1739012877,2363
1739012880,2354
1739012883,2362
1739012886,2469
1739012889,2605
1739012893,2606
1739012895,2610
1739012898,2632
1739012902,2442
1739012905,2355
1739012908,2354
1739012911,2351
1739012914,2360
1739012917,2379
1739012920,2369
1739012923,2371
1739012926,2434
1739012929,2645
1739012932,2644
1739012935,2631
1739012938,2648
1739012941,2278
1739012944,1096
1739012947,931
1739012950,940
1739012954,938
1739012957,939
1739012960,940
1739012963,931
1739012966,933
1739012968,918
1739012972,865
1739012974,867
1739012978,861
1739012981,866
1739012985,856
1739012987,867
1739012990,858
1739012993,861
1739012993,None
1739012999,856
1739013002,858
1739013005,860
1739013008,855
1739013011,895
1739013014,905
1739013018,903
1739013020,908
1739013023,899
1739013026,898
1739013030,894
1739013030,None
1739013036,905
1739013039,900
1739013042,893
1739013045,896
1739013048,896
1739013051,899
1739013055,893
1739013057,906
1739013060,895
1739013063,890
1739013066,904
1739013069,901
1739013072,898
1739013076,889
1739013079,897
1739013081,903
1739013085,892
1739013087,864
1739013090,799
1739013094,748
1739013097,739
1739013100,738
1739013100,None
1739013106,727
1739013109,732
1739013109,None
1739013115,726
1739013118,719
1739013121,725
1739013124,717
1739013127,728
1739013130,725
1739013133,724
1739013136,721
1739013139,719
1739013142,716
1739013145,718
1739013148,716
1739013148,None
1739013154,766
1739013158,1756
1739013161,1864
1739013164,1860
1739013167,1691
1739013170,1507
1739013173,790
1739013176,1521
1739013179,1826
1739013182,1534
1739013185,1583
1739013188,1528
1739013191,1572
1739013194,1517
1739013197,1568
1739013200,1502
1739013204,1542
1739013207,1311
1739013209,1372
1739013213,1436
1739013215,1430
1739013218,1446
1739013222,1437
1739013225,1436
1739013228,1428
1739013230,1429
1739013234,1436
1739013237,1429
1739013240,1436
1739013243,1444
1739013246,1450
1739013249,1454
1739013252,1452
1739013255,1454
1739013258,1454
1739013258,None
1739013264,1450
1739013264,None
1739013270,1458
1739013273,1465
1739013276,1469
1739013280,1470
1739013283,1461
1739013285,1458
1739013289,1461
1739013292,1467
1739013295,1461
1739013298,1456
1739013301,1458
1739013304,1467
1739013307,1464
1739013311,1525
1739013313,1990
1739013316,2230
1739013319,2224
1739013322,2235
1739013325,1921
1739013328,1980
1739013328,None
1739013334,1994
1739013338,1992
1739013341,1994
1739013343,1988
1739013347,1998
1739013350,1990
1739013353,1997
1739013356,1982
1739013359,915
1739013362,938
1739013365,1161
1739013365,None
1739013371,1161
1739013374,1156
1739013377,913
1739013380,900
1739013384,945
1739013386,1948
1739013390,1987
1739013392,1990
1739013392,None
1739013399,1987
1739013402,1980
1739013405,1982
1739013408,1974
1739013408,None
1739013414,1973
1739013417,1980
1739013420,1974
1739013423,1970
1739013426,1978
1739013429,1975
1739013432,1985
1739013435,1980
1739013438,1966
1739013441,1971
1739013444,1971
1739013447,1975
1739013450,1975
1739013453,1960
1739013456,1967
1739013460,1967
1739013463,1959
1739013465,1958
1739013469,1971
1739013471,1974
1739013475,1979
1739013478,1975
1739013478,None
1739013484,1983
1739013487,1975
1739013490,1977
1739013493,1984
1739013496,1978
1739013496,None
1739013502,1973
1739013505,1973
1739013508,1970
1739013511,1966
1739013514,1977
1739013517,1979
1739013520,1978
1739013523,1971
1739013527,1978
1739013529,1972
1739013533,1969
1739013536,1975
1739013539,1973
1739013541,1970
1739013545,1973
1739013548,1976
1739013551,1974
1739013554,1982
1739013557,1973
1739013560,1963
1739013563,1981
1739013566,1981
1739013569,2137
1739013572,2224
1739013575,2224
1739013578,2226
1739013581,2221
1739013581,None
1739013588,2225
1739013590,2209
1739013593,2197
1739013597,2192
1739013600,2194
1739013603,2198
1739013606,2287
1739013609,2441
1739013612,2434
1739013615,2437
1739013618,2432
1739013621,2434
1739013624,2218
1739013627,2201
1739013630,2206
1739013633,2213
1739013636,2217
1739013636,None
1739013642,2205
1739013645,2215
1739013649,2216
1739013651,2200
1739013655,2208
1739013658,2199
1739013660,2193
1739013664,2195
1739013667,2191
1739013670,2187
1739013673,2188
1739013673,None
1739013679,2190
1739013682,2186
1739013685,2182
1739013688,2189
1739013691,2189
1739013694,2188
1739013697,2186
1739013697,None
1739013703,2208
1739013706,2202
1739013710,2201
1739013712,2196
1739013715,2199
1739013719,2205
1739013721,1207
1739013724,1138
1739013724,None
1739013730,1138
1739013734,1140
1739013737,1137
1739013740,1133
1739013743,1141
1739013746,1138
1739013749,1136
1739013752,1141
1739013756,1140
1739013758,1136
1739013761,1143
1739013764,1141
1739013767,1142
1739013770,1143
1739013773,1141
1739013776,1146
1739013779,1146
1739013782,1143
1739013785,1154
1739013788,1155
1739013791,1156
1739013795,1153
1739013798,1147
1739013800,1161
1739013804,1145
1739013807,1150
1739013810,1145
1739013810,None
1739013816,903
1739013819,900
1739013822,891
1739013825,896
1739013828,895
1739013831,892
1739013834,893
1739013838,898
1739013840,892
1739013843,890
1739013846,886
1739013850,893
1739013853,887
1739013853,None
1739013859,1138
1739013862,1133
1739013865,1126
1739013865,None
1739013871,1124
1739013874,1125
1739013877,1134
1739013880,1132
1739013883,1139
1739013886,1138
1739013889,1142
1739013892,1141
1739013895,1131
1739013898,1130
1739013901,1138
1739013904,1157
1739013907,1134
1739013910,1140
1739013913,1125
1739013916,1123
1739013920,1137
1739013922,1130
1739013926,1171
1739013929,1164
1739013932,1164
1739013935,1163
1739013938,1156
1739013941,1159
1739013944,1179
1739013947,1185
1739013947,None
1739013953,1099
1739013956,925
1739013959,941
1739013963,934
1739013965,925
1739013968,926
1739013972,926
1739013975,916
1739013978,903
1739013980,892
1739013984,901
1739013986,902
1739013990,897
1739013993,911
1739013996,905
1739013999,913
1739014002,905
1739014005,902
1739014008,909
1739014011,901
1739014014,902
1739014017,900
1739014021,897
1739014023,900
1739014027,896
1739014029,901
1739014033,902
1739014035,894
1739014038,902
1739014042,891
1739014044,901
1739014047,895
1739014051,890
1739014054,902
1739014057,894
1739014060,907
1739014063,897
1739014066,909
1739014069,901
1739014072,902
1739014075,895
1739014078,901
1739014081,902
1739014084,898
1739014087,905
1739014090,896
1739014094,907
1739014096,895
1739014100,903
1739014103,901
1739014105,898
1739014108,906
1739014111,900
1739014114,1139
1739014118,1147
1739014121,1140
1739014123,1038
1739014127,890
1739014130,914
1739014133,920
1739014136,921
1739014139,921
1739014142,933
1739014145,917
1739014148,894
1739014151,903
1739014154,902
1739014157,902
1739014160,898
1739014163,908
1739014166,929
1739014170,898
1739014172,905
1739014175,894
1739014178,914
1739014182,919
1739014184,902
1739014188,899
1739014191,1159
1739014194,1159
1739014197,1170
1739014200,1169
1739014203,1173
1739014206,997
1739014209,919
1739014212,913
1739014215,898
1739014218,896
1739014221,899
1739014221,None
1739014227,898
1739014230,884
1739014233,885
1739014237,894
1739014239,898
1739014242,888
1739014246,896
1739014249,896
1739014252,891
1739014255,894
1739014257,888
1739014261,892
1739014264,899
1739014267,904
1739014270,896
1739014273,893
1739014276,893
1739014279,889
1739014282,894
1739014285,894
1739014288,887
1739014292,894
1739014294,893
1739014298,892
1739014301,895
1739014304,890
1739014307,886
1739014310,884
1739014313,906
1739014316,907
1739014319,901
1739014322,903
1739014325,897
1739014328,899
1739014331,894
1739014334,900
1739014337,906
1739014340,895
1739014343,899
1739014346,906
1739014346,None
1739014353,898
1739014355,892
1739014355,None
1739014362,897
1739014365,905
1739014368,906
1739014371,897
1739014374,897
1739014377,888
1739014380,900
1739014384,898
1739014386,897
1739014389,894
1739014392,897
1739014395,894
1739014398,901
1739014401,897
1739014404,904
1739014407,894
1739014411,897
1739014413,916
1739014417,927
1739014419,919
1739014422,833
1739014425,818
1739014425,None
1739014431,1006
1739014434,1002
1739014438,1007
1739014441,974
1739014444,747
1739014447,751
1739014450,752
1739014453,747
1739014456,749
1739014459,746
1739014462,743
1739014465,753
1739014465,None
1739014471,740
1739014474,750
1739014477,748
1739014480,745
1739014483,753
1739014486,773
1739014489,768
1739014492,773
1739014495,763
1739014498,757
1739014502,748
1739014505,751
1739014508,744
1739014511,735
1739014511,None
1739014517,747
1739014520,745
1739014523,734
1739014526,748
1739014529,748
1739014532,743
1739014535,745
1739014538,741
1739014541,747
1739014544,756
1739014547,749
1739014550,737
1739014553,738
1739014557,743
1739014560,733
1739014562,746
1739014566,745
1739014569,732
1739014571,840
1739014575,999
1739014578,997
1739014581,996
1739014584,997
1739014587,922
1739014590,741
1739014593,748
1739014597,748
1739014599,744
1739014602,749
1739014605,744
1739014608,757
1739014612,449
1739014614,415
1739014618,526
1739014620,635
1739014623,775
1739014627,760
1739014629,731
1739014633,704
1739014636,691
1739014639,670
1739014642,695
1739014645,727
1739014648,699
1739014651,695
1739014654,677
1739014657,691
1739014660,724
1739014663,663
1739014666,448
1739014669,426
1739014672,405
1739014676,398
1739014678,403
1739014681,354
1739014684,350
1739014688,344
1739014691,343
1739014694,337
1739014697,339
1739014699,342
1739014703,333
1739014706,359
1739014709,502
1739014709,None
1739014715,482
1739014718,477
1739014721,471
1739014724,489
1739014727,479
1739014730,572
1739014730,None
1739014736,550
1739014739,559
1739014742,523
1739014745,505
1739014748,503
1739014751,609
1739014754,637
1739014758,627
1739014760,611
1739014764,606
1739014767,494
1739014770,462
1739014772,471
1739014776,462
1739014779,488
1739014782,618
1739014785,582
1739014788,543
1739014788,None
1739014794,514
1739014797,497
1739014800,370
1739014804,376
1739014806,377
1739014809,500
1739014812,531
1739014815,519
1739014818,523
1739014822,522
1739014825,500
1739014828,386
1739014831,391
1739014834,385
1739014837,380
1739014840,392
1739014843,399
1739014846,532
1739014849,532
1739014852,521
1739014855,522
1739014858,520
1739014861,520
1739014864,517
1739014864,None
1739014871,376
1739014873,376
1739014873,None
1739014880,448
1739014883,525
1739014886,529
1739014889,522
1739014892,509
1739014895,525
1739014897,455
1739014901,376
1739014904,388
1739014907,380
1739014910,377
1739014913,384
1739014916,378
1739014919,455
1739014922,583
1739014925,780
1739014928,774
1739014931,771
1739014931,None
1739014938,513
1739014940,450
1739014944,369
1739014947,640
1739014949,630
1739014953,636
1739014956,631
1739014959,544
1739014962,519
1739014965,525
1739014968,512
1739014971,451
1739014974,376
1739014977,381
1739014981,495
1739014983,523
1739014986,406
1739014989,389
1739014992,524
1739014996,515
1739014998,513
1739015002,448
1739015004,371
1739015008,376
1739015011,373
1739015014,495
1739015017,506
1739015017,None
1739015023,500
1739015026,524
1739015029,516
1739015032,512
1739015035,407
1739015038,374
1739015041,369
1739015044,500
1739015047,500
1739015050,371
1739015053,392
1739015056,530
1739015060,523
1739015062,519
1739015062,None
1739015069,371
1739015071,395
1739015075,525
1739015078,520
1739015081,512
1739015084,508
1739015084,None
1739015090,384
1739015093,380
1739015096,377
1739015099,375
1739015102,409
1739015106,394
1739015108,535
1739015111,528
1739015114,521
1739015117,516
1739015120,506
1739015123,379
1739015126,381
1739015130,381
1739015133,388
1739015133,None
1739015139,411
1739015142,540
1739015145,537
1739015148,525
1739015151,516
1739015154,516
1739015157,517
1739015161,497
1739015163,405
1739015166,373
1739015169,377
1739015172,449
1739015176,458
1739015178,375
1739015181,461
1739015184,532
1739015187,531
1739015190,524
1739015193,460
1739015196,381
1739015200,378
1739015202,457
1739015206,533
1739015209,460
1739015212,379
1739015215,454
1739015218,528
1739015221,504
1739015224,413
1739015227,376
1739015230,495
1739015233,534
1739015237,511
1739015240,487
1739015242,388
1739015245,376
1739015248,372
1739015251,370
1739015254,367
1739015257,390
1739015261,531
1739015263,518
1739015267,713
1739015270,745
1739015272,619
1739015276,705
1739015279,497
1739015282,361
1739015285,368
1739015288,525
1739015291,499
1739015294,363
1739015297,391
1739015300,523
1739015303,512
1739015306,506
1739015309,505
1739015312,439
1739015315,531
1739015318,621
1739015322,623
1739015325,624
1739015325,None
1739015331,518
1739015331,None
1739015337,509
1739015340,500
1739015343,506
1739015346,393
1739015346,None
1739015352,431
1739015355,515
1739015358,389
1739015361,358
1739015364,360
1739015367,382
1739015370,507
1739015373,503
1739015376,504
1739015379,496
1739015382,491
1739015385,394
1739015389,356
1739015391,355
1739015395,359
1739015398,354
1739015400,354
1739015403,358
1739015407,431
1739015409,509
1739015413,510
1739015416,505
1739015419,497
1739015422,389
1739015425,480
1739015428,383
1739015431,360
1739015434,351
1739015437,487
1739015440,503
1739015443,432
1739015446,365
1739015449,486
1739015452,505
1739015455,442
1739015458,362
1739015462,366
1739015464,367
1739015467,482
1739015471,517
1739015474,491
1739015477,362
1739015480,371
1739015483,485
1739015486,491
1739015489,364
1739015492,384
1739015495,514
1739015498,491
1739015501,393
1739015504,362
1739015507,382
1739015510,479
1739015513,509
1739015516,381
1739015520,362
1739015520,None
1739015525,510
1739015528,485
1739015532,357
1739015535,380
1739015538,508
1739015540,437
1739015544,358
1739015547,427
1739015550,506
1739015553,498
1739015556,385
1739015559,359
1739015562,429
1739015565,509
1739015569,499
1739015571,437
1739015574,353
1739015577,359
1739015580,376
1739015583,510
1739015587,497
1739015590,495
1739015592,488
1739015592,None
1739015599,354
1739015601,352
1739015601,None
1739015608,353
1739015611,513
1739015614,598
1739015617,609
1739015620,623
1739015623,688
1739015626,494
1739015630,503
1739015632,495
1739015635,493
1739015638,493
1739015641,426
1739015644,356
1739015647,353
1739015650,418
1739015654,385
1739015656,359
1739015660,346
1739015662,478
1739015666,507
1739015669,498
1739015672,467
1739015675,427
1739015678,483
1739015681,349
1739015684,346
1739015687,346
1739015690,499
1739015693,499
1739015696,495
1739015699,372
1739015702,419
1739015706,499
1739015708,420
1739015711,350
1739015715,354
1739015718,346
1739015721,476
1739015724,500
1739015727,490
1739015730,380
1739015733,370
1739015736,475
1739015739,376
1739015742,350
1739015745,346
1739015745,None
1739015751,490
1739015755,494
1739015757,380
1739015760,463
1739015763,501
1739015763,None
1739015769,352
1739015773,346
1739015775,485
1739015779,680
1739015782,764
1739015785,752
1739015788,738
1739015791,491
1739015794,490
1739015797,420
1739015800,351
1739015803,346
1739015806,350
1739015809,351
1739015812,351
1739015815,345
1739015818,379
1739015821,512
1739015824,503
1739015827,494
1739015831,500
1739015834,495
1739015836,492
1739015840,468
1739015843,353
1739015845,349
1739015849,349
1739015852,418
1739015852,None
1739015858,345
1739015861,350
1739015864,481
1739015867,499
1739015870,501
1739015873,427
1739015876,422
1739015879,503
1739015882,431
1739015885,353
1739015888,359
1739015891,379
1739015894,515
1739015898,499
1739015901,479
1739015903,359
1739015906,354
1739015909,472
1739015913,491
1739015916,356
1739015919,352
1739015922,370
1739015925,509
1739015928,498
1739015931,486
1739015934,361
1739015937,355
1739015940,472
1739015943,502
1739015946,379
1739015949,344
1739015952,426
1739015955,496
1739015958,470
1739015961,345
1739015961,None
1739015967,418
1739015970,493
1739015974,500
1739015977,422
1739015980,363
1739015983,498
1739015985,489
1739015989,377
1739015992,344
1739015995,348
1739015998,473
1739016001,487
1739016004,565
1739016007,624
1739016010,638
1739016013,756
1739016013,None
1739016019,365
1739016022,376
1739016025,520
1739016029,509
1739016031,483
1739016035,361
1739016035,None
1739016041,438
1739016043,505
1739016047,490
1739016050,394
1739016050,None
1739016056,364
1739016059,354
1739016062,365
1739016065,362
1739016068,490
1739016068,None
1739016074,507
1739016077,504
1739016080,500
1739016083,478
1739016086,388
1739016089,359
1739016089,None
1739016089,None
1739016098,418
1739016101,395
1739016104,379
1739016108,519
1739016110,505
1739016114,511
1739016117,433
1739016120,363
1739016120,None
1739016126,389
1739016129,522
1739016132,496
1739016135,370
1739016138,369
1739016141,439
1739016144,521
1739016147,510
1739016150,447
1739016153,369
1739016156,486
1739016159,512
1739016163,401
1739016165,363
1739016168,381
1739016172,508
1739016174,505
1739016177,484
1739016181,354
1739016184,432
1739016186,493
1739016190,479
1739016192,344
1739016196,356
1739016199,353
1739016202,476
1739016205,498
1739016208,489
1739016211,431
1739016214,411
1739016217,488
1739016220,384
1739016223,354
1739016223,None
1739016229,343
1739016232,380
1739016235,509
1739016238,496
1739016242,646
1739016244,747
1739016247,680
1739016250,608
1739016254,508
1739016256,343
1739016260,350
1739016263,351
1739016266,500
1739016269,489
1739016272,505
1739016272,None
1739016278,490
1739016281,382
1739016284,347
1739016288,349
1739016288,None
1739016293,368
1739016296,501
1739016299,493
1739016302,490
1739016305,488
1739016309,488
1739016312,377
1739016315,348
1739016318,347
1739016321,346
1739016324,349
1739016327,342
1739016330,346
1739016333,475
1739016336,494
1739016339,487
1739016342,492
1739016346,493
1739016349,489
1739016351,436
1739016354,593
1739016357,605
1739016360,606
1739016364,398
1739016364,None
1739016370,348
1739016372,480
1739016376,499
1739016379,499
1739016382,497
1739016385,429
1739016388,348
1739016391,343
1739016394,427
1739016397,433
1739016400,349
1739016403,357
1739016406,429
1739016406,None
1739016412,494
1739016415,422
1739016418,351
1739016421,373
1739016424,502
1739016428,501
1739016431,374
1739016433,355
1739016437,350
1739016440,480
1739016443,503
1739016446,479
1739016449,350
1739016452,371
1739016455,475
1739016458,478
1739016461,341
1739016464,347
1739016467,427
1739016467,None
1739016473,355
1739016476,342
1739016479,422
1739016482,505
1739016485,496
1739016488,471
1739016491,348
1739016494,417
1739016498,497
1739016500,374
1739016504,334
1739016507,349
1739016507,None
1739016513,501
1739016516,498
1739016519,375
1739016522,345
1739016525,369
1739016528,498
1739016528,None
1739016534,352
1739016537,346
1739016540,469
1739016543,497
1739016546,376
1739016549,349
1739016552,373
1739016555,505
1739016559,488
1739016562,425
1739016565,342
1739016568,463
1739016571,496
1739016574,487
1739016577,368
1739016580,353
1739016583,351
1739016586,424
1739016589,351
1739016592,350
1739016595,366
1739016599,501
1739016601,493
1739016605,483
1739016608,421
1739016610,346
1739016613,371
1739016617,491
1739016619,417
1739016623,348
1739016626,365
1739016628,492
1739016631,491
1739016635,346
1739016638,340
1739016641,364
1739016644,488
1739016647,473
1739016650,350
1739016653,604
1739016656,715
1739016659,742
1739016663,709
1739016666,359
1739016668,342
1739016671,417
1739016674,490
1739016677,485
1739016681,377
1739016684,339
1739016687,371
1739016690,489
1739016693,487
1739016696,373
1739016696,None
1739016702,599
1739016705,752
1739016708,673
1739016711,420
1739016711,None
1739016717,488
1739016720,487
1739016720,None
1739016726,340
1739016730,407
1739016732,497
1739016735,372
1739016739,339
1739016742,360
1739016745,483
1739016748,473
1739016751,344
1739016754,349
1739016757,368
1739016760,492
1739016763,480
1739016763,None
1739016769,410
1739016772,483
1739016775,459
1739016778,338
1739016782,341
1739016784,339
1739016787,337
1739016790,348
1739016793,345
1739016796,334
1739016800,465
1739016803,488
1739016805,484
1739016809,471
1739016812,342
1739016815,410
1739016818,467
1739016821,337
1739016824,342
1739016827,460
1739016827,None
1739016833,414
1739016836,344
1739016839,404
1739016842,487
1739016845,488
1739016848,371
1739016851,340
1739016854,347
1739016857,466
1739016861,465
1739016863,353
1739016866,349
1739016870,416
1739016872,487
1739016875,471
1739016879,446
1739016881,316
1739016885,322
1739016888,447
1739016891,457
1739016894,358
1739016897,319
1739016900,341
1739016903,447
1739016907,463
1739016909,399
1739016912,322
1739016915,446
1739016918,467
1739016921,348
1739016924,325
1739016927,318
1739016931,323
1739016934,317
1739016937,328
1739016940,320
1739016943,402
1739016945,475
1739016949,474
1739016952,467
1739016955,406
1739016958,344
1739016961,456
1739016964,324
1739016967,322
1739016971,345
1739016973,477
1739016976,473
1739016979,351
1739016982,331
1739016985,345
1739016988,484
1739016991,454
1739016995,332
1739016997,328
1739017000,352
1739017004,483
1739017006,478
1739017010,405
1739017013,330
1739017016,454
1739017019,477
1739017022,408
1739017025,334
1739017028,333
1739017028,None
1739017034,356
1739017037,694
1739017040,724
1739017043,726
1739017043,None
1739017043,None
1739017052,362
1739017055,331
1739017059,313
1739017061,325
1739017065,325
1739017068,322
1739017071,319
1739017073,318
1739017077,319
1739017080,453
1739017083,478
1739017086,476
1739017089,468
1739017092,454
1739017095,455
1739017098,448
1739017101,328
1739017104,328
1739017107,325
1739017110,328
1739017113,329
1739017116,325
1739017119,334
1739017123,406
1739017126,482
1739017129,477
1739017132,479
1739017134,402
1739017138,447
1739017141,408
1739017144,328
1739017147,507
1739017150,586
1739017150,None
1739017156,752
1739017156,None
1739017162,348
1739017165,353
1739017168,416
1739017171,502
1739017174,472
1739017177,350
1739017181,340
1739017184,352
1739017186,477
1739017189,466
1739017193,374
1739017196,323
1739017199,328
1739017202,494
1739017205,490
1739017208,466
1739017211,344
1739017214,358
1739017217,466
1739017220,369
1739017223,346
1739017226,348
1739017229,424
1739017232,502
1739017235,423
1739017238,349
1739017241,367
1739017244,506
1739017247,495
1739017250,418
1739017254,360
1739017256,353
1739017259,346
1739017263,482
1739017266,500
1739017269,387
1739017272,399
1739017274,497
1739017278,522
1739017281,498
1739017284,378
1739017287,386
1739017290,373
1739017293,376
1739017296,371
1739017299,409
1739017302,511
1739017305,591
1739017308,572
1739017311,483
1739017314,443
1739017317,513
1739017320,428
1739017323,339
1739017327,344
1739017330,350
1739017332,493
1739017336,513
1739017339,647
1739017342,622
1739017345,624
1739017348,532
1739017351,371
1739017354,356
1739017357,444
1739017360,527
1739017360,None
1739017366,499
1739017370,514
1739017373,487
1739017376,364
1739017379,371
1739017382,369
1739017385,364
1739017388,364
1739017391,365
1739017394,373
1739017397,438
1739017400,518
1739017403,517
1739017406,511
1739017409,500
1739017413,401
1739017415,369
1739017418,367
1739017423,366
1739017425,369
1739017427,384
1739017431,521
1739017434,506
1739017437,510
1739017440,489
1739017443,360
1739017445,369
1739017449,367
1739017452,357
1739017452,None
1739017458,362
1739017461,356
1739017464,371
1739017468,495
1739017470,520
1739017473,514
1739017476,489
1739017480,369
1739017482,365
1739017486,491
1739017488,385
1739017491,364
1739017495,369
1739017498,386
1739017500,510
1739017503,522
1739017507,396
1739017510,358
1739017513,442
1739017516,515
1739017519,486
1739017522,368
1739017525,363
1739017529,481
1739017531,444
1739017534,366
1739017537,358
1739017540,359
1739017540,None
1739017540,None
1739017550,439
1739017553,415
1739017556,621
1739017556,None
1739017562,764
1739017565,678
1739017568,353
1739017571,359
1739017574,440
1739017577,449
1739017580,363
1739017583,352
1739017586,441
1739017589,516
1739017592,485
1739017592,None
1739017592,None
1739017601,508
1739017604,396
1739017607,356
1739017610,355
1739017614,367
1739017617,362
1739017620,360
1739017620,None
1739017626,512
1739017629,506
1739017632,436
1739017635,370
1739017638,502
1739017641,399
1739017644,373
1739017647,391
1739017650,385
1739017653,502
1739017656,530
1739017659,455
1739017662,406
1739017662,None
1739017668,529
1739017672,407
1739017674,380
1739017678,389
1739017681,382
1739017684,384
1739017687,388
1739017690,386
1739017693,459
1739017696,537
1739017699,534
1739017699,None
1739017705,390
1739017708,399
1739017711,535
1739017714,509
1739017718,384
1739017720,384
1739017723,565
1739017726,781
1739017729,707
1739017729,None
1739017736,475
1739017738,382
1739017741,385
1739017741,None
1739017748,384
1739017751,398
1739017753,537
1739017756,519
1739017756,None
1739017763,516
1739017766,449
1739017769,376
1739017772,376
1739017775,380
1739017778,370
1739017781,379
1739017784,404
1739017787,423
1739017790,544
1739017793,643
1739017796,604
1739017799,587
1739017799,None
1739017805,514
1739017808,446
1739017811,459
1739017811,None
1739017817,460
1739017821,464
1739017824,449
1739017827,464
1739017827,None
1739017827,None
1739017836,694
1739017839,762
1739017842,761
1739017845,754
1739017848,692
1739017851,657
1739017854,674
1739017858,518
1739017860,518
1739017863,520
1739017863,None
1739017863,None
1739017873,649
1739017873,None
1739017879,632
1739017879,None
1739017879,None
1739017888,509
1739017891,503
1739017891,None
1739017897,501
1739017900,502
1739017903,493
1739017906,497
1739017909,496
1739017912,500
1739017915,578
1739017918,654
1739017921,647
1739017924,638
1739017927,637
1739017931,637
1739017933,518
1739017936,499
1739017939,462
1739017943,459
1739017946,459
1739017949,448
1739017952,459
1739017955,454
1739017958,726
1739017961,866
1739017964,855
1739017967,831
1739017970,692
1739017973,564
1739017976,475
1739017979,448
1739017982,456
1739017985,455
1739017988,455
1739017991,452
1739017994,457
1739017997,471
1739018001,615
1739018004,612
1739018007,599
1739018010,536
1739018013,472
1739018016,597
1739018019,532
1739018022,454
1739018025,447
1739018028,448
1739018031,457
1739018034,458
1739018037,454
1739018040,466
1739018043,608
1739018046,605
1739018049,602
1739018052,597
1739018055,488
1739018058,459
1739018062,446
1739018064,464
1739018068,692
1739018071,709
1739018074,743
1739018077,859
1739018080,865
1739018083,857
1739018086,850
1739018089,993
1739018089,None
1739018095,980
1739018095,None
1739018101,763
1739018101,None
1739018107,715
1739018111,788
1739018113,868
1739018116,859
1739018119,861
1739018122,809
1739018126,734
1739018128,728
1739018132,735
1739018135,729
1739018138,730
1739018141,863
1739018144,892
1739018147,884
1739018150,898
1739018153,855
1739018156,785
1739018159,785
1739018162,797
1739018166,793
1739018168,785
1739018171,793
1739018174,792
1739018178,819
1739018180,954
1739018184,942
1739018187,939
1739018190,917
1739018193,857
1739018196,788
1739018199,781
1739018202,798
1739018205,684
1739018208,570
1739018211,574
1739018214,659
1739018217,672
1739018220,642
1739018223,634
1739018226,528
1739018229,489
1739018232,501
1739018235,501
1739018238,498
1739018242,501
1739018245,491
1739018247,504
1739018251,520
1739018254,652
1739018257,633
1739018260,639
1739018263,656
1739018266,596
1739018269,524
1739018272,510
1739018275,535
1739018278,655
1739018281,581
1739018284,504
1739018287,491
1739018290,487
1739018293,480
1739018296,450
1739018299,334
1739018303,456
1739018306,476
1739018309,478
1739018312,360
1739018315,351
1739018318,477
1739018321,408
1739018324,330
1739018327,334
1739018331,398
1739018333,492
1739018336,484
1739018339,469
1739018342,335
1739018345,332
1739018349,340
1739018351,338
1739018355,340
1739018357,341
1739018361,339
1739018364,338
1739018366,466
1739018370,494
1739018373,477
1739018376,485
1739018379,453
1739018382,340
1739018385,338
1739018389,341
1739018391,339
1739018394,363
1739018398,414
1739018400,420
1739018403,451
1739018406,562
1739018406,None
1739018412,568
1739018415,687
1739018418,800
1739018421,687
1739018425,682
1739018427,680
1739018431,660
1739018434,427
1739018437,432
1739018440,427
1739018443,428
1739018446,561
1739018449,633
1739018452,815
1739018455,821
1739018458,998
1739018462,1747
1739018464,1571
1739018467,1562
1739018470,1563
1739018473,1560
1739018473,None
1739018480,1634
1739018483,1698
1739018485,1690
1739018489,1754
1739018492,1819
1739018495,1711
1739018495,None
1739018501,1708
1739018504,1700
1739018507,1705
1739018510,1703
1739018513,1708
1739018516,1819
1739018519,1861
1739018522,1860
1739018525,1839
1739018529,1833
1739018532,1710
1739018534,1706
1739018538,1701
1739018541,1705
1739018544,1689
1739018544,None
1739018550,995
1739018553,606
1739018556,680
1739018559,668
1739018562,660
1739018565,654
1739018568,587
1739018571,366
1739018574,376
1739018577,391
1739018580,382
1739018583,389
1739018586,395
1739018590,485
1739018592,592
1739018595,614
1739018599,615
1739018602,552
1739018605,475
1739018608,468
1739018611,479
1739018611,None
1739018617,411
1739018620,344
1739018623,354
1739018626,506
1739018629,537
1739018633,524
1739018635,521
1739018638,474
1739018642,397
1739018644,422
1739018648,445
1739018651,469
1739018654,466
1739018657,469
1739018660,471
1739018660,None
1739018666,533
1739018669,491
1739018669,None
1739018675,476
1739018678,490
1739018681,912
1739018684,1504
1739018687,1495
1739018690,1499
1739018693,1482
1739018696,1498
1739018699,1534
1739018699,None
1739018705,1703
1739018708,1711
1739018711,1705
1739018714,1700
1739018718,1594
1739018718,None
1739018724,1574
1739018727,1559
1739018730,1564
1739018733,1565
1739018733,None
1739018739,1714
1739018739,None
1739018745,1702
1739018748,1693
1739018751,1588
1739018755,1566
1739018757,1559
1739018760,1565
1739018763,1561
1739018766,1556
1739018770,1565
1739018773,1560
1739018776,1631
1739018779,1702
1739018782,1693
1739018782,None
1739018788,1589
1739018791,1558
1739018791,None
1739018797,1694
1739018800,1682
1739018800,None
1739018806,1783
1739018809,1840
1739018812,1731
1739018815,1705
1739018818,1701
1739018822,1705
1739018824,1699
1739018827,1711
1739018830,1772
1739018833,1850
1739018837,1842
1739018840,1835
1739018843,1836
1739018846,1867
1739018849,2185
1739018852,2180
1739018852,None
1739018858,2186
1739018861,1800
1739018864,1712
1739018867,1776
1739018870,1838
1739018873,1791
1739018876,1684
1739018879,1684
1739018882,1626
1739018886,1566
1739018889,1560
1739018892,1570
1739018895,1559
1739018898,1564
1739018901,1566
1739018904,1582
1739018907,1701
1739018910,1703
1739018913,1696
1739018916,1625
1739018919,1562
1739018922,1567
1739018925,1569
1739018928,1557
1739018931,1565
1739018934,1636
1739018937,1709
1739018940,1684
1739018943,1696
1739018946,1692
1739018950,1581
1739018953,1548
1739018956,1559
1739018958,1553
1739018961,1546
1739018965,1571
1739018968,1669
1739018971,1690
1739018971,None
1739018977,1684
1739018977,None
1739018977,None
1739018986,1464
1739018989,1465
1739018992,1467
1739018995,1470
1739018999,1477
1739019002,1516
1739019004,1538
1739019007,1672
1739019007,None
1739019013,1685
1739019017,1686
1739019020,1667
1739019023,1550
1739019026,1552
1739019029,1557
1739019032,1553
1739019035,1544
1739019038,1556
1739019041,1626
1739019044,1704
1739019047,1699
1739019050,1684
1739019053,1677
1739019056,1574
1739019059,1551
1739019059,None
1739019066,1557
1739019068,1550
1739019072,1558
1739019072,None
1739019078,1561
1739019081,1551
1739019084,1629
1739019087,1698
1739019090,1693
1739019090,None
1739019096,1622
1739019099,1614
1739019102,1635
1739019102,None
1739019108,1555
1739019111,1550
1739019114,1623
1739019117,1690
1739019120,1688
1739019124,1581
1739019127,1577
1739019129,1693
1739019133,1583
1739019135,1668
1739019139,1712
1739019142,1706
1739019145,1697
1739019148,1715
1739019151,1711
1739019154,1816
1739019157,1845
1739019160,1848
1739019163,1848
1739019166,1846
1739019169,1744
1739019169,None
1739019175,1702
1739019178,1711
1739019181,1721
1739019184,1714
1739019187,1711
1739019187,None
1739019194,1738
1739019196,1865
1739019200,1825
1739019202,1676
1739019206,1669
1739019209,1897
1739019212,1819
1739019215,1798
1739019218,1821
1739019222,1706
1739019224,1707
1739019227,1558
1739019227,None
1739019227,None
1739019236,1556
1739019239,1566
1739019239,None
1739019245,1568
1739019245,None
1739019252,1712
1739019254,1952
1739019257,1937
1739019261,1927
1739019264,1829
1739019267,1818
1739019269,1586
1739019273,1560
1739019276,1560
1739019279,1564
1739019282,1561
1739019285,1516
1739019288,1459
1739019291,1461
1739019294,1583
1739019298,1621
1739019300,1622
1739019303,1554
1739019306,1631
1739019309,1668
1739019312,1552
1739019316,1550
1739019318,1546
1739019321,1541
1739019325,1541
1739019328,1550
1739019331,1539
1739019334,1660
1739019337,1683
1739019340,1674
1739019343,1666
1739019346,1571
1739019349,1673
1739019352,1608
1739019355,1549
1739019358,1539
1739019361,1534
1739019364,1547
1739019368,1544
1739019371,1541
1739019374,1566
1739019376,1687
1739019379,1684
1739019382,1677
1739019386,1669
1739019389,1675
1739019391,1617
1739019395,1544
1739019395,None
1739019401,1549
1739019404,1559
1739019407,1550
1739019410,1544
1739019413,1538
1739019416,1619
1739019419,1686
1739019422,1684
1739019425,1678
1739019428,1665
1739019431,1573
1739019434,1548
1739019437,1550
1739019440,1544
1739019443,1547
1739019446,1551
1739019449,1572
1739019452,1698
1739019455,1684
1739019459,1690
1739019462,1683
1739019465,1684
1739019468,1557
1739019471,1558
1739019474,1557
1739019477,1551
1739019480,1559
1739019480,None
1739019486,1554
1739019489,1589
1739019492,1718
1739019495,1717
1739019499,1712
1739019502,1682
1739019504,1559
1739019508,1560
1739019511,1558
1739019514,1559
1739019517,1555
1739019520,1657
1739019523,1827
1739019526,1856
1739019526,None
1739019532,1838
1739019535,1729
1739019538,1702
1739019541,1705
1739019544,1708
1739019547,1708
1739019551,1704
1739019554,1777
1739019557,1855
1739019559,1845
1739019562,1848
1739019566,1825
1739019568,1710
1739019571,1713
1739019575,1713
1739019578,1442
1739019581,512
1739019584,474
1739019587,628
1739019590,796
1739019593,788
1739019593,None
1739019599,705
1739019602,366
1739019605,357
1739019608,344
1739019611,344
1739019611,None
1739019617,343
1739019621,342
1739019624,337
1739019626,459
1739019629,479
1739019633,476
1739019636,484
1739019639,481
1739019642,408
1739019645,364
1739019648,364
1739019651,360
1739019654,354
1739019657,359
1739019657,None
1739019663,407
1739019667,410
1739019670,557
1739019672,751
1739019675,694
1739019678,670
1739019681,527
1739019685,284
1739019688,272
1739019691,285
1739019694,276
1739019697,267
1739019700,274
1739019703,355
1739019706,429
1739019709,415
1739019712,433
1739019715,361
1739019718,270
1739019721,258
1739019724,276
1739019728,276
1739019730,256
1739019734,252
1739019737,335
1739019740,404
1739019743,398
1739019746,392
1739019749,267
1739019752,234
1739019755,248
1739019758,259
1739019761,255
1739019764,248
1739019767,352
1739019770,409
1739019773,415
1739019776,407
1739019779,335
1739019782,254
1739019785,254
1739019788,260
1739019792,258
1739019794,260
1739019798,261
1739019800,252
1739019804,746
1739019807,1526
1739019809,1506
1739019812,1394
1739019812,None
1739019819,1545
1739019822,1540
1739019822,None
1739019828,1457
1739019831,1577
1739019834,1583
1739019837,1463
1739019840,1461
1739019843,1599
1739019846,1593
1739019849,1481
1739019852,1461
1739019856,1572
1739019858,1593
1739019862,1535
1739019865,1457
1739019867,1468
1739019871,1465
1739019874,1460
1739019877,1461
1739019880,1466
1739019880,None
1739019886,1538
1739019889,1607
1739019892,1613
1739019895,1617
1739019898,1607
1739019901,1547
1739019904,1481
1739019907,1473
1739019910,1472
1739019913,1468
1739019916,1464
1739019919,1462
1739019922,1461
1739019925,1501
1739019929,1764
1739019929,None
1739019935,1749
1739019938,1726
1739019941,1612
1739019941,None
1739019947,1607
1739019950,1613
1739019953,1607
1739019956,1607
1739019959,1731
1739019962,1749
1739019965,1743
1739019968,1738
1739019971,1730
1739019974,1620
1739019978,1623
1739019980,1616
1739019983,1624
1739019986,1619
1739019990,1501
1739019993,1587
1739019995,1612
1739019999,1841
1739020002,1786
1739020005,1733
1739020008,1837
1739020011,1648
1739020014,1467
1739020017,1472
1739020020,1468
1739020023,1538
1739020026,1608
1739020029,1599
1739020032,1601
1739020035,1536
1739020038,1466
1739020042,1471
1739020044,1456
1739020048,1457
1739020050,1472
1739020053,1718
1739020057,1722
1739020059,1712
1739020059,None
1739020066,1609
1739020069,1596
1739020072,1600
1739020075,1598
1739020078,1536
1739020081,1465
1739020081,None
1739020087,1463
1739020090,1471
1739020093,1465
1739020096,1455
1739020100,1588
1739020102,1600
1739020105,1490
1739020108,1496
1739020111,1492
1739020114,1395
1739020118,1387
1739020121,1403
1739020124,1419
1739020127,1449
1739020130,1458
1739020133,1450
1739020136,1459
1739020139,1579
1739020142,1591
1739020145,1588
1739020148,1579
1739020152,1515
1739020155,1451
1739020157,1450
1739020161,1446
1739020164,1451
1739020167,1467
1739020170,1458
1739020173,1571
1739020176,1591
1739020179,1586
1739020182,1586
1739020185,1591
1739020188,1484
1739020191,1463
1739020194,1462
1739020197,1456
1739020200,1456
1739020203,1466
1739020206,1460
1739020209,1523
1739020212,1605
1739020215,1606
1739020219,1604
1739020222,1601
1739020224,1542
1739020228,1469
1739020228,None
1739020234,1455
1739020237,1466
1739020240,1467
1739020243,1460
1739020247,1468
1739020249,1572
1739020252,1604
1739020252,None
1739020258,1527
1739020261,1569
1739020264,1532
1739020267,1454
1739020270,1462
1739020273,1452
1739020276,1453
1739020279,1451
1739020283,1445
1739020285,1462
1739020289,1606
1739020292,1595
1739020295,1586
1739020298,1584
1739020301,1588
1739020301,None
1739020307,1456
1739020310,1453
1739020313,1464
1739020317,1469
1739020319,1464
1739020322,1458
1739020325,1477
1739020328,1545
1739020331,1610
1739020335,1590
1739020338,1462
1739020340,1480
1739020343,1601
1739020347,1494
1739020349,1471
1739020353,1484
1739020353,None
1739020359,1601
1739020362,1496
1739020365,1468
1739020368,1463
1739020368,None
1739020374,1596
1739020377,1535
1739020380,1467
1739020383,1490
1739020386,1579
1739020390,1612
1739020392,1545
1739020395,1461
1739020398,1471
1739020402,1467
1739020404,1465
1739020408,1738
1739020411,1793
1739020414,1917
1739020417,1906
1739020420,1768
1739020423,1823
1739020426,1917
1739020429,1856
1739020432,1810
1739020435,1625
1739020438,1609
1739020441,1636
1739020441,None
1739020447,1643
1739020450,1640
1739020453,1643
1739020456,1789
1739020459,1790
1739020462,1785
1739020465,1720
1739020468,1634
1739020471,1515
1739020474,1487
1739020478,1487
1739020481,1487
1739020484,1486
1739020486,1484
1739020490,1553
1739020493,1634
1739020496,1628
1739020499,1625
1739020502,1602
1739020505,1485
1739020508,1514
1739020511,1530
1739020511,None
1739020517,1523
1739020520,1519
1739020523,1508
1739020526,1588
1739020529,1652
1739020532,1646
1739020535,1648
1739020539,1641
1739020542,1540
1739020544,1506
1739020547,1509
1739020551,1511
1739020554,1508
1739020557,1505
1739020560,1496
1739020562,1528
1739020565,1666
1739020569,1723
1739020572,1732
1739020575,1717
1739020578,1588
1739020581,1699
1739020584,1704
1739020587,1585
1739020590,1592
1739020593,1653
1739020597,1710
1739020599,1578
1739020602,1575
1739020606,1576
1739020608,1652
1739020612,1722
1739020615,1696
1739020617,1574
1739020620,1569
1739020624,1685
1739020627,1711
1739020630,1592
1739020633,1569
1739020636,1564
1739020638,1683
1739020642,1639
1739020645,1564
1739020648,1567
1739020651,1682
1739020654,1701
1739020657,1654
1739020660,1690
1739020663,1686
1739020666,1579
1739020669,1546
1739020672,1551
1739020675,1551
1739020678,1557
1739020681,1547
1739020684,1552
1739020687,1558
1739020687,None
1739020693,1671
1739020696,1685
1739020699,1688
1739020702,1677
1739020706,1624
1739020709,1543
1739020712,1547
1739020715,1549
1739020718,1544
1739020721,464
1739020725,512
1739020727,502
1739020730,495
1739020734,501
1739020736,428
1739020739,347
1739020742,333
1739020745,319
1739020748,314
1739020752,312
1739020755,318
1739020757,338
1739020760,347
1739020764,416
1739020766,485
1739020770,475
1739020773,473
1739020776,489
1739020779,366
1739020782,334
1739020785,314
1739020788,314
1739020791,299
1739020794,312
1739020797,305
1739020800,315
1739020803,455
1739020807,454
1739020810,683
1739020812,693
1739020812,None
1739020818,548
1739020821,477
1739020824,546
1739020827,538
1739020830,550
1739020833,434
1739020837,458
1739020839,587
1739020842,582
1739020846,585
1739020849,508
1739020852,435
1739020855,442
1739020858,446
1739020861,440
1739020864,435
1739020867,432
1739020870,441
1739020873,516
1739020876,601
1739020879,596
1739020882,592
1739020885,532
1739020888,458
1739020892,446
1739020894,453
1739020897,334
1739020900,295
1739020904,334
1739020906,459
1739020909,448
1739020913,428
1739020916,304
1739020919,380
1739020922,452
1739020925,327
1739020928,314
1739020931,306
1739020934,300
1739020938,430
1739020940,438
1739020943,302
1739020946,329
1739020949,451
1739020952,432
1739020955,304
1739020959,300
1739020961,321
1739020964,460
1739020964,None
1739020971,304
1739020974,300
1739020977,324
1739020980,456
1739020983,457
1739020986,442
1739020989,430
1739020992,328
1739020995,294
1739020998,293
1739021001,296
1739021004,291
1739021007,290
1739021011,299
1739021014,296
1739021016,293
1739021020,430
1739021023,441
1739021026,452
1739021029,437
1739021032,325
1739021035,295
1739021038,295
1739021038,None
1739021044,296
1739021047,287
1739021050,421
1739021050,None
1739021056,435
1739021060,422
1739021060,None
1739021066,305
1739021069,305
1739021072,303
1739021075,308
1739021078,308
1739021081,371
1739021084,462
1739021087,447
1739021090,448
1739021093,422
1739021096,331
1739021099,305
1739021102,303
1739021105,299
1739021108,305
1739021111,308
1739021114,296
1739021117,311
1739021120,431
1739021123,439
1739021126,439
1739021129,436
1739021132,431
1739021135,301
1739021138,297
1739021141,296
1739021144,294
1739021147,289
1739021151,298
1739021154,296
1739021156,313
1739021160,447
1739021163,419
1739021166,423
1739021166,None
1739021172,280
1739021174,281
1739021178,278
1739021181,278
1739021184,437
1739021187,527
1739021190,613
1739021193,676
1739021196,433
1739021199,426
1739021202,425
1739021205,286
1739021208,290
1739021211,286
1739021215,287
1739021215,None
1739021215,None
1739021224,475
1739021226,538
1739021229,558
1739021232,590
1739021236,438
1739021239,426
1739021242,379
1739021245,425
1739021248,356
1739021251,281
1739021254,289
1739021257,288
1739021260,282
1739021264,291
1739021266,280
1739021270,309
1739021272,443
1739021275,1262
1739021275,None
1739021282,1701
1739021285,1694
1739021285,None
1739021291,1552
1739021293,1556
1739021297,1555
1739021300,1567
1739021303,1557
1739021306,1557
1739021309,1553
1739021312,1549
1739021315,1578
1739021318,1710
1739021321,1711
1739021325,1694
1739021327,1676
1739021330,1548
1739021333,1554
1739021336,1548
1739021340,1423
1739021343,1416
1739021346,1484
1739021349,1563
1739021352,1561
1739021355,1557
1739021358,1534
1739021361,1411
1739021364,1418
1739021367,1410
1739021370,1405
1739021374,1412
1739021376,1405
1739021379,1409
1739021382,1413
1739021385,1535
1739021388,1558
1739021391,1554
1739021394,1555
1739021397,1536
1739021400,1413
1739021403,1426
1739021407,1418
1739021410,1419
1739021413,1425
1739021415,1423
1739021419,1419
1739021422,1420
1739021425,1547
1739021428,1576
1739021431,1563
1739021434,1562
1739021437,1543
1739021440,1410
1739021443,1417
1739021446,1411
1739021449,1408
1739021452,1409
1739021455,1410
1739021458,1411
1739021462,1523
1739021465,1553
1739021468,1552
1739021471,1539
1739021474,1467
1739021477,1405
1739021480,1404
1739021480,None
1739021486,1407
1739021489,1416
1739021492,1407
1739021495,1491
1739021498,1575
1739021502,1562
1739021504,1551
1739021507,1560
1739021510,1447
1739021513,1270
1739021517,361
1739021519,373
1739021522,374
1739021526,417
1739021529,573
1739021531,533
1739021535,549
1739021538,442
1739021541,426
1739021544,422
1739021547,411
1739021550,393
1739021553,277
1739021556,276
1739021559,271
1739021562,266
1739021566,275
1739021568,267
1739021572,276
1739021575,347
1739021578,423
1739021581,411
1739021584,415
1739021586,403
1739021590,291
1739021593,269
1739021596,263
1739021596,None
1739021602,266
1739021605,522
1739021608,519
1739021611,540
1739021614,637
1739021617,422
1739021620,337
1739021623,291
1739021627,414
1739021630,336
1739021633,269
1739021636,265
1739021639,386
1739021642,410
1739021645,343
1739021649,265
1739021651,269
1739021654,261
1739021657,270
1739021660,264
1739021663,335
1739021666,423
1739021666,None
1739021672,406
1739021676,378
1739021679,266
1739021682,268
1739021685,267
1739021687,266
1739021691,254
1739021694,267
1739021696,264
1739021700,338
1739021703,414
1739021705,405
1739021709,405
1739021712,378
1739021715,271
1739021718,263
1739021721,258
1739021724,266
1739021727,262
1739021730,262
1739021733,334
1739021737,411
1739021740,410
1739021743,396
1739021746,385
1739021749,267
1739021752,265
1739021755,262
1739021758,267
1739021761,266
1739021764,264
1739021767,263
1739021770,268
1739021773,388
1739021777,408
1739021779,415
1739021782,404
1739021785,401
1739021788,266
1739021791,259
1739021794,259
1739021797,263
1739021801,266
1739021803,268
1739021807,264
1739021810,278
1739021813,426
1739021815,411
1739021819,406
1739021822,381
1739021825,266
1739021828,268
1739021831,258
1739021834,269
1739021837,265
1739021840,333
1739021844,414
1739021846,409
1739021850,288
1739021852,283
1739021855,383
1739021858,270
1739021861,269
1739021865,273
1739021867,508
1739021871,663
1739021871,None
1739021877,514
1739021880,347
1739021883,351
1739021886,264
1739021889,271
1739021892,399
1739021892,None
1739021898,299
1739021901,274
1739021904,267
1739021907,387
1739021911,415
1739021914,398
1739021917,261
1739021919,276
1739021923,261
1739021926,260
1739021929,266
1739021932,264
1739021935,263
1739021938,396
1739021941,410
1739021944,407
1739021947,404
1739021950,403
1739021953,294
1739021957,261
1739021959,266
1739021962,263
1739021965,262
1739021968,267
1739021971,261
1739021975,288
1739021978,416
1739021981,412
1739021983,403
1739021986,404
1739021990,290
1739021993,261
1739021996,263
1739021999,262
1739021999,None
1739022005,262
1739022008,343
1739022011,414
1739022014,413
1739022017,403
1739022020,403
1739022023,334
1739022026,266
1739022030,261
1739022032,263
1739022036,264
1739022039,260
1739022041,263
1739022045,423
1739022048,516
1739022051,599
1739022054,672
1739022057,447
1739022060,406
1739022063,386
1739022066,263
1739022069,264
1739022072,264
1739022075,259
1739022078,269
1739022081,259
1739022084,267
1739022087,390
1739022090,415
1739022093,408
1739022097,334
1739022100,333
1739022103,408
1739022106,285
1739022106,None
1739022112,259
1739022115,265
1739022118,266
1739022118,None
1739022124,263
1739022127,390
1739022130,413
1739022133,408
1739022136,388
1739022139,289
1739022142,263
1739022145,263
1739022148,263
1739022151,263
1739022154,414
1739022157,406
1739022161,338
1739022163,256
1739022167,386
1739022169,338
1739022172,261
1739022175,260
1739022178,264
1739022182,266
1739022185,254
1739022188,258
1739022191,269
1739022191,None
1739022197,403
1739022200,396
1739022203,433
1739022203,None
1739022209,509
1739022212,541
1739022215,513
1739022218,261
1739022222,268
1739022225,418
1739022228,408
1739022231,381
1739022234,278
1739022237,410
1739022240,298
1739022243,272
1739022246,263
1739022249,268
1739022252,395
1739022255,407
1739022258,398
1739022261,269
1739022264,267
1739022267,268
1739022270,269
1739022273,266
1739022277,270
1739022279,288
1739022283,423
1739022286,423
1739022289,413
1739022292,339
1739022294,275
1739022298,269
1739022301,267
1739022301,None
1739022307,317
1739022310,386
1739022313,286
1739022316,386
1739022319,413
1739022322,327
1739022325,250
1739022328,263
1739022331,315
1739022334,259
1739022337,258
1739022340,329
1739022340,None
1739022347,405
1739022349,295
1739022353,260
1739022356,373
1739022358,391
1739022361,258
1739022365,256
1739022368,259
1739022371,261
1739022374,258
1739022377,264
1739022380,258
1739022383,390
1739022386,413
1739022389,397
1739022392,293
1739022395,281
1739022398,405
1739022401,385
1739022404,257
1739022407,259
1739022410,261
1739022413,285
1739022417,412
1739022417,None
1739022423,267
1739022425,285
1739022429,381
1739022432,263
1739022435,260
1739022438,260
1739022441,259
1739022444,264
1739022447,505
1739022450,597
1739022453,669
1739022456,547
1739022459,408
1739022462,288
1739022465,329
1739022468,384
1739022472,262
1739022472,None
1739022477,263
1739022477,None
1739022484,286
1739022486,255
1739022490,286
1739022493,409
1739022496,403
1739022498,333
1739022498,None
1739022505,375
1739022508,380
1739022511,263
1739022515,249
1739022517,264
1739022520,267
1739022523,258
1739022526,258
1739022529,260
1739022532,262
1739022535,392
1739022539,413
1739022541,409
1739022544,409
1739022547,290
1739022550,263
1739022550,None
1739022557,256
1739022560,262
1739022563,258
1739022563,None
1739022569,417
1739022572,412
1739022575,410
1739022578,384
1739022581,273
1739022584,266
1739022587,267
1739022590,267
1739022594,270
1739022596,266
1739022599,397
1739022602,434
1739022606,659
1739022609,665
1739022612,655
1739022615,504
1739022618,274
1739022621,263
1739022624,269
1739022627,263
1739022630,262
1739022633,268
1739022636,264
1739022639,263
1739022642,330
1739022645,412
1739022648,403
1739022648,None
1739022655,376
1739022657,257
1739022661,262
1739022661,None
1739022667,263
1739022670,254
1739022673,256
1739022676,262
1739022679,332
1739022682,413
1739022685,406
1739022688,400
1739022691,394
1739022691,None
1739022697,287
1739022700,262
1739022703,256
1739022707,255
1739022710,260
1739022712,252
1739022716,256
1739022719,258
1739022721,257
1739022725,331
1739022728,413
1739022730,410
1739022734,399
1739022737,401
1739022740,287
1739022743,256
1739022746,261
1739022749,254
1739022752,262
1739022756,259
1739022758,278
1739022761,413
1739022764,400
1739022767,401
1739022770,402
1739022774,343
1739022776,267
1739022779,266
1739022782,269
1739022786,257
1739022789,267
1739022792,261
1739022795,267
1739022798,259
1739022801,388
1739022804,413
1739022807,402
1739022810,410
1739022810,None
1739022816,263
1739022820,252
1739022823,260
1739022825,250
1739022828,591
1739022831,664
1739022834,657
1739022837,651
1739022841,469
1739022843,247
1739022847,257
1739022850,246
1739022853,254
1739022856,249
1739022859,252
1739022862,251
1739022865,248
1739022868,258
1739022871,391
1739022874,415
1739022877,409
1739022880,392
1739022883,326
1739022886,408
1739022889,288
1739022893,266
1739022895,255
1739022899,263
1739022902,258
1739022904,262
1739022907,261
1739022911,281
1739022914,416
1739022916,402
1739022920,402
1739022920,None
1739022926,246
1739022929,255
1739022932,254
1739022935,242
1739022938,256
1739022941,507
1739022944,634
1739022947,654
1739022950,650
1739022953,376
1739022956,250
1739022959,251
1739022962,253
1739022965,244
1739022969,256
1739022972,259
1739022975,270
1739022975,None
1739022981,413
1739022984,399
1739022987,405
1739022990,382
1739022993,260
1739022996,261
1739022999,261
1739023002,259
1739023005,264
1739023008,257
1739023011,264
1739023014,254
1739023017,286
1739023017,None
1739023023,420
1739023026,405
1739023029,405
1739023032,289
1739023035,257
1739023038,263
1739023042,256
1739023044,265
1739023048,252
1739023051,392
1739023054,405
1739023058,402
1739023060,394
1739023063,381
1739023066,254
1739023069,253
1739023072,256
1739023075,253
1739023078,256
1739023081,246
1739023081,None
1739023081,None
1739023090,375
1739023093,419
1739023097,415
1739023099,381
1739023102,375
1739023105,386
1739023109,256
1739023112,259
1739023115,257
1739023118,260
1739023121,267
1739023124,254
1739023124,None
1739023130,265
1739023134,419
1739023136,409
1739023139,410
1739023142,401
1739023145,381
1739023148,264
1739023151,256
1739023154,263
1739023157,260
1739023160,264
1739023163,259
1739023167,264
1739023170,261
1739023173,269
1739023176,403
1739023179,426
1739023182,418
1739023185,410
1739023188,414
1739023191,300
1739023194,266
1739023197,271
1739023201,271
1739023203,269
1739023206,264
1739023206,None
1739023212,272
1739023215,395
1739023218,414
1739023222,422
1739023225,397
1739023228,272
1739023231,271
1739023234,267
1739023237,265
1739023240,263
1739023243,268
1739023246,421
1739023249,421
1739023252,413
1739023255,403
1739023258,288
1739023262,255
1739023264,256
1739023267,257
1739023267,None
1739023273,261
1739023276,261
1739023279,288
1739023282,411
1739023285,405
1739023288,411
1739023291,341
1739023295,261
1739023298,504
1739023301,529
1739023304,520
1739023307,515
1739023310,367
1739023313,417
1739023316,409
1739023319,403
1739023322,392
1739023325,283
1739023328,266
1739023332,265
1739023334,251
1739023338,269
1739023341,262
1739023343,317
1739023346,514
1739023350,513
1739023353,595
1739023356,603
1739023359,415
1739023362,408
1739023364,345
1739023368,270
1739023371,261
1739023374,270
1739023378,262
1739023380,263
1739023384,344
1739023386,424
1739023389,410
1739023392,392
1739023395,258
1739023398,286
1739023402,405
1739023404,264
1739023407,277
1739023411,276
1739023414,351
1739023417,427
1739023420,421
1739023423,422
1739023423,None
1739023429,306
1739023432,304
1739023435,308
1739023435,None
1739023441,313
1739023444,308
1739023448,303
1739023451,312
1739023453,334
1739023457,466
1739023460,448
1739023462,421
1739023462,None
1739023469,281
1739023472,322
1739023476,272
1739023476,None
1739023481,276
1739023481,None
1739023487,425
1739023490,431
1739023493,275
1739023496,274
1739023499,352
1739023502,430
1739023505,401
1739023508,282
1739023512,273
1739023514,279
1739023518,362
1739023521,310
1739023521,None
1739023527,309
1739023530,445
1739023533,432
1739023536,362
1739023539,302
1739023539,None
1739023545,427
1739023545,None
1739023551,297
1739023555,301
1739023557,319
1739023560,445
1739023563,386
1739023566,308
1739023569,304
1739023572,326
1739023575,450
1739023579,424
1739023581,335
1739023585,377
1739023588,450
1739023590,329
1739023594,305
1739023597,298
1739023600,298
1739023600,None
1739023606,304
1739023609,298
1739023612,387
1739023615,455
1739023618,444
1739023621,447
1739023624,420
1739023627,296
1739023631,296
1739023633,301
1739023637,285
1739023640,302
1739023640,None
1739023645,300
1739023648,425
1739023651,444
1739023655,436
1739023658,345
1739023661,389
1739023661,None
1739023667,345
1739023667,None
1739023673,322
1739023676,321
1739023679,320
1739023682,321
1739023685,321
1739023688,452
1739023691,476
1739023695,453
1739023697,385
1739023700,333
1739023704,439
1739023707,358
1739023710,567
1739023713,585
1739023713,None
1739023718,590
1739023722,621
1739023725,590
1739023727,720
1739023731,722
1739023734,556
1739023737,388
1739023740,295
1739023743,315
1739023746,426
1739023749,287
1739023752,300
1739023755,374
1739023758,415
1739023761,315
1739023761,None
1739023768,367
1739023770,442
1739023774,369
1739023777,295
1739023780,294
1739023783,303
1739023786,441
1739023789,445
1739023792,321
1739023795,284
1739023798,369
1739023801,438
1739023801,None
1739023807,286
1739023810,291
1739023813,294
1739023816,285
1739023819,287
1739023822,319
1739023825,450
1739023828,433
1739023831,436
1739023834,427
1739023837,407
1739023840,289
1739023843,289
1739023846,288
1739023850,286
1739023853,292
1739023856,291
1739023859,284
1739023859,None
1739023865,364
1739023868,448
1739023871,447
1739023875,430
1739023877,362
1739023881,285
1739023883,279
1739023887,282
1739023889,279
1739023892,280
1739023892,None
1739023899,431
1739023899,None
1739023904,422
1739023908,405
1739023911,282
1739023914,295
1739023917,287
1739023921,287
1739023923,283
1739023926,284
1739023929,285
1739023932,285
1739023936,412
1739023939,438
1739023941,437
1739023944,424
1739023947,316
1739023951,288
1739023954,282
1739023956,302
1739023960,303
1739023963,301
1739023966,427
1739023969,459
1739023972,451
1739023975,449
1739023978,427
1739023981,303
1739023984,311
1739023987,317
1739023990,311
1739023993,304
1739023996,315
1739024000,317
1739024002,337
1739024006,469
1739024009,467
1739024011,458
1739024015,456
1739024018,390
1739024021,322
1739024024,318
1739024027,305
1739024030,308
1739024033,327
1739024036,314
1739024039,308
1739024043,477
1739024045,463
1739024048,456
1739024051,456
1739024054,336
1739024057,313
1739024061,306
1739024064,313
1739024067,314
1739024070,307
1739024073,305
1739024076,446
1739024076,None
1739024082,452
1739024082,None
1739024088,428
1739024091,305
1739024094,307
1739024097,311
1739024100,301
1739024100,None
1739024106,311
1739024109,309
1739024112,300
1739024115,726
1739024118,715
1739024122,705
1739024124,710
1739024127,509
1739024130,314
1739024134,307
1739024137,312
1739024140,319
1739024143,318
1739024146,310
1739024146,None
1739024152,697
1739024155,719
1739024158,720
1739024161,717
1739024164,673
1739024167,317
1739024170,318
1739024173,314
1739024176,317
1739024180,307
1739024183,313
1739024185,315
1739024188,304
1739024192,438
1739024195,472
1739024198,457
1739024201,453
1739024204,444
1739024207,334
1739024210,310
1739024213,307
1739024216,312
1739024216,None
1739024222,301
1739024225,315
1739024228,311
1739024231,378
1739024234,464
1739024237,458
1739024241,426
1739024243,335
1739024247,313
1739024250,307
1739024253,310
1739024256,310
1739024259,439
1739024259,None
1739024265,449
1739024268,446
1739024271,388
1739024274,305
1739024277,300
1739024277,None
1739024277,None
1739024286,305
1739024286,None
1739024293,384
1739024296,459
1739024298,455
1739024302,403
1739024305,448
1739024308,433
1739024310,307
1739024314,313
1739024317,304
1739024320,306
1739024323,311
1739024323,None
1739024329,303
1739024332,304
1739024335,444
1739024338,464
1739024341,464
1739024344,433
1739024344,None
1739024350,308
1739024353,312
1739024356,313
1739024359,333
1739024362,470
1739024365,459
1739024368,387
1739024372,311
1739024374,384
1739024377,441
1739024381,311
1739024384,317
1739024387,307
1739024390,437
1739024393,457
1739024396,382
1739024399,304
1739024402,300
1739024405,308
1739024408,304
1739024412,305
1739024414,323
1739024417,463
1739024420,459
1739024424,443
1739024427,445
1739024430,432
1739024432,305
1739024436,298
1739024439,313
1739024442,304
1739024442,None
1739024448,309
1739024451,307
1739024454,305
1739024457,301
1739024457,None
1739024463,461
1739024466,460
1739024469,447
1739024472,454
1739024475,339
1739024478,302
1739024481,316
1739024484,304
1739024487,312
1739024490,305
1739024494,331
1739024496,464
1739024500,452
1739024503,456
1739024506,423
1739024509,308
1739024512,298
1739024512,None
1739024518,427
1739024518,None
1739024524,302
1739024524,None
1739024530,547
1739024533,567
1739024536,566
1739024539,481
1739024543,325
1739024545,457
1739024548,457
1739024552,455
1739024554,331
1739024558,449
1739024561,684
1739024564,555
1739024567,563
1739024570,559
1739024573,416
1739024576,454
1739024579,430
1739024582,363
1739024585,443
1739024588,542
1739024591,397
1739024595,389
1739024597,400
1739024601,397
1739024604,395
1739024608,395
1739024609,421
1739024613,556
1739024616,546
1739024619,539
1739024623,396
1739024625,396
1739024628,519
1739024631,471
1739024634,402
1739024637,393
1739024640,387
1739024643,400
1739024646,390
1739024650,384
1739024652,464
1739024655,550
1739024658,531
1739024661,512
1739024664,383
1739024667,512
1739024671,463
1739024673,386
1739024676,371
1739024680,384
1739024683,404
1739024686,537
1739024689,503
1739024692,374
1739024695,385
1739024698,378
1739024701,502
1739024704,525
1739024707,499
1739024711,373
1739024713,444
1739024716,459
1739024719,371
1739024723,382
1739024725,372
1739024728,369
1739024731,382
1739024735,370
1739024738,453
1739024741,535
1739024741,None
1739024747,523
1739024750,514
1739024752,519
1739024756,403
1739024759,376
1739024762,374
1739024765,378
1739024765,None
1739024771,310
1739024774,300
1739024777,312
1739024777,None
1739024783,377
1739024786,468
1739024789,454
1739024792,456
1739024796,336
1739024798,307
1739024802,307
1739024805,308
1739024808,307
1739024808,None
1739024814,382
1739024814,None
1739024814,None
1739024823,447
1739024826,436
1739024829,308
1739024832,303
1739024835,309
1739024838,306
1739024841,308
1739024844,311
1739024847,306
1739024850,466
1739024853,459
1739024853,None
1739024859,445
1739024862,337
1739024865,313
1739024865,None
1739024872,239
1739024875,253
1739024878,247
1739024881,269
1739024884,381
1739024887,453
1739024890,650
1739024893,649
1739024896,644
1739024899,539
1739024902,273
1739024905,247
1739024908,249
1739024911,249
1739024914,241
1739024914,None
1739024914,None
1739024924,288
1739024926,426
1739024929,414
1739024932,413
1739024936,340
1739024939,269
1739024942,290
1739024944,287
1739024948,274
1739024951,276
1739024953,291
1739024957,423
1739024960,660
1739024963,668
1739024966,648
1739024969,521
1739024972,352
1739024975,269
1739024978,268
1739024978,None
1739024978,None
1739024987,397
1739024990,411
1739024993,411
1739024997,384
1739025000,269
1739025003,269
1739025006,268
1739025009,275
1739025012,265
1739025015,267
1739025015,None
1739025021,339
1739025024,424
1739025027,408
1739025030,410
1739025033,378
1739025036,263
1739025039,229
1739025042,237
1739025045,232
1739025048,230
1739025052,233
1739025054,228
1739025057,312
1739025061,392
1739025063,383
1739025067,382
1739025070,372
1739025073,312
1739025076,231
1739025079,233
1739025082,238
1739025085,225
1739025088,234
1739025091,236
1739025094,229
1739025097,232
1739025100,315
1739025103,388
1739025107,410
1739025107,None
1739025107,None
1739025115,284
1739025118,256
1739025122,265
1739025124,255
1739025124,None
1739025130,266
1739025134,259
1739025136,249
1739025139,392
1739025142,404
1739025145,399
1739025149,398
1739025152,336
1739025155,256
1739025158,254
1739025161,260
1739025164,253
1739025167,259
1739025170,250
1739025173,390
1739025176,388
1739025179,379
1739025182,369
1739025185,305
1739025188,232
1739025192,228
1739025194,227
1739025198,244
1739025200,245
1739025203,247
1739025206,249
1739025210,279
1739025213,415
1739025216,405
1739025218,383
1739025222,385
1739025225,345
1739025228,270
1739025231,271
1739025234,260
1739025234,None
1739025240,257
1739025243,256
1739025246,240
1739025249,371
1739025252,386
1739025256,387
1739025258,375
1739025261,270
1739025264,228
1739025267,244
1739025270,235
1739025273,239
1739025277,237
1739025279,312
1739025282,395
1739025286,381
1739025289,554
1739025292,638
1739025295,521
1739025298,522
1739025301,308
1739025301,None
1739025307,261
1739025310,266
1739025313,256
1739025316,267
1739025319,271
1739025322,247
1739025325,248
1739025328,228
1739025331,234
1739025334,229
1739025337,239
1739025337,None
1739025344,253
1739025346,260
1739025350,257
1739025353,260
1739025356,265
1739025359,278
1739025362,275
1739025365,259
1739025368,266
1739025371,462
1739025374,510
1739025377,498
1739025381,510
1739025384,279
1739025387,251
1739025389,252
1739025392,254
1739025392,None
1739025399,228
1739025399,None
1739025404,233
1739025407,230
1739025411,223
1739025414,235
1739025416,230
1739025420,225
1739025423,230
1739025426,259
1739025429,274
1739025432,260
1739025435,258
1739025438,264
1739025441,257
1739025444,264
1739025447,267
1739025447,None
1739025453,360
1739025456,367
1739025459,366
1739025462,363
1739025466,345
1739025469,351
1739025472,346
1739025475,339
1739025478,332
1739025480,316
1739025484,309
1739025487,314
1739025489,306
1739025493,308
1739025496,308
1739025498,294
1739025502,318
1739025502,None
1739025508,312
1739025511,311
1739025514,309
1739025517,310
1739025520,307
1739025523,314
1739025523,None
1739025529,312
1739025533,305
1739025535,291
1739025539,315
1739025542,307
1739025544,312
1739025547,308
1739025550,314
1739025554,314
1739025557,318
1739025560,319
1739025563,314
1739025566,314
1739025569,293
1739025572,308
1739025575,297
1739025578,303
1739025581,282
1739025584,292
1739025587,283
1739025590,282
1739025593,263
1739025596,261
1739025599,262
1739025602,262
1739025606,268
1739025608,263
1739025608,None
1739025615,266
1739025618,265
1739025621,272
1739025624,265
1739025627,294
1739025627,None
1739025633,294
1739025636,292
1739025636,None
1739025642,312
1739025645,311
1739025648,303
1739025651,308
1739025654,311
1739025654,None
1739025660,302
1739025663,299
1739025666,307
1739025669,303
1739025672,301
1739025676,302
1739025679,296
1739025679,None
1739025685,282
1739025688,272
1739025690,255
1739025694,268
1739025697,264
1739025700,258
1739025703,349
1739025706,518
1739025709,528
1739025712,520
1739025715,439
1739025718,262
1739025721,260
1739025724,261
1739025727,262
1739025730,264
1739025730,None
1739025736,266
1739025739,257
1739025742,264
1739025746,267
1739025749,260
1739025752,266
1739025754,258
1739025758,272
1739025761,263
1739025764,272
1739025766,271
1739025770,262
1739025773,306
1739025776,522
1739025780,526
1739025783,524
1739025785,464
1739025788,271
1739025791,272
1739025795,268
1739025798,275
1739025800,268
1739025803,275
1739025807,265
1739025810,275
1739025812,252
1739025816,244
1739025819,240
1739025822,248
1739025825,240
1739025828,240
1739025831,237
1739025834,241
1739025837,240
1739025840,242
1739025843,245
1739025846,247
1739025849,245
1739025853,252
1739025855,246
1739025859,245
1739025861,254
1739025865,247
1739025868,236
1739025868,None
1739025874,249
1739025877,247
1739025880,246
1739025883,243
1739025886,247
1739025889,243
1739025892,255
1739025895,239
1739025898,246
1739025901,250
1739025904,249
1739025908,233
1739025911,247
1739025914,242
1739025917,235
1739025920,246
1739025923,236
1739025925,239
1739025929,241
1739025932,238
1739025935,227
1739025938,222
1739025942,216
1739025944,222
1739025947,221
1739025950,224
1739025953,223
1739025956,223
1739025959,218
1739025962,225
1739025965,214
1739025968,224
1739025971,218
1739025975,223
1739025978,214
1739025980,224
1739025980,None
1739025987,224
1739025990,222
1739025992,218
1739025996,223
1739025999,221
1739026002,215
1739026005,223
1739026008,224
1739026011,214
1739026014,223
1739026017,222
1739026020,219
1739026023,216
1739026026,231
1739026029,229
1739026032,225
1739026035,228
1739026039,219
1739026042,223
1739026044,220
1739026047,216
1739026051,211
1739026054,220
1739026056,218
1739026060,214
1739026063,213
1739026063,None
1739026069,213
1739026072,211
1739026074,215
1739026078,214
1739026081,216
1739026084,235
1739026087,217
1739026090,226
1739026093,213
1739026096,215
1739026100,214
1739026102,216
1739026105,217
1739026108,501
1739026112,525
1739026115,518
1739026117,521
1739026121,341
1739026124,221
1739026127,683
1739026130,895
1739026133,887
1739026136,883
1739026136,None
1739026142,887
1739026145,887
1739026148,877
1739026151,876
1739026154,879
1739026157,970
1739026160,1141
1739026163,1135
1739026166,1135
1739026169,1083
1739026169,None
1739026176,877
1739026179,872
1739026182,873
1739026185,875
1739026187,868
1739026191,871
1739026194,865
1739026197,868
1739026200,868
1739026203,858
1739026206,859
1739026210,865
1739026212,864
1739026215,858
1739026218,868
1739026221,862
1739026224,855
1739026227,858
1739026231,856
1739026233,856
1739026236,844
1739026236,None
1739026242,848
1739026242,None
1739026249,849
1739026252,841
1739026255,838
1739026258,855
1739026261,846
1739026261,None
1739026267,832
1739026270,841
1739026273,845
1739026273,None
1739026279,839
1739026282,838
1739026285,835
1739026288,830
1739026291,839
1739026294,838
1739026297,839
1739026300,836
1739026303,838
1739026306,842
1739026309,832
1739026309,None
1739026315,831
1739026319,834
1739026322,840
1739026325,829
1739026328,837
1739026331,834
1739026334,839
1739026337,837
1739026340,839
1739026343,836
1739026346,840
1739026349,833
1739026352,477
1739026355,209
1739026358,215
1739026361,214
1739026364,203
1739026367,812
1739026370,1365
1739026373,1366
1739026376,1359
1739026379,1359
1739026383,1363
1739026385,1366
1739026389,1356
1739026392,1362
1739026395,1357
1739026398,1357
1739026398,None
1739026404,1356
1739026407,1397
1739026410,1627
1739026413,1631
1739026416,1631
1739026419,1543
1739026423,1365
1739026425,1363
1739026428,1365
1739026431,1357
1739026435,1366
1739026437,1364
1739026440,1366
1739026443,1368
1739026447,1354
1739026449,1363
1739026453,1361
1739026456,1357
1739026459,1359
1739026462,1359
1739026465,1360
1739026465,None
1739026471,1367
1739026474,1366
1739026477,1358
1739026480,1357
1739026483,1366
1739026486,1357
1739026489,1347
1739026492,1365
1739026492,None
1739026498,1351
1739026501,1351
1739026505,1352
1739026507,1354
1739026511,1357
1739026514,1361
1739026517,1357
1739026520,1367
1739026523,1370
1739026526,1362
1739026529,1363
1739026532,1350
1739026535,1362
1739026538,1370
1739026541,819
1739026544,220
1739026547,393
1739026547,None
1739026554,467
1739026556,479
1739026559,410
1739026562,234
1739026565,239
1739026565,None
1739026572,239
1739026575,231
1739026578,228
1739026581,233
1739026584,223
1739026587,209
1739026590,211
1739026590,None
1739026596,203
1739026599,209
1739026602,211
1739026602,None
1739026608,214
1739026611,208
1739026614,200
1739026617,213
1739026620,209
1739026624,207
1739026626,212
1739026630,219
1739026630,None
1739026636,212
1739026638,204
1739026642,215
1739026644,205
1739026648,209
1739026648,None
1739026654,205
1739026654,None
1739026660,210
1739026663,201
1739026666,209
1739026666,None
1739026672,233
1739026675,244
1739026678,246
1739026681,223
1739026685,242
1739026687,223
1739026690,211
1739026694,217
1739026696,215
1739026699,211
1739026703,207
1739026706,196
1739026709,186
1739026712,182
1739026715,200
1739026718,190
1739026721,188
1739026724,184
1739026727,187
1739026730,189
1739026734,187
1739026736,186
1739026739,189
1739026742,180
1739026745,183
1739026749,192
1739026751,193
1739026754,201
1739026757,206
1739026760,239
1739026763,221
1739026767,212
1739026769,211
1739026773,213
1739026776,203
1739026779,212
1739026781,206
1739026785,217
1739026788,211
1739026791,215
1739026794,372
1739026797,476
1739026797,None
