1738767602,222
1738767605,267
1738767609,389
1738767611,379
1738767615,342
1738767618,231
1738767621,228
1738767624,218
1738767627,232
1738767629,228
1738767633,227
1738767636,229
1738767639,223
1738767642,264
1738767646,381
1738767648,380
1738767648,None
1738767654,347
1738767657,225
1738767661,230
1738767663,226
1738767666,222
1738767669,228
1738767672,224
1738767676,364
1738767679,377
1738767682,362
1738767685,364
1738767688,291
1738767691,223
1738767694,220
1738767697,222
1738767700,227
1738767703,220
1738767703,None
1738767709,382
1738767712,371
1738767715,366
1738767718,361
1738767721,242
1738767725,223
1738767728,227
1738767730,229
1738767734,226
1738767737,226
1738767740,224
1738767743,312
1738767746,372
1738767749,372
1738767752,367
1738767755,366
1738767758,245
1738767761,227
1738767764,224
1738767767,231
1738767770,221
1738767773,222
1738767776,226
1738767779,358
1738767782,381
1738767786,369
1738767788,368
1738767792,242
1738767794,220
1738767798,221
1738767801,228
1738767804,216
1738767807,225
1738767810,313
1738767813,372
1738767816,369
1738767820,365
1738767822,295
1738767825,216
1738767828,223
1738767831,226
1738767834,220
1738767837,229
1738767840,311
1738767844,373
1738767847,366
1738767850,366
1738767853,360
1738767856,291
1738767859,229
1738767862,222
1738767865,232
1738767868,221
1738767871,220
1738767874,233
1738767877,223
1738767880,226
1738767883,231
1738767886,324
1738767890,375
1738767892,381
1738767892,None
1738767899,337
1738767902,228
1738767905,223
1738767908,233
1738767911,231
1738767914,440
1738767917,502
1738767921,622
1738767923,642
1738767926,413
1738767930,364
1738767932,286
1738767932,None
1738767938,231
1738767938,None
1738767945,333
1738767947,493
1738767951,527
1738767954,635
1738767956,617
1738767956,None
1738767963,374
1738767966,339
1738767969,242
1738767973,236
1738767975,233
1738767978,233
1738767981,237
1738767984,225
1738767987,234
1738767990,229
1738767993,317
1738767996,386
1738768000,367
1738768002,375
1738768006,241
1738768009,222
1738768012,215
1738768015,217
1738768015,None
1738768021,242
1738768024,373
1738768027,368
1738768027,None
1738768033,364
1738768036,276
1738768039,217
1738768042,218
1738768045,215
1738768048,216
1738768051,216
1738768054,208
1738768057,221
1738768060,245
1738768064,370
1738768067,361
1738768070,364
1738768073,354
1738768075,238
1738768078,214
1738768082,215
1738768082,None
1738768088,211
1738768091,214
1738768094,356
1738768097,367
1738768100,368
1738768103,335
1738768106,211
1738768109,216
1738768112,213
1738768115,212
1738768118,211
1738768121,244
1738768124,369
1738768127,362
1738768130,355
1738768133,330
1738768136,234
1738768139,216
1738768143,213
1738768146,213
1738768149,217
1738768152,209
1738768155,359
1738768155,None
1738768161,517
1738768164,513
1738768167,480
1738768170,390
1738768174,359
1738768176,370
1738768179,380
1738768182,364
1738768186,356
1738768188,359
1738768192,372
1738768192,None
1738768198,513
1738768200,507
1738768204,508
1738768207,477
1738768210,380
1738768213,358
1738768216,361
1738768219,365
1738768222,321
1738768225,235
1738768228,356
1738768231,354
1738768234,345
1738768238,275
1738768240,206
1738768243,204
1738768243,None
1738768250,210
1738768252,202
1738768255,208
1738768259,235
1738768261,364
1738768264,355
1738768268,347
1738768271,351
1738768274,220
1738768277,216
1738768280,208
1738768283,198
1738768286,196
1738768289,196
1738768292,203
1738768295,332
1738768298,354
1738768301,338
1738768304,344
1738768307,336
1738768310,220
1738768313,192
1738768316,197
1738768319,194
1738768323,205
1738768326,458
1738768326,None
1738768332,587
1738768335,451
1738768338,340
1738768341,325
1738768344,377
1738768347,444
1738768350,443
1738768354,447
1738768356,227
1738768359,276
1738768362,348
1738768365,341
1738768365,None
1738768371,194
1738768371,None
1738768371,None
1738768380,203
1738768383,329
1738768383,None
1738768389,336
1738768393,332
1738768396,303
1738768399,198
1738768402,193
1738768405,200
1738768408,201
1738768411,198
1738768414,209
1738768417,197
1738768420,210
1738768423,202
1738768426,346
1738768429,359
1738768432,346
1738768435,344
1738768438,220
1738768441,204
1738768445,204
1738768447,204
1738768450,234
1738768454,358
1738768456,343
1738768460,228
1738768463,278
1738768465,344
1738768469,335
1738768472,217
1738768475,198
1738768478,196
1738768481,198
1738768484,190
1738768487,201
1738768490,190
1738768493,225
1738768496,344
1738768499,340
1738768502,340
1738768505,335
1738768509,217
1738768511,199
1738768514,185
1738768518,198
1738768521,199
1738768524,184
1738768524,None
1738768530,345
1738768533,334
1738768536,334
1738768539,336
1738768539,None
1738768545,197
1738768548,192
1738768551,195
1738768554,198
1738768557,193
1738768560,184
1738768563,236
1738768566,330
1738768569,340
1738768572,346
1738768575,329
1738768578,331
1738768581,307
1738768584,197
1738768587,185
1738768590,195
1738768594,197
1738768596,193
1738768600,192
1738768603,197
1738768606,195
1738768609,217
1738768612,332
1738768615,346
1738768618,338
1738768621,334
1738768624,223
1738768627,199
1738768630,245
1738768633,380
1738768636,453
1738768639,438
1738768643,437
1738768645,303
1738768649,280
1738768651,288
1738768655,281
1738768658,275
1738768661,280
1738768664,291
1738768667,268
1738768667,None
1738768673,422
1738768676,418
1738768679,413
1738768682,407
1738768685,377
1738768688,262
1738768691,256
1738768695,265
1738768697,260
1738768701,407
1738768703,522
1738768706,602
1738768709,814
1738768713,671
1738768716,665
1738768719,565
1738768722,401
1738768725,330
1738768728,254
1738768731,265
1738768734,253
1738768737,262
1738768740,257
1738768743,259
1738768746,259
1738768749,290
1738768752,418
1738768755,408
1738768758,398
1738768761,401
1738768764,394
1738768767,275
1738768770,255
1738768773,254
1738768777,251
1738768779,252
1738768783,256
1738768786,254
1738768789,259
1738768792,289
1738768794,415
1738768798,412
1738768798,None
1738768804,378
1738768807,258
1738768810,260
1738768813,261
1738768816,396
1738768819,402
1738768822,378
1738768822,None
1738768828,246
1738768831,256
1738768834,343
1738768837,402
1738768840,399
1738768843,365
1738768846,259
1738768850,257
1738768850,None
1738768855,267
1738768859,261
1738768862,265
1738768864,305
1738768868,425
1738768871,414
1738768874,367
1738768877,275
1738768880,283
1738768883,266
1738768886,252
1738768890,263
1738768892,256
1738768895,258
1738768898,253
1738768901,250
1738768905,257
1738768907,257
1738768911,263
1738768914,265
1738768917,266
1738768920,252
1738768923,270
1738768926,267
1738768929,268
1738768932,271
1738768935,264
1738768938,271
1738768941,264
1738768944,263
1738768947,263
1738768950,267
1738768953,260
1738768956,271
1738768960,262
1738768962,265
1738768965,260
1738768968,262
1738768971,269
1738768975,264
1738768978,309
1738768981,515
1738768984,507
1738768987,517
1738768990,465
1738768993,261
1738768996,254
1738768999,257
1738769002,257
1738769005,259
1738769008,256
1738769011,259
1738769014,258
1738769017,255
1738769022,251
1738769024,253
1738769027,255
1738769030,256
1738769033,254
1738769036,254
1738769039,260
1738769043,261
1738769045,254
1738769048,262
1738769051,256
1738769055,258
1738769057,257
1738769060,246
1738769064,258
1738769067,253
1738769069,253
1738769072,251
1738769076,254
1738769079,257
1738769082,267
1738769085,260
1738769088,271
1738769091,260
1738769094,256
1738769097,519
1738769100,516
1738769103,520
1738769106,441
1738769109,263
1738769112,260
1738769115,263
1738769119,259
1738769121,254
1738769124,265
1738769128,252
1738769130,265
1738769134,261
1738769137,259
1738769140,257
1738769143,257
1738769143,None
1738769149,251
1738769149,None
1738769156,253
1738769159,258
1738769161,242
1738769164,257
1738769167,252
1738769171,253
1738769174,256
1738769177,252
1738769180,256
1738769183,252
1738769186,261
1738769189,254
1738769192,256
1738769195,256
1738769198,256
1738769201,253
1738769204,253
1738769204,None
1738769210,253
1738769213,252
1738769217,256
1738769219,246
1738769223,254
1738769225,248
1738769228,258
1738769232,255
1738769235,253
1738769238,249
1738769241,249
1738769244,251
1738769247,257
1738769250,244
1738769253,256
1738769256,248
1738769259,256
1738769262,252
1738769265,251
1738769268,252
1738769271,253
1738769275,250
1738769278,256
1738769280,250
1738769284,257
1738769287,264
1738769289,254
1738769293,262
1738769296,260
1738769299,259
1738769302,255
1738769305,261
1738769305,None
1738769311,257
1738769314,262
1738769317,252
1738769320,264
1738769324,251
1738769326,261
1738769329,255
1738769329,None
1738769335,254
1738769339,251
1738769342,259
1738769345,255
1738769348,263
1738769351,253
1738769354,263
1738769357,259
1738769360,264
1738769363,262
1738769363,None
1738769369,331
1738769372,519
1738769375,511
1738769378,518
1738769381,432
1738769384,266
1738769387,261
1738769390,263
1738769393,266
1738769396,264
1738769400,264
1738769403,265
1738769405,262
1738769409,269
1738769412,259
1738769415,263
1738769418,258
1738769420,263
1738769424,259
1738769427,262
1738769430,261
1738769433,257
1738769436,262
1738769439,250
1738769442,267
1738769445,257
1738769448,253
1738769451,259
1738769454,260
1738769458,266
1738769461,251
1738769463,263
1738769466,262
1738769470,253
1738769472,260
1738769476,260
1738769478,258
1738769482,258
1738769485,261
1738769488,254
1738769491,253
1738769494,261
1738769497,259
1738769500,525
1738769504,518
1738769506,517
1738769509,396
1738769512,260
1738769515,257
1738769518,257
1738769521,251
1738769524,266
1738769527,256
1738769531,264
1738769533,259
1738769533,None
1738769540,256
1738769542,253
1738769546,251
1738769549,253
1738769551,247
1738769555,261
1738769558,249
1738769561,261
1738769564,251
1738769567,256
1738769570,257
1738769574,251
1738769576,262
1738769579,245
1738769582,256
1738769585,253
1738769588,260
1738769591,251
1738769595,257
1738769598,255
1738769601,255
1738769604,256
1738769607,248
1738769610,261
1738769613,257
1738769616,244
1738769619,261
1738769619,None
1738769625,249
1738769628,254
1738769631,259
1738769634,251
1738769637,246
1738769640,263
1738769643,251
1738769646,251
1738769646,None
1738769653,258
1738769656,253
1738769659,255
1738769662,254
1738769664,254
1738769668,255
1738769671,254
1738769673,256
1738769677,253
1738769680,253
1738769683,256
1738769686,248
1738769689,257
1738769692,252
1738769695,258
1738769698,257
1738769701,255
1738769704,257
1738769704,None
1738769711,256
1738769713,251
1738769716,249
1738769719,250
1738769722,250
1738769725,254
1738769729,379
1738769731,503
1738769735,512
1738769738,499
1738769738,None
1738769744,246
1738769747,252
1738769750,257
1738769753,245
1738769756,250
1738769759,252
1738769762,243
1738769765,256
1738769768,249
1738769772,250
1738769774,254
1738769777,249
1738769780,247
1738769783,251
1738769787,254
1738769789,254
1738769789,None
1738769796,246
1738769799,248
1738769799,None
1738769805,246
1738769808,249
1738769811,246
1738769814,257
1738769817,264
1738769820,252
1738769823,259
1738769826,254
1738769829,259
1738769832,264
1738769835,255
1738769838,258
1738769841,261
1738769844,256
1738769847,255
1738769851,260
1738769854,262
1738769856,257
1738769859,261
1738769862,285
1738769866,406
1738769869,421
1738769872,412
1738769875,416
1738769878,413
1738769881,411
1738769884,415
1738769887,413
1738769891,410
1738769893,418
1738769896,419
1738769899,640
1738769902,675
1738769905,670
1738769908,677
1738769912,418
1738769915,419
1738769918,416
1738769921,422
1738769924,439
1738769927,446
1738769930,436
1738769933,447
1738769933,None
1738769939,419
1738769942,296
1738769945,275
1738769948,272
1738769948,None
1738769954,271
1738769957,262
1738769960,256
1738769963,258
1738769967,262
1738769969,253
1738769973,256
1738769976,255
1738769978,253
1738769978,None
1738769985,256
1738769987,252
1738769991,257
1738769994,258
1738769996,258
1738770000,258
1738770003,249
1738770006,259
1738770009,252
1738770012,257
1738770015,255
1738770018,253
1738770021,258
1738770024,254
1738770027,258
1738770030,256
1738770033,259
1738770036,266
1738770039,256
1738770043,264
1738770045,258
1738770049,260
1738770052,257
1738770055,262
1738770058,261
1738770061,260
1738770064,259
1738770067,261
1738770070,264
1738770073,254
1738770077,278
1738770079,272
1738770082,261
1738770085,272
1738770088,304
1738770091,322
1738770094,316
1738770097,316
1738770100,310
1738770104,319
1738770106,310
1738770110,315
1738770113,312
1738770115,321
1738770119,562
1738770122,567
1738770125,555
1738770128,554
1738770132,342
1738770134,300
1738770137,303
1738770140,291
1738770143,268
1738770146,266
1738770149,263
1738770152,277
1738770155,281
1738770158,261
1738770161,259
1738770164,261
1738770168,263
1738770170,265
1738770174,250
1738770177,246
1738770180,246
1738770183,244
1738770186,245
1738770188,244
1738770192,244
1738770195,244
1738770198,244
1738770201,245
1738770204,245
1738770207,244
1738770210,256
1738770213,253
1738770217,249
1738770220,248
1738770222,251
1738770225,352
1738770228,397
1738770232,397
1738770234,397
1738770238,397
1738770241,400
1738770244,398
1738770247,400
1738770250,399
1738770253,396
1738770256,395
1738770259,391
1738770262,391
1738770265,387
1738770268,622
1738770272,645
1738770274,643
1738770277,643
1738770280,590
1738770284,383
1738770286,384
1738770290,385
1738770293,383
1738770296,383
1738770299,385
1738770302,385
1738770305,385
1738770308,384
1738770311,385
1738770315,387
1738770317,390
1738770320,389
1738770323,387
1738770326,386
1738770329,386
1738770332,386
1738770335,386
1738770339,385
1738770342,383
1738770345,383
1738770348,385
1738770350,387
1738770354,551
1738770357,647
1738770359,646
1738770363,646
1738770366,644
1738770369,645
1738770371,646
1738770375,643
1738770378,639
1738770381,640
1738770384,641
1738770387,640
1738770387,None
1738770393,893
1738770396,781
1738770399,741
1738770402,739
1738770406,491
1738770408,490
1738770411,489
1738770414,498
1738770417,503
1738770421,505
1738770424,512
1738770426,509
1738770430,514
1738770433,505
1738770436,508
1738770439,502
1738770442,505
1738770445,504
1738770448,500
1738770451,498
1738770454,513
1738770454,None
1738770460,529
1738770463,543
1738770466,528
1738770469,496
1738770472,501
1738770476,503
1738770479,503
1738770481,496
1738770485,505
1738770488,504
1738770490,497
1738770494,506
1738770497,503
1738770500,499
1738770503,506
1738770506,502
1738770509,504
1738770512,505
1738770515,498
1738770518,505
1738770522,503
1738770524,504
1738770527,514
1738770531,501
1738770533,499
1738770537,498
1738770539,498
1738770542,505
1738770546,503
1738770549,504
1738770551,499
1738770555,500
1738770558,499
1738770561,497
1738770564,494
1738770567,493
1738770570,500
1738770573,383
1738770576,249
1738770579,234
1738770582,239
1738770585,252
1738770588,245
1738770591,246
1738770594,247
1738770597,254
1738770601,259
1738770604,255
1738770604,None
1738770610,270
1738770613,261
1738770616,260
1738770619,250
1738770622,249
1738770625,253
1738770628,249
1738770631,251
1738770634,252
1738770637,247
1738770640,255
1738770643,254
1738770646,258
1738770646,None
1738770652,259
1738770655,270
1738770659,263
1738770661,266
1738770664,259
1738770667,254
1738770670,255
1738770673,254
1738770673,None
1738770679,261
1738770682,247
1738770685,395
1738770689,402
1738770691,399
1738770695,401
1738770698,402
1738770701,406
1738770704,431
1738770707,662
1738770710,664
1738770713,661
1738770716,668
1738770716,None
1738770723,671
1738770725,737
1738770728,970
1738770731,1822
1738770734,1825
1738770737,1823
1738770740,1815
1738770743,1303
1738770747,657
1738770750,522
1738770753,510
1738770755,372
1738770759,258
1738770762,253
1738770764,245
1738770768,476
1738770771,1057
1738770774,1246
1738770777,1255
1738770781,1252
1738770783,1251
1738770783,None
1738770789,1244
1738770792,1254
1738770795,1252
1738770799,1253
1738770801,1257
1738770804,1261
1738770807,1249
1738770811,1266
1738770813,1260
1738770816,1259
1738770819,1260
1738770823,1266
1738770825,1264
1738770829,1259
1738770831,1261
1738770835,1264
1738770838,1259
1738770841,1267
1738770844,1258
1738770847,1271
1738770850,1258
1738770853,1268
1738770856,1259
1738770859,1263
1738770862,1261
1738770865,1258
1738770868,1265
1738770871,1255
1738770874,1257
1738770878,1260
1738770880,1259
1738770883,1258
1738770886,1259
1738770890,1254
1738770893,1231
1738770896,1195
1738770898,1203
1738770902,1200
1738770905,1091
1738770905,None
1738770911,207
1738770914,195
1738770917,203
1738770920,198
1738770923,193
1738770926,203
1738770929,198
1738770932,197
1738770935,206
1738770938,203
1738770941,197
1738770945,206
1738770948,198
1738770950,207
1738770954,203
1738770956,201
1738770960,207
1738770963,199
1738770966,206
1738770969,205
1738770972,203
1738770975,202
1738770978,207
1738770981,199
1738770984,205
1738770987,197
1738770990,245
1738770993,519
1738770996,1192
1738770999,1206
1738770999,None
1738771005,1212
1738771008,1204
1738771011,1208
1738771014,1203
1738771018,1212
1738771020,447
1738771024,208
1738771027,205
1738771030,200
1738771033,199
1738771036,194
1738771039,185
1738771042,176
1738771045,165
1738771048,179
1738771051,176
1738771054,175
1738771057,178
1738771060,172
1738771064,177
1738771066,399
1738771069,430
1738771073,435
1738771076,430
1738771078,439
1738771082,241
1738771085,172
1738771088,239
1738771088,None
1738771088,None
1738771097,424
1738771100,423
1738771103,217
1738771106,327
1738771109,324
1738771112,327
1738771115,327
1738771118,337
1738771121,333
1738771125,335
1738771128,340
1738771130,319
1738771134,350
1738771137,350
1738771140,349
1738771143,345
1738771146,347
1738771149,341
1738771152,350
1738771155,340
1738771155,None
1738771161,347
1738771164,338
1738771167,353
1738771170,258
1738771173,189
1738771176,196
1738771179,194
1738771182,191
1738771185,200
1738771188,191
1738771191,197
1738771195,191
1738771197,189
1738771200,192
1738771200,None
1738771207,198
1738771210,185
1738771213,195
1738771216,195
1738771219,184
1738771222,185
1738771225,184
1738771228,178
1738771228,None
1738771234,175
1738771237,176
1738771240,177
1738771243,182
1738771246,190
1738771249,195
1738771252,188
1738771255,186
1738771258,186
1738771261,186
1738771265,187
1738771268,178
1738771270,180
1738771274,188
1738771274,None
1738771280,187
1738771283,186
1738771286,186
1738771289,181
1738771292,186
1738771295,190
1738771298,187
1738771301,179
1738771304,193
1738771307,185
1738771310,187
1738771313,189
1738771316,190
1738771316,None
1738771322,190
1738771325,183
1738771328,192
1738771331,181
1738771334,189
1738771337,182
1738771341,180
1738771343,179
1738771346,183
1738771350,183
1738771353,182
1738771355,184
1738771359,177
1738771362,187
1738771364,175
1738771368,191
1738771371,176
1738771374,187
1738771377,182
1738771380,178
1738771383,189
1738771387,178
1738771389,182
1738771392,179
1738771395,181
1738771398,181
1738771402,178
1738771402,None
1738771407,180
1738771410,182
1738771413,173
1738771416,181
1738771420,183
1738771422,175
1738771426,175
1738771426,None
1738771432,180
1738771435,168
1738771438,165
1738771441,171
1738771444,280
1738771447,428
1738771450,535
1738771453,673
1738771456,662
1738771459,423
1738771462,331
1738771465,174
1738771469,170
1738771471,170
1738771474,172
1738771478,175
1738771481,173
1738771483,173
1738771487,173
1738771489,163
1738771492,172
1738771495,186
1738771498,173
1738771498,None
1738771505,175
1738771508,174
1738771508,None
1738771514,170
1738771517,172
1738771520,177
1738771523,171
1738771526,167
1738771529,172
1738771532,169
1738771535,169
1738771538,170
1738771541,170
1738771544,171
1738771547,158
1738771550,174
1738771553,176
1738771556,168
1738771559,162
1738771562,172
1738771565,169
1738771569,175
1738771572,164
1738771575,172
1738771578,326
1738771581,318
1738771584,311
1738771587,326
1738771590,330
1738771593,317
1738771596,349
1738771599,363
1738771602,363
1738771605,367
1738771608,363
1738771608,None
1738771608,None
1738771618,362
1738771621,364
1738771624,362
1738771626,361
1738771626,None
1738771633,362
1738771636,358
1738771639,356
1738771642,202
1738771645,203
1738771648,189
1738771651,192
1738771654,186
1738771657,177
1738771660,186
1738771663,175
1738771666,170
1738771669,175
1738771669,None
1738771675,167
1738771678,164
1738771682,164
1738771684,161
1738771687,161
1738771691,170
1738771694,163
1738771697,164
1738771700,165
1738771700,None
1738771706,166
1738771709,172
1738771712,165
1738771715,163
1738771718,166
1738771721,173
1738771724,172
1738771727,176
1738771731,173
1738771733,178
1738771737,184
1738771739,177
1738771742,174
1738771746,177
1738771748,172
1738771752,183
1738771755,175
1738771757,180
1738771760,184
1738771764,185
1738771767,184
1738771770,177
1738771773,284
1738771776,636
1738771779,695
1738771782,688
1738771785,696
1738771788,466
1738771788,None
1738771794,183
1738771797,184
1738771800,179
1738771804,207
1738771806,211
1738771809,222
1738771813,210
1738771816,212
1738771819,218
1738771822,207
1738771825,209
1738771828,214
1738771831,211
1738771834,205
1738771837,222
1738771840,213
1738771843,216
1738771846,218
1738771846,None
1738771846,None
1738771856,212
1738771858,215
1738771862,201
1738771864,211
1738771868,212
1738771871,208
1738771874,209
1738771877,213
1738771880,208
1738771883,215
1738771886,201
1738771889,205
1738771892,210
1738771895,211
1738771898,212
1738771901,205
1738771904,207
1738771908,215
1738771911,212
1738771914,209
1738771914,None
1738771920,206
1738771923,212
1738771926,212
1738771929,206
1738771932,198
1738771935,193
1738771938,181
1738771941,185
1738771944,180
1738771947,185
1738771950,180
1738771954,187
1738771956,181
1738771959,183
1738771962,183
1738771966,182
1738771968,184
1738771971,182
1738771975,184
1738771978,186
1738771981,178
1738771984,184
1738771984,None
1738771990,183
1738771993,180
1738771996,181
1738772000,181
1738772002,176
1738772005,183
1738772005,None
1738772011,181
1738772014,184
1738772017,176
1738772021,180
1738772024,180
1738772026,184
1738772026,None
1738772033,173
1738772035,178
1738772039,180
1738772042,175
1738772045,189
1738772048,174
1738772051,189
1738772055,182
1738772058,180
1738772060,184
1738772063,186
1738772063,None
1738772069,186
1738772072,181
1738772075,179
1738772079,186
1738772082,179
1738772085,184
1738772088,180
1738772091,186
1738772094,182
1738772097,182
1738772100,186
1738772103,187
1738772106,227
1738772109,253
1738772112,282
1738772115,291
1738772118,282
1738772121,271
1738772124,277
1738772127,270
1738772130,274
1738772134,266
1738772137,270
1738772139,271
1738772142,259
1738772142,None
1738772149,410
1738772152,411
1738772155,406
1738772158,405
1738772161,406
1738772164,402
1738772168,403
1738772170,400
1738772173,406
1738772176,398
1738772176,None
1738772182,400
1738772185,403
1738772188,401
1738772191,401
1738772194,430
1738772198,661
1738772198,None
1738772204,651
1738772207,659
1738772210,366
1738772213,248
1738772216,252
1738772219,250
1738772222,255
1738772225,253
1738772228,258
1738772231,250
1738772234,252
1738772237,257
1738772241,244
1738772243,256
1738772246,252
1738772250,255
1738772253,256
1738772256,250
1738772259,249
1738772262,248
1738772265,257
1738772268,248
1738772271,343
1738772274,528
1738772276,501
1738772280,501
1738772283,499
1738772286,338
1738772289,244
1738772292,240
1738772295,247
1738772298,257
1738772301,269
1738772304,259
1738772307,255
1738772310,262
1738772313,257
1738772316,259
1738772320,260
1738772322,260
1738772326,260
1738772329,267
1738772329,None
1738772335,266
1738772338,262
1738772341,251
1738772344,272
1738772347,265
1738772350,258
1738772353,299
1738772356,335
1738772359,354
1738772362,350
1738772365,357
1738772368,350
1738772371,348
1738772374,366
1738772377,354
1738772380,343
1738772383,353
1738772383,None
1738772389,351
1738772392,358
1738772395,350
1738772398,355
1738772402,355
1738772402,None
1738772407,345
1738772411,358
1738772414,347
1738772417,340
1738772420,351
1738772423,344
1738772426,345
1738772429,346
1738772429,None
1738772435,349
1738772438,340
1738772441,343
1738772444,347
1738772447,337
1738772450,341
1738772453,341
1738772456,336
1738772460,343
1738772462,338
1738772465,337
1738772469,342
1738772471,341
1738772474,339
1738772478,339
1738772480,346
1738772484,334
1738772487,335
1738772490,341
1738772492,335
1738772496,338
1738772496,None
1738772502,335
1738772505,337
1738772508,333
1738772511,339
1738772514,339
1738772517,326
1738772520,335
1738772523,334
1738772526,332
1738772529,333
1738772532,335
1738772535,339
1738772538,329
1738772541,341
1738772545,342
1738772547,340
1738772551,330
1738772554,336
1738772557,333
1738772560,334
1738772563,282
1738772566,264
1738772566,None
1738772572,267
1738772575,264
1738772578,267
1738772581,258
1738772584,267
1738772587,262
1738772587,None
1738772593,262
1738772596,262
1738772599,271
1738772602,259
1738772605,264
1738772608,263
1738772611,262
1738772614,262
1738772618,266
1738772622,268
1738772624,268
1738772627,494
1738772630,526
1738772633,520
1738772636,407
1738772639,265
1738772642,261
1738772646,263
1738772648,264
1738772651,265
1738772654,266
1738772657,264
1738772660,259
1738772663,265
1738772667,264
1738772670,265
1738772673,263
1738772676,265
1738772679,260
1738772682,265
1738772685,268
1738772685,None
1738772692,266
1738772694,259
1738772697,396
1738772700,411
1738772703,410
1738772707,410
1738772709,411
1738772712,481
1738772716,667
1738772719,663
1738772722,667
1738772725,659
1738772728,426
1738772731,410
1738772734,416
1738772737,413
1738772740,410
1738772743,413
1738772746,407
1738772749,422
1738772752,412
1738772755,313
1738772758,259
1738772762,264
1738772765,260
1738772768,264
1738772771,259
1738772771,None
1738772771,None
1738772780,265
1738772783,265
1738772786,257
1738772789,273
1738772792,259
1738772795,262
1738772798,265
1738772801,260
1738772804,263
1738772807,266
1738772811,263
1738772813,259
1738772816,262
1738772816,None
1738772823,265
1738772825,254
1738772828,269
1738772831,263
1738772835,257
1738772838,265
1738772840,267
1738772844,262
1738772847,259
1738772850,264
1738772853,266
1738772856,256
1738772859,275
1738772862,264
1738772865,258
1738772869,264
1738772871,262
1738772874,259
1738772877,258
1738772881,261
1738772884,259
1738772886,251
1738772890,252
1738772893,261
1738772895,254
1738772899,252
1738772902,244
1738772905,253
1738772908,251
1738772911,258
1738772914,249
1738772917,256
1738772920,257
1738772923,251
1738772926,245
1738772929,246
1738772932,264
1738772935,252
1738772938,250
1738772941,249
1738772944,250
1738772948,256
1738772950,258
1738772954,260
1738772956,255
1738772960,248
1738772963,268
1738772965,258
1738772968,250
1738772972,259
1738772975,349
1738772978,510
1738772978,None
1738772984,510
1738772987,401
1738772990,251
1738772994,258
1738772994,None
1738772999,248
1738773002,254
1738773005,249
1738773009,251
1738773009,None
1738773015,246
1738773017,251
1738773021,253
1738773024,242
1738773027,254
1738773030,251
1738773033,239
1738773036,251
1738773039,251
1738773042,249
1738773045,246
1738773045,None
1738773045,None
1738773054,256
1738773057,241
1738773061,244
1738773063,257
1738773066,253
1738773070,247
1738773073,247
1738773076,247
1738773079,253
1738773082,253
1738773085,251
1738773088,257
1738773091,247
1738773094,256
1738773097,261
1738773100,246
1738773103,274
1738773106,508
1738773109,503
1738773112,507
1738773115,466
1738773118,252
1738773122,247
1738773125,253
1738773125,None
1738773131,247
1738773134,252
1738773137,243
1738773139,249
1738773143,243
1738773146,243
1738773149,245
1738773152,249
1738773155,243
1738773158,249
1738773161,249
1738773161,None
1738773167,259
1738773170,254
1738773173,249
1738773176,256
1738773179,253
1738773182,255
1738773186,259
1738773188,254
1738773192,248
1738773195,259
1738773198,259
1738773201,244
1738773204,265
1738773207,256
1738773210,253
1738773213,257
1738773216,259
1738773219,255
1738773223,245
1738773225,246
1738773228,254
1738773231,396
1738773234,389
1738773237,398
1738773240,395
1738773243,389
1738773246,390
1738773249,391
1738773253,395
1738773256,391
1738773259,394
1738773262,402
1738773265,390
1738773267,385
1738773271,397
1738773274,393
1738773277,386
1738773280,391
1738773283,391
1738773286,396
1738773289,260
1738773292,251
1738773295,248
1738773298,242
1738773302,242
1738773304,248
1738773307,248
1738773310,245
1738773313,237
1738773317,251
1738773319,252
1738773323,248
1738773326,250
1738773329,249
1738773332,250
1738773335,256
1738773338,245
1738773341,238
1738773344,247
1738773347,259
1738773350,275
1738773353,276
1738773356,289
1738773359,282
1738773362,268
1738773366,494
1738773368,522
1738773372,533
1738773375,530
1738773377,487
1738773381,271
1738773384,269
1738773387,284
1738773390,278
1738773393,266
1738773396,289
1738773399,278
1738773402,276
1738773405,280
1738773408,283
1738773411,279
1738773414,276
1738773417,278
1738773420,285
1738773423,263
1738773426,256
1738773430,253
1738773433,248
1738773435,263
1738773438,257
1738773442,255
1738773445,262
1738773445,None
1738773451,254
1738773454,255
1738773457,248
1738773460,250
1738773463,247
1738773466,257
1738773469,266
1738773472,289
1738773475,293
1738773478,281
1738773481,455
1738773484,527
1738773488,536
1738773491,542
1738773493,503
1738773497,277
1738773499,277
1738773502,283
1738773506,284
1738773509,267
1738773512,290
1738773515,273
1738773518,266
1738773521,266
1738773524,267
1738773527,250
1738773530,244
1738773534,239
1738773536,244
1738773539,244
1738773539,None
1738773539,None
1738773549,241
1738773551,245
1738773555,238
1738773557,230
1738773561,245
1738773564,241
1738773567,239
1738773567,None
1738773573,239
1738773576,235
1738773579,236
1738773582,235
1738773585,238
1738773588,262
1738773591,257
1738773594,264
1738773597,264
1738773600,265
1738773604,253
1738773607,268
1738773610,272
1738773613,264
1738773615,263
1738773619,254
1738773622,257
1738773625,260
1738773625,None
1738773631,241
1738773634,234
1738773637,236
1738773640,241
1738773643,233
1738773646,238
1738773649,229
1738773652,239
1738773656,237
1738773658,241
1738773658,None
1738773664,262
1738773668,261
1738773671,263
1738773673,265
1738773676,268
1738773680,273
1738773683,277
1738773686,276
1738773689,272
1738773692,269
1738773695,275
1738773698,269
1738773698,None
1738773704,259
1738773707,258
1738773710,241
1738773713,237
1738773713,None
1738773719,238
1738773722,232
1738773725,246
1738773728,234
1738773731,243
1738773734,237
1738773738,234
1738773741,242
1738773744,236
1738773747,236
1738773750,243
1738773752,250
1738773755,238
1738773759,249
1738773762,240
1738773765,246
1738773768,241
1738773771,239
1738773774,245
1738773777,237
1738773780,242
1738773783,241
1738773786,242
1738773789,243
1738773792,233
1738773796,241
1738773798,233
1738773801,243
1738773804,233
1738773807,244
1738773810,452
1738773814,503
1738773817,497
1738773819,503
1738773819,None
1738773826,237
1738773829,235
1738773832,232
1738773835,242
1738773838,236
1738773841,243
1738773844,241
1738773847,234
1738773850,244
1738773853,236
1738773856,241
1738773859,237
1738773862,236
1738773866,241
1738773868,236
1738773872,232
1738773875,239
1738773877,241
1738773881,228
1738773883,241
1738773887,237
1738773889,352
1738773893,488
1738773896,489
1738773896,None
1738773902,402
1738773905,374
1738773908,389
1738773911,387
1738773914,385
1738773917,391
1738773920,384
1738773923,391
1738773926,383
1738773929,394
1738773932,388
1738773935,395
1738773938,392
1738773941,385
1738773944,392
1738773947,389
1738773950,389
1738773954,393
1738773956,386
1738773960,328
1738773963,234
1738773965,240
1738773969,235
1738773971,214
1738773975,220
1738773978,211
1738773981,221
1738773984,217
1738773987,219
1738773990,216
1738773993,228
1738773996,228
1738773999,228
1738774003,219
1738774006,224
1738774006,None
1738774011,225
1738774014,224
1738774017,231
1738774020,245
1738774024,244
1738774027,244
1738774030,242
1738774033,243
1738774036,242
1738774036,None
1738774042,239
1738774045,244
1738774048,250
1738774051,245
1738774054,235
1738774057,250
1738774060,243
1738774063,243
1738774066,241
1738774070,247
1738774070,None
1738774075,245
1738774079,236
1738774082,245
1738774085,240
1738774088,247
1738774091,241
1738774094,241
1738774097,248
1738774100,242
1738774103,239
1738774106,241
1738774109,250
1738774112,247
1738774115,244
1738774118,246
1738774121,248
1738774125,248
1738774127,241
1738774131,245
1738774134,252
1738774136,237
1738774140,248
1738774143,248
1738774146,238
1738774149,250
1738774152,247
1738774152,None
1738774152,None
1738774161,243
1738774164,244
1738774167,246
1738774170,241
1738774173,248
1738774176,240
1738774179,242
1738774182,240
1738774186,242
1738774188,245
1738774191,237
1738774195,229
1738774197,226
1738774201,222
1738774204,223
1738774207,225
1738774211,225
1738774213,224
1738774216,224
1738774219,225
1738774222,228
1738774225,427
1738774228,488
1738774231,481
1738774235,423
1738774238,243
1738774240,230
1738774243,219
1738774246,229
1738774249,222
1738774252,224
1738774252,None
1738774259,225
1738774262,225
1738774265,233
1738774268,222
1738774271,227
1738774274,227
1738774277,218
1738774280,229
1738774283,224
1738774286,220
1738774286,None
1738774292,224
1738774295,225
1738774298,217
1738774302,225
1738774304,226
1738774307,221
1738774310,220
1738774313,233
1738774316,223
1738774320,412
1738774323,479
1738774326,479
1738774329,312
1738774329,None
1738774335,218
1738774338,229
1738774341,226
1738774344,219
1738774347,221
1738774350,227
1738774354,219
1738774357,221
1738774360,223
1738774362,228
1738774362,None
1738774368,256
1738774371,251
1738774374,249
1738774378,242
1738774380,246
1738774383,228
1738774387,220
1738774390,231
1738774393,220
1738774396,225
1738774399,220
1738774402,225
1738774405,235
1738774405,None
1738774411,233
1738774414,231
1738774417,221
1738774422,234
1738774424,227
1738774427,224
1738774431,226
1738774433,226
1738774436,225
1738774439,229
1738774443,229
1738774445,223
1738774448,228
1738774452,224
1738774454,164
1738774458,172
1738774458,None
1738774464,175
1738774467,169
1738774470,167
1738774473,168
1738774476,174
1738774476,None
1738774482,173
1738774485,165
1738774485,None
1738774491,162
1738774494,168
1738774498,163
1738774500,165
1738774500,None
1738774506,169
1738774509,171
1738774513,168
1738774516,169
1738774518,170
1738774522,170
1738774525,167
1738774528,166
1738774531,166
1738774534,165
1738774537,170
1738774540,167
1738774543,165
1738774546,168
1738774549,167
1738774553,169
1738774555,164
1738774558,168
1738774562,170
1738774564,166
1738774568,175
1738774568,None
1738774568,None
1738774577,166
1738774580,167
1738774583,167
1738774586,169
1738774586,None
1738774592,169
1738774595,166
1738774598,159
1738774601,170
1738774604,166
1738774607,332
1738774610,418
1738774613,425
1738774616,421
1738774619,319
1738774622,159
1738774625,165
1738774628,398
1738774631,425
1738774634,421
1738774637,434
1738774640,279
1738774643,314
1738774646,313
1738774649,324
1738774653,320
1738774655,322
1738774659,313
1738774662,328
1738774662,None
1738774668,306
1738774671,318
1738774674,316
1738774677,312
1738774680,312
1738774683,315
1738774686,312
1738774690,314
1738774692,313
1738774695,298
1738774695,None
1738774701,160
1738774704,170
1738774708,166
1738774711,163
1738774714,169
1738774717,165
1738774720,170
1738774723,167
1738774726,166
1738774729,164
1738774732,873
1738774736,1303
1738774738,1293
1738774741,1288
1738774741,None
1738774747,1294
1738774750,1285
1738774753,1299
1738774756,1296
1738774759,1292
1738774759,None
1738774765,1297
1738774768,1300
1738774771,1291
1738774775,1301
1738774778,1295
1738774781,1298
1738774783,1298
1738774787,1286
1738774790,1301
1738774793,1292
1738774796,1291
1738774796,None
1738774802,1294
1738774805,1288
1738774808,1298
1738774808,None
1738774814,1291
1738774817,1295
1738774820,1295
1738774824,1294
1738774826,1297
1738774829,1292
1738774832,1300
1738774836,1294
1738774839,1303
1738774842,1294
1738774845,1303
1738774848,1290
1738774851,1298
1738774854,1292
1738774857,1294
1738774860,1298
1738774863,1289
1738774867,1297
1738774869,1298
1738774872,1298
1738774876,1285
1738774878,1299
1738774882,1286
1738774884,1292
1738774888,1292
1738774891,1293
1738774894,707
1738774897,213
1738774900,220
1738774903,217
1738774906,215
1738774909,158
1738774912,164
1738774915,160
1738774918,202
1738774921,190
1738774924,196
1738774927,196
1738774930,186
1738774933,184
1738774936,179
1738774936,None
1738774942,192
1738774945,178
1738774948,176
1738774952,164
1738774955,166
1738774958,163
1738774960,168
1738774964,170
1738774967,159
1738774970,168
1738774973,171
1738774976,158
1738774979,170
1738774982,165
1738774985,205
1738774988,418
1738774991,423
1738774991,None
1738774998,345
1738775000,176
1738775000,None
1738775006,160
1738775009,148
1738775012,164
1738775015,154
1738775019,155
1738775021,247
1738775025,411
1738775027,415
1738775027,None
1738775033,417
1738775036,250
1738775039,159
1738775043,144
1738775046,151
1738775049,165
1738775052,159
1738775055,156
1738775058,149
1738775062,161
1738775064,155
1738775067,153
1738775070,160
1738775074,159
1738775076,158
1738775080,165
1738775083,152
1738775085,150
1738775089,170
1738775092,154
1738775094,148
1738775098,148
1738775101,163
1738775104,158
1738775107,152
1738775110,151
1738775113,182
1738775116,205
1738775119,208
1738775122,202
1738775125,191
1738775125,None
1738775131,154
1738775134,154
1738775137,149
1738775140,159
1738775143,151
1738775147,151
1738775149,151
1738775153,170
1738775156,185
1738775159,202
1738775162,193
1738775165,178
1738775168,180
1738775171,179
1738775174,151
1738775174,None
1738775180,150
1738775183,150
1738775186,157
1738775190,158
1738775192,162
1738775192,None
1738775198,145
1738775201,143
1738775204,141
1738775207,143
1738775210,141
1738775213,144
1738775216,141
1738775219,140
1738775222,143
1738775226,138
1738775229,145
1738775232,136
1738775232,None
1738775238,149
1738775241,141
1738775241,None
1738775247,148
1738775250,159
1738775253,164
1738775256,149
1738775259,167
1738775263,172
1738775265,176
1738775268,179
1738775272,172
1738775275,178
1738775278,174
1738775281,173
1738775284,181
1738775287,170
1738775290,184
1738775293,176
1738775296,181
1738775300,184
1738775302,182
1738775305,147
1738775308,150
1738775311,154
1738775314,151
1738775317,162
1738775320,158
1738775323,156
1738775326,167
1738775329,160
1738775333,164
1738775336,162
1738775338,161
1738775342,160
1738775345,162
1738775347,164
1738775351,164
1738775353,159
1738775357,173
1738775360,168
1738775362,158
1738775366,169
1738775369,159
1738775372,157
1738775375,168
1738775378,157
1738775381,158
1738775384,162
1738775387,158
1738775390,310
1738775393,415
1738775396,410
1738775399,407
1738775402,247
1738775405,150
1738775409,152
1738775411,148
1738775415,145
1738775417,148
1738775420,145
1738775424,146
1738775427,151
1738775430,155
1738775433,159
1738775436,167
1738775439,177
1738775442,163
1738775445,158
1738775448,166
1738775451,155
1738775454,156
1738775457,145
1738775460,154
1738775463,165
1738775463,None
1738775469,155
1738775472,415
1738775475,417
1738775478,412
1738775481,411
1738775484,380
1738775488,169
1738775491,153
1738775494,144
1738775498,151
1738775500,155
1738775500,None
1738775506,154
1738775509,142
1738775512,148
1738775515,153
1738775518,150
1738775521,154
1738775524,151
1738775527,146
1738775530,156
1738775533,145
1738775537,149
1738775539,152
1738775543,151
1738775546,151
1738775546,None
1738775551,143
1738775551,None
1738775559,149
1738775559,None
1738775564,148
1738775564,None
1738775570,151
1738775573,152
1738775573,None
1738775579,152
1738775582,150
1738775585,141
1738775588,154
1738775591,148
1738775594,143
1738775597,151
1738775601,147
1738775603,150
1738775606,145
1738775609,154
1738775613,146
1738775616,144
1738775619,154
1738775622,146
1738775624,139
1738775628,411
1738775631,409
1738775634,405
1738775637,401
1738775640,356
1738775643,157
1738775643,None
1738775649,221
1738775652,254
1738775655,251
1738775659,256
1738775661,246
1738775665,244
1738775667,244
1738775670,237
1738775674,236
1738775677,233
1738775679,238
1738775683,227
1738775686,221
1738775689,234
1738775692,224
1738775695,218
1738775698,221
1738775701,217
1738775704,217
1738775707,218
1738775710,216
1738775713,216
1738775716,205
1738775719,216
1738775722,221
1738775725,210
1738775728,203
1738775732,221
1738775734,212
1738775738,209
1738775741,208
1738775744,214
1738775747,209
1738775750,212
1738775753,209
1738775756,213
1738775756,None
1738775762,211
1738775765,205
1738775769,217
1738775771,213
1738775774,211
1738775777,212
1738775780,215
1738775784,212
1738775786,213
1738775789,210
1738775793,210
1738775796,214
1738775799,222
1738775802,375
1738775805,476
1738775805,None
1738775811,479
1738775814,397
1738775817,210
1738775820,210
1738775823,218
1738775826,207
1738775829,212
1738775832,214
1738775835,216
1738775838,209
1738775838,None
1738775844,215
1738775847,208
1738775850,206
1738775854,211
1738775856,210
1738775859,209
1738775863,210
1738775866,206
1738775869,205
1738775872,211
1738775875,213
1738775875,None
1738775881,212
1738775884,207
1738775887,211
1738775890,211
1738775893,211
1738775896,203
1738775899,205
1738775899,None
1738775905,205
1738775908,215
1738775912,207
1738775912,None
1738775918,211
1738775920,208
1738775923,205
1738775927,208
1738775930,209
1738775933,213
1738775936,207
1738775939,209
1738775942,214
1738775945,205
1738775948,238
1738775951,467
1738775951,None
1738775957,467
1738775960,467
1738775963,380
1738775966,210
1738775970,218
1738775972,215
1738775972,None
1738775979,220
1738775982,211
1738775985,207
1738775988,209
1738775991,215
1738775994,212
1738775997,212
1738776000,209
1738776003,214
1738776006,217
1738776009,205
1738776012,211
1738776016,216
1738776018,210
1738776021,212
1738776024,210
1738776028,208
1738776030,210
1738776033,210
1738776037,208
1738776040,216
1738776043,204
1738776046,210
1738776049,215
1738776049,None
1738776049,None
1738776058,218
1738776061,210
1738776064,209
1738776067,204
1738776070,220
1738776073,219
1738776076,221
1738776079,208
1738776082,217
1738776085,219
1738776088,219
1738776092,212
1738776095,225
1738776097,217
1738776100,216
1738776104,219
1738776107,221
1738776110,223
1738776113,234
1738776116,234
1738776119,223
1738776122,230
1738776122,None
1738776128,235
1738776131,230
1738776135,216
1738776137,229
1738776140,230
1738776143,228
1738776143,None
1738776149,227
1738776152,224
1738776155,227
1738776159,232
1738776161,223
1738776164,229
1738776167,227
1738776171,221
1738776173,231
1738776173,None
1738776180,219
1738776183,231
1738776186,219
1738776189,222
1738776192,225
1738776195,246
1738776198,484
1738776201,482
1738776204,488
1738776207,484
1738776211,222
1738776213,222
1738776216,234
1738776219,229
1738776223,215
1738776226,226
1738776229,229
1738776231,223
1738776235,221
1738776235,None
1738776241,221
1738776244,221
1738776247,221
1738776250,225
1738776253,223
1738776256,222
1738776259,216
1738776262,234
1738776265,223
1738776268,222
1738776271,231
1738776271,None
1738776277,225
1738776280,224
1738776283,216
1738776286,229
1738776289,223
1738776292,221
1738776295,227
1738776298,227
1738776301,224
1738776304,224
1738776307,227
1738776311,220
1738776314,231
1738776314,None
1738776320,228
1738776320,None
1738776326,225
1738776329,224
1738776329,None
1738776335,482
1738776338,476
1738776341,482
1738776344,466
1738776347,215
1738776350,229
1738776350,None
1738776357,222
1738776359,228
1738776363,218
1738776366,225
1738776369,227
1738776372,224
1738776375,221
1738776378,225
1738776381,228
1738776384,217
1738776386,219
1738776390,232
1738776393,225
1738776396,216
1738776399,232
1738776402,221
1738776405,219
1738776408,228
1738776411,226
1738776414,227
1738776417,220
1738776420,222
1738776423,231
1738776426,216
1738776430,227
1738776433,229
1738776436,214
1738776439,223
1738776442,226
1738776445,222
1738776448,219
1738776451,221
1738776454,221
1738776457,221
1738776460,222
1738776463,232
1738776466,226
1738776469,218
1738776472,226
1738776475,227
1738776478,218
1738776482,220
1738776485,228
1738776488,222
1738776491,221
1738776494,233
1738776496,224
1738776500,224
1738776503,223
1738776506,220
1738776508,220
1738776512,219
1738776515,221
1738776518,224
1738776521,225
1738776524,217
1738776527,219
1738776530,231
1738776533,223
1738776536,215
1738776540,218
1738776543,226
1738776546,449
1738776549,484
1738776552,483
1738776554,485
1738776558,266
1738776560,219
1738776564,217
1738776567,219
1738776570,222
1738776573,220
1738776576,220
1738776579,222
1738776582,218
1738776585,220
1738776588,220
1738776591,215
1738776594,221
1738776597,226
1738776600,217
1738776603,218
1738776606,227
1738776610,218
1738776613,218
1738776616,220
1738776618,221
1738776622,218
1738776625,219
1738776628,214
1738776631,218
1738776634,225
1738776637,222
1738776640,205
1738776643,213
1738776646,230
1738776650,219
1738776652,213
1738776655,211
1738776658,218
1738776661,214
1738776664,218
1738776667,210
1738776671,216
1738776674,220
1738776676,221
1738776679,207
1738776683,219
1738776686,221
1738776688,212
1738776692,223
1738776695,220
1738776698,210
1738776701,217
1738776704,220
1738776707,325
1738776710,467
1738776713,475
1738776716,473
1738776719,304
1738776722,216
1738776725,221
1738776728,214
1738776731,211
1738776734,221
1738776737,217
1738776737,None
1738776744,215
1738776747,214
1738776750,217
1738776753,224
1738776753,None
1738776759,207
1738776762,226
1738776765,214
1738776768,216
1738776771,212
1738776774,219
1738776777,220
1738776780,214
1738776783,222
1738776786,215
1738776789,212
1738776792,216
1738776795,222
1738776799,216
1738776801,212
1738776804,210
1738776807,218
1738776811,214
1738776814,215
1738776817,215
1738776820,212
1738776823,212
1738776826,217
1738776829,220
1738776832,216
1738776835,208
1738776838,219
1738776841,218
1738776844,216
1738776847,213
1738776850,223
1738776854,214
1738776857,213
1738776857,None
1738776863,213
1738776866,213
1738776869,212
1738776872,221
1738776875,210
1738776878,214
1738776881,216
1738776884,207
1738776887,222
1738776890,216
1738776893,213
1738776896,214
1738776899,213
1738776902,216
1738776905,218
1738776905,None
1738776911,213
1738776914,217
1738776917,216
1738776920,210
1738776923,208
1738776927,217
1738776930,212
1738776933,218
1738776936,208
1738776939,214
1738776939,None
1738776945,215
1738776948,205
1738776951,225
1738776954,215
1738776957,209
1738776960,212
1738776963,219
1738776966,265
1738776969,477
1738776972,476
1738776975,473
1738776978,371
1738776981,206
1738776984,219
1738776988,220
1738776990,210
1738776993,220
1738776997,214
1738777000,209
1738777002,221
1738777006,219
1738777009,213
1738777012,215
1738777015,215
1738777018,216
1738777021,218
1738777024,212
1738777027,204
1738777030,211
1738777033,217
1738777036,215
1738777039,209
1738777042,204
1738777045,219
1738777048,214
1738777051,208
1738777055,210
1738777058,210
1738777061,213
1738777063,210
1738777067,212
1738777067,None
1738777073,211
1738777077,219
1738777079,324
1738777082,463
1738777085,479
1738777088,464
1738777091,472
1738777095,305
1738777097,214
1738777100,212
1738777103,210
1738777106,210
1738777109,209
1738777112,218
1738777116,214
1738777119,205
1738777122,218
1738777125,213
1738777128,205
1738777131,219
1738777131,None
1738777137,214
1738777140,213
1738777143,217
1738777146,211
1738777149,211
1738777152,211
1738777155,211
1738777158,217
1738777161,209
1738777165,216
1738777167,225
1738777170,210
1738777173,210
1738777177,213
1738777180,217
1738777183,210
1738777186,208
1738777188,217
1738777191,210
1738777194,212
1738777198,219
1738777200,214
1738777204,219
1738777207,211
1738777210,212
1738777213,215
1738777216,221
1738777219,214
1738777222,205
1738777225,214
1738777228,211
1738777232,214
1738777234,210
1738777238,211
1738777241,211
1738777243,210
1738777247,211
1738777250,212
1738777253,212
1738777256,211
1738777259,211
1738777262,207
1738777265,217
1738777268,207
1738777271,215
1738777274,212
1738777277,212
1738777280,213
1738777283,210
1738777286,213
1738777290,215
1738777292,212
1738777296,218
1738777298,212
1738777301,215
1738777305,208
1738777308,229
1738777311,216
1738777311,None
1738777317,221
1738777320,220
1738777323,217
1738777326,219
1738777329,220
1738777332,224
1738777335,223
1738777338,482
1738777341,477
1738777344,484
1738777347,482
1738777350,223
1738777354,218
1738777356,213
1738777360,221
1738777363,217
1738777366,217
1738777369,219
1738777371,210
1738777375,209
1738777378,210
1738777381,215
1738777384,209
1738777387,215
1738777390,220
1738777390,None
1738777396,221
1738777399,223
1738777402,218
1738777405,230
1738777408,220
1738777411,218
1738777414,224
1738777417,223
1738777420,225
1738777423,214
1738777426,221
1738777429,225
1738777433,211
1738777436,224
1738777438,222
1738777442,216
1738777445,222
1738777448,223
1738777451,221
1738777454,225
1738777457,220
1738777460,218
1738777463,222
1738777466,227
1738777469,218
1738777472,223
1738777475,214
1738777478,227
1738777481,218
1738777484,220
1738777487,220
1738777487,None
1738777494,220
1738777496,220
1738777499,220
1738777502,217
1738777506,222
1738777509,217
1738777512,221
1738777515,217
1738777518,227
1738777521,211
1738777524,225
1738777527,309
1738777530,486
1738777533,475
1738777536,477
1738777539,475
1738777542,218
1738777545,221
1738777548,227
1738777552,218
1738777555,216
1738777558,227
1738777561,210
1738777564,221
1738777566,225
1738777570,219
1738777573,212
1738777576,224
1738777579,224
1738777582,218
1738777585,213
1738777588,228
1738777591,225
1738777594,223
1738777597,220
1738777600,214
1738777604,220
1738777607,222
1738777607,None
1738777613,215
1738777615,217
1738777618,224
1738777621,216
1738777625,211
1738777628,224
1738777631,220
1738777634,214
1738777637,224
1738777640,218
1738777643,221
1738777646,219
1738777649,216
1738777652,213
1738777655,215
1738777658,214
1738777661,216
1738777664,218
1738777667,211
1738777670,220
1738777674,215
1738777676,217
1738777680,220
1738777683,215
1738777686,226
1738777689,215
1738777692,215
1738777695,220
1738777698,216
1738777701,216
1738777704,216
1738777707,216
1738777710,216
1738777713,223
1738777716,215
1738777719,214
1738777722,219
1738777722,None
1738777729,218
1738777731,221
1738777734,217
1738777738,217
1738777738,None
1738777744,216
1738777746,220
1738777750,213
1738777753,215
1738777755,213
1738777759,223
1738777762,214
1738777765,213
1738777768,226
1738777771,222
1738777774,214
1738777777,209
1738777780,428
1738777783,481
1738777786,474
1738777789,397
1738777792,227
1738777796,215
1738777799,216
1738777801,216
1738777805,217
1738777808,220
1738777810,211
1738777814,220
1738777817,222
1738777820,208
1738777823,225
1738777823,None
1738777823,None
1738777832,218
1738777832,None
1738777838,216
1738777841,219
1738777844,217
1738777847,217
1738777850,219
1738777853,218
1738777856,213
1738777859,215
1738777863,223
1738777865,212
1738777865,None
1738777872,218
1738777874,215
1738777878,222
1738777881,219
1738777884,221
1738777887,211
1738777887,None
1738777893,167
1738777896,152
1738777899,161
1738777902,164
1738777905,152
1738777908,163
1738777911,160
1738777914,162
1738777918,165
1738777920,161
1738777924,161
1738777927,160
1738777930,163
1738777933,163
1738777936,160
1738777939,175
1738777942,169
1738777945,158
1738777948,174
1738777951,160
1738777954,412
1738777957,418
1738777960,414
1738777963,417
1738777966,296
1738777969,162
1738777973,162
1738777975,157
1738777978,167
1738777981,160
1738777985,162
1738777987,162
1738777990,158
1738777993,169
1738777997,160
1738777999,158
1738778003,165
1738778006,162
1738778009,156
1738778012,154
1738778015,165
1738778018,159
1738778022,158
1738778024,155
1738778027,165
1738778030,154
1738778033,163
1738778036,155
1738778039,159
1738778042,156
1738778045,163
1738778048,161
1738778051,161
1738778054,161
1738778057,160
1738778061,162
1738778063,157
1738778067,162
1738778070,156
1738778073,166
1738778076,156
1738778079,165
1738778082,159
1738778085,162
1738778088,158
1738778091,160
1738778094,157
1738778097,158
1738778100,159
1738778104,158
1738778106,163
1738778109,153
1738778112,165
1738778116,160
1738778118,156
1738778121,167
1738778125,157
1738778128,160
1738778130,164
1738778130,None
1738778137,156
1738778140,161
1738778142,167
1738778146,153
1738778149,154
1738778152,164
1738778155,160
1738778158,156
1738778161,160
1738778164,157
1738778167,160
1738778170,164
1738778173,152
1738778176,352
1738778179,421
1738778182,427
1738778185,418
1738778189,292
1738778192,160
1738778194,164
1738778198,163
1738778201,162
1738778203,154
1738778207,162
1738778210,163
1738778213,159
1738778216,165
1738778219,158
1738778222,161
1738778225,159
1738778228,157
1738778232,161
1738778234,159
1738778237,158
1738778240,163
1738778244,158
1738778246,162
1738778250,158
1738778253,144
1738778256,147
1738778259,142
1738778262,148
1738778265,144
1738778268,144
1738778271,147
1738778274,142
1738778277,151
1738778280,146
1738778283,143
1738778286,148
1738778290,144
1738778292,141
1738778295,148
1738778299,145
1738778302,150
1738778305,145
1738778308,142
1738778311,151
1738778314,148
1738778317,144
1738778320,145
1738778323,139
1738778323,None
1738778323,None
1738778332,148
1738778335,147
1738778338,147
1738778341,148
1738778344,140
1738778348,147
1738778350,147
1738778353,147
1738778357,147
1738778360,149
1738778362,151
1738778366,143
1738778369,149
1738778371,145
1738778375,149
1738778378,146
1738778381,191
1738778384,412
1738778384,None
1738778390,417
1738778393,409
1738778396,184
1738778400,151
1738778402,166
1738778402,None
1738778408,157
1738778411,161
1738778415,165
1738778418,158
1738778421,159
1738778424,168
1738778427,168
1738778429,156
1738778433,155
1738778436,172
1738778439,171
1738778442,167
1738778445,156
1738778449,159
1738778452,159
1738778454,165
1738778457,167
1738778460,168
1738778464,166
1738778466,159
1738778470,143
1738778472,158
1738778475,157
1738778478,151
1738778482,149
1738778485,158
1738778488,142
1738778491,146
1738778494,155
1738778497,152
1738778500,149
1738778503,136
1738778506,150
1738778509,151
1738778512,146
1738778515,142
1738778519,153
1738778521,140
1738778525,144
1738778527,141
1738778531,149
1738778531,None
1738778537,147
1738778540,151
1738778543,139
1738778546,156
1738778549,146
1738778552,144
1738778555,151
1738778558,145
1738778561,147
1738778564,146
1738778567,150
1738778570,146
1738778573,155
1738778576,141
1738778579,143
1738778582,149
1738778585,137
1738778588,158
1738778591,147
1738778594,147
1738778597,149
1738778600,149
1738778603,332
1738778606,410
1738778610,415
1738778610,None
1738778615,149
1738778618,158
1738778622,148
1738778625,147
1738778628,150
1738778631,150
1738778634,149
1738778637,151
1738778640,154
1738778643,151
1738778647,142
1738778649,156
1738778653,150
1738778655,145
1738778658,145
1738778661,151
1738778664,149
1738778667,156
1738778671,140
1738778674,151
1738778677,158
1738778677,None
1738778683,146
1738778686,144
1738778689,150
1738778692,147
1738778695,151
1738778698,143
1738778701,145
1738778704,152
1738778707,149
1738778710,145
1738778713,154
1738778717,145
1738778719,149
1738778722,147
1738778725,148
1738778728,140
1738778731,134
1738778734,144
1738778737,139
1738778740,130
1738778744,146
1738778747,137
1738778750,137
1738778753,134
1738778756,137
1738778759,142
1738778762,139
1738778765,129
1738778768,143
1738778771,140
1738778774,139
1738778777,135
1738778780,136
1738778780,None
1738778787,144
1738778790,138
1738778792,133
1738778795,145
1738778798,141
1738778801,136
1738778805,137
1738778807,146
1738778810,139
1738778814,144
1738778817,134
1738778820,388
1738778823,400
1738778826,396
1738778829,393
1738778832,183
1738778835,139
1738778838,133
1738778841,137
1738778844,143
1738778847,137
1738778850,143
1738778853,131
1738778857,134
1738778860,140
1738778863,139
1738778866,137
1738778869,134
1738778871,144
1738778875,138
1738778878,131
1738778881,137
1738778884,141
1738778887,138
1738778890,141
1738778893,134
1738778896,147
1738778899,140
1738778902,128
1738778905,144
1738778908,138
1738778911,141
1738778914,136
1738778917,137
1738778920,141
1738778924,136
1738778926,144
1738778929,338
1738778932,401
1738778936,409
1738778938,365
1738778942,137
1738778945,139
1738778948,142
1738778951,133
1738778954,141
1738778957,133
1738778960,142
1738778963,136
1738778967,142
1738778969,136
1738778972,141
1738778975,137
1738778975,None
1738778982,140
1738778984,139
1738778987,136
1738778990,144
1738778994,135
1738778997,142
1738778999,131
1738779002,141
1738779005,134
1738779009,141
1738779012,136
1738779015,137
1738779018,138
1738779021,135
1738779024,138
1738779027,133
1738779030,142
1738779033,132
1738779036,144
1738779039,138
1738779042,142
1738779045,137
1738779048,139
1738779051,138
1738779054,136
1738779058,139
1738779060,141
1738779064,137
1738779067,143
1738779070,137
1738779072,142
1738779076,138
1738779079,133
1738779082,145
1738779082,None
1738779088,170
1738779091,213
1738779094,250
1738779097,237
1738779100,249
1738779103,236
1738779106,223
1738779109,230
1738779109,None
1738779115,227
1738779118,230
1738779121,225
1738779125,222
1738779127,215
1738779130,224
1738779134,218
1738779136,207
1738779140,212
1738779143,212
1738779145,208
1738779149,204
1738779152,201
1738779155,204
1738779158,208
1738779161,211
1738779164,203
1738779167,194
1738779170,208
1738779173,210
1738779176,202
1738779179,202
1738779182,204
1738779186,209
1738779188,207
1738779191,199
1738779195,204
1738779198,207
1738779200,194
1738779204,209
1738779207,203
1738779210,201
1738779213,419
1738779216,460
1738779219,463
1738779222,429
1738779225,199
1738779228,204
1738779231,193
1738779234,210
1738779237,200
1738779240,207
1738779243,200
1738779246,207
1738779249,202
1738779252,209
1738779255,207
1738779258,201
1738779262,202
1738779265,206
1738779267,210
1738779271,209
1738779274,207
1738779277,202
1738779281,211
1738779283,209
1738779286,216
1738779289,208
1738779292,213
1738779295,211
1738779298,212
1738779301,210
1738779304,211
1738779307,214
1738779310,205
1738779313,218
1738779317,211
1738779319,210
1738779319,None
1738779326,215
1738779329,215
1738779332,211
1738779335,211
1738779338,219
1738779341,206
1738779344,206
1738779348,214
1738779350,218
1738779353,211
1738779353,None
1738779360,209
1738779362,240
1738779365,475
1738779368,472
1738779371,475
1738779374,378
1738779378,210
1738779381,215
1738779384,204
1738779386,211
1738779390,213
1738779393,200
1738779396,216
1738779399,207
1738779402,213
1738779405,212
1738779408,210
1738779411,212
1738779414,212
1738779417,207
1738779417,None
1738779423,209
1738779426,211
1738779429,213
1738779432,205
1738779432,None
1738779439,210
1738779442,217
1738779445,211
1738779448,213
1738779451,213
1738779454,210
1738779457,210
1738779460,211
1738779463,213
1738779466,213
1738779469,219
1738779473,211
1738779475,211
1738779475,None
1738779482,210
1738779485,215
1738779487,206
1738779491,211
1738779494,213
1738779497,208
1738779500,209
1738779503,211
1738779506,211
1738779509,215
1738779512,208
1738779515,214
1738779518,213
1738779518,None
1738779524,223
1738779527,216
1738779530,218
1738779533,216
1738779536,217
1738779540,217
1738779540,None
1738779545,220
1738779548,210
1738779552,227
1738779552,None
1738779558,214
1738779561,225
1738779563,220
1738779567,214
1738779570,220
1738779573,218
1738779577,220
1738779579,209
1738779582,214
1738779585,261
1738779588,463
1738779591,476
1738779594,469
1738779597,211
1738779597,None
1738779603,204
1738779606,214
1738779610,209
1738779613,212
1738779615,211
1738779619,215
1738779621,207
1738779625,208
1738779628,209
1738779631,203
1738779634,214
1738779637,205
1738779640,214
1738779643,207
1738779646,205
1738779649,201
1738779652,203
1738779655,206
1738779658,200
1738779661,202
1738779664,202
1738779667,197
1738779670,204
1738779673,196
1738779677,206
1738779679,191
1738779682,202
1738779686,200
1738779688,202
1738779691,201
1738779695,204
1738779698,193
1738779701,192
1738779704,198
1738779707,194
1738779710,197
1738779713,195
1738779716,196
1738779719,237
1738779722,462
1738779725,458
1738779728,461
1738779728,None
1738779734,199
1738779737,195
1738779740,196
1738779744,197
1738779747,197
1738779749,197
1738779752,199
1738779755,194
1738779758,200
1738779762,196
1738779765,197
1738779768,196
1738779768,None
1738779774,202
1738779777,193
1738779780,200
1738779783,197
1738779786,194
1738779789,203
1738779792,197
1738779795,199
1738779798,199
1738779798,None
1738779804,200
1738779807,199
1738779811,195
1738779813,203
1738779817,199
1738779819,194
1738779823,202
1738779826,197
1738779829,199
1738779831,200
1738779835,195
1738779838,200
1738779841,196
1738779844,204
1738779847,196
1738779850,202
1738779853,201
1738779853,None
1738779859,202
1738779862,198
1738779862,None
1738779868,197
1738779871,201
1738779874,198
1738779878,197
1738779880,358
1738779883,457
1738779887,451
1738779889,462
1738779889,None
1738779896,199
1738779899,202
1738779902,207
1738779905,205
1738779908,207
1738779911,204
1738779914,214
1738779917,211
1738779920,203
1738779924,203
1738779926,219
1738779929,209
1738779932,205
1738779937,214
1738779939,218
1738779942,207
1738779945,213
1738779948,209
1738779951,213
1738779954,215
1738779957,208
1738779960,207
1738779963,218
1738779966,205
1738779969,204
1738779969,None
1738779975,203
1738779975,None
1738779981,208
1738779984,205
1738779987,206
1738779990,199
1738779994,210
1738779996,205
1738779999,205
1738780003,208
1738780005,195
1738780009,208
1738780012,204
1738780014,198
1738780018,206
1738780021,200
1738780024,202
1738780027,200
1738780030,200
1738780033,200
1738780033,None
1738780039,209
1738780042,200
1738780045,206
1738780048,210
1738780048,None
1738780054,207
1738780058,204
1738780061,201
1738780064,202
1738780066,203
1738780070,204
1738780073,199
1738780075,210
1738780079,205
1738780082,197
1738780085,206
1738780088,200
1738780091,199
1738780091,None
1738780097,204
1738780101,205
1738780103,203
1738780106,202
1738780109,201
1738780112,206
1738780115,196
1738780118,209
1738780121,200
1738780124,198
1738780127,201
1738780130,198
1738780134,207
1738780136,204
1738780139,201
1738780143,204
1738780146,325
1738780148,463
1738780151,470
1738780155,464
1738780158,400
1738780158,None
1738780164,205
1738780167,202
1738780170,203
1738780173,208
1738780176,192
1738780179,209
1738780182,200
1738780185,203
1738780188,203
1738780191,201
1738780191,None
1738780198,202
1738780200,199
1738780203,205
1738780206,202
1738780209,201
1738780212,206
1738780215,194
1738780219,212
1738780222,203
1738780225,437
1738780228,470
1738780231,461
1738780234,323
1738780237,196
1738780240,202
1738780243,206
1738780246,196
1738780249,201
1738780252,204
1738780252,None
1738780259,195
1738780261,207
1738780264,203
1738780268,200
1738780270,197
1738780274,205
1738780277,203
1738780279,199
1738780283,201
1738780286,199
1738780286,None
1738780286,None
1738780295,209
1738780298,198
1738780301,194
1738780304,208
1738780304,None
1738780310,197
1738780313,207
1738780316,196
1738780319,202
1738780319,None
1738780325,206
1738780328,196
1738780331,205
1738780334,199
1738780337,204
1738780340,201
1738780343,200
1738780346,197
1738780350,198
1738780350,None
1738780350,None
1738780350,None
1738780362,192
1738780365,205
1738780368,196
1738780371,202
1738780374,199
1738780377,202
1738780380,200
1738780383,204
1738780386,201
1738780389,202
1738780392,201
1738780396,203
1738780398,200
1738780401,204
1738780405,202
1738780408,198
1738780411,203
1738780411,None
1738780417,206
1738780420,204
1738780423,200
1738780426,200
1738780429,190
1738780432,201
1738780436,194
1738780438,197
1738780441,202
1738780444,201
1738780447,196
1738780450,199
1738780453,206
1738780456,195
1738780456,None
1738780462,197
1738780465,195
1738780469,207
1738780471,196
1738780475,203
1738780478,198
1738780481,198
1738780484,202
1738780487,203
1738780490,198
1738780493,200
1738780496,198
1738780499,201
1738780502,197
1738780505,203
1738780508,203
1738780511,200
1738780514,197
1738780517,201
1738780520,197
1738780523,199
1738780526,200
1738780529,198
1738780532,200
1738780535,199
1738780538,202
1738780541,196
1738780545,299
1738780547,452
1738780551,448
1738780553,453
1738780557,445
1738780560,237
1738780563,197
1738780566,198
1738780569,202
1738780569,None
1738780575,194
1738780579,199
1738780581,200
1738780584,193
1738780587,314
1738780590,450
1738780593,461
1738780597,452
1738780599,307
1738780602,197
1738780606,199
1738780608,195
1738780608,None
1738780615,202
1738780617,190
1738780621,198
1738780624,201
1738780624,None
1738780630,190
1738780633,205
1738780636,199
1738780639,193
1738780642,201
1738780645,198
1738780648,204
1738780651,194
1738780654,202
1738780657,201
1738780660,203
1738780663,194
1738780667,192
1738780669,207
1738780673,198
1738780675,198
1738780678,192
1738780678,None
1738780685,200
1738780687,202
1738780691,205
1738780693,203
1738780697,190
1738780700,199
1738780703,201
1738780706,198
1738780709,190
1738780712,202
1738780715,199
1738780719,193
1738780721,201
1738780724,197
1738780727,195
1738780730,198
1738780734,196
1738780736,199
1738780739,202
1738780743,198
1738780746,195
1738780748,205
1738780751,199
1738780754,195
1738780758,201
1738780761,192
1738780764,195
1738780767,196
1738780770,198
1738780773,194
1738780776,201
1738780779,197
1738780782,209
1738780785,205
1738780788,202
1738780791,212
1738780794,208
1738780797,203
1738780800,206
1738780803,205
1738780806,204
1738780809,204
1738780813,209
1738780815,203
1738780818,204
1738780822,211
1738780824,202
1738780828,200
1738780831,213
1738780834,206
1738780837,201
1738780840,204
1738780843,208
1738780843,None
1738780849,207
1738780852,204
1738780855,207
1738780858,210
1738780861,204
1738780864,197
1738780867,207
1738780870,205
1738780873,203
1738780876,194
1738780879,211
1738780882,211
1738780885,205
1738780889,200
1738780892,204
1738780894,202
1738780898,208
1738780901,209
1738780904,209
1738780907,207
1738780910,197
1738780913,199
1738780916,211
1738780919,204
1738780922,202
1738780925,210
1738780928,209
1738780931,202
1738780934,206
1738780937,207
1738780940,207
1738780943,200
1738780947,205
1738780947,None
1738780952,198
1738780955,207
1738780959,301
1738780962,694
1738780965,712
1738780968,701
1738780971,553
1738780974,292
1738780974,None
1738780980,204
1738780983,211
1738780983,None
1738780990,201
1738780990,None
1738780996,205
1738780998,210
1738781001,198
1738781004,210
1738781008,205
1738781011,202
1738781014,201
1738781017,206
1738781020,204
1738781023,203
1738781026,202
1738781029,208
1738781032,202
1738781035,203
1738781038,196
1738781041,205
1738781044,210
1738781047,206
1738781050,192
1738781054,198
1738781057,207
1738781059,200
1738781062,202
1738781066,199
1738781069,203
1738781072,204
1738781075,204
1738781078,200
1738781081,199
1738781084,207
1738781087,203
1738781090,195
1738781093,208
1738781096,200
1738781100,204
1738781103,202
1738781105,202
1738781109,202
1738781111,201
1738781114,198
1738781118,202
1738781121,197
1738781123,200
1738781127,204
1738781130,196
1738781133,207
1738781136,199
1738781139,205
1738781142,200
1738781145,198
1738781148,201
1738781148,None
1738781148,None
1738781158,203
1738781160,328
1738781164,384
1738781167,362
1738781169,365
1738781173,362
1738781176,364
1738781179,369
1738781182,358
1738781185,359
1738781188,353
1738781191,355
1738781194,351
1738781197,353
1738781200,352
1738781203,352
1738781206,365
1738781209,356
1738781212,351
1738781215,351
1738781218,366
1738781221,360
1738781225,365
1738781228,353
1738781230,357
1738781233,359
1738781237,363
1738781237,None
1738781243,352
1738781246,368
1738781246,None
1738781252,358
1738781255,363
1738781258,356
1738781261,367
1738781264,348
1738781264,None
1738781270,294
1738781270,None
1738781270,None
1738781280,303
1738781282,301
1738781285,304
1738781288,294
1738781291,301
1738781295,301
1738781297,305
1738781300,302
1738781304,297
1738781307,296
1738781309,306
1738781312,308
1738781316,298
1738781319,304
1738781322,295
1738781322,None
1738781328,305
1738781331,301
1738781334,373
1738781334,None
1738781340,557
1738781344,549
1738781347,437
1738781350,299
1738781352,419
1738781356,556
1738781358,547
1738781361,557
1738781365,345
1738781368,296
1738781371,299
1738781373,301
1738781377,293
1738781380,305
1738781383,296
1738781386,299
1738781389,306
1738781392,304
1738781395,286
1738781398,304
1738781401,305
1738781404,300
1738781407,302
1738781410,298
1738781414,299
1738781416,301
1738781419,305
1738781422,299
1738781425,294
1738781429,290
1738781432,304
1738781435,304
1738781438,296
1738781441,302
1738781444,292
1738781447,299
1738781450,307
1738781453,301
1738781456,290
1738781459,304
1738781463,298
1738781465,295
1738781469,302
1738781471,302
1738781475,305
1738781477,293
1738781480,300
1738781483,306
1738781487,301
1738781489,292
1738781492,305
1738781496,300
1738781499,298
1738781502,299
1738781505,291
1738781508,305
1738781511,302
1738781514,309
1738781517,299
1738781520,292
1738781523,291
1738781526,303
1738781529,309
1738781532,296
1738781535,303
1738781538,299
1738781541,295
1738781544,300
1738781548,305
1738781550,298
1738781554,295
1738781556,308
1738781559,299
1738781562,297
1738781566,304
1738781569,301
1738781572,303
1738781575,295
1738781578,304
1738781581,295
1738781581,None
1738781587,303
1738781590,304
1738781593,301
1738781596,295
1738781599,298
1738781602,298
1738781605,302
1738781608,296
1738781611,289
1738781615,305
1738781617,302
1738781622,293
1738781624,293
1738781624,None
1738781630,302
1738781633,290
1738781636,290
1738781639,291
1738781642,307
1738781645,300
1738781649,298
1738781652,300
1738781655,301
1738781658,297
1738781661,302
1738781664,306
1738781667,298
1738781670,295
1738781673,308
1738781676,300
1738781679,293
1738781682,300
1738781686,302
1738781689,305
1738781692,293
1738781694,293
1738781697,303
1738781701,364
1738781701,None
1738781707,556
1738781709,508
1738781713,302
1738781716,298
1738781718,301
1738781718,None
1738781725,300
1738781728,294
1738781731,303
1738781731,None
1738781737,298
1738781740,295
1738781743,304
1738781747,295
1738781749,299
1738781752,295
1738781755,296
1738781758,299
1738781762,302
1738781765,316
1738781768,547
1738781771,548
1738781774,562
1738781777,434
1738781780,297
1738781783,296
1738781786,294
1738781786,None
1738781792,301
1738781795,300
1738781798,290
1738781798,None
1738781804,299
1738781807,296
1738781810,301
1738781814,298
1738781816,297
1738781820,299
1738781823,302
1738781826,296
1738781829,296
1738781832,300
1738781835,291
1738781838,304
1738781841,295
1738781844,293
1738781847,301
1738781850,293
1738781853,295
1738781856,297
1738781859,298
1738781862,291
1738781865,287
1738781868,302
1738781871,290
1738781874,283
1738781878,286
1738781881,290
1738781884,286
1738781887,295
1738781890,283
1738781893,286
1738781896,289
1738781899,289
1738781899,None
1738781905,279
1738781908,286
1738781911,294
1738781914,289
1738781917,283
1738781921,288
1738781924,290
1738781926,279
1738781926,None
1738781933,294
1738781935,295
1738781939,288
1738781942,285
1738781945,285
1738781948,294
1738781948,None
1738781954,289
1738781957,286
1738781960,285
1738781963,288
1738781966,294
1738781969,481
1738781972,540
1738781975,541
1738781979,529
1738781981,535
1738781984,372
1738781987,288
1738781990,289
1738781993,289
1738781997,287
1738782000,291
1738782002,293
1738782005,289
1738782009,290
1738782012,289
1738782015,293
1738782018,291
1738782021,287
1738782024,289
1738782027,290
1738782030,290
1738782033,290
1738782036,290
1738782039,287
1738782043,292
1738782046,291
1738782048,283
1738782051,293
1738782054,284
1738782058,291
1738782061,287
1738782064,286
1738782067,287
1738782067,None
1738782073,292
1738782076,280
1738782079,291
1738782082,295
1738782085,285
1738782088,291
1738782091,293
1738782094,339
1738782097,544
1738782101,550
1738782103,539
1738782106,372
1738782110,280
1738782112,287
1738782116,293
1738782119,289
1738782119,None
1738782124,280
1738782128,293
1738782131,292
1738782131,None
1738782137,292
1738782140,285
1738782143,289
1738782146,292
1738782149,289
1738782152,282
1738782155,297
1738782158,290
1738782161,285
1738782164,293
1738782164,None
1738782170,287
1738782174,287
1738782177,285
1738782179,286
1738782183,293
1738782186,286
1738782189,291
1738782192,282
1738782195,293
1738782198,287
1738782201,287
1738782204,293
1738782208,290
1738782208,None
1738782213,289
1738782216,286
1738782219,291
1738782222,284
1738782226,292
1738782229,289
1738782232,289
1738782234,281
1738782238,291
1738782241,290
1738782244,288
1738782247,288
1738782250,292
1738782253,290
1738782256,286
1738782259,290
1738782262,283
1738782265,291
1738782269,285
1738782271,294
1738782274,287
1738782277,289
1738782280,291
1738782283,288
1738782287,288
1738782290,293
1738782293,291
1738782295,292
1738782299,285
1738782302,290
1738782305,294
1738782308,287
1738782311,281
1738782314,289
1738782317,301
1738782320,289
1738782323,289
1738782326,291
1738782329,293
1738782332,295
1738782335,293
1738782338,296
1738782342,294
1738782344,285
1738782348,144
1738782350,148
1738782353,141
1738782356,133
1738782359,146
1738782362,147
1738782362,None
1738782368,147
1738782372,144
1738782375,142
1738782375,None
1738782381,145
1738782381,None
1738782387,136
1738782390,146
1738782393,147
1738782396,141
1738782399,139
1738782402,149
1738782405,144
1738782408,138
1738782411,150
1738782414,143
1738782417,171
1738782420,387
1738782423,396
1738782426,392
1738782430,394
1738782432,320
1738782432,None
1738782439,146
1738782441,152
1738782445,140
1738782448,219
1738782448,None
1738782453,402
1738782457,398
1738782460,212
1738782463,140
1738782466,147
1738782469,149
1738782472,146
1738782472,None
1738782478,147
1738782481,140
1738782485,134
1738782487,148
1738782490,158
1738782494,189
1738782496,218
1738782500,249
1738782502,253
1738782506,237
1738782509,237
1738782511,230
1738782515,234
1738782517,241
1738782521,228
1738782524,236
1738782527,228
1738782530,222
1738782533,231
1738782536,224
1738782539,223
1738782542,218
1738782546,212
1738782548,212
1738782552,218
1738782555,214
1738782557,215
1738782560,204
1738782563,208
1738782566,216
1738782570,203
1738782573,201
1738782576,213
1738782579,205
1738782582,206
1738782585,200
1738782588,215
1738782591,207
1738782594,207
1738782597,205
1738782600,205
1738782603,200
1738782606,204
1738782609,210
1738782612,206
1738782615,210
1738782618,209
1738782621,197
1738782624,207
1738782628,212
1738782630,210
1738782633,202
1738782637,207
1738782640,211
1738782643,206
1738782646,204
1738782649,206
1738782652,210
1738782655,200
1738782658,208
1738782661,207
1738782665,204
1738782667,212
1738782670,203
1738782673,214
1738782676,204
1738782679,213
1738782682,206
1738782685,208
1738782688,209
1738782691,208
1738782694,206
1738782698,209
1738782701,207
1738782703,215
1738782706,203
1738782710,204
1738782713,208
1738782716,203
1738782719,209
1738782719,None
1738782724,205
1738782728,206
1738782731,206
1738782734,209
1738782737,199
1738782740,207
1738782743,202
1738782746,210
1738782749,202
1738782749,None
1738782755,206
1738782755,None
1738782761,198
1738782764,205
1738782767,211
1738782770,207
1738782773,194
1738782777,206
1738782779,210
1738782783,204
1738782785,205
1738782788,212
1738782791,196
1738782795,199
1738782798,204
1738782801,214
1738782804,215
1738782807,210
1738782810,446
1738782814,461
1738782816,472
1738782816,None
1738782822,224
1738782825,450
1738782828,460
1738782831,465
1738782834,456
1738782837,342
1738782841,209
1738782843,204
1738782847,208
1738782850,215
1738782852,207
1738782856,205
1738782859,213
1738782862,201
1738782865,205
1738782868,205
1738782868,None
1738782874,203
1738782877,203
1738782881,208
1738782883,196
1738782886,210
1738782889,203
1738782889,None
1738782896,209
1738782898,209
1738782901,201
1738782905,210
1738782905,None
1738782905,None
1738782914,211
1738782917,205
1738782917,None
1738782923,203
1738782923,None
1738782929,210
1738782932,204
1738782932,None
1738782938,207
1738782938,None
1738782944,204
1738782947,208
1738782950,210
1738782953,208
1738782957,204
1738782959,199
1738782963,201
1738782965,213
1738782968,204
1738782971,205
1738782971,None
1738782978,205
1738782981,202
1738782984,207
1738782987,204
1738782990,211
1738782993,201
1738782996,197
1738782999,212
1738783002,203
1738783005,199
1738783008,204
1738783011,204
1738783015,200
1738783017,194
1738783020,200
1738783023,206
1738783026,199
1738783029,199
1738783032,202
1738783035,193
1738783038,203
1738783041,200
1738783044,201
1738783047,203
1738783050,204
1738783054,198
1738783056,203
1738783060,196
1738783062,198
1738783065,204
1738783069,198
1738783071,201
1738783075,199
1738783078,199
1738783081,197
1738783084,201
1738783087,195
1738783090,204
1738783093,198
1738783096,195
1738783099,206
1738783102,201
1738783105,197
1738783108,201
1738783111,201
1738783115,197
1738783117,195
1738783120,202
1738783123,206
1738783126,196
1738783130,198
1738783132,203
1738783135,199
1738783139,200
1738783142,191
1738783145,200
1738783148,204
1738783151,204
1738783154,201
1738783157,189
1738783160,209
1738783163,204
1738783163,None
1738783170,198
1738783172,203
1738783175,198
1738783178,193
1738783181,199
1738783184,201
1738783187,205
1738783191,202
1738783193,193
1738783196,196
1738783199,204
1738783202,294
1738783206,448
1738783209,456
1738783212,453
1738783215,203
1738783218,205
1738783221,202
1738783224,196
1738783227,207
1738783230,203
1738783233,198
1738783236,205
1738783239,202
1738783242,352
1738783245,458
1738783248,456
1738783251,451
1738783254,442
1738783257,212
1738783261,201
1738783264,198
1738783266,202
1738783269,203
1738783273,200
1738783276,200
1738783279,201
1738783281,205
1738783281,None
1738783288,195
1738783291,202
1738783294,202
1738783297,204
1738783300,201
1738783303,204
1738783306,201
1738783309,207
1738783312,192
1738783315,200
1738783318,209
1738783321,202
1738783324,195
1738783327,200
1738783331,207
1738783334,200
1738783337,199
1738783340,198
1738783342,196
1738783346,206
1738783349,204
1738783352,188
1738783352,None
1738783358,200
1738783361,199
1738783364,198
1738783367,202
1738783370,200
1738783373,206
1738783377,193
1738783380,202
1738783383,198
1738783386,197
1738783389,201
1738783392,194
1738783395,194
1738783398,196
1738783401,194
1738783404,195
1738783407,201
1738783410,191
1738783413,202
1738783416,198
1738783419,195
1738783422,203
1738783425,195
1738783428,199
1738783431,201
1738783434,204
1738783437,194
1738783440,200
1738783444,199
1738783447,190
1738783449,195
1738783449,None
1738783455,192
1738783459,203
1738783462,195
1738783465,196
1738783467,198
1738783471,193
1738783473,202
1738783477,200
1738783480,197
1738783483,199
1738783486,198
1738783489,201
1738783492,190
1738783495,197
1738783498,202
1738783501,195
1738783504,189
1738783507,203
1738783511,198
1738783514,195
1738783516,192
1738783520,194
1738783523,199
1738783526,201
1738783529,193
1738783532,191
1738783534,206
1738783538,371
1738783541,453
1738783544,453
1738783547,455
1738783550,197
1738783550,None
1738783556,191
1738783559,204
1738783562,198
1738783565,188
1738783568,204
1738783571,195
1738783574,191
1738783577,193
1738783580,199
1738783583,198
1738783586,192
1738783589,197
1738783593,199
1738783596,192
1738783599,196
1738783602,198
1738783605,194
1738783608,198
1738783611,200
1738783614,201
1738783614,None
1738783620,200
1738783623,193
1738783626,204
1738783629,198
1738783632,198
1738783635,200
1738783638,403
1738783642,450
1738783644,451
1738783647,438
1738783647,None
1738783654,196
1738783656,191
1738783660,201
1738783663,193
1738783665,188
1738783669,204
1738783672,193
1738783675,190
1738783678,196
1738783681,196
1738783684,191
1738783687,203
1738783691,187
1738783693,184
1738783696,187
1738783699,201
1738783702,196
1738783706,194
1738783708,194
1738783711,194
1738783714,199
1738783718,189
1738783720,194
1738783724,196
1738783727,203
1738783730,196
1738783733,189
1738783736,200
1738783739,194
1738783742,192
1738783745,199
1738783748,197
1738783751,197
1738783754,195
1738783757,198
1738783760,198
1738783763,191
1738783766,194
1738783766,None
1738783773,198
1738783776,192
1738783778,200
1738783782,199
1738783785,196
1738783788,201
1738783791,189
1738783794,198
1738783797,200
1738783800,196
1738783803,193
1738783806,199
1738783809,194
1738783812,192
1738783815,192
1738783815,None
1738783822,199
1738783824,186
1738783827,189
1738783831,200
1738783833,196
1738783833,None
1738783840,197
1738783843,199
1738783845,192
1738783849,197
1738783852,191
1738783855,198
1738783858,193
1738783861,202
1738783864,191
1738783867,191
1738783870,202
1738783873,195
1738783876,196
1738783879,195
1738783879,None
1738783886,196
1738783888,201
1738783891,190
1738783895,194
1738783898,201
1738783901,196
1738783904,189
1738783907,201
1738783910,195
1738783913,191
1738783916,204
1738783919,194
1738783922,195
1738783925,193
1738783928,194
1738783932,194
1738783934,216
1738783938,458
1738783941,447
1738783944,453
1738783946,442
1738783950,184
1738783953,200
1738783956,187
1738783958,195
1738783961,192
1738783965,194
1738783968,194
1738783971,193
1738783974,192
1738783977,190
1738783980,197
1738783983,186
1738783986,199
1738783989,189
1738783993,196
1738783995,188
1738783998,196
1738784002,192
1738784004,192
1738784008,189
1738784011,190
1738784014,307
1738784017,439
1738784020,450
1738784020,None
1738784026,448
1738784030,217
1738784032,193
1738784035,194
1738784035,None
1738784041,188
1738784044,199
1738784047,192
1738784050,187
1738784050,None
1738784056,193
1738784059,187
1738784063,192
1738784066,192
1738784069,194
1738784072,194
1738784075,183
1738784075,None
1738784081,198
1738784084,191
1738784087,192
1738784090,195
1738784093,193
1738784096,198
1738784099,187
1738784102,195
1738784102,None
1738784109,191
1738784111,185
1738784115,196
1738784117,192
1738784120,187
1738784124,194
1738784126,191
1738784130,201
1738784132,249
1738784136,356
1738784139,349
1738784142,355
1738784145,359
1738784148,357
1738784151,351
1738784154,354
1738784157,354
1738784160,354
1738784163,352
1738784166,354
1738784169,348
1738784172,345
1738784175,355
1738784178,358
1738784182,350
1738784184,355
1738784187,348
1738784191,353
1738784193,358
1738784196,354
1738784200,345
1738784202,362
1738784205,353
1738784209,351
1738784209,None
1738784215,349
1738784218,353
1738784221,357
1738784224,354
1738784224,None
1738784230,359
1738784230,None
1738784236,346
1738784239,357
1738784242,347
1738784245,354
1738784248,351
1738784251,354
1738784254,356
1738784257,354
1738784260,353
1738784263,362
1738784266,348
1738784269,358
1738784273,349
1738784276,355
1738784279,352
1738784282,350
1738784285,355
1738784288,348
1738784291,347
1738784294,349
1738784296,345
1738784300,349
1738784300,None
1738784306,344
1738784309,354
1738784312,348
1738784315,344
1738784318,353
1738784321,350
1738784324,348
1738784327,352
1738784330,356
1738784333,348
1738784336,347
1738784339,356
1738784339,None
1738784345,349
1738784349,416
1738784352,608
1738784354,611
1738784358,604
1738784361,476
1738784361,None
1738784367,359
1738784370,351
1738784373,347
1738784376,349
1738784379,361
1738784382,359
1738784385,359
1738784388,355
1738784391,355
1738784395,362
1738784397,351
1738784400,346
1738784404,356
1738784406,362
1738784409,356
1738784412,356
1738784412,None
1738784418,355
1738784421,353
1738784424,581
1738784427,610
1738784431,613
1738784433,608
1738784436,517
1738784440,352
1738784442,359
1738784446,350
1738784449,359
1738784451,351
1738784455,355
1738784458,354
1738784461,356
1738784464,357
1738784467,361
1738784470,353
1738784473,363
1738784476,350
1738784479,357
1738784482,356
1738784486,358
1738784489,359
1738784491,354
1738784494,359
1738784497,357
1738784501,353
1738784503,363
1738784503,None
1738784509,351
1738784513,359
1738784516,361
1738784519,354
1738784522,361
1738784525,346
1738784528,355
1738784531,360
1738784534,357
1738784537,355
1738784540,348
1738784544,350
1738784546,352
1738784549,356
1738784553,353
1738784556,355
1738784559,356
1738784561,348
1738784565,346
1738784568,362
1738784571,357
1738784573,354
1738784577,352
1738784580,355
1738784583,350
1738784586,360
1738784589,358
1738784592,359
1738784595,356
1738784598,352
1738784601,363
1738784604,357
1738784607,361
1738784610,358
1738784613,354
1738784616,358
1738784619,311
1738784623,302
1738784626,303
1738784629,295
1738784632,304
1738784635,299
1738784637,306
1738784641,293
1738784644,305
1738784644,None
1738784650,304
1738784653,297
1738784656,302
1738784659,298
1738784663,296
1738784665,300
1738784668,305
1738784671,301
1738784674,301
1738784677,308
1738784680,292
1738784680,None
1738784680,None
1738784689,292
1738784693,301
1738784695,296
1738784695,None
1738784701,296
1738784704,295
1738784708,294
1738784710,305
1738784713,295
1738784716,395
1738784716,None
1738784723,557
1738784726,551
1738784728,430
1738784732,304
1738784735,297
1738784738,303
1738784738,None
1738784744,307
1738784747,309
1738784750,305
1738784753,302
1738784756,310
1738784759,311
1738784762,307
1738784765,306
1738784768,305
1738784772,307
1738784775,311
1738784778,304
1738784780,310
1738784784,313
1738784787,301
1738784790,311
1738784793,303
1738784796,298
1738784799,300
1738784802,296
1738784805,295
1738784808,301
1738784811,300
1738784814,295
1738784817,490
1738784820,546
1738784824,554
1738784826,546
1738784829,546
1738784832,388
1738784835,295
1738784838,287
1738784838,None
1738784845,295
1738784848,298
1738784851,289
1738784854,292
1738784857,290
1738784860,294
1738784863,291
1738784866,296
1738784866,None
1738784872,292
1738784875,296
1738784879,294
1738784881,294
1738784884,301
1738784888,292
1738784890,296
1738784894,294
1738784897,294
1738784899,302
1738784903,295
1738784906,292
1738784908,292
1738784912,296
1738784915,291
1738784918,298
1738784921,298
1738784924,292
1738784924,None
1738784930,296
1738784930,None
1738784936,295
1738784939,296
1738784942,291
1738784945,292
1738784948,301
1738784951,291
1738784954,298
1738784957,300
1738784960,290
1738784964,302
1738784964,None
1738784970,290
1738784973,293
1738784975,295
1738784979,291
1738784982,289
1738784985,292
1738784987,296
1738784991,298
1738784994,288
1738784997,300
1738785000,292
1738785004,287
1738785006,300
1738785006,None
1738785012,291
1738785015,297
1738785015,None
1738785022,293
1738785024,296
1738785027,301
1738785030,288
1738785034,301
1738785036,293
1738785039,289
1738785043,297
1738785046,296
1738785049,295
1738785052,296
1738785055,294
1738785058,293
1738785061,297
1738785064,291
1738785067,302
1738785070,296
1738785073,290
1738785076,302
1738785079,295
1738785082,291
1738785086,293
1738785089,296
1738785091,293
1738785094,296
1738785097,301
1738785101,285
1738785104,289
1738785107,302
1738785110,297
1738785113,296
1738785116,541
1738785119,551
1738785122,553
1738785125,550
1738785128,357
1738785131,301
1738785134,299
1738785137,299
1738785140,309
1738785143,297
1738785147,309
1738785149,298
1738785152,306
1738785152,None
1738785158,309
1738785162,305
1738785164,301
1738785167,307
1738785171,302
1738785174,305
1738785177,296
1738785180,306
1738785180,None
1738785186,307
1738785189,302
1738785192,300
1738785195,299
1738785198,293
1738785201,295
1738785204,298
1738785207,288
1738785211,298
1738785213,298
1738785216,289
1738785220,298
1738785220,None
1738785226,291
1738785228,294
1738785232,294
1738785234,295
1738785237,298
1738785241,294
1738785244,296
1738785247,289
1738785250,299
1738785253,292
1738785256,299
1738785259,358
1738785262,542
1738785265,537
1738785265,None
1738785271,539
1738785274,425
1738785277,290
1738785280,292
1738785283,288
1738785287,283
1738785289,290
1738785292,283
1738785296,289
1738785298,284
1738785301,295
1738785305,283
1738785307,285
1738785311,288
1738785313,289
1738785317,289
1738785320,287
1738785323,292
1738785323,None
1738785329,138
1738785332,139
1738785336,133
1738785338,143
1738785341,138
1738785345,131
1738785348,141
1738785350,137
1738785354,134
1738785357,139
1738785360,136
1738785363,138
1738785366,137
1738785366,None
1738785372,131
1738785375,139
1738785378,136
1738785381,134
1738785384,135
1738785387,133
1738785390,135
1738785393,128
1738785396,142
1738785400,131
1738785402,134
1738785402,None
1738785409,136
1738785412,137
1738785415,138
1738785418,130
1738785421,137
1738785423,129
1738785427,142
1738785430,131
1738785432,142
1738785436,131
1738785439,140
1738785442,132
1738785445,134
1738785448,137
1738785451,137
1738785454,138
1738785454,None
1738785460,134
1738785464,139
1738785466,131
1738785470,142
1738785473,135
1738785476,127
1738785479,139
1738785481,138
1738785485,135
1738785488,138
1738785491,128
1738785494,132
1738785497,139
1738785497,None
1738785503,135
1738785506,131
1738785509,124
1738785512,139
1738785515,143
1738785518,137
1738785521,137
1738785524,133
1738785527,138
1738785530,178
1738785533,386
1738785536,391
1738785539,386
1738785543,298
1738785545,138
1738785548,127
1738785552,132
1738785555,141
1738785558,136
1738785561,134
1738785564,129
1738785567,134
1738785570,135
1738785573,136
1738785576,133
1738785579,131
1738785582,134
1738785582,None
1738785588,129
1738785591,132
1738785594,132
1738785597,135
1738785600,138
1738785604,137
1738785607,137
1738785609,136
1738785612,133
1738785616,135
1738785618,134
1738785618,None
1738785625,134
1738785628,134
1738785630,134
1738785634,131
1738785637,132
1738785640,132
1738785643,136
1738785646,135
1738785649,131
1738785652,138
1738785655,132
1738785659,136
1738785662,132
1738785664,135
1738785667,138
1738785670,138
1738785673,127
1738785677,134
1738785680,140
1738785682,136
1738785686,130
1738785689,124
1738785692,138
1738785695,139
1738785698,131
1738785701,127
1738785704,124
1738785707,376
1738785710,371
1738785713,366
1738785716,365
1738785719,127
1738785722,125
1738785725,138
1738785728,131
1738785731,124
1738785734,124
1738785738,124
1738785741,123
1738785744,125
1738785747,125
1738785750,124
1738785753,126
1738785756,120
1738785759,120
1738785762,132
1738785765,128
1738785768,117
1738785771,135
1738785774,127
1738785777,124
1738785780,125
1738785783,126
1738785786,126
1738785789,124
1738785792,122
1738785796,127
1738785798,117
1738785802,130
1738785805,119
1738785807,131
1738785807,None
1738785814,131
1738785817,128
1738785820,129
1738785823,126
1738785823,None
1738785829,128
1738785832,128
1738785835,129
1738785838,128
1738785841,132
1738785844,135
1738785848,176
1738785851,213
1738785853,227
1738785857,233
1738785860,230
1738785863,220
1738785866,222
1738785869,214
1738785872,217
1738785875,216
1738785878,209
1738785881,214
1738785884,208
1738785884,None
1738785884,None
1738785884,None
1738785896,201
1738785899,305
1738785902,449
1738785906,447
1738785909,449
1738785912,428
1738785914,195
1738785917,197
1738785920,182
1738785923,203
1738785926,193
1738785930,190
1738785933,195
1738785935,193
1738785939,191
1738785942,195
1738785945,194
1738785948,195
1738785951,195
1738785954,198
1738785957,200
1738785960,204
1738785963,204
1738785966,195
1738785969,211
1738785972,196
1738785975,205
1738785978,205
1738785982,197
1738785982,None
1738785987,201
1738785991,204
1738785993,201
1738785997,205
1738786000,195
1738786003,206
1738786006,202
1738786009,204
1738786012,202
1738786015,198
1738786018,201
1738786021,199
1738786024,198
1738786027,200
1738786030,197
1738786033,205
1738786036,198
1738786039,268
1738786043,445
1738786045,441
1738786049,448
1738786051,342
1738786054,201
1738786058,197
1738786061,198
1738786064,202
1738786067,199
1738786069,200
1738786069,None
1738786076,196
1738786079,200
1738786082,194
1738786085,198
1738786085,None
1738786091,199
1738786094,198
1738786097,202
1738786097,None
1738786103,204
1738786106,200
1738786111,201
1738786113,205
1738786115,200
1738786119,200
1738786122,207
1738786125,200
1738786128,195
1738786128,None
1738786134,204
1738786137,197
1738786140,207
1738786143,202
1738786147,193
1738786149,205
1738786152,198
1738786155,204
1738786155,None
1738786161,205
1738786165,196
1738786167,200
1738786170,202
1738786174,195
1738786176,202
1738786180,203
1738786183,201
1738786186,199
1738786188,206
1738786192,199
1738786195,205
1738786198,198
1738786202,201
1738786204,204
1738786207,197
1738786210,191
1738786213,207
1738786216,199
1738786220,195
1738786222,197
1738786225,201
1738786228,202
1738786231,197
1738786235,200
1738786238,203
1738786240,191
1738786244,197
1738786247,203
1738786250,202
1738786253,201
1738786255,199
1738786259,197
1738786262,206
1738786265,203
1738786268,198
1738786271,198
1738786274,195
1738786277,200
1738786280,204
1738786283,203
1738786286,197
1738786289,206
1738786293,198
1738786295,195
1738786298,203
1738786301,200
1738786304,196
1738786307,202
1738786310,201
1738786313,200
1738786317,198
1738786319,203
1738786323,200
1738786326,199
1738786329,269
1738786331,457
1738786335,448
1738786338,455
1738786341,322
1738786344,202
1738786347,206
1738786350,203
1738786353,205
1738786356,208
1738786356,None
1738786362,195
1738786365,208
1738786368,203
1738786368,None
1738786375,198
1738786377,200
1738786380,280
1738786384,449
1738786387,449
1738786389,454
1738786393,380
1738786396,194
1738786399,197
1738786402,208
1738786405,205
1738786407,200
1738786411,189
1738786414,201
1738786417,200
1738786420,195
1738786423,197
1738786426,194
1738786426,None
1738786432,199
1738786432,None
1738786438,192
1738786441,198
1738786444,205
1738786448,193
1738786450,201
1738786454,206
1738786457,200
1738786460,203
1738786463,200
1738786466,200
1738786469,198
1738786469,None
1738786475,196
1738786478,205
1738786481,198
1738786484,197
1738786487,205
1738786490,192
1738786493,208
1738786496,202
1738786499,200
1738786502,198
1738786506,203
1738786508,205
1738786511,199
1738786515,204
1738786517,199
1738786521,210
1738786524,203
1738786527,198
1738786530,206
1738786533,199
1738786536,202
1738786539,203
1738786542,206
1738786545,203
1738786548,208
1738786551,206
1738786554,207
1738786557,201
1738786560,203
1738786564,202
1738786566,209
1738786570,204
1738786573,204
1738786576,203
1738786579,209
1738786582,207
1738786585,202
1738786588,205
1738786591,199
1738786594,207
1738786597,205
1738786600,203
1738786604,202
1738786606,194
1738786609,201
1738786612,195
1738786616,196
1738786618,194
1738786622,192
1738786624,200
1738786627,204
1738786631,196
1738786634,200
1738786637,201
1738786637,None
1738786643,199
1738786646,198
1738786649,190
1738786652,191
1738786655,201
1738786658,193
1738786661,191
1738786664,196
1738786667,197
1738786670,198
1738786673,196
1738786676,201
1738786680,187
1738786683,194
1738786685,203
1738786688,197
1738786692,194
1738786695,188
1738786698,319
1738786698,None
1738786704,442
1738786707,444
1738786710,376
1738786713,438
1738786716,436
1738786719,430
1738786722,215
1738786726,195
1738786729,188
1738786732,195
1738786734,193
1738786737,192
1738786740,197
1738786743,194
1738786746,192
1738786749,193
1738786753,186
1738786756,195
1738786758,197
1738786762,189
1738786765,194
1738786768,194
1738786771,186
1738786774,186
1738786777,197
1738786780,189
1738786783,190
1738786786,193
1738786786,None
1738786786,None
1738786795,190
1738786798,194
1738786798,None
1738786805,189
1738786808,196
1738786808,None
1738786813,189
1738786817,193
1738786820,188
1738786823,191
1738786826,195
1738786829,189
1738786832,195
1738786835,191
1738786838,193
1738786841,192
1738786844,194
1738786847,204
1738786850,196
1738786854,201
1738786856,209
1738786859,197
1738786862,194
1738786866,209
1738786869,205
1738786872,199
1738786875,194
1738786878,213
1738786881,206
1738786884,200
1738786887,197
1738786890,204
1738786893,198
1738786896,206
1738786899,202
1738786902,205
1738786905,192
1738786908,199
1738786911,201
1738786915,196
1738786917,187
1738786920,203
1738786923,202
1738786926,196
1738786929,193
1738786933,195
1738786935,192
1738786939,188
1738786942,195
1738786945,188
1738786948,191
1738786951,192
1738786954,195
1738786957,189
1738786960,192
1738786963,184
1738786966,197
1738786969,190
1738786972,197
1738786975,193
1738786978,186
1738786982,200
1738786984,195
1738786984,None
1738786990,191
1738786994,195
1738786997,188
1738787000,195
1738787002,188
1738787006,195
1738787009,190
1738787012,202
1738787015,193
1738787018,188
1738787022,206
1738787024,201
1738787027,198
1738787030,186
1738787033,425
1738787036,450
1738787039,445
1738787042,443
1738787045,283
1738787045,None
1738787051,194
1738787055,188
1738787057,194
1738787061,194
1738787064,184
1738787066,196
1738787070,190
1738787073,191
1738787076,198
1738787079,190
1738787082,197
1738787085,195
1738787088,191
1738787091,191
1738787094,191
1738787097,195
1738787100,257
1738787103,452
1738787107,452
1738787110,462
1738787112,570
1738787115,347
1738787118,341
1738787122,355
1738787125,349
1738787128,341
1738787131,349
1738787131,None
1738787137,347
1738787137,None
1738787143,357
1738787146,351
1738787149,343
1738787152,359
1738787155,353
1738787158,353
1738787161,352
1738787164,353
1738787167,352
1738787167,None
1738787174,349
1738787177,357
1738787179,357
1738787183,348
1738787186,347
1738787186,None
1738787191,360
1738787195,351
1738787198,357
1738787201,362
1738787204,357
1738787207,362
1738787210,366
1738787213,356
1738787216,360
1738787219,361
1738787222,357
1738787225,357
1738787229,356
1738787231,354
1738787235,361
1738787238,361
1738787241,354
1738787244,363
1738787247,350
1738787250,355
1738787253,347
1738787256,354
1738787259,351
1738787262,349
1738787265,353
1738787268,345
1738787271,351
1738787274,345
1738787277,353
1738787280,347
1738787284,350
1738787287,351
1738787289,350
1738787289,None
1738787296,351
1738787298,347
1738787302,352
1738787305,346
1738787308,349
1738787311,342
1738787314,350
1738787317,352
1738787317,None
1738787323,355
1738787326,341
1738787329,354
1738787329,None
1738787335,356
1738787338,350
1738787341,350
1738787344,353
1738787347,344
1738787351,353
1738787354,348
1738787356,354
1738787359,348
1738787362,351
1738787365,347
1738787369,351
1738787371,341
1738787375,354
1738787378,343
1738787381,389
1738787384,592
1738787387,602
1738787387,None
1738787393,469
1738787396,347
1738787399,344
1738787402,350
1738787405,347
1738787408,348
1738787411,352
1738787411,None
1738787411,None
1738787420,350
1738787423,342
1738787426,352
1738787429,353
1738787429,None
1738787435,354
1738787439,358
1738787442,359
1738787445,355
1738787448,359
1738787451,356
1738787451,None
1738787451,None
1738787460,361
1738787463,353
1738787466,362
1738787466,None
1738787472,367
1738787475,355
1738787478,362
1738787481,358
1738787484,354
1738787487,363
1738787490,354
1738787490,None
1738787497,360
1738787500,356
1738787503,358
1738787506,354
1738787509,357
1738787512,362
1738787515,350
1738787518,358
1738787521,362
1738787524,354
1738787527,350
1738787530,367
1738787533,360
1738787536,354
1738787539,619
1738787542,618
1738787545,616
1738787549,613
1738787551,386
1738787554,356
1738787557,355
1738787560,359
1738787564,359
1738787567,353
1738787569,360
1738787573,357
1738787576,352
1738787579,362
1738787582,357
1738787585,357
1738787588,360
1738787591,358
1738787594,358
1738787597,357
1738787600,353
1738787603,353
1738787606,359
1738787609,351
1738787612,354
1738787616,353
1738787618,355
1738787622,358
1738787625,351
1738787628,357
1738787631,360
1738787634,348
1738787636,362
1738787640,357
1738787643,351
1738787643,None
1738787649,357
1738787652,358
1738787655,362
1738787658,355
1738787661,363
1738787664,361
1738787667,358
1738787670,360
1738787673,360
1738787677,355
1738787679,545
1738787682,605
1738787685,610
1738787689,588
1738787692,360
1738787695,353
1738787698,361
1738787700,355
1738787704,361
1738787707,356
1738787711,363
1738787713,357
1738787716,353
1738787719,356
1738787722,354
1738787725,355
1738787729,353
1738787731,353
1738787734,346
1738787738,353
1738787741,366
1738787744,360
1738787746,355
1738787749,363
1738787752,367
1738787756,365
1738787756,None
1738787762,359
1738787765,353
1738787768,359
1738787771,366
1738787774,362
1738787777,361
1738787780,360
1738787783,361
1738787786,364
1738787789,364
1738787789,None
1738787795,355
1738787798,360
1738787801,356
1738787804,351
1738787807,351
1738787810,359
1738787813,348
1738787816,358
1738787820,351
1738787822,357
1738787826,346
1738787828,355
1738787832,349
1738787834,361
1738787837,356
1738787840,355
1738787844,356
1738787847,352
1738787850,352
1738787853,354
1738787856,358
1738787856,None
1738787862,358
1738787865,351
1738787868,355
1738787871,348
1738787874,351
1738787877,354
1738787877,None
1738787884,356
1738787886,349
1738787890,363
1738787893,355
1738787896,363
1738787899,348
1738787902,361
1738787904,337
1738787908,300
1738787911,297
1738787914,297
1738787917,300
1738787920,299
1738787923,300
1738787926,307
1738787929,304
1738787932,306
1738787935,310
1738787938,307
1738787942,314
1738787944,307
1738787947,309
1738787950,445
1738787950,None
1738787956,572
1738787959,564
1738787963,323
1738787965,313
1738787968,307
1738787971,306
1738787975,307
1738787978,309
1738787981,310
1738787984,302
1738787987,302
1738787990,304
1738787993,305
1738787996,303
1738787999,298
1738788002,295
1738788005,303
1738788008,297
1738788008,None
1738788015,298
1738788017,517
1738788021,551
1738788024,550
1738788027,546
1738788030,520
1738788032,300
1738788036,298
1738788038,302
1738788042,299
1738788045,306
1738788048,298
1738788050,305
1738788054,296
1738788057,300
1738788060,303
1738788063,294
1738788066,300
1738788069,295
1738788072,299
1738788072,None
1738788072,None
1738788072,None
1738788084,299
1738788087,290
1738788087,None
1738788094,298
1738788096,294
1738788099,293
1738788102,303
1738788105,300
1738788108,297
1738788111,305
1738788114,300
1738788118,296
1738788118,None
1738788123,292
1738788127,297
1738788130,294
1738788133,297
1738788133,None
1738788139,295
1738788142,301
1738788145,295
1738788148,286
1738788151,295
1738788154,302
1738788157,295
1738788157,None
1738788163,296
1738788167,302
1738788169,298
1738788173,292
1738788176,300
1738788179,301
1738788182,289
1738788182,None
1738788188,305
1738788191,298
1738788195,296
1738788197,286
1738788200,289
1738788203,306
1738788206,299
1738788206,None
1738788212,301
1738788215,301
1738788215,None
1738788221,306
1738788225,295
1738788228,294
1738788230,301
1738788234,312
1738788237,301
1738788240,298
1738788243,293
1738788243,None
1738788249,302
1738788252,300
1738788255,297
1738788258,293
1738788261,308
1738788265,300
1738788267,297
1738788270,306
1738788273,301
1738788273,None
1738788279,302
1738788283,299
1738788285,304
1738788289,302
1738788289,None
1738788295,305
1738788298,294
1738788300,298
1738788303,145
1738788307,143
1738788310,149
1738788313,144
1738788316,149
1738788320,148
1738788322,148
1738788325,143
1738788328,152
1738788331,142
1738788334,139
1738788338,150
1738788340,334
1738788344,395
1738788347,396
1738788349,405
1738788353,146
1738788353,None
1738788359,147
1738788362,147
1738788365,143
1738788368,150
1738788371,147
1738788374,145
1738788377,153
1738788380,143
1738788383,149
1738788386,150
1738788389,142
1738788393,153
1738788396,144
1738788398,151
1738788402,146
1738788405,144
1738788408,149
1738788410,149
1738788410,None
1738788417,369
1738788420,396
1738788423,397
1738788426,395
1738788428,191
1738788432,146
1738788435,150
1738788438,142
1738788438,None
1738788445,144
1738788447,147
1738788450,144
1738788453,149
1738788457,145
1738788460,147
1738788463,145
1738788465,149
1738788469,147
1738788469,None
1738788475,142
1738788478,148
1738788481,157
1738788484,149
1738788487,156
1738788490,155
1738788493,147
1738788496,161
1738788499,156
1738788502,147
1738788505,160
1738788508,155
1738788511,153
1738788514,154
1738788517,155
1738788520,160
1738788523,154
1738788526,152
1738788526,None
1738788526,None
1738788535,152
1738788539,142
1738788542,145
1738788545,149
1738788548,142
1738788551,145
1738788554,149
1738788557,143
1738788560,144
1738788563,153
1738788566,143
1738788569,147
1738788572,143
1738788575,142
1738788578,148
1738788581,134
1738788584,135
1738788588,143
1738788590,140
1738788594,136
1738788594,None
1738788599,131
1738788603,141
1738788603,None
1738788609,138
1738788612,134
1738788615,138
1738788618,137
1738788621,127
1738788624,132
1738788627,139
1738788630,143
1738788633,134
1738788636,133
1738788639,144
1738788642,133
1738788645,135
1738788648,135
1738788652,138
1738788655,141
1738788658,130
1738788661,140
1738788664,138
1738788667,133
1738788667,None
1738788667,None
1738788676,134
1738788679,140
1738788682,131
1738788685,134
1738788688,141
1738788691,139
1738788694,131
1738788697,140
1738788700,144
1738788703,135
1738788706,376
1738788709,396
1738788712,386
1738788716,344
1738788718,136
1738788721,137
1738788725,139
1738788728,137
1738788731,136
1738788734,137
1738788737,140
1738788740,128
1738788743,140
1738788746,137
1738788749,128
1738788752,139
1738788755,136
1738788758,137
1738788761,148
1738788764,143
1738788764,None
1738788770,139
1738788773,151
1738788776,137
1738788780,151
1738788782,146
1738788786,357
1738788788,398
1738788792,389
1738788795,392
1738788797,290
1738788801,141
1738788804,147
1738788807,149
1738788811,140
1738788813,147
1738788816,142
1738788819,146
1738788823,142
1738788825,138
1738788829,139
1738788831,141
1738788834,138
1738788837,131
1738788840,142
1738788843,136
1738788847,141
1738788849,142
1738788853,144
1738788856,149
1738788858,147
1738788862,151
1738788865,144
1738788868,143
1738788871,151
1738788874,151
1738788877,138
1738788881,141
1738788883,152
1738788886,150
1738788886,None
1738788892,146
1738788895,145
1738788898,146
1738788901,148
1738788905,160
1738788907,157
1738788907,None
1738788914,171
1738788916,171
1738788920,193
1738788923,178
1738788925,181
1738788929,184
1738788933,188
1738788935,182
1738788938,177
1738788941,178
1738788944,171
1738788947,177
1738788950,176
1738788953,174
1738788956,172
1738788959,178
1738788962,167
1738788965,167
1738788968,180
1738788972,172
1738788975,165
1738788978,179
1738788981,172
1738788984,168
1738788987,169
1738788990,167
1738788993,171
1738788996,165
1738788999,174
1738789002,171
1738789005,167
1738789008,171
1738789012,165
1738789014,171
1738789017,169
1738789020,169
1738789023,172
1738789027,162
1738789030,172
1738789032,165
1738789035,170
1738789039,169
1738789042,162
1738789045,172
1738789048,173
1738789051,171
1738789054,176
1738789057,172
1738789060,174
1738789063,176
1738789063,None
1738789069,177
1738789073,173
1738789076,174
1738789078,289
1738789081,426
1738789084,423
1738789087,425
1738789090,295
1738789094,167
1738789094,None
1738789099,172
1738789102,177
1738789105,166
1738789109,165
1738789112,168
1738789115,162
1738789118,167
1738789120,167
1738789124,167
1738789127,175
1738789130,171
1738789133,165
1738789136,170
1738789139,167
1738789142,168
1738789145,167
1738789148,169
1738789151,175
1738789154,202
1738789158,240
1738789160,275
1738789164,270
1738789167,274
1738789170,253
1738789173,381
1738789176,491
1738789179,503
1738789182,494
1738789186,493
1738789188,259
1738789191,239
1738789194,239
1738789197,238
1738789200,234
1738789204,234
1738789206,229
1738789209,229
1738789212,228
1738789215,232
1738789219,230
1738789221,233
1738789225,240
1738789227,226
1738789231,242
1738789234,236
1738789237,227
1738789240,233
1738789243,232
1738789246,231
1738789249,232
1738789253,235
1738789255,229
1738789258,230
1738789261,234
1738789264,237
1738789267,224
1738789270,236
1738789273,236
1738789277,233
1738789279,233
1738789279,None
1738789285,227
1738789289,231
1738789291,235
1738789295,242
1738789297,233
1738789301,225
1738789304,228
1738789307,244
1738789310,236
1738789313,234
1738789316,234
1738789319,236
1738789322,229
1738789325,228
1738789328,243
1738789331,244
1738789334,246
1738789337,236
1738789340,234
1738789343,245
1738789346,245
1738789349,239
1738789353,223
1738789355,210
1738789359,210
1738789362,208
1738789365,212
1738789368,205
1738789371,211
1738789374,214
1738789377,202
1738789377,None
1738789377,None
1738789386,202
1738789389,202
1738789392,203
1738789395,198
1738789398,200
1738789401,201
1738789404,203
1738789407,202
1738789410,207
1738789414,202
1738789416,204
1738789419,201
1738789423,200
1738789425,204
1738789428,203
1738789432,203
1738789435,204
1738789438,201
1738789441,203
1738789441,None
1738789447,206
1738789450,199
1738789453,208
1738789456,200
1738789459,201
1738789463,198
1738789465,202
1738789465,None
1738789471,202
1738789474,211
1738789474,None
1738789480,457
1738789484,463
1738789486,456
1738789489,326
1738789493,206
1738789496,201
1738789499,215
1738789502,208
1738789505,206
1738789508,209
1738789511,204
1738789514,213
1738789517,198
1738789520,209
1738789524,219
1738789526,207
1738789530,199
1738789532,194
1738789535,197
1738789538,203
1738789541,197
1738789544,193
1738789548,199
1738789550,196
1738789554,207
1738789557,205
1738789560,199
1738789563,198
1738789566,195
1738789569,200
1738789572,205
1738789572,None
1738789578,203
1738789581,191
1738789584,196
1738789588,449
1738789590,447
1738789593,445
1738789596,449
1738789600,233
1738789603,198
1738789606,201
1738789608,203
1738789612,193
1738789615,196
1738789618,203
1738789621,199
1738789621,None
1738789627,204
1738789630,200
1738789633,200
1738789636,196
1738789636,None
1738789642,203
1738789645,202
1738789648,201
1738789652,207
1738789654,201
1738789654,None
1738789660,214
1738789663,208
1738789667,205
1738789670,213
1738789673,212
1738789676,208
1738789679,209
1738789682,215
1738789685,209
1738789688,211
1738789691,204
1738789694,212
1738789697,206
1738789700,206
1738789703,207
1738789706,205
1738789710,213
1738789712,205
1738789715,204
1738789718,210
1738789721,199
1738789725,204
1738789727,193
1738789731,202
1738789733,199
1738789737,202
1738789739,200
1738789739,None
1738789745,200
1738789749,198
1738789752,205
1738789754,200
1738789754,None
1738789761,206
1738789764,202
1738789767,198
1738789767,None
1738789773,198
1738789776,206
1738789779,239
1738789782,249
1738789785,251
1738789788,245
1738789791,250
1738789794,252
1738789798,246
1738789800,250
1738789803,247
1738789806,246
1738789809,252
1738789812,213
1738789815,194
1738789819,194
1738789822,214
1738789825,207
1738789828,198
1738789831,196
1738789834,199
1738789837,204
1738789837,None
1738789843,197
1738789846,197
1738789849,207
1738789852,197
1738789855,194
1738789858,198
1738789861,203
1738789864,199
1738789868,201
1738789870,204
1738789873,201
1738789877,203
1738789879,204
1738789882,318
1738789885,462
1738789885,None
1738789891,455
1738789895,239
1738789898,199
1738789900,202
1738789904,199
1738789907,203
1738789910,200
1738789910,None
1738789916,202
1738789919,336
1738789922,447
1738789925,451
1738789928,444
1738789931,446
1738789934,443
1738789937,438
1738789940,294
1738789943,195
1738789946,193
1738789950,192
1738789952,193
1738789955,193
1738789958,191
1738789962,187
1738789964,196
1738789968,191
1738789970,196
1738789974,198
1738789977,201
1738789979,197
1738789983,198
1738789986,200
1738789989,195
1738789992,203
1738789995,195
1738789998,194
1738790001,197
1738790004,195
1738790007,201
1738790010,195
1738790013,197
1738790016,197
1738790019,195
1738790022,202
1738790025,200
1738790028,205
1738790032,200
1738790034,205
1738790037,198
1738790041,209
1738790044,199
1738790047,212
1738790049,203
1738790053,208
1738790055,202
1738790059,204
1738790062,202
1738790064,201
1738790068,204
1738790071,205
1738790074,203
1738790077,205
1738790080,199
1738790083,206
1738790087,200
1738790089,272
1738790092,361
1738790095,355
1738790099,356
1738790101,353
1738790105,353
1738790108,356
1738790111,356
1738790114,344
1738790117,354
1738790120,348
1738790123,348
1738790126,352
1738790126,None
1738790132,348
1738790135,355
1738790138,346
1738790141,354
1738790144,345
1738790147,350
1738790150,348
1738790153,351
1738790156,353
1738790159,350
1738790163,347
1738790165,347
1738790169,352
1738790169,None
1738790175,354
1738790178,348
1738790180,349
1738790184,347
1738790186,339
1738790190,348
1738790193,347
1738790196,347
1738790199,356
1738790202,356
1738790205,358
1738790208,354
1738790208,None
1738790214,342
1738790214,None
1738790221,360
1738790223,356
1738790227,353
1738790229,357
1738790232,355
1738790235,359
1738790239,361
1738790242,557
1738790245,607
1738790248,611
1738790251,602
1738790254,367
1738790257,354
1738790260,355
1738790263,357
1738790266,355
1738790269,355
1738790272,354
1738790275,355
1738790278,355
1738790278,None
1738790278,None
1738790287,347
1738790290,351
1738790293,346
1738790296,349
1738790300,349
1738790303,348
1738790306,347
1738790309,343
1738790312,370
1738790315,588
1738790318,582
1738790321,589
1738790324,579
1738790327,521
1738790330,340
1738790333,344
1738790336,342
1738790339,344
1738790342,343
1738790345,343
1738790348,346
1738790351,351
1738790355,344
1738790358,355
1738790361,348
1738790364,344
1738790367,354
1738790370,346
1738790373,343
1738790376,356
1738790376,None
1738790382,351
1738790385,351
1738790388,351
1738790391,353
1738790394,345
1738790397,350
1738790400,354
1738790403,346
1738790407,358
1738790409,350
1738790412,345
1738790416,358
1738790419,350
1738790422,346
1738790425,351
1738790428,342
1738790431,348
1738790434,345
1738790437,345
1738790440,343
1738790443,347
1738790446,342
1738790449,350
1738790452,346
1738790455,353
1738790458,340
1738790461,348
1738790465,339
1738790468,344
1738790470,339
1738790474,342
1738790476,337
1738790480,342
1738790483,342
1738790486,343
1738790489,341
1738790492,335
1738790495,341
1738790498,367
1738790502,379
1738790504,386
1738790507,384
1738790510,379
1738790513,388
1738790516,383
1738790519,386
1738790523,385
1738790526,382
1738790528,389
1738790532,384
1738790535,385
1738790537,385
1738790541,381
1738790544,378
1738790547,368
1738790550,372
1738790550,None
1738790556,365
1738790559,353
1738790562,355
1738790565,347
1738790568,351
1738790571,343
1738790574,341
1738790578,340
1738790581,333
1738790584,337
1738790587,333
1738790590,333
1738790593,330
1738790596,330
1738790599,333
1738790602,330
1738790605,337
1738790609,331
1738790611,329
1738790614,338
1738790617,331
1738790622,420
1738790624,503
1738790627,579
1738790630,577
1738790633,480
1738790636,337
1738790639,332
1738790642,328
1738790642,None
1738790648,328
1738790651,328
1738790655,337
1738790655,None
1738790661,333
1738790664,330
1738790667,332
1738790670,336
1738790673,335
1738790676,339
1738790679,337
1738790679,None
1738790679,None
1738790679,None
1738790691,595
1738790694,595
1738790697,500
1738790700,359
1738790703,359
1738790706,366
1738790709,354
1738790709,None
1738790716,364
1738790718,359
1738790721,358
1738790725,367
1738790725,None
1738790731,357
1738790733,359
1738790737,354
1738790740,350
1738790743,355
1738790746,357
1738790749,355
1738790752,351
1738790755,356
1738790759,353
1738790761,353
1738790764,348
1738790767,348
1738790770,353
1738790773,354
1738790776,341
1738790780,344
1738790782,349
1738790785,347
1738790788,344
1738790791,348
1738790795,348
1738790798,343
1738790801,353
1738790804,344
1738790807,348
1738790810,356
1738790813,357
1738790816,351
1738790819,350
1738790822,355
1738790825,350
1738790828,360
1738790831,352
1738790834,360
1738790837,359
1738790840,350
1738790844,350
1738790847,368
1738790850,358
1738790852,356
1738790856,353
1738790859,358
1738790862,356
1738790865,358
1738790869,357
1738790871,357
1738790874,354
1738790874,None
1738790880,359
1738790883,364
1738790883,None
1738790889,356
1738790892,361
1738790892,None
1738790899,357
1738790902,351
1738790905,359
1738790908,360
1738790910,354
1738790914,358
1738790917,365
1738790920,356
1738790923,360
1738790926,359
1738790929,355
1738790932,359
1738790935,359
1738790938,361
1738790941,356
1738790944,362
1738790947,353
1738790951,363
1738790951,None
1738790956,356
1738790960,360
1738790963,356
1738790966,510
1738790966,None
1738790972,613
1738790975,616
1738790978,545
1738790981,355
1738790984,360
1738790987,362
1738790990,356
1738790993,352
1738790996,361
1738790999,358
1738791002,354
1738791005,367
1738791008,359
1738791012,365
1738791014,353
1738791018,358
1738791020,360
1738791024,361
1738791027,365
1738791030,359
1738791033,353
1738791036,354
1738791039,354
1738791042,352
1738791045,348
1738791048,354
1738791051,355
1738791051,None
1738791057,354
1738791060,355
1738791063,349
1738791066,349
1738791070,361
1738791073,355
1738791075,349
1738791079,359
1738791081,362
1738791084,351
1738791088,353
1738791091,354
1738791094,355
1738791097,435
1738791100,605
1738791103,605
1738791106,601
1738791109,609
1738791112,596
1738791115,363
1738791118,354
1738791121,359
1738791124,355
1738791127,356
1738791131,362
1738791133,359
1738791136,354
1738791139,361
1738791142,353
1738791145,367
1738791145,None
1738791152,366
1738791155,362
1738791157,357
1738791157,None
1738791164,360
1738791167,353
1738791170,352
1738791173,294
1738791176,306
1738791179,305
1738791179,None
1738791186,295
1738791188,305
1738791191,298
1738791194,297
1738791197,297
1738791200,301
1738791203,303
1738791207,298
1738791210,301
1738791213,297
1738791213,None
1738791219,308
1738791222,291
1738791225,304
1738791228,305
1738791231,299
1738791234,306
1738791237,297
1738791240,299
1738791243,299
1738791246,305
1738791249,301
1738791252,300
1738791252,None
1738791259,298
1738791261,301
1738791264,295
1738791267,302
1738791270,297
1738791273,304
1738791276,295
1738791279,273
1738791283,140
1738791286,152
1738791286,None
1738791292,153
1738791295,142
1738791298,152
1738791301,149
1738791304,148
1738791304,None
1738791310,147
1738791313,150
1738791316,143
1738791319,153
1738791322,146
1738791322,None
1738791328,152
1738791331,144
1738791334,152
1738791337,150
1738791337,None
1738791337,None
1738791347,150
1738791349,145
1738791353,151
1738791356,140
1738791359,145
1738791361,153
1738791365,158
1738791368,147
1738791371,146
1738791374,144
1738791377,135
1738791380,155
1738791383,151
1738791386,150
1738791389,142
1738791392,147
1738791395,341
1738791395,None
1738791401,395
1738791404,397
1738791407,253
1738791410,146
1738791414,139
1738791416,142
1738791419,154
1738791422,147
1738791425,143
1738791429,148
1738791432,152
1738791435,145
1738791438,144
1738791441,146
1738791444,148
1738791447,153
1738791450,143
1738791453,144
1738791456,154
1738791459,146
1738791462,143
1738791465,153
1738791468,152
1738791471,150
1738791474,149
1738791478,151
1738791481,150
1738791484,148
1738791486,152
1738791490,141
1738791493,150
1738791496,152
1738791499,147
1738791502,145
1738791505,155
1738791508,150
1738791511,141
1738791514,145
1738791517,149
1738791521,142
1738791524,143
1738791526,146
1738791530,147
1738791532,143
1738791535,149
1738791538,217
1738791541,395
1738791544,408
1738791547,396
1738791551,296
1738791553,152
1738791557,139
1738791560,152
1738791563,144
1738791566,145
1738791569,151
1738791572,149
1738791575,145
1738791578,151
1738791581,148
1738791584,142
1738791587,147
1738791590,142
1738791594,151
1738791597,141
1738791599,148
1738791602,146
1738791606,145
1738791608,151
1738791612,147
1738791615,146
1738791618,148
1738791621,140
1738791624,151
1738791627,146
1738791630,140
1738791633,138
1738791636,156
1738791639,148
1738791642,147
1738791645,143
1738791649,147
1738791651,152
1738791651,None
1738791657,144
1738791660,146
1738791663,150
1738791666,153
1738791669,145
1738791673,144
1738791676,142
1738791679,155
1738791682,152
1738791685,144
1738791688,149
1738791691,148
1738791694,148
1738791697,150
1738791700,151
1738791703,140
1738791706,145
1738791709,150
1738791712,145
1738791715,141
1738791718,151
1738791721,149
1738791724,149
1738791724,None
1738791730,146
1738791733,149
1738791736,145
1738791739,135
1738791742,151
1738791746,149
1738791746,None
1738791752,154
1738791755,181
1738791755,None
1738791761,189
1738791764,190
1738791767,189
1738791770,187
1738791773,187
1738791776,184
1738791779,187
1738791779,None
1738791786,191
1738791786,None
1738791791,207
1738791794,440
1738791797,426
1738791800,439
1738791803,426
1738791806,184
1738791810,171
1738791812,167
1738791816,154
1738791819,156
1738791821,159
1738791825,162
1738791828,153
1738791831,144
1738791833,151
1738791837,144
1738791840,134
1738791843,142
1738791846,145
1738791849,136
1738791852,136
1738791855,133
1738791858,141
1738791861,139
1738791864,136
1738791867,132
1738791870,135
1738791873,142
1738791877,136
1738791879,135
1738791883,132
1738791886,159
1738791889,390
1738791889,None
1738791895,374
1738791898,260
1738791901,130
1738791901,None
1738791907,135
1738791910,149
1738791913,137
1738791916,139
1738791919,139
1738791923,140
1738791925,142
1738791929,147
1738791931,146
1738791934,145
1738791938,145
1738791941,142
1738791944,141
1738791947,150
1738791950,146
1738791953,144
1738791956,155
1738791959,143
1738791962,143
1738791965,152
1738791968,141
1738791971,148
1738791974,152
1738791977,141
1738791980,147
1738791983,142
1738791986,148
1738791990,149
1738791992,149
1738791995,142
1738791999,147
1738792002,148
1738792004,144
1738792007,140
1738792010,146
1738792014,149
1738792017,137
1738792017,None
1738792023,142
1738792026,142
1738792029,135
1738792032,140
1738792035,153
1738792038,139
1738792041,134
1738792044,143
1738792047,141
1738792050,138
1738792053,144
1738792056,137
1738792060,140
1738792062,145
1738792065,139
1738792068,135
1738792071,148
1738792074,145
1738792078,139
1738792081,136
1738792084,148
1738792087,148
1738792090,137
1738792093,145
1738792096,143
1738792099,142
1738792102,146
1738792105,142
1738792108,146
1738792111,146
1738792114,139
1738792117,144
1738792120,152
1738792123,142
1738792126,137
1738792129,142
1738792132,140
1738792135,140
1738792138,144
1738792142,140
1738792145,140
1738792148,145
1738792151,134
1738792154,142
1738792157,143
1738792160,137
1738792163,142
1738792167,137
1738792169,136
1738792172,141
1738792175,141
1738792178,141
1738792182,136
1738792184,142
1738792188,342
1738792191,394
1738792193,395
1738792196,394
1738792200,190
1738792202,149
1738792205,141
1738792209,145
1738792211,254
1738792215,389
1738792218,396
1738792221,390
1738792224,263
1738792227,146
1738792230,146
1738792233,140
1738792236,149
1738792239,136
1738792242,144
1738792246,139
1738792248,147
1738792251,141
1738792254,146
1738792257,139
1738792260,143
1738792264,141
1738792267,146
1738792270,139
1738792273,143
1738792276,139
1738792279,145
1738792282,134
1738792285,143
1738792285,None
1738792291,141
1738792291,None
1738792297,141
1738792300,143
1738792303,140
1738792306,143
1738792309,137
1738792312,147
1738792316,138
1738792318,144
1738792322,140
1738792324,139
1738792328,145
1738792331,140
1738792334,146
1738792337,140
1738792340,140
1738792343,131
1738792346,143
1738792349,140
1738792349,None
1738792355,142
1738792358,133
1738792361,134
1738792364,141
1738792367,134
1738792371,138
1738792374,138
1738792376,142
1738792380,132
1738792383,139
1738792386,137
1738792389,131
1738792392,143
1738792395,132
1738792398,135
1738792401,135
1738792404,131
1738792407,135
1738792410,141
1738792413,147
1738792416,159
1738792419,202
1738792423,232
1738792425,227
1738792428,240
1738792428,None
1738792435,221
1738792437,223
1738792437,None
1738792444,214
1738792447,215
1738792450,206
1738792453,212
1738792456,207
1738792459,215
1738792462,224
1738792465,223
1738792468,218
1738792472,219
1738792474,220
1738792478,223
1738792480,243
1738792484,230
1738792486,243
1738792490,232
1738792493,239
1738792496,237
1738792496,None
1738792502,232
1738792505,236
1738792508,234
1738792511,237
1738792514,236
1738792517,239
1738792520,238
1738792524,233
1738792527,237
1738792529,234
1738792532,235
1738792535,235
1738792538,232
1738792541,236
1738792545,232
1738792548,230
1738792550,232
1738792554,228
1738792557,228
1738792560,228
1738792563,228
1738792566,230
1738792569,226
1738792572,234
1738792575,348
1738792578,481
1738792581,524
1738792584,728
1738792587,684
1738792590,472
1738792593,374
1738792596,229
1738792599,225
1738792603,234
1738792606,228
1738792609,224
1738792612,230
1738792614,227
1738792618,228
1738792621,230
1738792624,225
1738792627,228
1738792630,230
1738792633,228
1738792633,None
1738792639,221
1738792639,None
1738792639,None
1738792648,232
1738792652,226
1738792654,228
1738792658,248
1738792661,226
1738792664,229
1738792667,224
1738792670,223
1738792673,229
1738792676,238
1738792679,225
1738792682,224
1738792685,226
1738792688,235
1738792691,226
1738792694,241
1738792697,231
1738792700,233
1738792703,238
1738792706,231
1738792709,227
1738792712,245
1738792715,232
1738792719,228
1738792721,229
1738792724,227
1738792728,228
1738792731,234
1738792733,230
1738792737,236
1738792740,230
1738792743,230
1738792746,230
1738792749,234
1738792752,233
1738792755,230
1738792758,231
1738792761,228
1738792764,234
1738792767,232
1738792770,231
1738792773,235
1738792777,232
1738792779,236
1738792782,231
1738792785,236
1738792788,235
1738792791,234
1738792795,239
1738792798,235
1738792801,237
1738792804,230
1738792807,233
1738792810,232
1738792813,234
1738792816,230
1738792819,236
1738792822,230
1738792825,238
1738792828,232
1738792831,236
1738792834,237
1738792837,234
1738792840,232
1738792844,233
1738792846,231
1738792849,234
1738792853,233
1738792856,233
1738792858,232
1738792861,235
1738792864,238
1738792867,233
1738792871,233
1738792874,230
1738792877,238
1738792880,230
1738792883,233
1738792886,233
1738792889,236
1738792889,None
1738792895,470
1738792898,483
1738792901,474
1738792905,350
1738792907,234
1738792910,234
1738792913,236
1738792917,234
1738792919,227
1738792922,235
1738792925,235
1738792928,229
1738792931,239
1738792935,227
1738792938,238
1738792941,228
1738792944,234
1738792947,234
1738792950,234
1738792953,231
1738792956,234
1738792959,229
1738792962,232
1738792965,232
1738792968,235
1738792968,None
1738792974,234
1738792977,232
1738792980,229
1738792984,237
1738792987,229
1738792990,233
1738792993,238
1738792996,226
1738792999,239
1738793002,406
1738793005,480
1738793008,479
1738793011,478
1738793014,265
1738793017,239
1738793020,231
1738793023,227
1738793026,227
1738793029,229
1738793032,233
1738793035,234
1738793038,235
1738793041,231
1738793044,237
1738793047,236
1738793051,225
1738793053,225
1738793057,234
1738793059,243
1738793062,237
1738793066,237
1738793069,384
1738793072,392
1738793075,390
1738793075,None
1738793081,380
1738793084,390
1738793087,394
1738793090,387
1738793093,383
1738793096,381
1738793100,386
1738793102,391
1738793105,384
1738793105,None
1738793111,377
1738793111,None
1738793118,396
1738793120,384
1738793124,384
1738793127,387
1738793129,387
1738793133,390
1738793136,385
1738793139,391
1738793142,382
1738793145,389
1738793148,388
1738793151,398
1738793154,388
1738793157,386
1738793157,None
1738793163,381
1738793166,385
1738793169,383
1738793172,390
1738793175,381
1738793178,379
1738793182,379
1738793184,386
1738793187,384
1738793191,381
1738793193,386
1738793197,376
1738793200,386
1738793202,377
1738793205,386
1738793209,377
1738793212,381
1738793215,379
1738793218,380
1738793221,377
1738793224,381
1738793227,377
1738793230,385
1738793233,387
1738793236,399
1738793239,619
1738793242,624
1738793246,625
1738793248,558
1738793252,376
1738793254,377
1738793258,381
1738793261,389
1738793264,381
1738793267,378
1738793270,375
1738793270,None
1738793277,379
1738793279,384
1738793282,385
1738793285,385
1738793288,377
1738793291,377
1738793294,389
1738793298,383
1738793300,377
1738793303,379
1738793306,379
1738793310,383
1738793313,375
1738793316,383
1738793319,375
1738793322,379
1738793325,385
1738793328,383
1738793328,None
1738793334,382
1738793337,376
1738793340,375
1738793343,379
1738793346,379
1738793349,372
1738793352,384
1738793355,372
1738793358,375
1738793361,384
1738793364,374
1738793367,374
1738793370,377
1738793374,377
1738793376,517
1738793380,636
1738793383,634
1738793386,631
1738793389,378
1738793392,371
1738793395,379
1738793395,None
1738793401,372
1738793404,380
1738793407,372
1738793410,380
1738793413,379
1738793416,377
1738793419,388
1738793422,376
1738793422,None
1738793428,381
1738793431,373
1738793435,379
1738793438,369
1738793441,351
1738793441,None
1738793446,334
1738793450,347
1738793453,342
1738793456,341
1738793459,337
1738793462,343
1738793465,342
1738793468,346
1738793471,345
1738793474,350
1738793478,345
1738793481,340
1738793484,348
1738793486,343
1738793490,343
1738793492,340
1738793495,347
1738793498,342
1738793501,346
1738793501,None
1738793508,349
1738793511,348
1738793514,336
1738793517,344
1738793520,345
1738793522,346
1738793525,338
1738793525,None
1738793532,342
1738793532,None
1738793538,352
1738793541,341
1738793544,343
1738793547,346
1738793550,345
1738793553,341
1738793556,354
1738793559,344
1738793562,342
1738793565,351
1738793568,343
1738793572,344
1738793574,584
1738793577,592
1738793580,595
1738793583,460
1738793586,345
1738793589,343
1738793593,343
1738793596,350
1738793599,341
1738793602,345
1738793605,344
1738793608,341
1738793611,347
1738793614,350
1738793617,339
1738793617,None
1738793617,None
1738793626,345
1738793629,343
1738793632,345
1738793635,337
1738793638,344
1738793641,345
1738793644,340
1738793647,341
1738793650,348
1738793653,343
1738793657,345
1738793660,340
1738793663,343
1738793666,348
1738793669,341
1738793672,338
1738793675,347
1738793678,345
1738793681,343
1738793684,340
1738793687,337
1738793690,349
1738793694,342
1738793696,333
1738793699,348
1738793702,352
1738793705,338
1738793708,348
1738793711,342
1738793715,347
1738793715,None
1738793721,341
1738793721,None
1738793727,354
1738793730,338
1738793733,342
1738793735,338
1738793738,343
1738793742,341
1738793745,346
1738793748,335
1738793751,343
1738793754,343
1738793757,339
1738793760,339
1738793763,342
1738793766,341
1738793769,459
1738793772,587
1738793775,596
1738793779,585
1738793781,499
1738793784,348
1738793788,340
1738793791,344
1738793793,347
1738793797,343
1738793800,339
1738793803,350
1738793806,342
1738793809,342
1738793812,347
1738793812,None
1738793818,348
1738793818,None
1738793825,530
1738793827,593
1738793830,589
1738793833,582
1738793836,411
1738793839,338
1738793842,346
1738793845,349
1738793848,345
1738793851,342
1738793854,346
1738793858,345
1738793861,336
1738793864,348
1738793867,344
1738793870,338
1738793873,349
1738793873,None
1738793879,343
1738793882,348
1738793885,338
1738793888,349
1738793891,340
1738793891,None
1738793897,347
1738793900,355
1738793903,354
1738793907,355
1738793910,349
1738793914,349
1738793916,357
1738793916,None
1738793916,None
1738793925,352
1738793925,None
1738793931,348
1738793934,351
1738793937,352
1738793940,349
1738793940,None
1738793946,352
1738793949,349
1738793952,356
1738793955,346
1738793958,358
1738793962,353
1738793965,356
1738793967,352
1738793970,352
1738793970,None
1738793977,357
1738793980,348
1738793982,359
1738793986,349
1738793989,350
1738793992,351
1738793995,352
1738793998,353
1738794001,353
1738794004,347
1738794007,353
1738794010,350
1738794013,358
1738794016,350
1738794019,359
1738794022,355
1738794025,355
1738794029,355
1738794031,352
1738794034,358
1738794034,None
1738794041,359
1738794044,350
1738794046,354
1738794050,348
1738794053,353
1738794056,352
1738794059,350
1738794062,347
1738794065,357
1738794068,344
1738794071,355
1738794071,None
1738794077,349
1738794080,353
1738794084,352
1738794086,350
1738794089,355
1738794092,354
1738794095,344
1738794098,356
1738794101,355
1738794104,351
1738794108,354
1738794111,355
1738794114,353
1738794117,353
1738794120,351
1738794123,354
1738794126,349
1738794130,355
1738794132,357
1738794135,349
1738794138,364
1738794141,352
1738794144,352
1738794147,357
1738794150,351
1738794153,359
1738794153,None
1738794160,364
1738794162,355
1738794165,353
1738794168,363
1738794172,352
1738794174,357
1738794178,458
1738794181,607
1738794184,605
1738794187,604
1738794190,459
1738794193,352
1738794196,496
1738794199,601
1738794202,601
1738794205,605
1738794208,402
1738794211,361
1738794214,358
1738794218,354
1738794223,360
1738794224,358
1738794227,355
1738794230,357
1738794233,360
1738794236,352
1738794239,371
1738794242,365
1738794245,370
1738794248,365
1738794251,367
1738794255,366
1738794257,315
1738794261,221
1738794264,216
1738794264,None
1738794270,213
1738794270,None
1738794276,223
1738794279,227
1738794282,224
1738794285,222
1738794288,220
1738794291,221
1738794294,225
1738794297,217
1738794300,230
1738794304,220
1738794306,223
1738794310,219
1738794312,223
1738794316,228
1738794319,225
1738794322,218
1738794325,217
1738794325,None
1738794331,216
1738794334,227
1738794334,None
1738794340,224
1738794343,223
1738794346,225
1738794349,226
1738794352,212
1738794355,223
1738794358,215
1738794361,216
1738794364,208
1738794367,214
1738794367,None
1738794374,213
1738794376,214
1738794379,217
1738794382,212
1738794385,206
1738794388,213
1738794392,155
1738794395,161
1738794398,165
1738794401,162
1738794404,163
1738794407,166
1738794410,155
1738794413,166
1738794416,158
1738794419,155
1738794422,159
1738794425,155
1738794428,155
1738794431,158
1738794435,156
1738794437,156
1738794440,158
1738794444,157
1738794446,157
1738794450,152
1738794453,162
1738794456,407
1738794459,410
1738794462,411
1738794465,408
1738794468,287
1738794471,161
1738794474,155
1738794477,155
1738794481,144
1738794483,152
1738794486,153
1738794489,152
1738794492,150
1738794496,211
1738794498,401
1738794501,403
1738794504,403
1738794508,325
1738794511,154
1738794514,157
1738794517,145
1738794520,158
1738794523,148
1738794526,150
1738794529,155
1738794532,147
1738794535,149
1738794538,147
1738794541,155
1738794544,151
1738794547,143
1738794550,150
1738794553,154
1738794557,150
1738794559,143
1738794562,147
1738794566,149
1738794569,146
1738794572,138
1738794575,139
1738794578,153
1738794581,155
1738794584,145
1738794587,146
1738794590,150
1738794593,138
1738794596,144
1738794596,None
1738794602,145
1738794605,140
1738794608,140
1738794611,152
1738794614,143
1738794618,142
1738794620,147
1738794623,140
1738794626,142
1738794629,156
1738794632,145
1738794636,140
1738794639,148
1738794642,143
1738794645,150
1738794648,139
1738794651,152
1738794654,147
1738794657,139
1738794660,147
1738794663,149
1738794666,143
1738794670,151
1738794672,152
1738794675,146
1738794679,149
1738794681,142
1738794684,152
1738794688,147
1738794691,168
1738794694,170
1738794697,168
1738794700,162
1738794703,169
1738794706,164
1738794709,174
1738794712,159
1738794715,165
1738794715,None
1738794715,None
1738794724,170
1738794724,None
1738794731,162
1738794733,165
1738794737,161
1738794739,165
1738794742,169
1738794745,165
1738794748,163
1738794751,163
1738794754,216
1738794758,418
1738794761,412
1738794764,424
1738794767,425
1738794770,302
1738794770,None
1738794776,169
1738794779,165
1738794782,169
1738794782,None
1738794782,None
1738794791,173
1738794794,165
1738794797,159
1738794801,169
1738794804,169
1738794806,171
1738794809,163
1738794813,169
1738794815,165
1738794819,165
1738794822,177
1738794825,168
1738794828,164
1738794831,162
1738794834,171
1738794837,164
1738794840,169
1738794843,170
1738794846,174
1738794849,167
1738794852,162
1738794855,253
1738794859,412
1738794861,411
1738794864,414
1738794867,412
1738794870,211
1738794874,165
1738794876,164
1738794880,159
1738794882,164
1738794886,163
1738794888,178
1738794892,169
1738794895,179
1738794898,167
1738794901,169
1738794904,170
1738794907,169
1738794910,169
1738794913,171
1738794916,164
1738794919,168
1738794922,162
1738794925,162
1738794929,162
1738794931,154
1738794934,144
1738794937,136
1738794940,145
1738794940,None
1738794946,143
1738794950,137
1738794950,None
1738794956,141
1738794958,141
1738794962,139
1738794965,139
1738794968,139
1738794971,140
1738794974,141
1738794977,142
1738794980,140
1738794983,143
1738794983,None
1738794989,140
1738794989,None
1738794995,138
1738794998,139
1738795001,138
1738795004,142
1738795004,None
1738795010,150
1738795013,143
1738795017,149
1738795019,148
1738795022,231
1738795025,407
1738795028,404
1738795032,402
1738795035,406
1738795038,403
1738795041,401
1738795044,398
1738795047,407
1738795050,405
1738795053,401
1738795056,402
1738795056,None
1738795062,402
1738795065,401
1738795068,401
1738795071,410
1738795074,404
1738795078,405
1738795081,401
1738795083,396
1738795083,None
1738795090,399
1738795093,395
1738795095,395
1738795099,384
1738795102,397
1738795105,397
1738795108,395
1738795111,392
1738795114,391
1738795117,391
1738795120,401
1738795123,395
1738795126,396
1738795129,393
1738795133,388
1738795135,393
1738795138,402
1738795141,388
1738795145,390
1738795147,388
1738795150,393
1738795154,390
1738795157,382
1738795160,386
1738795163,394
1738795166,391
1738795169,389
1738795172,396
1738795175,392
1738795178,389
1738795181,395
1738795184,390
1738795188,383
1738795190,391
1738795193,387
1738795197,384
1738795199,391
1738795199,None
1738795206,391
1738795209,393
1738795212,392
1738795214,391
1738795217,399
1738795221,393
1738795224,396
1738795224,None
1738795230,390
1738795233,395
1738795233,None
1738795240,386
1738795242,281
1738795245,132
1738795248,130
1738795248,None
1738795254,409
1738795258,464
1738795258,None
1738795263,1018
1738795267,1846
1738795270,1821
1738795273,1447
1738795276,1547
1738795279,1614
1738795279,None
1738795285,1586
1738795288,1573
1738795288,None
1738795294,1605
1738795297,1636
1738795300,1460
1738795303,1315
1738795306,1333
1738795309,1297
1738795313,1300
1738795315,1293
1738795318,1296
1738795321,1297
1738795325,1293
1738795327,1301
1738795331,1282
1738795334,1291
1738795337,1301
1738795340,1401
1738795343,1433
1738795346,1457
1738795349,1577
1738795352,1567
1738795355,1555
1738795358,1543
1738795361,1488
1738795364,1410
1738795367,1410
1738795371,1414
1738795374,1353
1738795376,1282
1738795379,1278
1738795383,1275
1738795386,1280
1738795389,1434
1738795392,1419
1738795395,1422
1738795398,1414
1738795401,1471
1738795404,1651
1738795407,1787
1738795410,1775
1738795413,1653
1738795416,1598
1738795419,1405
1738795422,1400
1738795426,1353
1738795428,1278
1738795431,1271
1738795435,1290
1738795437,1300
1738795440,1426
1738795443,1419
1738795447,1416
1738795450,1416
1738795450,None
1738795455,1412
1738795459,1421
1738795462,1412
1738795465,1409
1738795468,1418
1738795471,1409
1738795474,1410
1738795477,1420
1738795480,1419
1738795483,1406
1738795486,1415
1738795489,1418
1738795493,1415
1738795495,1420
1738795498,1414
1738795501,1401
1738795504,1357
1738795507,1293
1738795510,1408
1738795514,1409
1738795516,1403
1738795520,1412
1738795520,None
1738795526,1405
1738795529,1397
1738795532,1414
1738795535,1397
1738795538,1277
1738795541,1272
1738795544,1387
1738795547,1414
1738795550,1405
1738795553,1413
1738795556,1410
1738795559,1410
1738795562,1418
1738795565,1405
1738795568,1409
1738795572,1401
1738795572,None
1738795578,1405
1738795581,1337
1738795584,1273
1738795586,1271
1738795586,None
1738795593,1414
1738795596,1404
1738795599,1398
1738795602,1405
1738795605,1397
1738795608,1403
1738795611,1403
1738795614,1400
1738795617,1403
1738795617,None
1738795623,1402
1738795626,1408
1738795629,1444
1738795633,1652
1738795635,1648
1738795639,1597
1738795642,1386
1738795645,1277
1738795648,1273
1738795651,1355
1738795654,1443
1738795657,1530
1738795657,None
1738795663,1507
1738795663,None
1738795669,1494
1738795672,1487
1738795675,1494
1738795678,1486
1738795681,1486
1738795684,1479
1738795687,1474
1738795690,1478
1738795693,1475
1738795697,1476
1738795697,None
1738795703,1475
1738795705,1469
1738795709,1408
1738795712,1327
1738795715,1334
1738795718,1326
1738795721,1332
1738795724,1346
1738795727,1484
1738795730,1469
1738795733,1675
1738795736,1721
1738795739,1719
1738795742,1720
1738795745,1715
1738795748,1496
1738795748,None
1738795754,1472
1738795757,1475
1738795761,1464
1738795763,1480
1738795766,1475
1738795766,None
1738795773,1473
1738795776,1465
1738795778,1469
1738795782,1339
1738795785,1346
1738795788,1346
1738795791,1336
1738795794,1346
1738795797,1458
1738795800,1488
1738795803,1478
1738795806,1475
1738795809,1475
1738795812,1472
1738795815,1465
1738795818,1460
1738795821,1473
1738795824,1464
1738795827,1463
1738795830,1475
1738795833,1479
1738795833,None
1738795840,1418
1738795843,1345
1738795845,1348
1738795849,1482
1738795852,1482
1738795855,1477
1738795857,1467
1738795861,1468
1738795864,1466
1738795867,1475
1738795870,1470
1738795873,1476
1738795876,1368
1738795879,1342
1738795883,1355
1738795885,1343
1738795888,1339
1738795891,1409
1738795894,1489
1738795898,1484
1738795900,1471
1738795903,1468
1738795907,1474
1738795910,1471
1738795913,1464
1738795916,1470
1738795919,1474
1738795922,1473
1738795925,1478
1738795928,1476
1738795931,1469
1738795934,1462
1738795937,1464
1738795940,1345
1738795943,1338
1738795946,1341
1738795949,1333
1738795952,1343
1738795955,1411
1738795958,1482
1738795961,1491
1738795964,1482
1738795967,1471
1738795970,1542
1738795970,None
1738795977,1730
1738795980,1713
1738795983,1595
1738795985,1475
1738795989,1467
1738795992,1466
1738795995,1472
1738795998,1368
1738796001,1336
1738796004,1335
1738796004,None
1738796011,1416
1738796013,1492
1738796016,1474
1738796019,1474
1738796023,1478
1738796025,1477
1738796028,1476
1738796031,1468
1738796034,1473
1738796037,1475
1738796041,1467
1738796044,1472
1738796047,1464
1738796050,1468
1738796053,1452
1738796056,1337
1738796056,None
1738796062,1357
1738796062,None
1738796068,1359
1738796071,1424
1738796074,1517
1738796077,1508
1738796080,1529
1738796083,1511
1738796087,1509
1738796089,1508
1738796093,1506
1738796096,1499
1738796098,1501
1738796102,1500
1738796105,1506
1738796108,1512
1738796111,1462
1738796114,659
1738796117,600
1738796120,496
1738796123,269
1738796127,257
1738796129,274
1738796132,260
1738796135,392
1738796138,477
1738796142,479
1738796144,482
1738796147,473
1738796150,471
1738796150,None
1738796157,466
1738796159,470
1738796162,460
1738796166,472
1738796166,None
1738796172,467
1738796174,470
1738796178,458
1738796181,409
1738796184,331
1738796187,330
1738796190,327
1738796193,333
1738796193,None
1738796199,453
1738796202,486
1738796206,472
1738796208,476
1738796211,471
1738796214,468
1738796218,469
1738796220,472
1738796223,471
1738796226,468
1738796229,475
1738796233,467
1738796236,472
1738796238,464
1738796242,465
1738796245,408
1738796248,332
1738796251,333
1738796251,None
1738796257,331
1738796260,324
1738796263,395
1738796266,486
1738796269,478
1738796272,478
1738796275,470
1738796278,477
1738796281,469
1738796285,477
1738796287,467
1738796291,475
1738796293,475
1738796297,732
1738796300,722
1738796303,716
1738796306,722
1738796308,608
1738796311,415
1738796316,330
1738796318,337
1738796318,None
1738796324,336
1738796327,350
1738796330,495
1738796333,478
1738796336,485
1738796339,479
1738796342,469
1738796345,476
1738796348,465
1738796352,470
1738796354,464
1738796358,481
1738796358,None
1738796364,486
1738796367,497
1738796370,493
1738796373,375
1738796376,381
1738796379,377
1738796382,377
1738796385,395
1738796388,537
1738796391,522
1738796394,515
1738796397,501
1738796400,492
1738796404,526
1738796406,522
1738796406,None
1738796412,518
1738796415,525
1738796418,523
1738796422,515
1738796424,526
1738796427,501
1738796431,498
1738796434,401
1738796437,488
1738796440,628
1738796443,619
1738796446,628
1738796449,524
1738796452,524
1738796455,514
1738796458,515
1738796461,516
1738796464,512
1738796467,510
1738796470,498
1738796470,None
1738796476,512
1738796480,514
1738796483,515
1738796485,517
1738796488,514
1738796492,488
1738796495,364
1738796498,364
1738796501,368
1738796504,375
1738796507,492
1738796510,519
1738796513,515
1738796516,518
1738796519,509
1738796522,512
1738796525,521
1738796529,520
1738796531,511
1738796534,504
1738796537,502
1738796540,510
1738796544,501
1738796547,496
1738796550,363
1738796550,None
1738796556,371
1738796559,364
1738796562,364
1738796565,437
1738796568,526
1738796571,514
1738796574,516
1738796577,506
1738796580,511
1738796583,507
1738796586,501
1738796590,508
1738796593,501
1738796595,502
1738796599,508
1738796602,500
1738796604,495
1738796608,520
1738796612,551
1738796614,463
1738796617,431
1738796620,430
1738796623,438
1738796626,429
1738796629,449
1738796632,588
1738796635,585
1738796638,580
1738796641,574
1738796644,572
1738796644,None
1738796650,571
1738796653,568
1738796657,572
1738796659,568
1738796663,567
1738796666,566
1738796669,664
1738796672,820
1738796675,763
1738796678,689
1738796681,671
1738796684,437
1738796687,445
1738796690,589
1738796693,581
1738796693,None
1738796699,567
1738796702,575
1738796705,573
1738796708,561
1738796711,575
1738796714,570
1738796718,563
1738796721,567
1738796724,567
1738796727,559
1738796730,561
1738796733,548
1738796736,434
1738796739,431
1738796742,428
1738796745,420
1738796748,434
1738796751,434
1738796754,546
1738796758,579
1738796760,572
1738796763,571
1738796767,576
1738796770,580
1738796773,569
1738796776,567
1738796779,580
1738796783,573
1738796785,579
1738796788,577
1738796791,574
1738796794,569
1738796797,574
1738796800,574
1738796803,563
1738796806,576
1738796809,465
1738796812,430
1738796816,702
1738796818,694
1738796818,None
1738796825,706
1738796828,676
1738796831,581
1738796834,580
1738796837,585
1738796840,576
1738796843,576
1738796846,579
1738796849,576
1738796852,582
1738796852,None
1738796858,572
1738796861,573
1738796864,572
1738796864,None
1738796870,576
1738796874,566
1738796876,563
1738796876,None
1738796883,442
1738796886,435
1738796889,436
1738796892,437
1738796895,513
1738796898,592
1738796901,588
1738796901,None
1738796907,582
1738796911,586
1738796913,578
1738796916,579
1738796919,569
1738796923,579
1738796925,566
1738796925,None
1738796932,567
1738796935,569
1738796937,568
1738796941,511
1738796941,None
1738796947,433
1738796950,429
1738796954,456
1738796956,555
1738796959,573
1738796962,581
1738796965,583
1738796965,None
1738796971,573
1738796974,572
1738796977,572
1738796981,560
1738796983,569
1738796986,575
1738796989,570
1738796993,562
1738796995,572
1738796999,434
1738797001,432
1738797005,434
1738797008,432
1738797011,509
1738797014,590
1738797017,574
1738797020,567
1738797023,582
1738797026,569
1738797029,565
1738797032,699
1738797035,821
1738797038,813
1738797041,815
1738797045,802
1738797047,675
1738797050,778
1738797053,1923
1738797056,1929
1738797059,1903
1738797062,1784
1738797065,1782
1738797068,1792
1738797071,1806
1738797075,1804
1738797078,1794
1738797080,1865
1738797084,1947
1738797087,1935
1738797089,1929
1738797093,1911
1738797096,1573
1738797099,498
1738797102,493
1738797105,494
1738797108,495
1738797108,None
1738797114,468
1738797117,480
1738797120,469
1738797123,467
1738797126,462
1738797129,459
1738797132,463
1738797136,466
1738797138,406
1738797142,328
1738797144,335
1738797148,331
1738797151,332
1738797154,346
1738797157,495
1738797160,481
1738797163,471
1738797166,476
1738797169,471
1738797172,465
1738797175,471
1738797178,470
1738797181,476
1738797184,460
1738797187,471
1738797190,469
1738797193,462
1738797196,470
1738797199,466
1738797202,463
1738797205,466
1738797208,409
1738797212,330
1738797215,329
1738797218,481
1738797221,596
1738797224,602
1738797227,758
1738797230,556
1738797233,482
1738797236,480
1738797239,476
1738797242,472
1738797245,473
1738797248,476
1738797251,471
1738797254,478
1738797257,469
1738797260,470
1738797263,467
1738797266,467
1738797270,467
1738797272,469
1738797275,467
1738797278,409
1738797281,327
1738797285,334
1738797288,324
1738797291,336
1738797294,357
1738797297,515
1738797297,None
1738797303,494
1738797306,473
1738797309,478
1738797312,474
1738797315,482
1738797318,469
1738797321,481
1738797325,513
1738797327,526
1738797330,525
1738797334,526
1738797337,511
1738797340,502
1738797343,508
1738797346,501
1738797348,491
1738797352,377
1738797355,374
1738797358,386
1738797362,374
1738797364,381
1738797367,499
1738797370,532
1738797373,529
1738797376,526
1738797379,521
1738797382,526
1738797385,516
1738797389,525
1738797391,515
1738797395,524
1738797398,515
1738797401,518
1738797404,519
1738797407,509
1738797410,521
1738797413,519
1738797416,451
1738797419,384
1738797422,377
1738797425,384
1738797428,382
1738797431,500
1738797434,528
1738797434,None
1738797441,751
1738797444,774
1738797446,772
1738797449,757
1738797453,512
1738797456,514
1738797458,515
1738797462,512
1738797465,516
1738797468,504
1738797471,518
1738797475,506
1738797477,493
1738797480,377
1738797483,368
1738797483,None
1738797489,371
1738797489,None
1738797495,445
1738797498,525
1738797502,532
1738797504,521
1738797507,514
1738797511,512
1738797514,513
1738797517,511
1738797520,510
1738797523,499
1738797526,507
1738797529,512
1738797532,505
1738797535,501
1738797538,511
1738797542,503
1738797544,507
1738797547,504
1738797551,446
1738797553,375
1738797557,368
1738797559,371
1738797562,363
1738797562,None
1738797569,528
1738797572,515
1738797575,518
1738797578,514
1738797581,508
1738797584,512
1738797587,511
1738797590,503
1738797593,505
1738797593,None
1738797599,677
1738797602,766
1738797605,779
1738797608,770
1738797611,738
1738797614,566
1738797617,445
1738797621,380
1738797624,370
1738797627,378
1738797629,373
1738797633,445
1738797635,536
1738797639,517
1738797642,512
1738797645,510
1738797648,506
1738797651,509
1738797654,501
1738797657,508
1738797660,501
1738797663,504
1738797666,506
1738797669,505
1738797672,504
1738797675,498
1738797675,None
1738797681,382
1738797684,367
1738797687,362
1738797691,435
1738797693,520
1738797696,513
1738797700,515
1738797700,None
1738797705,513
1738797708,504
1738797712,498
1738797715,505
1738797718,511
1738797721,511
1738797724,502
1738797727,509
1738797730,499
1738797733,505
1738797736,450
1738797739,370
1738797742,368
1738797742,None
1738797749,362
1738797752,439
1738797754,531
1738797758,521
1738797761,510
1738797764,512
1738797767,516
1738797770,504
1738797773,502
1738797776,505
1738797779,774
1738797782,762
1738797785,762
1738797788,759
1738797791,502
1738797794,499
1738797797,408
1738797800,370
1738797800,None
1738797806,363
1738797809,381
1738797813,523
1738797816,523
1738797818,515
1738797822,508
1738797825,520
1738797827,515
1738797831,504
1738797833,507
1738797837,511
1738797840,512
1738797843,510
1738797846,508
1738797849,505
1738797852,505
1738797855,476
1738797858,467
1738797861,335
1738797864,333
1738797867,330
1738797867,None
1738797873,329
1738797873,None
1738797879,476
1738797882,474
1738797882,None
1738797889,463
1738797891,459
1738797895,454
1738797898,453
1738797901,449
1738797904,531
1738797907,558
1738797910,558
1738797913,556
1738797916,552
1738797919,560
1738797922,538
1738797925,419
1738797928,419
1738797932,422
1738797934,421
1738797938,438
1738797941,537
1738797943,573
1738797946,566
1738797950,557
1738797950,None
1738797956,557
1738797959,556
1738797962,551
1738797965,552
1738797968,552
1738797971,549
1738797974,549
1738797977,544
1738797981,554
1738797983,546
1738797986,543
1738797990,444
1738797992,410
1738797995,409
1738797999,407
1738798002,416
1738798005,421
1738798008,566
1738798008,None
1738798014,561
1738798017,550
1738798020,556
1738798023,552
1738798026,546
1738798029,554
1738798032,553
1738798035,550
1738798038,544
1738798041,546
1738798044,547
1738798047,552
1738798051,543
1738798053,549
1738798057,480
1738798059,406
1738798063,410
1738798066,406
1738798069,425
1738798072,407
1738798075,536
1738798078,561
1738798081,719
1738798084,809
1738798087,817
1738798090,809
1738798093,623
1738798096,549
1738798099,542
1738798099,None
1738798105,543
1738798108,542
1738798111,544
1738798114,548
1738798118,543
1738798120,549
1738798123,527
1738798127,410
1738798130,552
1738798133,663
1738798136,664
1738798139,681
1738798142,822
1738798145,608
1738798148,562
1738798151,555
1738798154,555
1738798158,548
1738798160,542
1738798164,552
1738798166,545
1738798169,547
1738798173,545
1738798176,544
1738798176,None
1738798182,549
1738798185,534
1738798185,None
1738798191,417
1738798194,404
1738798197,413
1738798200,427
1738798203,565
1738798206,558
1738798209,554
1738798212,553
1738798215,550
1738798218,542
1738798221,527
1738798224,402
1738798228,340
1738798230,343
1738798234,329
1738798237,328
1738798239,333
1738798244,304
1738798246,289
1738798249,304
1738798252,301
1738798254,298
1738798258,291
1738798261,300
1738798264,308
1738798267,297
1738798271,298
1738798273,297
1738798276,306
1738798279,302
1738798282,308
1738798285,297
1738798285,None
1738798291,302
1738798294,298
1738798294,None
1738798300,302
1738798303,296
1738798306,288
1738798310,295
1738798313,294
1738798316,292
1738798319,294
1738798321,290
1738798325,290
1738798328,289
1738798331,289
1738798334,292
1738798337,285
1738798341,290
1738798343,285
1738798343,None
1738798349,291
1738798352,289
1738798355,293
1738798358,292
1738798361,293
1738798364,290
1738798367,286
1738798370,300
1738798374,290
1738798376,284
1738798380,294
1738798383,290
1738798386,292
1738798389,294
1738798391,293
1738798395,294
1738798395,None
1738798402,298
1738798404,282
1738798407,294
1738798410,286
1738798413,291
1738798416,293
1738798416,None
1738798422,289
1738798425,288
1738798425,None
1738798431,286
1738798434,289
1738798437,285
1738798440,287
1738798444,292
1738798446,283
1738798449,294
1738798449,None
1738798455,382
1738798459,541
1738798462,543
1738798462,None
1738798468,532
1738798468,None
1738798474,294
1738798477,282
1738798480,287
1738798483,283
1738798486,289
1738798489,292
1738798492,288
1738798495,283
1738798498,300
1738798501,287
1738798504,289
1738798507,291
1738798510,285
1738798513,289
1738798516,280
1738798519,292
1738798522,289
1738798525,286
1738798525,None
1738798525,None
1738798534,286
1738798537,293
1738798541,290
1738798543,290
1738798547,289
1738798547,None
1738798553,289
1738798556,291
1738798559,284
1738798562,287
1738798565,296
1738798568,364
1738798571,548
1738798574,558
1738798577,574
1738798580,426
1738798583,316
1738798587,316
1738798589,322
1738798592,312
1738798595,315
1738798598,318
1738798602,317
1738798605,317
1738798608,318
1738798611,315
1738798614,313
1738798617,316
1738798617,None
1738798623,316
1738798626,313
1738798629,309
1738798632,312
1738798635,311
1738798638,314
1738798641,312
1738798644,316
1738798647,312
1738798651,293
1738798654,290
1738798656,294
1738798660,295
1738798660,None
1738798665,291
1738798669,295
1738798672,290
1738798674,300
1738798678,295
1738798681,296
1738798684,295
1738798687,304
1738798691,298
1738798693,294
1738798696,287
1738798699,300
1738798702,308
1738798705,294
1738798708,294
1738798711,295
1738798714,298
1738798717,297
1738798720,301
1738798724,293
1738798726,289
1738798730,304
1738798733,294
1738798733,None
1738798739,299
1738798739,None
1738798745,299
1738798748,293
1738798751,295
1738798754,309
1738798757,312
1738798760,323
1738798763,310
1738798766,320
1738798769,316
1738798772,317
1738798776,318
1738798779,320
1738798782,316
1738798785,321
1738798788,319
1738798791,310
1738798794,324
1738798797,314
1738798800,314
1738798803,317
1738798806,311
1738798810,317
1738798812,308
1738798812,None
1738798818,325
1738798821,315
1738798824,312
1738798827,310
1738798831,316
1738798834,307
1738798837,312
1738798840,325
1738798843,312
1738798846,309
1738798848,314
1738798848,None
1738798855,317
1738798855,None
1738798861,308
1738798864,319
1738798867,315
1738798870,313
1738798873,350
1738798876,570
1738798879,566
1738798882,598
1738798885,805
1738798888,569
1738798891,575
1738798894,563
1738798897,412
1738798900,316
1738798904,318
1738798906,317
1738798909,318
1738798913,311
1738798916,319
1738798919,317
1738798922,310
1738798925,321
1738798928,320
1738798931,313
1738798934,314
1738798934,None
1738798940,316
1738798943,310
1738798946,314
1738798949,317
1738798952,310
1738798955,318
1738798958,312
1738798961,310
1738798964,316
1738798968,318
1738798971,313
1738798974,317
1738798977,312
1738798980,317
1738798983,312
1738798983,None
1738798989,314
1738798989,None
1738798996,314
1738798998,307
1738799001,321
1738799004,315
1738799004,None
1738799010,315
1738799013,314
1738799017,318
1738799020,318
1738799023,314
1738799025,310
1738799029,314
1738799029,None
1738799035,316
1738799037,309
1738799041,318
1738799044,310
1738799047,307
1738799050,317
1738799053,324
1738799056,316
1738799060,311
1738799060,None
1738799065,314
1738799068,308
1738799071,311
1738799074,325
1738799074,None
1738799081,310
1738799083,313
1738799086,317
1738799090,315
1738799090,None
1738799090,None
1738799098,319
1738799101,320
1738799105,315
1738799108,310
1738799111,322
1738799111,None
1738799117,310
1738799120,315
1738799123,309
1738799126,319
1738799129,304
1738799129,None
1738799135,310
1738799138,317
1738799141,315
1738799144,313
1738799147,319
1738799150,313
1738799154,315
1738799157,314
1738799160,312
1738799162,324
1738799165,310
1738799169,316
1738799172,314
1738799175,320
1738799178,318
1738799181,309
1738799184,309
1738799187,324
1738799190,308
1738799193,307
1738799196,309
1738799200,305
1738799202,314
1738799206,313
1738799208,312
1738799212,303
1738799214,302
1738799218,319
1738799221,310
1738799224,314
1738799227,313
1738799230,310
1738799233,317
1738799233,None
1738799233,None
1738799242,313
1738799245,313
1738799248,312
1738799251,308
1738799254,317
1738799258,312
1738799260,310
1738799264,313
1738799266,314
1738799269,677
1738799272,822
1738799276,676
1738799279,668
1738799282,602
1738799285,207
1738799288,159
1738799291,161
1738799294,161
1738799297,161
1738799300,165
1738799303,159
1738799306,158
1738799309,159
1738799312,159
1738799315,159
1738799318,160
1738799322,159
1738799325,157
1738799327,165
1738799330,156
1738799333,161
1738799337,160
1738799339,157
1738799343,156
1738799346,152
1738799349,158
1738799352,159
1738799355,162
1738799358,152
1738799361,154
1738799364,170
1738799364,None
1738799370,153
1738799373,159
1738799376,151
1738799379,160
1738799382,163
1738799385,155
1738799388,153
1738799392,162
1738799394,160
1738799397,157
1738799400,155
1738799403,161
1738799407,140
1738799409,139
1738799413,139
1738799416,143
1738799419,135
1738799422,150
1738799425,141
1738799428,142
1738799431,139
1738799434,139
1738799437,135
1738799440,141
1738799443,137
1738799446,147
1738799449,137
1738799453,144
1738799455,139
1738799458,143
1738799458,None
1738799465,138
1738799468,140
1738799471,142
1738799474,134
1738799477,148
1738799480,136
1738799483,147
1738799486,138
1738799489,140
1738799492,141
1738799495,141
1738799499,142
1738799501,145
1738799504,136
1738799507,145
1738799510,135
1738799514,139
1738799517,145
1738799519,137
1738799523,132
1738799525,138
1738799529,144
1738799532,140
1738799535,139
1738799538,148
1738799541,138
1738799544,140
1738799547,140
1738799550,143
1738799553,145
1738799556,135
1738799559,141
1738799562,148
1738799565,146
1738799568,146
1738799571,201
1738799574,301
1738799577,338
1738799580,335
1738799583,325
1738799586,300
1738799589,284
1738799592,257
1738799595,264
1738799598,277
1738799602,273
1738799605,261
1738799608,262
1738799611,270
1738799614,258
1738799617,257
1738799617,None
1738799623,261
1738799626,255
1738799629,260
1738799632,268
1738799635,258
1738799638,265
1738799641,264
1738799645,266
1738799647,266
1738799651,265
1738799654,268
1738799657,262
1738799660,276
1738799663,268
1738799666,268
1738799666,None
1738799672,528
1738799675,524
1738799678,520
1738799681,298
1738799684,264
1738799687,298
1738799690,523
1738799693,523
1738799696,524
1738799699,448
1738799702,265
1738799706,267
1738799709,268
1738799711,266
1738799715,268
1738799718,262
1738799721,261
1738799724,266
1738799727,265
1738799730,268
1738799733,261
1738799736,262
1738799739,270
1738799742,263
1738799745,269
1738799748,269
1738799751,266
1738799754,270
1738799757,271
1738799760,263
1738799764,273
1738799766,268
1738799770,271
1738799773,262
1738799775,263
1738799778,264
1738799782,263
1738799785,265
1738799785,None
1738799791,264
1738799794,272
1738799797,260
1738799800,270
1738799803,263
1738799806,266
1738799809,271
1738799812,265
1738799815,264
1738799818,270
1738799821,258
1738799821,None
1738799827,262
1738799827,None
1738799833,263
1738799837,261
1738799840,267
1738799843,262
1738799846,260
1738799849,271
1738799851,262
1738799855,271
1738799858,260
1738799861,267
1738799864,269
1738799867,264
1738799870,265
1738799873,266
1738799876,261
1738799879,267
1738799883,258
1738799885,266
1738799888,265
1738799891,264
1738799894,260
1738799897,258
1738799900,262
1738799903,264
1738799906,263
1738799909,265
1738799913,257
1738799916,267
1738799918,260
1738799922,260
1738799925,267
1738799928,258
1738799931,257
1738799934,259
1738799937,262
1738799940,257
1738799940,None
1738799946,268
1738799949,261
1738799952,267
1738799955,267
1738799958,260
1738799961,265
1738799965,259
1738799968,267
1738799970,267
1738799973,259
1738799977,258
1738799979,269
1738799982,263
1738799986,260
1738799988,259
1738799992,270
1738799995,507
1738799998,518
1738800001,507
1738800001,None
1738800007,298
1738800010,273
1738800013,262
1738800016,262
1738800019,268
1738800022,266
1738800025,264
1738800028,273
1738800031,265
1738800034,255
1738800037,275
1738800040,265
1738800044,268
1738800046,262
1738800049,265
1738800053,269
1738800055,265
1738800058,256
1738800062,275
1738800065,267
1738800068,267
1738800071,456
1738800074,526
1738800077,529
1738800080,526
1738800083,367
1738800086,275
1738800089,265
1738800092,265
1738800095,266
1738800099,271
1738800099,None
1738800105,263
1738800108,261
1738800111,264
1738800114,268
1738800117,261
1738800120,266
1738800123,262
1738800123,None
1738800129,269
1738800132,261
1738800135,260
1738800138,269
1738800141,261
1738800144,256
1738800147,271
1738800150,267
1738800153,258
1738800156,263
1738800159,256
1738800163,263
1738800165,264
1738800168,259
1738800172,256
1738800174,266
1738800178,258
1738800181,253
1738800184,260
1738800187,262
1738800190,258
1738800193,262
1738800196,255
1738800199,268
1738800202,262
1738800202,None
1738800208,269
1738800211,259
1738800214,257
1738800217,259
1738800220,262
1738800223,263
1738800227,260
1738800227,None
1738800233,257
1738800236,251
1738800236,None
1738800242,255
1738800245,260
1738800248,256
1738800251,255
1738800254,260
1738800257,267
1738800260,258
1738800263,268
1738800266,256
1738800269,269
1738800272,261
1738800275,262
1738800278,261
1738800281,261
1738800284,261
1738800287,264
1738800290,255
1738800293,265
1738800296,257
1738800299,260
1738800303,258
1738800303,None
1738800309,257
1738800312,260
1738800312,None
1738800318,263
1738800320,261
1738800324,266
1738800327,258
1738800330,266
1738800333,254
1738800336,267
1738800339,256
1738800342,264
1738800345,258
1738800348,261
1738800351,400
1738800354,512
1738800357,519
1738800360,511
1738800363,510
1738800366,256
1738800370,263
1738800373,258
1738800376,260
1738800379,260
1738800382,261
1738800385,256
1738800388,262
1738800391,260
1738800394,252
1738800398,259
1738800400,263
1738800403,257
1738800406,262
1738800409,255
1738800413,255
1738800415,266
1738800415,None
1738800422,255
1738800424,253
1738800427,254
1738800431,257
1738800434,257
1738800437,249
1738800439,258
1738800443,259
1738800446,263
1738800449,255
1738800452,258
1738800455,264
1738800458,255
1738800461,261
1738800461,None
1738800467,259
1738800470,254
1738800473,260
1738800476,262
1738800476,None
1738800482,522
1738800485,515
1738800488,522
1738800491,517
1738800494,266
1738800497,261
1738800500,257
1738800504,259
1738800507,258
1738800510,261
1738800513,261
1738800516,261
1738800519,261
1738800522,256
1738800525,257
1738800528,261
1738800531,259
1738800534,262
1738800537,259
1738800540,255
1738800543,265
1738800546,257
1738800549,264
1738800552,258
1738800555,261
1738800558,255
1738800561,258
1738800564,257
1738800567,253
1738800570,257
1738800574,256
1738800577,260
1738800580,249
1738800583,259
1738800586,256
1738800589,255
1738800592,261
1738800595,257
1738800599,259
1738800601,255
1738800604,261
1738800607,260
1738800611,258
1738800613,270
1738800617,252
1738800619,257
1738800623,257
1738800626,257
1738800629,262
1738800632,261
1738800635,258
1738800638,261
1738800641,253
1738800641,None
1738800647,252
1738800650,261
1738800653,264
1738800657,258
1738800659,261
1738800662,257
1738800665,259
1738800668,261
1738800672,253
1738800675,261
1738800677,256
1738800681,263
1738800684,255
1738800687,262
1738800690,253
1738800693,257
1738800696,256
1738800699,259
1738800702,262
1738800705,258
1738800708,250
1738800711,251
1738800714,260
1738800717,254
1738800721,248
1738800723,263
1738800727,254
1738800729,252
1738800732,256
1738800736,251
1738800739,256
1738800742,256
1738800745,249
1738800748,251
1738800751,431
1738800754,510
1738800754,None
1738800760,507
1738800763,347
1738800766,253
1738800769,253
1738800772,257
1738800775,253
1738800778,256
1738800782,256
1738800784,254
1738800787,249
1738800790,255
1738800793,250
1738800796,250
1738800800,253
1738800803,246
1738800806,249
1738800809,245
1738800812,255
1738800815,246
1738800818,244
1738800821,248
1738800824,240
1738800827,244
1738800830,250
1738800834,248
1738800836,242
1738800839,248
1738800843,253
1738800845,244
1738800849,237
1738800852,254
1738800855,251
1738800857,243
1738800861,244
1738800864,249
1738800867,249
1738800870,244
1738800873,244
1738800876,253
1738800879,246
1738800882,246
1738800885,251
1738800888,246
1738800891,247
1738800894,404
1738800897,511
1738800901,512
1738800903,509
1738800906,370
1738800910,245
1738800912,252
1738800916,245
1738800919,252
1738800922,245
1738800925,247
1738800928,250
1738800931,247
1738800935,248
1738800937,247
1738800940,246
1738800943,238
1738800946,253
1738800949,247
1738800952,243
1738800956,246
1738800958,247
1738800961,245
1738800964,246
1738800967,245
1738800971,237
1738800974,250
1738800977,241
1738800981,242
1738800983,245
1738800986,248
1738800989,248
1738800992,237
1738800995,246
1738800995,None
1738800995,None
1738801005,246
1738801007,249
1738801010,240
1738801013,243
1738801017,246
1738801017,None
1738801023,239
1738801026,246
1738801029,247
1738801029,None
1738801035,246
1738801038,242
1738801041,241
1738801044,244
1738801047,244
1738801050,244
1738801053,248
1738801056,245
1738801059,237
1738801062,255
1738801065,244
1738801068,246
1738801072,243
1738801075,243
1738801077,242
1738801080,246
1738801084,243
1738801087,244
1738801090,237
1738801093,249
1738801096,236
1738801099,239
1738801102,245
1738801102,None
1738801108,353
1738801111,499
1738801114,493
1738801117,503
1738801120,499
1738801123,265
1738801126,243
1738801130,240
1738801133,245
1738801136,235
1738801136,None
1738801142,245
1738801142,None
1738801147,250
1738801151,246
1738801154,239
1738801157,243
1738801160,237
1738801163,241
1738801166,242
1738801169,241
1738801173,240
1738801175,235
1738801178,241
1738801182,236
1738801185,233
1738801188,241
1738801190,244
1738801194,231
1738801196,239
1738801200,231
1738801203,234
1738801206,246
1738801206,None
1738801212,233
1738801215,239
1738801218,239
1738801221,238
1738801224,234
1738801228,240
1738801230,236
1738801233,241
1738801236,245
1738801239,243
1738801242,253
1738801245,243
1738801249,247
1738801252,247
1738801254,245
1738801258,248
1738801261,254
1738801264,246
1738801267,251
1738801270,254
1738801273,239
1738801276,242
1738801279,251
1738801282,248
1738801285,246
1738801288,249
1738801291,245
1738801294,238
1738801297,253
1738801300,243
1738801303,243
1738801307,244
1738801310,245
1738801312,389
1738801315,516
1738801318,516
1738801322,504
1738801324,511
1738801327,266
1738801331,248
1738801334,244
1738801337,242
1738801340,250
1738801343,247
1738801346,245
1738801349,244
1738801352,244
1738801355,242
1738801358,246
1738801358,None
1738801364,237
1738801367,252
1738801370,242
1738801373,248
1738801376,249
1738801379,247
1738801382,237
1738801385,244
1738801388,250
1738801391,238
1738801394,246
1738801397,243
1738801400,249
1738801403,248
1738801407,243
1738801409,245
1738801412,246
1738801416,249
1738801419,245
1738801422,247
1738801425,250
1738801428,241
1738801431,251
1738801434,245
1738801437,243
1738801440,246
1738801443,243
1738801446,246
1738801449,244
1738801452,242
1738801455,246
1738801458,244
1738801458,None
1738801458,None
1738801467,248
1738801470,248
1738801473,246
1738801476,356
1738801479,499
1738801482,508
1738801486,402
1738801489,246
1738801492,246
1738801495,248
1738801498,242
1738801501,250
1738801504,245
1738801507,240
1738801510,245
1738801513,245
1738801516,242
1738801519,243
1738801522,243
1738801525,246
1738801528,239
1738801531,245
1738801534,239
1738801537,246
1738801541,239
1738801543,242
1738801546,244
1738801546,None
1738801553,242
1738801556,245
1738801559,245
1738801562,249
1738801565,243
1738801568,250
1738801571,240
1738801574,245
1738801577,245
1738801580,245
1738801583,245
1738801586,246
1738801589,246
1738801592,247
1738801595,240
1738801598,245
1738801598,None
1738801598,None
1738801607,252
1738801610,241
1738801614,240
1738801617,246
1738801619,242
1738801622,249
1738801625,246
1738801625,None
1738801632,241
1738801635,256
1738801638,246
1738801641,241
1738801641,None
1738801647,243
1738801650,246
1738801653,242
1738801656,250
1738801659,242
1738801662,239
1738801665,237
1738801668,252
1738801671,245
1738801675,244
1738801677,237
1738801680,249
1738801684,246
1738801687,240
1738801690,250
1738801693,248
1738801696,251
1738801699,242
1738801702,244
1738801705,245
1738801708,247
1738801711,250
1738801714,242
1738801717,247
1738801720,245
1738801724,244
1738801726,243
1738801729,244
1738801732,248
1738801735,246
1738801738,245
1738801741,247
1738801744,245
1738801748,241
1738801750,249
1738801754,283
1738801757,519
1738801760,510
1738801763,514
1738801766,503
1738801769,397
1738801772,509
1738801775,501
1738801778,509
1738801781,339
1738801784,239
1738801787,251
1738801790,246
1738801794,238
1738801796,241
1738801799,243
1738801802,241
1738801805,247
1738801808,233
1738801811,239
1738801815,245
1738801818,236
1738801820,229
1738801824,239
1738801827,241
1738801830,235
1738801833,243
1738801836,235
1738801839,237
1738801842,242
1738801842,None
1738801848,245
1738801851,251
1738801854,240
1738801857,240
1738801860,245
1738801863,242
1738801866,243
1738801870,241
1738801872,242
1738801876,248
1738801876,None
1738801876,None
1738801885,248
1738801888,242
1738801891,241
1738801894,234
1738801897,239
1738801901,238
1738801903,235
1738801906,234
1738801909,243
1738801912,236
1738801915,231
1738801918,239
1738801921,231
1738801924,239
1738801928,233
1738801930,235
1738801933,240
1738801936,237
1738801936,None
1738801942,236
1738801946,247
1738801949,235
1738801951,242
1738801955,239
1738801958,238
1738801961,244
1738801964,235
1738801967,224
1738801969,247
1738801973,238
1738801976,233
1738801979,233
1738801982,239
1738801985,230
1738801988,226
1738801991,230
1738801994,224
1738801998,229
1738802000,232
1738802003,225
1738802006,224
1738802010,232
1738802012,231
1738802016,223
1738802018,223
1738802021,235
1738802025,224
1738802028,227
1738802031,229
1738802034,233
1738802037,230
1738802040,227
1738802043,231
1738802046,231
1738802049,220
1738802052,237
1738802055,230
1738802058,232
1738802061,231
1738802064,235
1738802067,235
1738802071,220
1738802074,232
1738802077,226
1738802079,220
1738802082,230
1738802086,225
1738802089,228
1738802092,224
1738802094,233
1738802098,226
1738802101,225
1738802104,239
1738802104,None
1738802110,221
1738802113,230
1738802116,317
1738802119,487
1738802122,493
1738802125,488
1738802128,481
1738802131,230
1738802131,None
1738802137,224
1738802140,226
1738802143,229
1738802143,None
1738802150,232
1738802153,231
1738802156,228
1738802159,237
1738802162,220
1738802165,229
1738802168,225
1738802171,494
1738802174,499
1738802177,503
1738802180,281
1738802183,226
1738802186,234
1738802189,221
1738802192,230
1738802196,223
1738802199,226
1738802201,231
1738802205,229
1738802207,234
1738802207,None
1738802214,217
1738802217,229
1738802220,225
1738802223,224
1738802226,222
1738802229,224
1738802232,227
1738802235,222
1738802238,225
1738802241,228
1738802244,224
1738802247,227
1738802250,225
1738802253,224
1738802256,221
1738802259,235
1738802259,None
1738802265,223
1738802268,227
1738802272,231
1738802274,223
1738802277,230
1738802281,221
1738802284,223
1738802287,235
1738802287,None
1738802293,223
1738802296,227
1738802296,None
1738802302,219
1738802305,230
1738802308,226
1738802311,218
1738802314,230
1738802317,227
1738802320,227
1738802323,224
1738802326,226
1738802330,223
1738802332,222
1738802335,229
1738802339,222
1738802341,232
1738802344,230
1738802347,226
1738802351,229
1738802354,229
1738802357,218
1738802360,235
1738802363,221
1738802366,227
1738802369,222
1738802372,228
1738802372,None
1738802378,228
1738802381,219
1738802384,225
1738802387,223
1738802390,221
1738802393,229
1738802396,226
1738802399,225
1738802402,227
1738802406,215
1738802409,225
1738802412,222
1738802415,218
1738802418,225
1738802421,227
1738802424,226
1738802424,None
1738802430,228
1738802433,228
1738802436,230
1738802439,226
1738802442,218
1738802445,232
1738802448,224
1738802451,224
1738802454,223
1738802458,222
1738802460,224
1738802463,217
1738802467,228
1738802469,219
1738802472,223
1738802476,223
1738802479,222
1738802482,222
1738802485,227
1738802488,226
1738802491,216
1738802494,230
1738802497,220
1738802500,218
1738802503,225
1738802506,218
1738802509,219
1738802512,228
1738802515,226
1738802518,227
1738802521,223
1738802524,230
1738802527,225
1738802530,229
1738802533,490
1738802536,728
1738802539,729
1738802543,728
1738802543,None
1738802549,230
1738802551,226
1738802555,222
1738802558,228
1738802561,226
1738802564,219
1738802567,225
1738802570,222
1738802573,221
1738802576,222
1738802579,220
1738802579,None
1738802585,224
1738802588,228
1738802591,223
1738802594,227
1738802597,225
1738802600,223
1738802604,226
1738802606,218
1738802610,224
1738802612,223
1738802615,217
1738802619,229
1738802622,216
1738802624,221
1738802628,223
1738802631,224
1738802633,220
1738802637,227
1738802640,220
1738802643,229
1738802646,222
1738802649,220
1738802652,220
1738802655,220
1738802658,227
1738802661,221
1738802664,223
1738802668,224
1738802670,223
1738802674,226
1738802677,223
1738802680,227
1738802683,225
1738802686,227
1738802689,229
1738802692,224
1738802695,231
1738802698,220
1738802702,228
1738802704,229
1738802707,226
1738802710,229
1738802713,224
1738802716,230
1738802720,226
1738802723,220
1738802725,233
1738802729,222
1738802732,185
1738802735,143
1738802738,142
1738802741,143
1738802744,148
1738802747,155
1738802750,146
1738802753,146
1738802756,150
1738802759,146
1738802762,145
1738802765,146
1738802769,149
1738802771,140
1738802774,151
1738802777,143
1738802780,144
1738802783,154
1738802787,145
1738802790,149
1738802793,146
1738802795,148
1738802799,144
1738802802,147
1738802804,146
1738802804,None
1738802811,141
1738802814,149
1738802817,144
1738802820,145
1738802823,147
1738802826,144
1738802829,146
1738802832,145
1738802835,140
1738802838,147
1738802841,140
1738802845,195
1738802848,399
1738802851,400
1738802854,395
1738802857,402
1738802859,158
1738802863,136
1738802866,155
1738802869,143
1738802872,146
1738802875,151
1738802878,145
1738802881,141
1738802884,149
1738802887,142
1738802890,149
1738802893,139
1738802896,146
1738802899,145
1738802899,None
1738802899,None
1738802909,149
1738802912,145
1738802914,138
1738802918,149
1738802921,138
1738802924,150
1738802927,144
1738802930,144
1738802933,142
1738802936,140
1738802939,139
1738802939,None
1738802945,147
1738802948,136
1738802951,354
1738802955,402
1738802957,402
1738802961,348
1738802963,144
1738802966,140
1738802969,149
1738802973,147
1738802975,144
1738802979,154
1738802982,141
1738802985,154
1738802988,143
1738802991,146
1738802994,150
1738802994,None
1738803000,144
1738803003,145
1738803006,150
1738803009,145
1738803013,151
1738803015,137
1738803018,155
1738803022,149
1738803024,147
1738803027,146
1738803030,145
1738803033,146
1738803036,155
1738803040,140
1738803042,157
1738803046,146
1738803048,146
1738803051,153
1738803055,143
1738803058,149
1738803061,144
1738803064,152
1738803067,142
1738803070,155
1738803073,144
1738803076,154
1738803079,155
1738803082,147
1738803085,146
1738803088,147
1738803092,148
1738803094,146
1738803098,145
1738803101,152
1738803104,146
1738803107,150
1738803107,None
1738803107,None
1738803116,153
1738803119,145
1738803122,144
1738803125,147
1738803128,150
1738803131,146
1738803134,146
1738803137,149
1738803140,142
1738803143,145
1738803146,143
1738803150,144
1738803150,None
1738803155,148
1738803159,141
1738803162,149
1738803164,142
1738803168,146
1738803171,141
1738803174,144
1738803177,144
1738803180,148
1738803183,146
1738803186,153
1738803189,139
1738803192,135
1738803195,151
1738803198,144
1738803201,140
1738803204,152
1738803207,148
1738803211,150
1738803213,141
1738803216,142
1738803220,157
1738803223,149
1738803226,172
1738803229,332
1738803232,433
1738803235,436
1738803238,410
1738803238,None
1738803238,None
1738803247,177
1738803247,None
1738803253,168
1738803256,174
1738803259,170
1738803262,164
1738803265,172
1738803268,168
1738803272,166
1738803274,173
1738803277,167
1738803281,172
1738803283,168
1738803287,170
1738803289,429
1738803293,428
1738803296,429
1738803298,432
1738803301,311
1738803305,170
1738803308,171
1738803311,168
1738803314,167
1738803317,167
1738803320,162
1738803323,169
1738803326,166
1738803329,166
1738803332,170
1738803336,170
1738803338,179
1738803341,176
1738803344,174
1738803347,176
1738803350,174
1738803353,170
1738803356,165
1738803360,171
1738803363,167
1738803365,162
1738803369,171
1738803372,168
1738803375,164
1738803378,171
1738803381,167
1738803384,162
1738803387,176
1738803390,175
1738803393,177
1738803396,425
1738803399,435
1738803399,None
1738803405,431
1738803408,423
1738803411,426
1738803414,423
1738803417,419
1738803421,430
1738803421,None
1738803427,428
1738803430,427
1738803433,431
1738803435,433
1738803439,426
1738803442,433
1738803445,429
1738803448,430
1738803451,430
1738803454,427
1738803457,451
1738803460,424
1738803463,432
1738803466,425
1738803469,425
1738803472,437
1738803475,462
1738803478,446
1738803478,None
1738803484,448
1738803487,450
1738803490,448
1738803493,454
1738803496,451
1738803500,451
1738803503,434
1738803503,None
1738803509,454
1738803512,291
1738803515,208
1738803518,321
1738803521,426
1738803524,436
1738803527,437
1738803530,415
1738803533,192
1738803536,181
1738803539,179
1738803542,181
1738803545,188
1738803549,189
1738803552,188
1738803555,183
1738803558,175
1738803560,186
1738803563,188
1738803567,193
1738803569,179
1738803573,183
1738803576,178
1738803579,181
1738803579,None
1738803585,763
1738803588,1570
1738803592,1599
1738803594,1598
1738803597,1601
1738803601,1599
1738803603,1598
1738803606,1596
1738803609,1587
1738803612,1591
1738803616,1597
1738803618,1589
1738803622,1394
1738803624,172
1738803628,172
1738803631,176
1738803634,177
1738803637,175
1738803640,168
1738803643,173
1738803646,165
1738803649,162
1738803652,168
1738803655,166
1738803658,168
1738803662,157
1738803664,175
1738803667,165
1738803670,157
1738803673,166
1738803677,171
1738803679,164
1738803683,194
1738803686,183
1738803689,191
1738803692,197
1738803694,183
1738803698,182
1738803701,189
1738803704,200
1738803707,195
1738803710,203
1738803713,379
1738803716,456
1738803719,467
1738803722,464
1738803726,273
1738803728,197
1738803728,None
1738803734,189
1738803737,172
1738803740,166
1738803743,163
1738803747,156
1738803749,169
1738803753,158
1738803756,165
1738803758,163
1738803762,166
1738803764,162
1738803767,164
1738803771,160
1738803773,157
1738803777,162
1738803780,156
1738803783,164
1738803786,158
1738803789,155
1738803792,164
1738803795,157
1738803798,157
1738803801,158
1738803804,160
1738803807,155
1738803811,158
1738803813,155
1738803817,161
1738803819,155
1738803822,157
1738803826,160
1738803828,156
1738803832,159
1738803835,157
1738803838,155
1738803841,156
1738803844,176
1738803847,184
1738803847,None
1738803853,187
1738803856,186
1738803859,178
1738803862,160
1738803865,167
1738803868,171
1738803871,171
1738803871,None
1738803877,175
1738803880,164
1738803883,160
1738803886,168
1738803890,172
1738803893,177
1738803896,185
1738803899,187
1738803902,181
1738803905,187
1738803908,163
1738803911,169
1738803914,171
1738803917,163
1738803920,151
1738803920,None
1738803926,328
1738803929,420
1738803932,416
1738803935,408
1738803938,315
1738803938,None
1738803945,155
1738803945,None
1738803950,171
1738803954,162
1738803957,156
1738803960,160
1738803962,162
1738803966,212
1738803969,236
1738803972,256
1738803975,260
1738803978,270
1738803981,254
1738803984,251
1738803987,254
1738803987,None
1738803993,248
1738803996,249
1738803999,235
1738804002,233
1738804005,237
1738804008,228
1738804011,263
1738804014,491
1738804018,484
1738804020,484
1738804024,482
1738804027,311
1738804030,223
1738804033,217
1738804036,221
1738804039,217
1738804042,224
1738804045,221
1738804048,218
1738804051,221
1738804054,219
1738804057,221
1738804060,216
1738804063,221
1738804063,None
1738804069,220
1738804072,214
1738804075,218
1738804078,210
1738804082,217
1738804085,212
1738804088,215
1738804091,209
1738804094,216
1738804097,214
1738804097,None
1738804103,212
1738804106,209
1738804109,214
1738804112,212
1738804115,209
1738804118,209
1738804121,215
1738804124,209
1738804127,210
1738804130,217
1738804133,209
1738804136,210
1738804139,220
1738804142,214
1738804142,None
1738804149,217
1738804152,213
1738804155,210
1738804158,217
1738804161,215
1738804164,213
1738804167,208
1738804170,220
1738804173,223
1738804176,221
1738804179,218
1738804182,216
1738804185,217
1738804188,223
1738804191,227
1738804194,223
1738804197,216
1738804201,229
1738804204,226
1738804207,222
1738804210,221
1738804213,225
1738804213,None
1738804219,227
1738804222,221
1738804225,224
1738804228,223
1738804231,221
1738804234,228
1738804237,224
1738804240,224
1738804243,224
1738804246,225
1738804249,222
1738804252,218
1738804255,230
1738804255,None
1738804261,217
1738804264,224
1738804267,226
1738804271,218
1738804274,222
1738804277,212
1738804280,224
1738804283,221
1738804286,228
1738804289,223
1738804292,470
1738804295,467
1738804298,478
1738804301,481
1738804305,294
1738804307,220
1738804310,219
1738804310,None
1738804316,222
1738804320,227
1738804323,223
1738804326,216
1738804329,221
1738804332,233
1738804335,225
1738804338,227
1738804341,231
1738804344,230
1738804347,368
1738804350,483
1738804353,491
1738804356,483
1738804359,351
1738804362,238
1738804365,227
1738804365,None
1738804372,229
1738804374,230
1738804377,220
1738804381,231
1738804384,235
1738804386,228
1738804390,226
1738804393,230
1738804396,222
1738804398,231
1738804402,226
1738804402,None
1738804408,227
1738804411,231
1738804414,227
1738804414,None
1738804420,231
1738804423,226
1738804426,229
1738804429,233
1738804432,224
1738804435,226
1738804439,226
1738804441,230
1738804444,230
1738804448,220
1738804450,234
1738804453,230
1738804457,221
1738804460,224
1738804463,233
1738804466,226
1738804469,231
1738804472,226
1738804475,221
1738804479,231
1738804481,233
1738804484,224
1738804487,224
1738804490,227
1738804493,218
1738804496,222
1738804499,224
1738804502,231
1738804505,225
1738804508,219
1738804511,234
1738804515,224
1738804517,222
1738804517,None
1738804524,230
1738804527,233
1738804530,223
1738804533,229
1738804536,230
1738804539,223
1738804542,232
1738804545,226
1738804548,231
1738804551,229
1738804554,231
1738804557,228
1738804560,227
1738804563,222
1738804566,233
1738804569,223
1738804573,237
1738804576,227
1738804579,225
1738804582,224
1738804585,226
1738804588,230
1738804591,223
1738804591,None
1738804597,226
1738804600,225
1738804603,227
1738804606,220
1738804609,231
1738804612,228
1738804616,220
1738804619,227
1738804621,224
1738804624,230
1738804624,None
1738804631,223
1738804634,237
1738804636,224
1738804640,233
1738804643,226
1738804645,227
1738804649,230
1738804652,231
1738804655,222
1738804658,233
1738804661,222
1738804664,231
1738804667,231
1738804670,237
1738804673,415
1738804676,491
1738804680,491
1738804682,507
1738804685,483
1738804688,487
1738804691,480
1738804691,None
1738804698,334
1738804700,234
1738804704,225
1738804707,229
1738804710,227
1738804713,224
1738804716,232
1738804719,223
1738804722,235
1738804725,223
1738804728,232
1738804731,222
1738804734,228
1738804737,231
1738804740,227
1738804744,232
1738804747,234
1738804750,235
1738804752,227
1738804755,235
1738804759,235
1738804761,232
1738804764,221
1738804768,227
1738804770,239
1738804774,228
1738804777,228
1738804780,229
1738804783,229
1738804786,229
1738804789,235
1738804792,225
1738804795,223
1738804798,236
1738804801,227
1738804804,230
1738804808,226
1738804811,227
1738804813,233
1738804816,227
1738804819,231
1738804823,221
1738804826,221
1738804829,234
1738804832,226
1738804835,224
1738804838,234
1738804841,228
1738804844,228
1738804847,226
1738804850,230
1738804853,232
1738804856,221
1738804859,233
1738804862,228
1738804865,224
1738804868,235
1738804871,224
1738804874,232
1738804878,227
1738804880,232
1738804883,236
1738804886,231
1738804889,235
1738804892,231
1738804895,227
1738804899,237
1738804902,230
1738804905,237
1738804905,None
1738804911,232
1738804914,230
1738804914,None
1738804920,223
1738804923,234
1738804926,230
1738804929,224
1738804932,233
1738804935,223
1738804938,232
1738804941,226
1738804944,223
1738804947,230
1738804950,224
1738804953,230
1738804953,None
1738804959,226
1738804963,224
1738804965,228
1738804968,220
1738804971,226
1738804974,223
1738804978,225
1738804978,None
1738804984,223
1738804987,221
1738804990,223
1738804993,229
1738804996,224
1738804999,225
1738805002,222
1738805005,226
1738805009,224
1738805011,228
1738805014,225
1738805017,228
1738805022,227
1738805024,231
1738805027,227
1738805031,216
1738805033,238
1738805037,223
1738805039,222
1738805042,483
1738805045,484
1738805048,485
1738805051,489
1738805054,247
1738805057,228
1738805060,226
1738805060,None
1738805067,226
1738805070,223
1738805070,None
1738805076,226
1738805079,222
1738805081,222
1738805085,227
1738805088,219
1738805091,228
1738805094,313
1738805097,474
1738805100,481
1738805103,477
1738805106,479
1738805109,328
1738805112,221
1738805115,224
1738805118,222
1738805121,230
1738805124,217
1738805127,235
1738805130,218
1738805134,226
1738805137,221
1738805139,225
1738805142,227
1738805146,223
1738805149,224
1738805152,228
1738805155,219
1738805155,None
1738805161,224
1738805164,228
1738805167,218
1738805170,223
1738805173,225
1738805176,227
1738805179,226
1738805182,218
1738805185,229
1738805188,226
1738805192,228
1738805194,223
1738805198,221
1738805201,222
1738805203,227
1738805206,222
1738805206,None
1738805213,221
1738805216,220
1738805218,216
1738805222,226
1738805225,220
1738805228,227
1738805231,226
1738805234,223
1738805237,221
1738805240,219
1738805243,223
1738805246,226
1738805249,226
1738805252,216
1738805255,226
1738805258,219
1738805261,225
1738805261,None
1738805268,227
1738805270,220
1738805273,224
1738805277,220
1738805279,222
1738805283,225
1738805286,219
1738805289,227
1738805292,213
1738805295,223
1738805298,215
1738805301,227
1738805304,222
1738805307,225
1738805310,225
1738805313,227
1738805316,229
1738805319,216
1738805323,226
1738805325,212
1738805328,225
1738805332,217
1738805334,229
1738805337,222
1738805341,221
1738805344,228
1738805347,224
1738805350,222
1738805353,221
1738805356,219
1738805359,221
1738805362,220
1738805365,221
1738805368,226
1738805371,214
1738805374,226
1738805377,219
1738805380,225
1738805383,220
1738805386,221
1738805390,223
1738805393,213
1738805396,226
1738805396,None
1738805402,215
1738805405,217
1738805408,215
1738805411,223
1738805414,216
1738805417,218
1738805420,220
1738805423,222
1738805426,224
1738805429,217
1738805432,225
1738805435,213
1738805438,226
1738805441,439
1738805444,483
1738805447,489
1738805451,423
1738805453,251
1738805457,222
1738805460,213
1738805462,222
1738805466,228
1738805469,213
1738805472,225
1738805475,220
1738805478,218
1738805481,217
1738805484,227
1738805487,220
1738805487,None
1738805493,214
1738805496,222
1738805499,353
1738805503,477
1738805505,480
1738805508,472
1738805511,478
1738805515,220
1738805517,218
1738805521,220
1738805521,None
1738805527,219
1738805530,216
1738805533,221
1738805535,219
1738805539,217
1738805542,223
1738805545,218
1738805548,222
1738805551,225
1738805554,219
1738805557,226
1738805560,217
1738805563,222
1738805566,219
1738805569,222
1738805572,223
1738805575,223
1738805578,221
1738805581,242
1738805584,258
1738805588,256
1738805591,247
1738805594,242
1738805596,248
1738805599,246
1738805603,246
1738805605,238
1738805609,246
1738805612,246
1738805615,245
1738805618,252
1738805621,243
1738805624,242
1738805627,242
1738805630,241
1738805633,242
1738805636,240
1738805639,250
1738805643,257
1738805645,258
1738805648,234
1738805651,232
1738805655,226
1738805657,232
1738805661,227
1738805664,231
1738805667,231
1738805670,234
1738805673,233
1738805676,229
1738805679,235
1738805682,235
1738805685,231
1738805688,232
1738805691,229
1738805694,232
1738805698,231
1738805701,229
1738805703,234
1738805706,232
1738805710,237
1738805713,229
1738805715,232
1738805719,228
1738805722,231
1738805725,228
1738805728,224
1738805731,234
1738805734,232
1738805737,234
1738805740,242
1738805743,233
1738805746,234
1738805749,233
1738805752,229
1738805755,220
1738805758,229
1738805761,228
1738805765,226
1738805767,219
1738805770,223
1738805774,226
1738805777,226
1738805779,226
1738805783,218
1738805786,228
1738805789,234
1738805792,227
1738805795,228
1738805798,234
1738805801,231
1738805805,412
1738805808,498
1738805810,497
1738805813,492
1738805816,488
1738805819,494
1738805823,489
1738805826,498
1738805829,489
1738805832,492
1738805835,493
1738805838,487
1738805841,494
1738805844,488
1738805847,494
1738805850,486
1738805853,493
1738805856,487
1738805859,489
1738805862,490
1738805865,496
1738805868,497
1738805871,489
1738805874,495
1738805877,487
1738805880,495
1738805884,492
1738805886,489
1738805889,496
1738805893,494
1738805896,487
1738805898,601
1738805902,746
1738805904,741
1738805908,740
1738805911,745
1738805914,515
1738805917,504
1738805920,494
1738805923,484
1738805926,481
1738805929,488
1738805932,488
1738805935,485
1738805938,488
1738805941,485
1738805945,493
1738805948,489
1738805951,489
1738805954,491
1738805957,486
1738805960,492
1738805963,495
1738805966,494
1738805969,499
1738805972,496
1738805975,499
1738805978,504
1738805978,None
1738805984,502
1738805987,504
1738805990,536
1738805993,539
1738805996,535
1738806000,532
1738806003,523
1738806006,527
1738806009,520
1738806012,400
1738806015,242
1738806018,240
1738806021,243
1738806024,244
1738806028,238
1738806030,235
1738806033,245
1738806036,239
1738806039,237
1738806042,230
1738806045,242
1738806048,230
1738806051,227
1738806054,241
1738806057,232
1738806060,234
1738806064,238
1738806066,230
1738806070,230
1738806073,229
1738806075,231
1738806079,232
1738806079,None
1738806085,220
1738806088,241
1738806091,263
1738806094,256
1738806097,256
1738806100,257
1738806103,258
1738806103,None
1738806109,261
1738806112,250
1738806115,267
1738806119,257
1738806122,251
1738806124,260
1738806128,256
1738806130,253
1738806134,258
1738806137,273
1738806140,519
1738806143,527
1738806146,518
1738806149,502
1738806152,326
1738806155,258
1738806158,251
1738806158,None
1738806164,228
1738806168,233
1738806171,232
1738806174,228
1738806174,None
1738806174,None
1738806183,226
1738806186,241
1738806190,230
1738806192,239
1738806195,232
1738806198,233
1738806201,235
1738806205,230
1738806207,232
1738806210,236
1738806213,233
1738806216,233
1738806219,223
1738806223,230
1738806226,226
1738806228,230
1738806231,226
1738806235,228
1738806238,231
1738806241,228
1738806244,226
1738806247,230
1738806250,219
1738806254,238
1738806254,None
1738806259,222
1738806259,None
1738806265,229
1738806268,225
1738806271,225
1738806274,366
1738806278,484
1738806280,489
1738806283,483
1738806287,363
1738806290,227
1738806293,236
1738806296,232
1738806299,226
1738806302,231
1738806305,232
1738806308,229
1738806308,None
1738806314,231
1738806317,233
1738806320,231
1738806323,221
1738806326,242
1738806329,228
1738806332,242
1738806335,232
1738806335,None
1738806341,233
1738806344,219
1738806347,178
1738806350,181
1738806353,174
1738806357,179
1738806360,173
1738806362,184
1738806366,175
1738806369,178
1738806372,175
1738806375,176
1738806378,178
1738806381,175
1738806384,176
1738806387,171
1738806390,172
1738806393,175
1738806396,170
1738806399,178
1738806399,None
1738806406,170
1738806409,173
1738806412,168
1738806415,176
1738806418,169
1738806421,175
1738806424,169
1738806427,178
1738806430,170
1738806433,175
1738806436,168
1738806439,171
1738806442,173
1738806445,169
1738806448,171
1738806451,175
1738806454,173
1738806457,177
1738806461,175
1738806461,None
1738806467,174
1738806469,175
1738806472,169
1738806476,410
1738806479,435
1738806482,444
1738806485,436
1738806488,324
1738806491,178
1738806494,168
1738806497,175
1738806500,174
1738806503,179
1738806506,178
1738806509,168
1738806512,178
1738806515,171
1738806515,None
1738806521,174
1738806524,173
1738806527,172
1738806530,172
1738806534,174
1738806536,172
1738806539,184
1738806543,177
1738806546,169
1738806549,167
1738806552,164
1738806554,174
1738806558,169
1738806561,170
1738806564,167
1738806564,None
1738806570,170
1738806573,162
1738806576,172
1738806580,173
1738806583,166
1738806586,178
1738806588,171
1738806592,168
1738806594,174
1738806598,173
1738806601,176
1738806604,169
1738806607,172
1738806610,178
1738806613,167
1738806616,171
1738806619,177
1738806622,167
1738806625,174
1738806628,165
1738806631,170
1738806634,176
1738806637,168
1738806640,162
1738806643,166
1738806647,350
1738806650,432
1738806653,419
1738806656,419
1738806658,281
1738806662,168
1738806665,160
1738806668,165
1738806671,174
1738806674,168
1738806677,165
1738806680,164
1738806683,176
1738806686,163
1738806689,167
1738806692,167
1738806695,174
1738806699,167
1738806699,None
1738806704,176
1738806708,174
1738806711,165
1738806713,179
1738806717,169
1738806720,172
1738806723,176
1738806726,170
1738806729,166
1738806732,167
1738806735,171
1738806738,162
1738806741,174
1738806744,165
1738806747,169
1738806750,168
1738806753,168
1738806756,165
1738806759,170
1738806762,169
1738806765,162
1738806765,None
1738806772,164
1738806774,171
1738806777,168
1738806781,165
1738806783,168
1738806783,None
1738806790,165
1738806793,171
1738806796,165
1738806800,168
1738806802,163
1738806805,175
1738806808,170
1738806811,167
1738806814,168
1738806817,163
1738806822,168
1738806824,168
1738806827,170
1738806831,170
1738806833,379
1738806836,433
1738806840,426
1738806842,435
1738806846,409
1738806849,177
1738806851,163
1738806855,173
1738806855,None
1738806861,168
1738806864,172
1738806867,162
1738806870,172
1738806873,163
1738806876,168
1738806879,171
1738806882,163
1738806885,168
1738806888,172
1738806892,168
1738806894,177
1738806898,184
1738806900,168
1738806904,169
1738806907,194
1738806910,175
1738806913,171
1738806915,174
1738806919,169
1738806922,177
1738806922,None
1738806928,171
1738806931,175
1738806934,171
1738806937,171
1738806940,172
1738806943,178
1738806946,171
1738806949,181
1738806952,167
1738806955,169
1738806958,176
1738806962,174
1738806965,167
1738806968,182
1738806971,174
1738806974,168
1738806977,178
1738806980,174
1738806983,184
1738806986,427
1738806989,425
1738806992,428
1738806995,431
1738806998,334
1738807001,180
1738807004,183
1738807007,175
1738807010,167
1738807014,181
1738807016,174
1738807019,172
1738807023,161
1738807025,149
1738807028,146
1738807032,152
1738807035,146
1738807038,132
1738807041,149
1738807044,137
1738807047,128
1738807050,135
1738807053,135
1738807056,137
1738807059,137
1738807062,138
1738807065,131
1738807068,144
1738807071,131
1738807075,142
1738807077,136
1738807080,143
1738807084,134
1738807086,135
1738807090,133
1738807093,133
1738807096,134
1738807099,137
1738807102,127
1738807105,137
1738807109,130
1738807111,136
1738807114,134
1738807117,136
1738807120,133
1738807123,134
1738807126,135
1738807130,133
1738807132,133
1738807135,136
1738807138,128
1738807142,134
1738807145,128
1738807148,140
1738807151,130
1738807153,142
1738807156,130
1738807160,138
1738807163,134
1738807166,136
1738807169,135
1738807172,137
1738807175,132
1738807178,139
1738807181,131
1738807184,138
1738807188,128
1738807190,128
1738807193,132
1738807193,None
1738807199,135
1738807202,131
1738807205,132
1738807208,130
1738807211,140
1738807214,138
1738807217,124
1738807221,137
1738807224,344
1738807227,387
1738807230,390
1738807233,395
1738807236,224
1738807239,137
1738807242,128
1738807245,134
1738807248,141
1738807251,139
1738807254,136
1738807254,None
1738807260,126
1738807263,134
1738807266,138
1738807269,141
1738807272,136
1738807272,None
1738807279,140
1738807282,139
1738807285,138
1738807287,135
1738807291,133
1738807294,129
1738807297,130
1738807300,139
1738807303,139
1738807303,None
1738807309,137
1738807312,132
1738807316,134
1738807318,134
1738807321,236
1738807324,295
1738807327,290
1738807330,285
1738807333,289
1738807333,None
1738807339,283
1738807342,294
1738807342,None
1738807348,291
1738807351,299
1738807355,305
1738807358,296
1738807361,292
1738807364,295
1738807367,294
1738807370,296
1738807373,296
1738807376,297
1738807379,292
1738807382,291
1738807385,303
1738807388,293
1738807391,289
1738807394,401
1738807397,557
1738807401,556
1738807403,557
1738807406,555
1738807410,300
1738807412,289
1738807416,290
1738807419,296
1738807422,292
1738807422,None
1738807428,289
1738807431,296
1738807434,302
1738807434,None
1738807434,None
1738807443,303
1738807446,289
1738807449,283
1738807453,302
1738807455,304
1738807458,294
1738807461,288
1738807464,287
1738807464,None
1738807471,287
1738807474,296
1738807477,295
1738807477,None
1738807477,None
1738807486,294
1738807489,292
1738807492,288
1738807492,None
1738807498,281
1738807501,285
1738807504,291
1738807507,291
1738807511,290
1738807513,285
1738807516,284
1738807519,285
1738807522,292
1738807526,292
1738807529,290
1738807532,294
1738807535,298
1738807538,297
1738807538,None
1738807544,371
1738807547,411
1738807550,413
1738807550,None
1738807550,None
1738807559,391
1738807562,377
1738807565,392
1738807568,395
1738807571,384
1738807574,375
1738807578,572
1738807581,643
1738807583,641
1738807587,637
1738807590,504
1738807592,377
1738807595,368
1738807599,368
1738807602,365
1738807605,357
1738807608,366
1738807611,360
1738807614,364
1738807618,366
1738807620,361
1738807623,360
1738807626,365
1738807630,357
1738807632,363
1738807635,357
1738807638,358
1738807642,356
1738807645,357
1738807648,209
1738807651,206
1738807654,208
1738807654,None
1738807660,209
1738807663,196
1738807666,202
1738807666,None
1738807672,214
1738807675,214
1738807675,None
1738807681,201
1738807684,205
1738807684,None
1738807690,216
1738807693,206
1738807696,204
1738807700,208
1738807703,205
1738807705,203
1738807709,204
1738807712,205
1738807715,209
1738807718,213
1738807721,205
1738807724,204
1738807728,205
1738807730,202
1738807730,None
1738807736,203
1738807739,196
1738807742,203
1738807745,207
1738807748,214
1738807751,209
1738807754,201
1738807757,204
1738807761,399
1738807761,None
1738807767,470
1738807770,468
1738807773,215
1738807776,207
1738807779,213
1738807782,205
1738807785,215
1738807788,207
1738807791,210
1738807794,208
1738807797,205
1738807800,203
1738807803,209
1738807806,201
1738807809,209
1738807812,205
1738807815,200
1738807818,209
1738807821,199
1738807821,None
1738807828,210
1738807830,210
1738807834,207
1738807837,201
1738807840,212
1738807843,198
1738807846,210
1738807849,205
1738807852,210
1738807855,202
1738807858,211
1738807862,206
1738807865,201
1738807867,208
1738807870,202
1738807873,207
1738807877,208
1738807879,199
1738807883,206
1738807885,220
1738807889,361
1738807892,365
1738807895,359
1738807897,357
1738807900,356
1738807904,365
1738807907,366
1738807909,357
1738807913,360
1738807916,369
1738807919,364
1738807922,360
1738807925,357
1738807928,358
1738807931,361
1738807934,365
1738807937,363
1738807940,362
1738807943,351
1738807946,367
1738807950,267
1738807953,205
1738807956,208
1738807959,206
1738807961,206
1738807965,208
1738807968,198
1738807970,210
1738807974,204
1738807977,200
1738807980,212
1738807983,204
1738807986,208
1738807989,207
1738807992,210
1738807995,206
1738807998,198
1738808001,213
1738808004,202
1738808008,477
1738808008,None
1738808013,477
1738808016,473
1738808019,304
1738808022,201
1738808025,213
1738808029,208
1738808031,200
1738808034,212
1738808037,206
1738808041,206
1738808043,208
1738808047,204
1738808050,200
1738808053,207
1738808056,199
1738808059,212
1738808062,207
1738808065,207
1738808068,207
1738808071,210
1738808074,205
1738808077,212
1738808080,204
1738808084,207
1738808086,207
1738808090,198
1738808092,209
1738808096,204
1738808098,202
1738808102,210
1738808105,198
1738808108,209
1738808108,None
1738808114,199
1738808117,402
1738808119,469
1738808123,463
1738808126,473
1738808129,468
1738808132,236
1738808135,215
1738808138,201
1738808141,211
1738808144,203
1738808147,203
1738808150,202
1738808153,208
1738808156,201
1738808159,203
1738808162,203
1738808166,206
1738808169,204
1738808172,212
1738808175,199
1738808175,None
1738808181,200
1738808184,212
1738808187,204
1738808190,207
1738808193,210
1738808197,204
1738808199,207
1738808202,210
1738808205,201
1738808208,211
1738808211,202
1738808215,216
1738808217,203
1738808221,208
1738808224,205
1738808227,205
1738808230,203
1738808233,207
1738808233,None
1738808239,209
1738808242,198
1738808245,205
1738808248,203
1738808251,198
1738808254,277
1738808257,363
1738808260,360
1738808263,366
1738808266,367
1738808269,369
1738808272,360
1738808275,356
1738808279,371
1738808282,365
1738808284,362
1738808288,368
1738808291,361
1738808294,367
1738808297,368
1738808300,360
1738808303,359
1738808306,371
1738808309,365
1738808312,360
1738808315,364
1738808318,359
1738808321,254
1738808324,206
1738808327,205
1738808330,210
1738808333,205
1738808337,202
1738808339,211
1738808342,201
1738808345,208
1738808348,203
1738808351,203
1738808355,206
1738808358,207
1738808360,211
1738808364,197
1738808367,208
1738808370,202
1738808373,200
1738808376,204
1738808379,203
1738808382,209
1738808385,209
1738808388,204
1738808391,203
1738808394,206
1738808397,212
1738808400,200
1738808403,205
1738808406,210
1738808409,201
1738808412,201
1738808416,204
1738808418,209
1738808422,209
1738808425,302
1738808428,471
1738808431,468
1738808434,476
1738808437,443
1738808440,207
1738808443,205
1738808446,204
1738808449,203
1738808452,203
1738808455,201
1738808458,203
1738808461,199
1738808464,208
1738808467,203
1738808470,208
1738808473,199
1738808477,200
1738808479,198
1738808483,202
1738808486,204
1738808489,201
1738808492,203
1738808495,202
1738808498,209
1738808501,191
1738808504,212
1738808507,202
1738808510,197
1738808513,199
1738808516,196
1738808519,202
1738808519,None
1738808526,203
1738808528,202
1738808532,191
1738808534,205
1738808537,198
1738808540,332
1738808543,463
1738808547,462
1738808547,None
1738808552,377
1738808556,203
1738808559,203
1738808562,200
1738808565,193
1738808568,208
1738808571,205
1738808574,195
1738808577,209
1738808580,198
1738808583,203
1738808586,198
1738808589,198
1738808592,203
1738808595,192
1738808595,None
1738808601,199
1738808605,200
1738808607,201
1738808611,200
1738808613,200
1738808616,200
1738808619,203
1738808623,203
1738808623,None
1738808629,201
1738808632,200
1738808635,198
1738808638,201
1738808641,196
1738808644,200
1738808647,199
1738808650,199
1738808653,201
1738808656,193
1738808659,202
1738808663,202
1738808665,202
1738808668,193
1738808671,200
1738808671,None
1738808677,200
1738808680,291
1738808684,354
1738808686,352
1738808689,364
1738808692,354
1738808696,361
1738808699,360
1738808702,354
1738808705,357
1738808708,355
1738808711,360
1738808714,350
1738808717,354
1738808720,358
1738808723,356
1738808726,352
1738808729,363
1738808732,355
1738808732,None
1738808738,354
1738808741,228
1738808744,206
1738808747,195
1738808750,199
1738808753,204
1738808756,197
1738808760,204
1738808763,196
1738808766,198
1738808769,200
1738808772,202
1738808775,196
1738808778,202
1738808781,193
1738808781,None
1738808787,203
1738808790,193
1738808793,201
1738808793,None
1738808799,200
1738808799,None
1738808805,198
1738808808,197
1738808811,200
1738808814,200
1738808818,196
1738808821,204
1738808823,198
1738808827,192
1738808829,205
1738808833,197
1738808836,196
1738808839,201
1738808842,196
1738808842,None
1738808848,189
1738808851,198
1738808855,204
1738808857,325
1738808860,470
1738808863,465
1738808867,435
1738808869,251
1738808872,201
1738808875,201
1738808878,200
1738808882,197
1738808885,202
1738808887,195
1738808890,205
1738808894,192
1738808897,198
1738808900,207
1738808903,196
1738808906,197
1738808909,200
1738808912,203
1738808916,197
1738808916,None
1738808921,204
1738808924,191
1738808927,204
1738808930,194
1738808933,204
1738808937,200
1738808939,197
1738808943,342
1738808946,461
1738808949,462
1738808952,461
1738808955,457
1738808958,216
1738808958,None
1738808964,196
1738808967,196
1738808970,189
1738808973,203
1738808976,193
1738808979,192
1738808982,201
1738808985,201
1738808988,192
1738808991,194
1738808994,204
1738808997,197
1738809001,191
1738809004,211
1738809007,198
1738809010,196
1738809012,201
1738809015,190
1738809019,195
1738809022,201
1738809025,198
1738809025,None
1738809031,193
1738809034,191
1738809037,201
1738809040,206
1738809043,194
1738809046,202
1738809049,201
1738809052,195
1738809055,188
1738809058,208
1738809061,200
1738809065,195
1738809067,195
1738809070,193
1738809070,None
1738809076,201
1738809080,195
1738809082,190
1738809086,207
1738809089,201
1738809092,197
1738809095,197
1738809098,196
1738809101,197
1738809104,199
1738809107,197
1738809110,192
1738809113,206
1738809113,None
1738809119,194
1738809122,206
1738809125,197
1738809129,194
1738809131,199
1738809134,202
1738809137,191
1738809140,200
1738809143,198
1738809147,263
1738809150,354
1738809153,355
1738809156,351
1738809159,353
1738809162,348
1738809165,353
1738809168,354
1738809171,346
1738809174,357
1738809177,349
1738809180,348
1738809183,355
1738809186,352
1738809189,361
1738809192,356
1738809196,369
1738809196,None
1738809201,360
1738809204,362
1738809207,337
1738809210,212
1738809213,205
1738809217,208
1738809220,207
1738809220,None
1738809226,208
1738809229,203
1738809232,206
1738809235,205
1738809238,250
1738809241,472
1738809244,482
1738809247,480
1738809250,406
1738809253,208
1738809256,209
1738809259,211
1738809262,203
1738809265,207
1738809268,201
1738809272,199
1738809272,None
1738809278,200
1738809281,207
1738809281,None
1738809281,None
1738809290,206
1738809293,209
1738809296,201
1738809299,205
1738809302,206
1738809305,198
1738809308,211
1738809311,204
1738809314,201
1738809317,212
1738809321,206
1738809323,212
1738809326,208
1738809326,None
1738809332,210
1738809335,205
1738809339,210
1738809342,203
1738809342,None
1738809348,467
1738809351,469
1738809354,466
1738809357,452
1738809360,206
1738809363,196
1738809366,213
1738809369,200
1738809372,205
1738809375,206
1738809378,204
1738809381,206
1738809384,208
1738809388,202
1738809391,209
1738809393,201
1738809396,197
1738809399,203
1738809403,200
1738809406,204
1738809409,208
1738809412,206
1738809415,197
1738809418,206
1738809421,208
1738809424,200
1738809427,210
1738809430,204
1738809433,196
1738809436,208
1738809439,205
1738809442,206
1738809445,206
1738809449,206
1738809451,203
1738809455,209
1738809457,197
1738809460,212
1738809464,193
1738809466,203
1738809470,207
1738809473,204
1738809476,212
1738809476,None
1738809482,199
1738809485,210
1738809485,None
1738809491,197
1738809491,None
1738809497,208
1738809500,201
1738809503,204
1738809506,203
1738809509,207
1738809512,212
1738809515,204
1738809518,199
1738809522,206
1738809524,204
1738809527,204
1738809531,206
1738809534,204
1738809537,208
1738809539,194
1738809543,206
1738809546,208
1738809549,195
1738809552,215
1738809555,203
1738809558,207
1738809562,202
1738809564,208
1738809567,206
1738809570,204
1738809573,201
1738809576,211
1738809579,199
1738809582,214
1738809582,None
1738809588,204
1738809592,205
1738809595,207
1738809598,204
1738809598,None
1738809604,199
1738809607,210
1738809610,205
1738809613,209
1738809616,203
1738809619,205
1738809622,429
1738809625,469
1738809628,478
1738809631,463
1738809634,204
1738809638,201
1738809641,199
1738809644,205
1738809644,None
1738809649,203
1738809652,202
1738809656,205
1738809659,211
1738809662,296
1738809665,368
1738809668,362
1738809671,363
1738809674,355
1738809677,366
1738809680,362
1738809683,364
1738809686,358
1738809690,362
1738809692,369
1738809696,363
1738809699,368
1738809702,365
1738809704,361
1738809707,367
1738809711,360
1738809713,361
1738809717,360
1738809720,210
1738809723,198
1738809726,206
1738809729,201
1738809732,217
1738809735,200
1738809738,211
1738809741,205
1738809745,204
1738809747,278
1738809750,446
1738809753,469
1738809757,461
1738809759,470
1738809763,203
1738809765,205
1738809769,201
1738809772,201
1738809774,200
1738809778,207
1738809781,204
1738809784,206
1738809787,201
1738809790,208
1738809793,203
1738809793,None
1738809799,200
1738809802,210
1738809805,210
1738809805,None
1738809812,213
1738809814,204
1738809814,None
1738809820,207
1738809823,221
1738809826,233
1738809829,265
1738809832,260
1738809835,261
1738809839,256
1738809842,263
1738809845,253
1738809848,264
1738809851,256
1738809854,260
1738809857,260
1738809860,257
1738809863,257
1738809866,248
1738809869,215
1738809872,190
1738809872,None
1738809879,176
1738809881,183
1738809885,165
1738809887,162
1738809891,161
1738809893,147
1738809896,144
1738809900,149
1738809902,170
1738809905,151
1738809909,145
1738809912,141
1738809914,139
1738809914,None
1738809921,152
1738809924,144
1738809927,145
1738809930,143
1738809933,151
1738809936,144
1738809939,139
1738809939,None
1738809945,144
1738809948,141
1738809951,147
1738809954,144
1738809957,141
1738809961,147
1738809963,141
1738809967,147
1738809970,143
1738809973,146
1738809976,142
1738809979,147
1738809982,145
1738809985,149
1738809988,144
1738809991,150
1738809994,144
1738809997,146
1738810000,141
1738810003,147
1738810006,140
1738810009,149
1738810013,143
1738810016,144
1738810018,138
1738810022,143
1738810024,203
1738810027,412
1738810030,410
1738810034,415
1738810034,None
1738810040,143
1738810043,137
1738810046,142
1738810049,135
1738810052,142
1738810055,138
1738810058,140
1738810061,137
1738810064,145
1738810067,137
1738810071,142
1738810073,139
1738810077,175
1738810080,403
1738810082,403
1738810085,405
1738810085,None
1738810092,397
1738810094,263
1738810098,139
1738810101,137
1738810104,140
1738810107,138
1738810107,None
1738810113,136
1738810116,138
1738810119,136
1738810123,141
1738810125,195
1738810128,295
1738810131,291
1738810134,297
1738810138,291
1738810141,292
1738810144,295
1738810147,292
1738810149,296
1738810153,290
1738810156,293
1738810159,289
1738810162,290
1738810165,301
1738810168,293
1738810171,287
1738810174,298
1738810177,294
1738810180,296
1738810183,305
1738810186,294
1738810189,146
1738810192,141
1738810195,139
1738810198,140
1738810202,142
1738810205,146
1738810207,144
1738810210,142
1738810213,151
1738810217,142
1738810220,156
1738810222,143
1738810226,150
1738810226,None
1738810232,150
1738810235,147
1738810238,150
1738810241,151
1738810241,None
1738810248,152
1738810250,145
1738810253,149
1738810256,147
1738810259,149
1738810262,148
1738810265,156
1738810268,141
1738810271,151
1738810274,145
1738810277,147
1738810280,146
1738810283,145
1738810286,143
1738810289,149
1738810293,149
1738810295,140
1738810299,152
1738810302,143
1738810304,144
1738810308,147
1738810308,None
1738810314,145
1738810317,147
1738810317,None
1738810323,147
1738810326,141
1738810329,148
1738810332,143
1738810335,148
1738810338,148
1738810341,147
1738810344,141
1738810347,153
1738810350,145
1738810353,142
1738810356,145
1738810359,140
1738810362,148
1738810366,143
1738810368,145
1738810371,145
1738810375,145
1738810378,148
1738810380,145
1738810384,140
1738810387,146
1738810390,147
1738810393,152
1738810396,143
1738810399,145
1738810402,146
1738810405,157
1738810408,407
1738810408,None
1738810414,405
1738810418,397
1738810422,182
1738810424,138
1738810424,None
1738810430,145
1738810433,143
1738810436,147
1738810439,141
1738810442,144
1738810445,142
1738810448,146
1738810451,384
1738810454,410
1738810457,402
1738810461,394
1738810464,144
1738810467,142
1738810469,144
1738810473,144
1738810476,145
1738810479,148
1738810479,None
1738810485,144
1738810489,148
1738810489,None
1738810494,150
1738810497,146
1738810500,149
1738810503,145
1738810506,146
1738810509,146
1738810512,146
1738810515,145
1738810518,149
1738810522,137
1738810524,145
1738810528,142
1738810530,145
1738810533,143
1738810537,145
1738810539,152
1738810543,142
1738810546,154
1738810549,136
1738810551,132
1738810555,148
1738810558,142
1738810561,133
1738810564,134
1738810567,134
1738810570,141
1738810570,None
1738810576,137
1738810579,142
1738810582,140
1738810585,132
1738810588,124
1738810591,137
1738810595,145
1738810597,146
1738810600,133
1738810600,None
1738810606,133
1738810609,130
1738810612,134
1738810615,143
1738810619,136
1738810621,130
1738810625,141
1738810628,135
1738810628,None
1738810634,140
1738810637,172
1738810640,286
1738810644,296
1738810646,291
1738810649,288
1738810649,None
1738810656,286
1738810658,289
1738810661,288
1738810661,None
1738810667,290
1738810671,291
1738810674,290
1738810677,289
1738810679,285
1738810683,292
1738810685,280
1738810689,292
1738810692,287
1738810695,286
1738810698,205
1738810701,140
1738810704,132
1738810707,142
1738810710,144
1738810713,134
1738810716,134
1738810719,146
1738810722,138
1738810725,134
1738810729,133
1738810731,142
1738810734,141
1738810737,135
1738810740,130
1738810744,141
1738810746,140
1738810750,139
1738810753,131
1738810756,140
1738810759,147
1738810762,136
1738810765,140
1738810768,171
1738810771,392
1738810774,386
1738810777,400
1738810780,368
1738810783,138
1738810786,138
1738810789,138
1738810793,137
1738810795,141
1738810799,136
1738810801,128
1738810805,146
1738810807,138
1738810807,None
1738810814,143
1738810817,133
1738810820,132
1738810823,137
1738810826,134
1738810826,None
1738810832,289
1738810835,393
1738810838,400
1738810841,401
1738810845,237
1738810847,134
1738810850,138
1738810853,140
1738810857,132
1738810860,133
1738810862,142
1738810866,135
1738810869,136
1738810872,139
1738810875,140
1738810878,141
1738810881,138
1738810884,133
1738810887,138
1738810890,136
1738810893,142
1738810896,141
1738810896,None
1738810902,136
1738810906,140
1738810909,130
1738810911,142
1738810915,134
1738810918,138
1738810921,141
1738810924,134
1738810927,141
1738810930,130
1738810933,133
1738810936,136
1738810939,133
1738810942,134
1738810945,138
1738810948,131
1738810951,140
1738810954,136
1738810957,129
1738810960,140
1738810963,132
1738810966,139
1738810970,137
1738810972,137
1738810975,140
1738810978,136
1738810982,139
1738810985,146
1738810988,138
1738810991,129
1738810994,146
1738810997,135
1738811000,136
1738811003,132
1738811006,132
1738811009,139
1738811012,134
1738811015,129
1738811018,127
1738811021,129
1738811024,130
1738811027,134
1738811030,139
1738811033,147
1738811037,147
1738811039,142
1738811043,149
1738811043,None
1738811048,186
1738811051,214
1738811055,244
1738811057,254
1738811061,245
1738811063,231
1738811067,226
1738811070,226
1738811073,239
1738811076,224
1738811079,225
1738811082,220
1738811085,220
1738811088,225
1738811092,219
1738811094,382
1738811097,462
1738811100,468
1738811103,465
1738811106,348
1738811109,343
1738811109,None
1738811116,357
1738811118,350
1738811121,359
1738811125,356
1738811128,359
1738811131,359
1738811133,358
1738811137,363
1738811140,352
1738811143,360
1738811146,362
1738811149,353
1738811152,366
1738811155,357
1738811158,356
1738811161,360
1738811164,255
1738811167,203
1738811170,205
1738811173,210
1738811176,201
1738811180,202
1738811183,210
1738811185,198
1738811189,201
1738811192,205
1738811195,200
1738811198,201
1738811201,205
1738811204,201
1738811207,197
1738811210,206
1738811213,205
1738811216,196
1738811219,203
1738811222,204
1738811225,219
1738811228,473
1738811232,466
1738811232,None
1738811237,393
1738811240,204
1738811243,203
1738811246,202
1738811250,197
1738811253,206
1738811255,199
1738811259,209
1738811262,200
1738811265,209
1738811268,199
1738811271,207
1738811274,203
1738811274,None
1738811280,202
1738811283,201
1738811287,204
1738811289,195
1738811292,204
1738811295,204
1738811295,None
1738811302,198
1738811304,203
1738811307,206
1738811307,None
1738811307,None
1738811317,202
1738811320,204
1738811323,198
1738811326,206
1738811329,200
1738811332,201
1738811332,None
1738811338,199
1738811341,201
1738811344,201
1738811347,195
1738811347,None
1738811354,204
1738811356,193
1738811359,204
1738811362,201
1738811366,200
1738811369,197
1738811372,203
1738811375,202
1738811378,205
1738811381,195
1738811383,196
1738811387,208
1738811390,207
1738811393,200
1738811396,192
1738811399,203
1738811402,209
1738811405,202
1738811408,209
1738811411,194
1738811414,204
1738811417,211
1738811420,199
1738811423,196
1738811427,206
1738811430,204
1738811432,200
1738811435,202
1738811439,206
1738811442,199
1738811445,206
1738811448,204
1738811451,202
1738811454,206
1738811457,197
1738811460,209
1738811463,200
1738811466,197
1738811469,208
1738811472,202
1738811476,197
1738811478,202
1738811481,202
1738811484,195
1738811487,208
1738811491,375
1738811493,459
1738811496,457
1738811500,457
1738811503,455
1738811506,245
1738811509,200
1738811512,206
1738811515,192
1738811518,201
1738811521,202
1738811523,202
1738811527,190
1738811530,203
1738811533,204
1738811536,201
1738811539,199
1738811542,203
1738811545,202
1738811548,197
1738811551,199
1738811554,210
1738811557,199
1738811560,191
1738811564,206
1738811564,None
1738811570,198
1738811570,None
1738811576,202
1738811579,201
1738811582,210
1738811585,199
1738811588,202
1738811591,211
1738811594,200
1738811597,196
1738811600,207
1738811603,209
1738811606,204
1738811609,202
1738811612,336
1738811615,469
1738811618,469
1738811621,475
1738811625,385
1738811627,197
1738811631,213
1738811633,202
1738811637,195
1738811640,209
1738811643,198
1738811646,198
1738811649,194
1738811652,198
1738811655,200
1738811658,207
1738811661,196
1738811664,199
1738811667,210
1738811670,197
1738811674,201
1738811676,190
1738811679,204
1738811682,203
1738811685,200
1738811688,202
1738811691,200
1738811695,195
1738811698,199
1738811701,207
1738811704,198
1738811706,196
1738811709,211
1738811713,205
1738811716,200
1738811720,201
1738811722,204
1738811725,201
1738811728,205
1738811731,193
1738811734,204
1738811737,311
1738811737,None
1738811743,357
1738811746,358
1738811750,353
1738811752,354
1738811755,351
1738811755,None
1738811762,353
1738811765,350
1738811768,349
1738811768,None
1738811774,349
1738811777,358
1738811780,348
1738811783,355
1738811786,353
1738811790,349
1738811792,351
1738811795,354
1738811798,345
1738811802,325
1738811805,200
1738811808,198
1738811811,208
1738811813,202
1738811817,199
1738811820,197
1738811823,199
1738811826,203
1738811828,204
1738811828,None
1738811835,201
1738811838,200
1738811841,190
1738811844,206
1738811844,None
1738811850,202
1738811853,198
1738811856,200
1738811859,193
1738811862,202
1738811865,207
1738811869,201
1738811872,196
1738811874,203
1738811877,196
1738811881,197
1738811884,204
1738811887,203
1738811890,197
1738811893,203
1738811893,None
1738811900,203
1738811902,203
1738811905,194
1738811908,204
1738811912,196
1738811914,194
1738811917,202
1738811920,197
1738811924,193
1738811927,227
1738811930,462
1738811933,458
1738811936,449
1738811939,458
1738811941,198
1738811945,194
1738811948,197
1738811951,198
1738811954,199
1738811954,None
1738811960,195
1738811963,203
1738811966,197
1738811969,188
1738811972,199
1738811972,None
1738811978,193
1738811981,201
1738811984,193
1738811987,196
1738811990,201
1738811994,204
1738811997,187
1738811999,197
1738812003,205
1738812005,199
1738812008,196
1738812012,193
1738812014,193
1738812017,198
1738812021,203
1738812024,194
1738812027,189
1738812030,204
1738812033,193
1738812037,195
1738812039,203
1738812042,193
1738812045,191
1738812049,195
1738812049,None
1738812054,197
1738812057,197
1738812060,461
1738812064,460
1738812066,463
1738812069,457
1738812073,206
1738812076,201
1738812079,196
1738812082,194
1738812085,198
1738812088,193
1738812090,202
1738812094,193
1738812097,203
1738812100,189
1738812103,200
1738812106,190
1738812109,198
1738812112,197
1738812115,196
1738812115,None
1738812122,199
1738812125,197
1738812127,201
1738812130,197
1738812133,196
1738812137,204
1738812140,193
1738812143,189
1738812146,205
1738812149,197
1738812152,198
1738812152,None
1738812158,199
1738812161,198
1738812164,197
1738812167,187
1738812170,202
1738812173,201
1738812176,193
1738812179,192
1738812182,196
1738812185,194
1738812189,192
1738812192,193
1738812195,199
1738812198,193
1738812201,191
1738812204,188
1738812207,195
1738812210,196
1738812213,194
1738812216,194
1738812220,201
1738812223,193
1738812225,185
1738812229,198
1738812231,202
1738812234,195
1738812238,189
1738812241,198
1738812243,199
1738812246,196
1738812249,197
1738812252,191
1738812252,None
1738812259,200
1738812262,188
1738812265,200
1738812268,189
1738812268,None
1738812274,461
1738812277,451
1738812277,None
1738812283,429
1738812286,200
1738812289,198
1738812293,194
1738812295,199
1738812295,None
1738812301,200
1738812304,188
1738812307,197
1738812310,194
1738812314,199
1738812316,195
1738812319,199
1738812323,193
1738812326,196
1738812329,197
1738812332,198
1738812335,187
1738812337,202
1738812341,192
1738812344,188
1738812348,200
1738812350,190
1738812354,191
1738812356,191
1738812359,191
1738812362,195
1738812365,186
1738812368,195
1738812371,201
1738812375,197
1738812378,319
1738812381,355
1738812384,344
1738812386,343
1738812390,339
1738812393,342
1738812396,351
1738812399,359
1738812402,356
1738812405,352
1738812408,348
1738812411,353
1738812415,348
1738812417,346
1738812421,357
1738812423,353
1738812427,347
1738812429,360
1738812432,351
1738812435,224
1738812438,195
1738812442,199
1738812442,None
1738812442,None
1738812442,None
1738812453,183
1738812457,443
1738812460,461
1738812463,462
1738812463,None
1738812469,281
1738812472,187
1738812476,190
1738812478,200
1738812481,193
1738812484,182
1738812487,201
1738812490,195
1738812493,192
1738812496,194
1738812500,198
1738812502,196
1738812506,195
1738812506,None
1738812511,198
1738812515,199
1738812518,196
1738812521,196
1738812524,193
1738812526,197
1738812526,None
1738812533,194
1738812536,191
1738812539,188
1738812542,187
1738812545,202
1738812548,204
1738812551,199
1738812554,196
1738812557,192
1738812560,201
1738812560,None
1738812566,187
1738812570,202
1738812572,194
1738812575,192
1738812579,193
1738812582,193
1738812585,193
1738812588,195
1738812590,194
1738812594,185
1738812597,200
1738812597,None
1738812603,194
1738812606,188
1738812609,294
1738812612,456
1738812615,455
1738812618,451
1738812618,None
1738812625,188
1738812625,None
1738812631,200
1738812633,206
1738812636,202
1738812640,200
1738812642,206
1738812645,201
1738812649,205
1738812649,None
1738812654,209
1738812658,199
1738812661,206
1738812664,207
1738812667,206
1738812670,209
1738812673,203
1738812676,209
1738812679,197
1738812682,207
1738812685,204
1738812688,206
1738812691,205
1738812691,None
1738812697,197
1738812700,202
1738812703,209
1738812706,203
1738812710,193
1738812713,199
1738812716,211
1738812719,209
1738812722,198
1738812725,201
1738812728,198
1738812731,203
1738812734,208
1738812734,None
1738812740,194
1738812743,214
1738812746,206
1738812749,204
1738812753,201
1738812755,203
1738812758,208
1738812758,None
1738812765,205
1738812768,203
1738812770,195
1738812774,208
1738812777,196
1738812780,202
1738812783,203
1738812786,202
1738812789,203
1738812789,None
1738812795,194
1738812798,213
1738812801,204
1738812804,202
1738812807,209
1738812810,199
1738812813,205
1738812816,206
1738812820,209
1738812822,204
1738812826,204
1738812829,211
1738812831,207
1738812834,202
1738812838,211
1738812841,206
1738812844,200
1738812847,204
1738812850,202
1738812853,207
1738812856,194
1738812859,209
1738812862,206
1738812865,197
1738812868,212
1738812871,204
1738812874,202
1738812877,198
1738812880,202
1738812880,None
1738812886,429
1738812889,475
1738812892,465
1738812896,392
1738812899,206
1738812902,194
1738812905,210
1738812908,202
1738812911,206
1738812914,199
1738812917,206
1738812920,203
1738812923,199
1738812926,203
1738812929,211
1738812932,201
1738812935,198
1738812935,None
1738812942,203
1738812944,203
1738812947,205
1738812950,206
1738812954,198
1738812954,None
1738812960,212
1738812963,209
1738812966,463
1738812969,469
1738812972,470
1738812975,465
1738812978,227
1738812981,205
1738812984,204
1738812987,207
1738812990,197
1738812990,None
1738812996,203
1738812999,197
1738813002,203
1738813005,203
1738813008,203
1738813011,201
1738813015,205
1738813018,207
1738813020,207
1738813024,195
1738813027,199
1738813029,211
1738813033,207
1738813036,203
1738813039,207
1738813042,197
1738813045,200
1738813048,199
1738813051,289
1738813054,362
1738813057,349
1738813060,359
1738813063,366
1738813066,364
1738813069,359
1738813072,354
1738813072,None
1738813078,363
1738813081,360
1738813084,357
1738813087,360
1738813091,352
1738813094,364
1738813097,359
1738813097,None
1738813103,360
1738813103,None
1738813109,279
1738813112,203
1738813115,205
1738813118,198
1738813121,203
1738813124,201
1738813127,198
1738813130,205
1738813134,204
1738813136,201
1738813139,205
1738813143,200
1738813145,208
1738813148,205
1738813152,207
1738813155,205
1738813157,200
1738813161,209
1738813164,208
1738813167,200
1738813170,207
1738813173,203
1738813176,206
1738813179,203
1738813182,206
1738813185,202
1738813188,200
1738813191,204
1738813194,200
1738813197,207
1738813200,204
1738813203,203
1738813207,195
1738813209,201
1738813212,203
1738813216,206
1738813216,None
1738813223,204
1738813225,198
1738813228,202
1738813231,141
1738813234,146
1738813237,143
1738813240,143
1738813243,147
1738813246,144
1738813249,149
1738813252,141
1738813255,146
1738813258,153
1738813261,151
1738813264,138
1738813268,143
1738813270,146
1738813273,153
1738813276,144
1738813280,274
1738813283,405
1738813285,405
1738813288,412
1738813292,319
1738813295,133
1738813298,148
1738813301,145
1738813304,141
1738813307,138
1738813310,147
1738813310,None
1738813316,150
1738813320,139
1738813322,150
1738813325,142
1738813328,135
1738813331,171
1738813334,407
1738813338,398
1738813340,394
1738813344,296
1738813347,148
1738813350,146
1738813353,144
1738813356,148
1738813359,149
1738813359,None
1738813365,138
1738813368,148
1738813368,None
1738813374,140
1738813377,142
1738813377,None
1738813384,147
1738813386,149
1738813389,141
1738813392,134
1738813395,153
1738813398,146
1738813401,140
1738813404,138
1738813408,144
1738813411,142
1738813413,149
1738813417,140
1738813420,136
1738813423,149
1738813426,145
1738813429,142
1738813432,145
1738813435,140
1738813438,149
1738813441,144
1738813444,151
1738813447,145
1738813450,133
1738813453,135
1738813456,148
1738813459,152
1738813462,142
1738813465,144
1738813468,148
1738813471,139
1738813475,141
1738813478,150
1738813480,149
1738813484,139
1738813487,150
1738813490,146
1738813492,142
1738813496,148
1738813499,144
1738813502,148
1738813505,149
1738813508,135
1738813511,148
1738813514,140
1738813517,146
1738813520,146
1738813523,145
1738813526,147
1738813529,148
1738813532,146
1738813535,146
1738813535,None
1738813542,149
1738813544,139
1738813547,147
1738813551,145
1738813554,143
1738813557,142
1738813560,144
1738813563,136
1738813566,143
1738813570,144
1738813572,146
1738813575,139
1738813578,146
1738813581,145
1738813584,141
1738813587,146
1738813587,None
1738813594,144
1738813596,145
1738813596,None
1738813603,142
1738813605,148
1738813609,149
1738813612,143
1738813615,147
1738813618,139
1738813621,147
1738813624,145
1738813627,137
1738813630,151
1738813633,144
1738813636,142
1738813639,142
1738813639,None
1738813645,149
1738813648,148
1738813651,148
1738813654,277
1738813657,300
1738813660,303
1738813663,297
1738813667,297
1738813669,289
1738813672,298
1738813675,303
1738813679,296
1738813681,287
1738813685,296
1738813687,294
1738813690,291
1738813693,298
1738813697,382
1738813700,551
1738813703,554
1738813706,546
1738813709,586
1738813712,505
1738813715,401
1738813718,410
1738813721,316
1738813724,146
1738813727,146
1738813730,151
1738813733,143
1738813736,145
1738813740,140
1738813742,147
1738813746,142
1738813748,134
1738813751,150
1738813755,144
1738813758,140
1738813761,142
1738813761,None
1738813767,140
1738813770,143
1738813773,150
1738813776,146
1738813779,135
1738813782,147
1738813785,145
1738813788,142
1738813791,141
1738813794,142
1738813797,144
1738813800,143
1738813804,149
1738813807,138
1738813809,136
1738813813,153
1738813815,150
1738813819,144
1738813822,137
1738813825,151
1738813828,148
1738813831,142
1738813834,142
1738813837,148
1738813840,143
1738813843,144
1738813846,141
1738813849,148
1738813852,143
1738813855,145
1738813858,150
1738813861,146
1738813864,145
1738813867,147
1738813871,145
1738813874,144
1738813876,142
1738813880,144
1738813882,149
1738813882,None
1738813889,144
1738813889,None
1738813895,127
1738813898,144
1738813902,135
1738813904,130
1738813907,139
1738813910,138
1738813913,139
1738813916,135
1738813919,139
1738813922,139
1738813925,136
1738813928,144
1738813932,133
1738813935,141
1738813938,130
1738813940,139
1738813944,137
1738813947,138
1738813950,143
1738813953,137
1738813956,136
1738813959,140
1738813962,142
1738813962,None
1738813968,135
1738813968,None
1738813975,135
1738813977,140
1738813980,140
1738813983,136
1738813986,139
1738813989,141
1738813992,129
1738813995,133
1738813995,None
1738814002,135
1738814005,135
1738814008,141
1738814011,131
1738814014,131
1738814017,143
1738814023,135
1738814024,130
1738814027,144
1738814030,138
1738814033,135
1738814036,144
1738814040,136
1738814042,136
1738814045,137
1738814048,133
1738814052,140
1738814054,142
1738814058,130
1738814058,None
1738814064,135
1738814067,134
1738814070,137
1738814073,131
1738814076,128
1738814079,132
1738814082,131
1738814085,133
1738814088,124
1738814091,137
1738814094,128
1738814098,295
1738814100,395
1738814104,391
1738814106,390
1738814109,179
1738814112,131
1738814115,129
1738814118,130
1738814122,161
1738814125,386
1738814128,374
1738814131,390
1738814134,389
1738814137,132
1738814140,128
1738814143,121
1738814146,130
1738814149,133
1738814152,118
1738814155,134
1738814155,None
1738814155,None
1738814164,131
1738814168,123
1738814171,131
1738814173,129
1738814177,127
1738814180,130
1738814183,127
1738814183,None
1738814189,129
1738814192,130
1738814195,134
1738814198,127
1738814201,128
1738814204,127
1738814207,132
1738814210,129
1738814210,None
1738814216,134
1738814219,123
1738814222,134
1738814225,127
1738814228,128
1738814232,125
1738814235,125
1738814237,126
1738814241,127
1738814243,130
1738814247,123
1738814249,130
1738814253,127
1738814256,127
1738814259,128
1738814262,127
1738814265,126
1738814268,128
1738814271,125
1738814271,None
1738814271,None
1738814280,132
1738814284,129
1738814286,126
1738814289,131
1738814292,129
1738814295,132
1738814298,132
1738814302,124
1738814305,135
1738814308,128
1738814311,131
1738814314,135
1738814317,126
1738814320,123
1738814323,134
1738814326,131
1738814329,129
1738814332,125
1738814335,134
1738814338,134
1738814341,122
1738814344,189
1738814348,283
1738814350,281
1738814353,280
1738814356,286
1738814359,284
1738814363,281
1738814365,278
1738814368,286
1738814372,282
1738814375,276
1738814375,None
1738814381,280
1738814384,281
1738814387,277
1738814390,275
1738814393,286
1738814396,282
1738814399,277
1738814402,225
1738814405,207
1738814409,232
1738814411,234
1738814411,None
1738814418,225
1738814421,225
1738814423,219
1738814426,211
1738814430,230
1738814433,222
1738814436,212
1738814439,210
1738814442,209
1738814445,211
1738814448,209
1738814451,198
1738814454,206
1738814457,191
1738814461,204
1738814463,197
1738814466,194
1738814469,198
1738814473,192
1738814476,200
1738814479,340
1738814482,684
1738814485,694
1738814487,699
1738814491,444
1738814494,191
1738814497,194
1738814500,194
1738814503,196
1738814503,None
1738814509,194
1738814512,197
1738814515,191
1738814518,197
1738814521,193
1738814524,195
1738814527,195
1738814530,194
1738814533,198
1738814536,197
1738814539,187
1738814542,200
1738814546,189
1738814548,187
1738814548,None
1738814555,192
1738814555,None
1738814561,187
1738814564,184
1738814567,195
1738814570,197
1738814573,188
1738814576,193
1738814579,191
1738814582,197
1738814586,184
1738814588,189
1738814591,192
1738814595,200
1738814598,196
1738814600,191
1738814604,187
1738814607,184
1738814610,192
1738814613,193
1738814616,189
1738814619,199
1738814622,185
1738814625,189
1738814628,211
1738814631,208
1738814634,193
1738814637,208
1738814640,199
1738814643,205
1738814646,201
1738814650,203
1738814652,202
1738814656,199
1738814658,206
1738814661,202
1738814664,207
1738814668,202
1738814670,205
1738814674,198
1738814677,201
1738814680,200
1738814683,201
1738814686,202
1738814689,201
1738814692,195
1738814695,203
1738814698,202
1738814701,193
1738814704,202
1738814707,196
1738814710,197
1738814713,201
1738814716,198
1738814719,201
1738814719,None
1738814726,195
1738814728,203
1738814732,209
1738814732,None
1738814738,201
1738814741,200
1738814744,197
1738814747,200
1738814750,203
1738814754,197
1738814756,197
1738814758,202
1738814762,204
1738814762,None
1738814768,208
1738814771,198
1738814774,195
1738814777,190
1738814780,207
1738814780,None
1738814786,199
1738814789,203
1738814793,194
1738814795,199
1738814798,206
1738814801,199
1738814804,201
1738814808,205
1738814810,199
1738814814,301
1738814814,None
1738814820,467
1738814820,None
1738814826,388
1738814829,217
1738814832,200
1738814832,None
1738814837,207
1738814841,211
1738814844,197
1738814847,204
1738814850,201
1738814853,205
1738814856,203
1738814859,201
1738814863,204
1738814865,196
1738814868,264
1738814871,466
1738814874,469
1738814877,473
1738814880,401
1738814884,203
1738814886,197
1738814890,202
1738814893,197
1738814896,203
1738814899,207
1738814902,194
1738814905,204
1738814908,204
1738814911,202
1738814914,202
1738814917,197
1738814920,204
1738814923,207
1738814926,200
1738814929,197
1738814933,202
1738814935,204
1738814938,196
1738814941,206
1738814944,206
1738814947,193
1738814951,209
1738814954,199
1738814957,197
1738814960,207
1738814963,199
1738814966,202
1738814969,201
1738814972,205
1738814975,193
1738814978,203
1738814982,196
1738814984,201
1738814988,200
1738814990,195
1738814990,None
1738814997,200
1738814999,206
1738815002,200
1738815005,203
1738815005,None
1738815012,202
1738815015,201
1738815015,None
1738815021,194
1738815024,207
1738815027,203
1738815030,200
1738815033,202
1738815036,207
1738815039,195
1738815042,206
1738815045,205
1738815048,201
1738815051,205
1738815051,None
1738815057,206
1738815060,197
1738815064,199
1738815066,201
1738815069,203
1738815072,194
1738815076,204
1738815078,208
1738815082,193
1738815085,211
1738815088,205
1738815091,198
1738815094,205
1738815096,200
1738815100,195
1738815104,202
1738815106,206
1738815109,197
1738815112,204
1738815115,200
1738815118,194
1738815121,208
1738815124,199
1738815127,201
1738815130,200
1738815133,204
1738815133,None
1738815140,204
1738815142,198
1738815146,212
1738815149,200
1738815152,210
1738815155,202
1738815158,207
1738815161,201
1738815164,203
1738815164,None
1738815170,206
1738815173,313
1738815176,469
1738815176,None
1738815182,466
1738815185,463
1738815188,209
1738815192,203
1738815194,201
1738815198,203
1738815201,197
1738815201,None
1738815207,207
1738815210,197
1738815213,249
1738815216,355
1738815219,351
1738815222,349
1738815225,352
1738815228,355
1738815231,352
1738815234,345
1738815237,353
1738815240,353
1738815240,None
1738815246,351
1738815249,349
1738815253,354
1738815255,355
1738815258,348
1738815261,356
1738815265,352
1738815268,354
1738815271,361
1738815274,291
1738815277,206
1738815280,229
1738815280,None
1738815286,461
1738815289,460
1738815293,345
1738815295,199
1738815298,204
1738815301,193
1738815304,204
1738815307,198
1738815311,189
1738815313,199
1738815317,195
1738815320,193
1738815323,198
1738815326,193
1738815329,204
1738815329,None
1738815335,202
1738815338,191
1738815341,198
1738815344,193
1738815347,195
1738815350,199
1738815353,197
1738815356,195
1738815359,198
1738815363,198
1738815365,195
1738815368,188
1738815371,203
1738815374,202
1738815377,193
1738815380,198
1738815384,195
1738815387,189
1738815389,198
1738815393,201
1738815396,196
1738815398,188
1738815402,192
1738815405,199
1738815408,196
1738815412,197
1738815414,196
1738815417,195
1738815421,194
1738815423,194
1738815426,201
1738815429,197
1738815432,192
1738815435,198
1738815439,193
1738815442,202
1738815444,194
1738815448,194
1738815451,198
1738815453,200
1738815457,190
1738815460,199
1738815463,196
1738815466,198
1738815469,197
1738815472,196
1738815475,194
1738815478,198
1738815481,194
1738815484,199
1738815487,193
1738815490,200
1738815493,194
1738815497,183
1738815499,201
1738815503,191
1738815505,192
1738815509,197
1738815509,None
1738815514,198
1738815518,193
1738815521,197
1738815524,201
1738815527,192
1738815527,None
1738815533,197
1738815536,191
1738815539,195
1738815542,196
1738815542,None
1738815548,199
1738815551,196
1738815554,193
1738815558,194
1738815560,195
1738815560,None
1738815567,197
1738815569,195
1738815572,193
1738815572,None
1738815579,359
1738815581,463
1738815584,451
1738815588,447
1738815591,456
1738815594,278
1738815597,195
1738815600,195
1738815602,187
1738815606,191
1738815609,204
1738815612,201
1738815615,192
1738815618,194
1738815621,196
1738815624,197
1738815624,None
1738815630,194
1738815633,188
1738815636,208
1738815636,None
1738815642,192
1738815645,188
1738815648,197
1738815651,197
1738815655,195
1738815657,202
1738815661,190
1738815664,204
1738815667,190
1738815669,193
1738815673,196
1738815673,None
1738815679,461
1738815679,None
1738815685,458
1738815688,424
1738815691,187
1738815694,200
1738815697,193
1738815700,198
1738815703,194
1738815707,189
1738815709,196
1738815712,190
1738815715,197
1738815718,189
1738815722,198
1738815725,191
1738815727,193
1738815731,192
1738815734,190
1738815737,197
1738815740,193
1738815743,196
1738815746,195
1738815749,191
1738815752,201
1738815755,189
1738815758,196
1738815761,198
1738815764,198
1738815767,188
1738815770,192
1738815773,202
1738815776,190
1738815779,200
1738815782,193
1738815785,194
1738815788,197
1738815791,191
1738815795,195
1738815795,None
1738815801,193
1738815804,197
1738815807,191
1738815810,200
1738815813,195
1738815816,194
1738815819,200
1738815823,192
1738815826,198
1738815828,195
1738815831,199
1738815834,199
1738815838,192
1738815841,195
1738815844,192
1738815847,191
1738815850,195
1738815850,None
1738815856,195
1738815859,183
1738815862,190
1738815865,188
1738815868,186
1738815871,190
1738815871,None
1738815877,197
1738815880,200
1738815883,188
1738815886,196
1738815889,194
1738815892,188
1738815895,192
1738815898,191
1738815902,195
1738815905,197
1738815905,None
1738815911,192
1738815914,193
1738815916,198
1738815916,None
1738815923,191
1738815926,197
1738815929,192
1738815932,192
1738815935,197
1738815938,196
1738815938,None
1738815944,190
1738815948,197
1738815950,188
1738815950,None
1738815956,193
1738815959,193
1738815963,196
1738815966,191
1738815968,193
1738815972,196
1738815975,188
1738815978,200
1738815981,196
1738815984,208
1738815987,205
1738815990,197
1738815990,None
1738815996,200
1738815999,203
1738816002,205
1738816005,199
1738816008,207
1738816011,199
1738816015,485
1738816018,618
1738816020,618
1738816023,615
1738816027,612
1738816029,445
1738816033,355
1738816036,364
1738816039,356
1738816042,354
1738816045,357
1738816048,353
1738816051,351
1738816054,351
1738816057,354
1738816060,349
1738816063,358
1738816063,None
1738816069,359
1738816072,263
1738816076,197
1738816078,325
1738816082,460
1738816085,461
1738816088,460
1738816091,368
1738816094,199
1738816097,190
1738816100,198
1738816104,191
1738816106,194
1738816109,192
1738816112,196
1738816116,196
1738816118,193
1738816121,200
1738816124,189
1738816128,203
1738816130,191
1738816133,201
1738816136,192
1738816139,195
1738816143,194
1738816146,191
1738816148,196
1738816152,195
1738816152,None
1738816158,198
1738816158,None
1738816164,202
1738816166,192
1738816170,201
1738816173,198
1738816176,198
1738816179,204
1738816182,200
1738816185,201
1738816189,196
1738816191,206
1738816194,202
1738816198,202
1738816201,205
1738816201,None
1738816206,201
1738816210,198
1738816210,None
1738816216,205
1738816219,198
1738816222,203
1738816225,192
1738816228,205
1738816231,196
1738816234,199
1738816237,200
1738816240,199
1738816243,197
1738816246,201
1738816249,198
1738816252,200
1738816255,194
1738816259,194
1738816261,204
1738816264,191
1738816268,204
1738816270,200
1738816274,197
1738816277,199
1738816279,204
1738816279,None
1738816286,200
1738816289,197
1738816292,207
1738816295,207
1738816298,201
1738816301,191
1738816304,207
1738816307,205
1738816307,None
1738816313,208
1738816316,195
1738816319,200
1738816323,203
1738816326,209
1738816329,203
1738816332,195
1738816335,201
1738816338,198
1738816341,198
1738816344,196
1738816347,196
1738816350,202
1738816353,200
1738816356,200
1738816359,200
1738816362,209
1738816365,197
1738816368,195
1738816371,200
1738816374,200
1738816378,203
1738816380,203
1738816383,203
1738816386,197
1738816390,195
1738816392,209
1738816396,196
1738816398,195
1738816398,None
1738816405,199
1738816408,201
1738816411,200
1738816414,204
1738816414,None
1738816420,200
1738816423,194
1738816426,202
1738816429,200
1738816432,199
1738816435,199
1738816438,203
1738816441,207
1738816445,206
1738816447,196
1738816450,208
1738816454,198
1738816456,194
1738816460,201
1738816463,197
1738816466,195
1738816468,200
1738816472,203
1738816475,192
1738816478,192
1738816481,253
1738816484,459
1738816487,452
1738816490,455
1738816493,352
1738816496,205
1738816499,199
1738816502,204
1738816506,267
1738816509,463
1738816512,463
1738816515,456
1738816518,380
1738816521,204
1738816524,201
1738816527,208
1738816530,203
1738816533,202
1738816536,209
1738816539,201
1738816543,207
1738816545,204
1738816548,195
1738816551,204
1738816555,203
1738816557,206
1738816557,None
1738816564,208
1738816567,206
1738816569,206
1738816573,196
1738816576,204
1738816578,160
1738816582,137
1738816582,None
1738816588,149
1738816591,144
1738816594,144
1738816597,156
1738816600,148
1738816603,143
1738816606,148
1738816606,None
1738816612,147
1738816615,148
1738816618,149
1738816621,148
1738816621,None
1738816627,150
1738816627,None
1738816634,146
1738816637,146
1738816640,135
1738816643,149
1738816646,143
1738816649,148
1738816652,139
1738816655,142
1738816658,145
1738816661,141
1738816664,142
1738816668,140
1738816670,142
1738816670,None
1738816676,140
1738816679,144
1738816682,145
1738816685,139
1738816688,145
1738816692,145
1738816695,136
1738816697,148
1738816701,142
1738816704,136
1738816707,149
1738816710,143
1738816713,141
1738816716,148
1738816719,147
1738816722,144
1738816725,141
1738816728,144
1738816731,148
1738816734,142
1738816737,144
1738816740,149
1738816743,140
1738816746,145
1738816749,146
1738816752,292
1738816756,298
1738816759,305
1738816762,295
1738816765,293
1738816768,301
1738816771,297
1738816774,303
1738816777,298
1738816780,303
1738816783,291
1738816786,301
1738816789,300
1738816792,293
1738816795,300
1738816798,291
1738816801,303
1738816805,298
1738816808,256
1738816810,146
1738816814,142
1738816816,142
1738816819,145
1738816823,136
1738816825,148
1738816829,136
1738816832,139
1738816834,146
1738816838,143
1738816841,276
1738816844,402
1738816847,402
1738816850,284
1738816853,144
1738816856,139
1738816859,142
1738816862,148
1738816866,143
1738816868,136
1738816868,None
1738816874,141
1738816877,142
1738816880,139
1738816883,150
1738816886,140
1738816890,146
1738816892,146
1738816895,151
1738816899,143
1738816902,266
1738816904,405
1738816907,398
1738816911,402
1738816914,266
1738816917,138
1738816920,135
1738816923,151
1738816926,149
1738816929,135
1738816932,147
1738816935,142
1738816938,143
1738816941,146
1738816944,147
1738816947,141
1738816950,144
1738816953,135
1738816957,149
1738816960,141
1738816962,146
1738816965,144
1738816968,146
1738816972,141
1738816975,149
1738816978,147
1738816981,142
1738816984,145
1738816987,141
1738816990,142
1738816993,145
1738816996,139
1738817000,148
1738817002,141
1738817005,148
1738817008,139
1738817011,152
1738817014,143
1738817014,None
1738817021,146
1738817024,145
1738817027,145
1738817030,146
1738817033,143
1738817036,146
1738817039,141
1738817042,149
1738817045,135
1738817048,148
1738817051,145
1738817054,139
1738817058,146
1738817060,142
1738817063,142
1738817067,140
1738817070,144
1738817072,143
1738817076,142
1738817079,139
1738817082,145
1738817085,147
1738817088,147
1738817091,139
1738817095,135
1738817097,150
1738817100,145
1738817103,142
1738817106,145
1738817109,147
1738817112,143
1738817115,143
1738817118,238
1738817122,405
1738817125,398
1738817127,402
1738817131,283
1738817133,140
1738817136,150
1738817136,None
1738817143,149
1738817146,140
1738817149,147
1738817153,136
1738817155,148
1738817158,141
1738817162,143
1738817164,143
1738817167,143
1738817171,143
1738817173,149
1738817177,140
1738817180,149
1738817183,137
1738817186,147
1738817189,146
1738817192,135
1738817196,152
1738817198,143
1738817201,144
1738817201,None
1738817207,143
1738817210,141
1738817213,136
1738817217,141
1738817219,134
1738817223,139
1738817225,137
1738817228,125
1738817232,139
1738817234,135
1738817237,133
1738817241,136
1738817244,138
1738817247,135
1738817250,137
1738817253,133
1738817256,138
1738817259,143
1738817262,134
1738817265,145
1738817268,130
1738817271,137
1738817275,138
1738817277,130
1738817277,None
1738817277,None
1738817286,136
1738817290,141
1738817292,140
1738817295,131
1738817298,135
1738817302,213
1738817304,403
1738817308,394
1738817310,401
1738817314,374
1738817317,132
1738817320,136
1738817323,128
1738817326,143
1738817329,130
1738817332,139
1738817335,133
1738817338,135
1738817341,135
1738817344,138
1738817348,139
1738817350,136
1738817353,135
1738817356,138
1738817359,137
1738817364,140
1738817365,138
1738817368,133
1738817372,137
1738817375,133
1738817378,139
1738817381,136
1738817384,140
1738817387,136
1738817390,126
1738817393,141
1738817396,135
1738817399,134
1738817402,127
1738817405,138
1738817408,134
1738817411,133
1738817414,133
1738817417,138
1738817420,140
1738817423,135
1738817426,138
1738817426,None
1738817433,138
1738817436,127
1738817439,137
1738817442,136
1738817445,134
1738817448,136
1738817451,136
1738817454,134
1738817457,138
1738817460,137
1738817463,135
1738817466,141
1738817469,132
1738817472,139
1738817475,132
1738817478,136
1738817481,257
1738817484,389
1738817487,395
1738817487,None
1738817493,250
1738817496,133
1738817499,130
1738817503,138
1738817503,None
1738817509,138
1738817512,136
1738817515,136
1738817518,141
1738817521,130
1738817525,139
1738817527,135
1738817530,128
1738817533,137
1738817536,134
1738817539,134
1738817539,None
1738817545,136
1738817549,140
1738817552,126
1738817554,125
1738817558,137
1738817561,125
1738817564,122
1738817567,129
1738817570,124
1738817573,126
1738817576,124
1738817579,125
1738817582,131
1738817585,125
1738817588,130
1738817592,129
1738817594,121
1738817597,121
1738817600,129
1738817603,126
1738817606,127
1738817609,125
1738817613,132
1738817616,130
1738817619,117
1738817622,133
1738817625,181
1738817628,281
1738817631,281
1738817634,277
1738817637,284
1738817640,284
1738817643,285
1738817646,275
1738817649,275
1738817652,286
1738817655,279
1738817659,277
1738817659,None
1738817664,282
1738817667,285
1738817670,276
1738817673,282
1738817676,286
1738817679,229
1738817683,127
1738817686,132
1738817688,123
1738817692,126
1738817694,131
1738817698,127
1738817701,121
1738817704,127
1738817707,132
1738817710,126
1738817713,120
1738817716,130
1738817719,127
1738817722,126
1738817725,343
1738817728,395
1738817731,390
1738817734,389
1738817738,137
1738817740,126
1738817743,129
1738817747,128
1738817749,138
1738817752,179
1738817756,225
1738817759,231
1738817762,234
1738817765,229
1738817768,225
1738817771,213
1738817774,224
1738817777,209
1738817781,219
1738817783,212
1738817783,None
1738817789,210
1738817792,214
1738817795,204
1738817799,203
1738817802,200
1738817804,199
1738817807,189
1738817810,204
1738817814,192
1738817817,193
1738817820,195
1738817823,193
1738817823,None
1738817829,194
1738817832,382
1738817835,450
1738817838,454
1738817841,453
1738817844,209
1738817848,200
1738817850,193
1738817853,199
1738817856,198
1738817859,194
1738817862,191
1738817862,None
1738817868,185
1738817872,191
1738817874,191
1738817877,206
1738817881,193
1738817884,204
1738817887,201
1738817889,206
1738817893,199
1738817896,201
1738817899,200
1738817902,197
1738817905,197
1738817908,204
1738817911,200
1738817914,210
1738817914,None
1738817920,196
1738817924,204
1738817926,205
1738817929,199
1738817932,200
1738817935,199
1738817938,203
1738817942,193
1738817945,202
1738817948,202
1738817951,196
1738817954,203
1738817957,206
1738817960,200
1738817963,198
1738817966,204
1738817969,204
1738817972,195
1738817975,208
1738817978,201
1738817981,203
1738817984,203
1738817987,195
1738817990,205
1738817993,199
1738817996,200
1738818000,198
1738818002,199
1738818006,207
1738818008,194
1738818012,204
1738818012,None
1738818018,199
1738818021,201
1738818024,200
1738818027,199
1738818030,204
1738818033,202
1738818036,196
1738818039,207
1738818042,202
1738818045,194
1738818048,203
1738818051,198
1738818054,196
1738818057,206
1738818060,202
1738818063,205
1738818067,198
1738818067,None
1738818072,201
1738818072,None
1738818078,199
1738818082,192
1738818085,197
1738818088,202
1738818091,202
1738818094,199
1738818097,205
1738818101,197
1738818103,193
1738818106,206
1738818109,202
1738818112,197
1738818116,202
1738818118,199
1738818121,202
1738818125,199
1738818128,199
1738818131,194
1738818134,208
1738818137,200
1738818140,195
1738818140,None
1738818146,201
1738818149,200
1738818152,220
1738818155,399
1738818158,459
1738818161,465
1738818164,462
1738818167,229
1738818171,206
1738818173,199
1738818176,199
1738818180,201
1738818182,201
1738818185,203
1738818188,197
1738818192,206
1738818192,None
1738818197,207
1738818201,198
1738818204,205
1738818207,199
1738818210,198
1738818213,203
1738818216,301
1738818219,463
1738818222,458
1738818225,452
1738818228,454
1738818231,316
1738818234,198
1738818234,None
1738818240,199
1738818243,202
1738818246,191
1738818250,201
1738818253,202
1738818256,191
1738818258,205
1738818262,196
1738818262,None
1738818268,202
1738818271,200
1738818274,206
1738818277,196
1738818280,201
1738818283,205
1738818286,203
1738818289,191
1738818289,None
1738818296,208
1738818298,198
1738818301,199
1738818305,212
1738818307,203
1738818311,204
1738818313,198
1738818317,204
1738818320,207
1738818323,191
1738818326,204
1738818329,201
1738818332,197
1738818335,204
1738818338,202
1738818341,200
1738818341,None
1738818347,194
1738818351,202
1738818353,204
1738818353,None
1738818360,203
1738818363,199
1738818365,203
1738818369,193
1738818372,199
1738818375,203
1738818378,190
1738818381,197
1738818384,204
1738818387,195
1738818390,197
1738818393,203
1738818396,204
1738818396,None
1738818402,207
1738818405,203
1738818408,193
1738818411,201
1738818415,197
1738818417,203
1738818421,198
1738818423,197
1738818427,202
1738818430,196
1738818433,209
1738818436,200
1738818439,202
1738818442,203
1738818445,203
1738818448,202
1738818451,224
1738818454,359
1738818457,362
1738818460,353
1738818463,365
1738818467,359
1738818469,352
1738818473,358
1738818476,354
1738818479,363
1738818482,356
1738818485,359
1738818487,362
1738818491,359
1738818494,353
1738818497,365
1738818500,361
1738818503,355
1738818506,360
1738818509,291
1738818513,200
1738818515,207
1738818518,199
1738818521,188
1738818524,206
1738818527,200
1738818530,198
1738818533,195
1738818536,199
1738818539,203
1738818542,196
1738818546,197
1738818549,207
1738818552,200
1738818555,198
1738818558,193
1738818561,203
1738818564,198
1738818567,202
1738818570,195
1738818573,193
1738818576,203
1738818579,207
1738818582,198
1738818585,205
1738818585,None
1738818592,198
1738818594,197
1738818597,191
1738818601,201
1738818604,467
1738818606,463
1738818606,None
1738818613,385
1738818616,198
1738818618,192
1738818618,None
1738818625,198
1738818628,192
1738818631,195
1738818634,355
1738818637,466
1738818640,458
1738818644,452
1738818646,194
1738818646,None
1738818652,206
1738818655,190
1738818658,188
1738818662,186
1738818665,192
1738818668,207
1738818670,205
1738818673,202
1738818677,195
1738818679,195
1738818682,204
1738818686,202
1738818689,191
1738818692,192
1738818695,205
1738818698,201
1738818701,189
1738818704,194
1738818707,197
1738818710,195
1738818714,193
1738818716,192
1738818719,201
1738818723,197
1738818725,184
1738818728,198
1738818731,193
1738818734,198
1738818737,197
1738818741,192
1738818744,199
1738818746,191
1738818750,200
1738818753,195
1738818756,190
1738818759,195
1738818762,194
1738818765,195
1738818768,191
1738818771,196
1738818774,203
1738818777,197
1738818780,194
1738818783,190
1738818786,194
1738818789,197
1738818789,None
1738818796,198
1738818798,191
1738818801,190
1738818804,199
1738818804,None
1738818811,200
1738818814,193
1738818817,196
1738818820,194
1738818823,198
1738818826,190
1738818829,194
1738818832,191
1738818835,201
1738818838,194
1738818841,198
1738818844,193
1738818847,199
1738818850,190
1738818853,202
1738818857,195
1738818860,193
1738818863,188
1738818865,196
1738818869,200
1738818872,192
1738818875,199
1738818878,198
1738818881,197
1738818884,193
1738818887,191
1738818890,187
1738818893,196
1738818896,189
1738818899,190
1738818902,193
1738818905,195
1738818909,207
1738818911,202
1738818914,197
1738818917,195
1738818921,196
1738818924,189
1738818927,188
1738818929,195
1738818933,202
1738818933,None
1738818938,187
1738818942,196
1738818945,231
1738818948,448
1738818951,450
1738818954,443
1738818957,230
1738818960,197
1738818963,188
1738818966,200
1738818969,203
1738818972,461
1738818975,457
1738818978,452
1738818981,456
1738818984,195
1738818987,198
1738818990,195
1738818994,190
1738818997,191
1738818999,191
1738819003,196
1738819006,193
1738819009,190
1738819011,187
1738819015,192
1738819018,195
1738819021,194
1738819024,182
1738819027,193
1738819030,200
1738819033,192
1738819036,200
1738819039,190
1738819042,188
1738819045,196
1738819048,195
1738819051,189
1738819054,200
1738819057,189
1738819061,191
1738819064,191
1738819067,194
1738819070,191
1738819073,194
1738819076,193
1738819079,193
1738819082,196
1738819085,190
1738819085,None
1738819091,195
1738819094,195
1738819097,191
1738819100,198
1738819103,191
1738819106,198
1738819109,189
1738819112,193
1738819115,195
1738819115,None
1738819121,196
1738819124,196
1738819128,185
1738819130,201
1738819134,192
1738819136,184
1738819140,197
1738819143,191
1738819146,196
1738819146,None
1738819152,187
1738819155,201
1738819158,196
1738819161,187
1738819164,192
1738819167,190
1738819170,195
1738819173,191
1738819173,None
1738819180,181
1738819182,196
1738819185,188
1738819188,187
1738819191,195
1738819194,194
1738819198,193
1738819201,189
1738819204,196
1738819207,196
1738819209,190
1738819213,198
1738819216,183
1738819219,199
1738819222,188
1738819225,187
1738819228,197
1738819231,245
1738819234,339
1738819237,347
1738819240,347
1738819243,284
1738819246,200
1738819250,190
1738819252,186
1738819255,196
1738819258,186
1738819262,194
1738819265,194
1738819268,193
1738819270,187
1738819274,196
1738819277,187
1738819280,192
1738819283,412
1738819286,451
1738819289,448
1738819292,452
1738819295,277
1738819298,197
1738819301,194
1738819304,187
1738819307,184
1738819310,197
1738819313,185
1738819316,189
1738819319,194
1738819322,181
1738819326,185
1738819329,198
1738819332,193
1738819335,187
1738819338,183
1738819341,198
1738819344,188
1738819347,191
1738819350,186
1738819353,193
1738819356,199
1738819359,195
1738819362,204
1738819365,195
1738819368,203
1738819371,201
1738819374,203
1738819378,196
1738819380,201
1738819384,195
1738819387,192
1738819390,453
1738819393,458
1738819396,468
1738819399,266
1738819402,196
1738819405,197
1738819408,190
1738819411,197
1738819414,201
1738819417,189
1738819422,191
1738819424,187
1738819427,202
1738819431,195
1738819433,191
1738819436,194
1738819440,193
1738819442,193
1738819445,199
1738819448,183
1738819451,203
1738819455,192
1738819457,191
1738819460,196
1738819464,186
1738819466,196
1738819470,200
1738819473,214
1738819476,223
1738819479,219
1738819482,228
1738819485,345
1738819488,1236
1738819491,1229
1738819495,1224
1738819497,1219
1738819501,1222
1738819503,1225
1738819506,1221
1738819510,1231
1738819512,1249
1738819515,1241
1738819518,1238
1738819522,1225
1738819524,1224
1738819528,1239
1738819531,1242
1738819534,1245
1738819537,1232
1738819540,1238
1738819543,1238
1738819547,1230
1738819547,None
1738819552,1250
1738819555,1246
1738819558,1252
1738819561,1245
1738819565,1252
1738819565,None
1738819571,1258
1738819573,1257
1738819576,1258
1738819579,1251
1738819582,1269
1738819586,1267
1738819588,1262
1738819592,1264
1738819595,1267
1738819598,1257
1738819601,1262
1738819604,1269
1738819607,1262
1738819610,1260
1738819613,1269
1738819616,1258
1738819619,1268
1738819623,1265
1738819625,1259
1738819625,None
1738819631,1026
1738819634,260
1738819638,263
1738819640,255
1738819640,None
1738819647,256
1738819647,None
1738819653,255
1738819656,259
1738819659,256
1738819662,259
1738819665,260
1738819668,260
1738819671,261
1738819674,258
1738819677,383
1738819681,520
1738819683,532
1738819686,540
1738819690,465
1738819693,258
1738819696,249
1738819699,251
1738819702,249
1738819705,248
1738819708,250
1738819711,241
1738819714,246
1738819718,240
1738819720,249
1738819723,239
1738819726,388
1738819729,508
1738819732,500
1738819736,510
1738819738,510
1738819742,319
1738819744,251
1738819747,349
1738819750,901
1738819754,1257
1738819757,1259
1738819760,1261
1738819763,1252
1738819766,1253
1738819769,1260
1738819772,1249
1738819775,1255
1738819778,1255
1738819781,1261
1738819784,1259
1738819787,1266
1738819790,1263
1738819793,1264
1738819796,1254
1738819800,1265
1738819802,1250
1738819805,1018
1738819805,None
1738819811,251
1738819815,256
1738819818,358
1738819821,917
1738819824,1253
1738819827,1258
1738819829,1257
1738819833,1245
1738819836,1254
1738819839,1259
1738819842,1257
1738819845,1245
1738819848,249
1738819851,251
1738819854,250
1738819857,249
1738819860,243
1738819863,237
1738819866,244
1738819870,251
1738819872,246
1738819875,244
1738819878,247
1738819882,246
1738819882,None
1738819888,242
1738819891,250
1738819894,243
1738819897,258
1738819900,553
1738819903,1555
1738819906,1658
1738819909,1664
1738819912,1671
1738819915,1663
1738819918,1662
1738819921,1647
1738819924,258
1738819927,238
1738819930,247
1738819934,248
1738819936,238
1738819940,252
1738819943,247
1738819946,243
1738819949,247
1738819952,244
1738819955,243
1738819958,249
1738819961,248
1738819964,246
1738819967,241
1738819970,255
1738819973,239
1738819976,253
1738819980,247
1738819982,251
1738819985,249
1738819988,253
1738819991,249
1738819994,251
1738819998,240
1738820000,250
1738820004,242
1738820007,251
1738820010,241
1738820013,234
1738820016,238
1738820019,234
1738820022,238
1738820025,241
1738820028,232
1738820031,239
1738820034,234
1738820037,236
1738820041,233
1738820043,234
1738820046,405
1738820050,502
1738820052,506
1738820056,497
1738820059,369
1738820062,460
1738820065,494
1738820068,498
1738820070,375
1738820074,237
1738820077,243
1738820080,231
1738820080,None
1738820086,247
1738820089,238
1738820092,235
1738820095,247
1738820098,239
1738820101,243
1738820105,249
1738820107,243
1738820110,245
1738820113,239
1738820117,245
1738820119,242
1738820123,239
1738820126,249
1738820128,242
1738820132,235
1738820135,240
1738820138,240
1738820141,246
1738820144,238
1738820147,248
1738820150,247
1738820153,232
1738820156,236
1738820156,None
1738820162,238
1738820165,244
1738820168,238
1738820171,243
1738820174,247
1738820177,229
1738820181,220
1738820183,240
1738820186,234
1738820189,231
1738820193,227
1738820196,232
1738820199,236
1738820202,225
1738820205,234
1738820208,232
1738820211,231
1738820214,238
1738820217,232
1738820217,None
1738820223,237
1738820226,232
1738820229,238
1738820229,None
1738820236,236
1738820238,236
1738820241,232
1738820244,242
1738820248,237
1738820250,234
1738820254,236
1738820257,238
1738820260,239
1738820263,236
1738820266,239
1738820268,232
1738820272,236
1738820275,228
1738820278,240
1738820281,230
1738820284,234
1738820287,235
1738820290,230
1738820293,231
1738820296,229
1738820299,233
1738820303,230
1738820305,238
1738820308,225
1738820312,238
1738820315,233
1738820318,233
1738820321,231
1738820324,229
1738820327,231
1738820330,226
1738820333,227
1738820336,239
1738820339,227
1738820342,243
1738820345,234
1738820348,233
1738820351,239
1738820354,231
1738820357,230
1738820361,241
1738820363,239
1738820367,241
1738820370,226
1738820373,288
1738820376,496
1738820378,492
1738820382,491
1738820382,None
1738820388,234
1738820391,230
1738820394,236
1738820397,232
1738820401,228
1738820403,236
1738820406,231
1738820409,240
1738820412,420
1738820416,493
1738820418,502
1738820421,493
1738820424,398
1738820428,237
1738820428,None
1738820434,230
1738820437,233
1738820440,240
1738820443,226
1738820446,234
1738820449,237
1738820452,226
1738820455,233
1738820458,236
1738820461,226
1738820464,237
1738820467,228
1738820470,227
1738820473,236
1738820476,234
1738820479,227
1738820482,237
1738820485,232
1738820488,226
1738820491,234
1738820494,231
1738820497,225
1738820501,239
1738820504,233
1738820507,231
1738820510,230
1738820513,230
1738820516,225
1738820516,None
1738820522,238
1738820525,228
1738820528,228
1738820531,231
1738820534,228
1738820537,239
1738820540,229
1738820543,229
1738820546,235
1738820550,229
1738820553,237
1738820556,233
1738820559,227
1738820561,234
1738820565,225
1738820568,237
1738820571,232
1738820573,229
1738820577,229
1738820580,234
1738820583,229
1738820586,238
1738820589,224
1738820592,239
1738820595,233
1738820598,229
1738820601,230
1738820601,None
1738820607,250
1738820610,362
1738820613,1483
1738820617,1667
1738820619,1651
1738820622,1668
1738820625,1661
1738820629,1662
1738820632,1649
1738820634,779
1738820638,243
1738820638,None
1738820644,226
1738820647,245
1738820650,237
1738820653,236
1738820653,None
1738820659,232
1738820662,236
1738820665,239
1738820668,229
1738820671,223
1738820674,225
1738820678,234
1738820681,232
1738820683,229
1738820687,224
1738820689,229
1738820689,None
1738820696,221
1738820698,228
1738820698,None
1738820705,219
1738820708,231
1738820711,225
1738820714,227
1738820717,229
1738820720,229
1738820723,214
1738820726,229
1738820729,219
1738820732,222
1738820736,487
1738820738,488
1738820741,481
1738820744,485
1738820748,490
1738820751,260
1738820753,227
1738820757,233
1738820760,222
1738820762,222
1738820766,222
1738820769,224
1738820772,228
1738820775,221
1738820778,219
1738820781,232
1738820784,229
1738820787,224
1738820790,221
1738820793,224
1738820796,227
1738820800,220
1738820802,216
1738820806,220
1738820806,None
1738820811,227
1738820815,223
1738820817,216
1738820820,289
1738820825,488
1738820827,484
1738820830,483
1738820833,317
1738820836,222
1738820839,221
1738820842,213
1738820845,225
1738820845,None
1738820851,218
1738820854,223
1738820857,217
1738820860,214
1738820863,219
1738820867,228
1738820870,218
1738820873,217
1738820876,226
1738820879,219
1738820879,None
1738820885,222
1738820888,222
1738820891,227
1738820894,215
1738820897,217
1738820900,224
1738820903,217
1738820906,221
1738820909,223
1738820912,221
1738820915,219
1738820918,224
1738820921,224
1738820925,221
1738820928,221
1738820931,221
1738820934,223
1738820937,215
1738820940,221
1738820943,221
1738820946,223
1738820946,None
1738820946,None
1738820946,None
1738820958,219
1738820961,219
1738820964,224
1738820967,217
1738820970,217
1738820973,221
1738820976,215
1738820979,224
1738820982,214
1738820985,223
1738820988,203
1738820988,None
1738820994,205
1738820998,198
1738821000,207
1738821003,199
1738821006,197
1738821010,199
1738821013,197
1738821015,204
1738821019,187
1738821022,194
1738821022,None
1738821028,189
1738821031,178
1738821034,190
1738821037,188
1738821040,191
1738821043,189
1738821046,191
1738821049,194
1738821052,191
1738821055,181
1738821059,190
1738821061,193
1738821064,191
1738821068,197
1738821070,196
1738821073,190
1738821077,198
1738821079,197
1738821083,193
1738821086,192
1738821089,204
1738821092,194
1738821095,202
1738821098,198
1738821101,199
1738821104,196
1738821107,194
1738821110,198
1738821113,194
1738821116,204
1738821119,193
1738821122,199
1738821125,199
1738821128,195
1738821131,199
1738821134,196
1738821137,200
1738821141,194
1738821144,201
1738821147,192
1738821149,189
1738821153,202
1738821156,195
1738821159,201
1738821162,201
1738821165,196
1738821168,197
1738821171,198
1738821174,194
1738821178,201
1738821180,263
1738821183,562
1738821186,716
1738821189,726
1738821192,479
1738821195,459
1738821198,231
1738821201,194
1738821205,194
1738821207,202
1738821211,194
1738821214,205
1738821217,190
1738821220,198
1738821223,194
1738821223,None
1738821229,200
1738821232,192
1738821235,197
1738821238,197
1738821241,190
1738821244,199
1738821247,203
1738821247,None
1738821254,203
1738821257,199
1738821260,197
1738821263,203
1738821266,188
1738821269,198
1738821272,205
1738821275,201
1738821278,189
1738821281,191
1738821284,208
1738821287,194
1738821290,194
1738821293,194
1738821296,198
1738821299,193
1738821302,194
1738821306,192
1738821309,199
1738821312,198
1738821315,200
1738821317,192
1738821321,198
1738821324,199
1738821327,198
1738821330,202
1738821333,194
1738821336,201
1738821339,192
1738821342,195
1738821345,197
1738821348,193
1738821351,198
1738821354,193
1738821357,199
1738821357,None
1738821363,190
1738821363,None
1738821370,195
1738821372,197
1738821375,195
1738821378,195
1738821381,204
1738821385,203
1738821388,208
1738821391,198
1738821394,201
1738821397,199
1738821400,201
1738821403,192
1738821407,205
1738821409,195
1738821412,197
1738821415,222
1738821418,223
1738821421,230
1738821425,230
1738821428,217
1738821431,214
1738821433,202
1738821436,196
1738821440,212
1738821443,204
1738821445,196
1738821449,188
1738821449,None
1738821455,133
1738821458,127
1738821461,134
1738821464,133
1738821467,128
1738821467,None
1738821473,239
1738821476,413
1738821479,410
1738821482,393
1738821485,191
1738821488,126
1738821491,131
1738821494,134
1738821497,130
1738821501,135
1738821503,130
1738821506,135
1738821509,127
1738821512,133
1738821516,132
1738821518,134
1738821522,130
1738821525,133
1738821528,130
1738821531,129
1738821534,127
1738821537,129
1738821540,135
1738821543,129
1738821546,135
1738821546,None
1738821552,133
1738821555,125
1738821558,132
1738821561,127
1738821561,None
1738821561,None
1738821570,134
1738821573,132
1738821577,131
1738821579,139
1738821583,145
1738821586,139
1738821589,152
1738821592,147
1738821595,151
1738821598,149
1738821601,152
1738821604,150
1738821607,157
1738821610,155
1738821613,160
1738821616,155
1738821619,161
1738821622,162
1738821625,154
1738821628,165
1738821631,154
1738821635,385
1738821637,429
1738821641,424
1738821644,372
1738821647,194
1738821650,158
1738821653,160
1738821656,157
1738821659,149
1738821662,142
1738821665,147
1738821669,149
1738821671,153
1738821674,147
1738821677,147
1738821680,147
1738821683,147
1738821686,144
1738821690,145
1738821692,146
1738821695,147
1738821699,144
1738821702,139
1738821705,146
1738821708,144
1738821711,144
1738821714,148
1738821717,139
1738821720,146
1738821723,145
1738821726,149
1738821729,146
1738821732,145
1738821735,146
1738821739,143
1738821741,145
1738821744,147
1738821747,140
1738821751,147
1738821751,None
1738821757,152
1738821759,142
1738821762,152
1738821765,144
1738821768,149
1738821771,148
1738821775,150
1738821777,142
1738821781,153
1738821784,149
1738821787,150
1738821790,157
1738821793,145
1738821796,154
1738821799,152
1738821802,408
1738821805,411
1738821808,408
1738821811,408
1738821814,256
1738821817,151
1738821817,None
1738821823,154
1738821826,146
1738821829,148
1738821833,150
1738821835,143
1738821838,157
1738821842,148
1738821845,153
1738821848,147
1738821851,155
1738821854,150
1738821857,149
1738821860,150
1738821863,148
1738821866,148
1738821869,153
1738821869,None
1738821875,151
1738821878,141
1738821881,151
1738821884,151
1738821887,140
1738821890,153
1738821893,149
1738821897,148
1738821899,151
1738821903,137
1738821906,141
1738821909,142
1738821909,None
1738821915,140
1738821918,142
1738821921,146
1738821925,137
1738821927,138
1738821930,138
1738821934,145
1738821936,142
1738821939,139
1738821943,135
1738821945,138
1738821949,135
1738821951,138
1738821954,137
1738821958,145
1738821960,140
1738821964,141
1738821967,142
1738821967,None
1738821973,145
1738821976,139
1738821979,145
1738821982,139
1738821982,None
1738821988,135
1738821988,None
1738821994,147
1738821997,405
1738822000,401
1738822003,406
1738822007,349
1738822009,176
1738822013,141
1738822016,139
1738822019,140
1738822019,None
1738822025,135
1738822028,141
1738822031,132
1738822034,146
1738822037,135
1738822040,144
1738822043,133
1738822047,140
1738822049,137
1738822052,141
1738822056,141
1738822058,135
1738822062,142
1738822065,137
1738822068,138
1738822071,147
1738822074,138
1738822077,142
1738822080,145
1738822083,134
1738822086,140
1738822089,142
1738822092,139
1738822095,142
1738822098,129
1738822101,140
1738822104,142
1738822107,138
1738822107,None
1738822114,140
1738822116,150
1738822120,140
1738822123,133
1738822126,138
1738822129,140
1738822132,142
1738822134,131
1738822138,138
1738822141,140
1738822144,136
1738822147,145
1738822150,136
1738822153,146
1738822156,140
1738822159,133
1738822162,141
1738822165,136
1738822168,145
1738822172,138
1738822175,136
1738822178,133
1738822181,134
1738822184,137
1738822187,142
1738822190,131
1738822193,144
1738822196,306
1738822199,394
1738822202,397
1738822205,355
1738822208,143
1738822211,136
1738822214,144
1738822217,137
1738822220,133
1738822224,134
1738822226,138
1738822229,142
1738822233,133
1738822235,134
1738822239,125
1738822242,133
1738822244,129
1738822248,122
1738822250,131
1738822254,125
1738822257,127
1738822260,130
1738822263,126
1738822266,127
1738822269,128
1738822272,136
1738822275,125
1738822278,130
1738822281,132
1738822284,125
1738822287,141
1738822290,140
1738822293,131
1738822297,136
1738822299,133
1738822302,133
1738822306,132
1738822309,137
1738822312,128
1738822315,134
1738822315,None
1738822321,135
1738822324,138
1738822327,128
1738822330,134
1738822334,133
1738822336,126
1738822339,138
1738822342,133
1738822345,127
1738822348,138
1738822351,134
1738822354,136
1738822357,131
1738822357,None
1738822363,133
1738822367,128
1738822370,139
1738822372,132
1738822376,123
1738822379,145
1738822382,132
1738822385,128
1738822388,135
1738822391,134
1738822394,134
1738822397,129
1738822400,133
1738822403,134
1738822406,128
1738822409,137
1738822412,135
1738822415,140
1738822418,476
1738822422,498
1738822425,497
1738822428,413
1738822431,231
1738822434,231
1738822437,230
1738822440,230
1738822443,232
1738822446,217
1738822449,223
1738822452,225
1738822456,215
1738822458,215
1738822461,222
1738822464,212
1738822467,203
1738822470,214
1738822470,None
1738822476,201
1738822479,204
1738822483,204
1738822485,202
1738822488,217
1738822492,216
1738822495,205
1738822498,212
1738822501,208
1738822504,211
1738822507,209
1738822510,207
1738822513,210
1738822516,216
1738822519,207
1738822522,469
1738822525,465
1738822528,465
1738822531,281
1738822534,203
1738822537,212
1738822541,208
1738822544,203
1738822547,212
1738822549,209
1738822553,215
1738822556,202
1738822559,211
1738822562,212
1738822565,210
1738822565,None
1738822565,None
1738822574,220
1738822574,None
1738822580,207
1738822583,199
1738822586,205
1738822586,None
1738822592,196
1738822592,None
1738822598,209
1738822598,None
1738822604,213
1738822608,207
1738822610,206
1738822614,197
1738822617,216
1738822620,209
1738822623,205
1738822626,201
1738822629,207
1738822629,None
1738822635,210
1738822638,199
1738822641,200
1738822644,204
1738822647,195
1738822651,207
1738822653,198
1738822656,206
1738822659,202
1738822662,207
1738822666,203
1738822668,204
1738822672,203
1738822675,203
1738822678,203
1738822681,197
1738822685,207
1738822687,199
1738822687,None
1738822693,196
1738822697,206
1738822699,199
1738822699,None
1738822705,201
1738822708,205
1738822711,201
1738822714,205
1738822717,203
1738822720,204
1738822724,205
1738822726,210
1738822730,201
1738822733,207
1738822736,207
1738822739,207
1738822742,205
1738822745,201
1738822748,208
1738822751,204
1738822754,201
1738822757,204
1738822760,203
1738822763,196
1738822767,203
1738822769,213
1738822772,204
1738822776,193
1738822779,209
1738822781,204
1738822784,199
1738822788,201
1738822791,206
1738822794,200
1738822797,205
1738822800,200
1738822803,200
1738822806,208
1738822810,202
1738822812,190
1738822815,280
1738822819,461
1738822821,633
1738822825,717
1738822827,563
1738822831,448
1738822834,201
1738822834,None
1738822840,205
1738822843,200
1738822846,193
1738822846,None
1738822852,207
1738822855,203
1738822858,202
1738822861,196
1738822864,198
1738822867,205
1738822870,205
1738822873,199
1738822876,207
1738822879,201
1738822882,201
1738822882,None
1738822889,208
1738822889,None
1738822895,206
1738822897,204
1738822901,201
1738822903,199
1738822907,205
1738822910,196
1738822913,209
1738822916,204
1738822916,None
1738822922,206
1738822925,203
1738822928,198
1738822931,203
1738822935,204
1738822937,201
1738822940,206
1738822943,197
1738822946,209
1738822949,194
1738822952,210
1738822955,202
1738822958,204
1738822962,200
1738822964,203
1738822967,199
1738822970,201
1738822973,197
1738822976,206
1738822980,201
1738822983,209
1738822986,201
1738822988,204
1738822991,200
1738822995,204
1738822998,202
1738823001,200
1738823004,207
1738823007,200
1738823010,204
1738823013,204
1738823016,191
1738823019,207
1738823019,None
1738823025,200
1738823028,200
1738823031,206
1738823034,205
1738823037,194
1738823041,205
1738823044,204
1738823047,197
1738823049,195
1738823053,202
1738823056,204
1738823059,205
1738823062,196
1738823065,205
1738823068,206
1738823071,202
1738823074,193
1738823077,208
1738823080,204
1738823083,202
1738823087,196
1738823089,204
1738823093,202
1738823095,206
1738823098,201
1738823102,208
1738823104,197
1738823108,198
1738823111,209
1738823114,206
1738823117,202
1738823120,199
1738823123,202
1738823126,259
1738823129,460
1738823132,453
1738823135,463
1738823138,302
1738823141,206
1738823144,202
1738823147,200
1738823150,203
1738823153,201
1738823156,201
1738823159,202
1738823162,203
1738823166,197
1738823168,203
1738823172,200
1738823175,201
1738823178,203
1738823181,196
1738823184,217
1738823187,466
1738823190,467
1738823193,466
1738823196,463
1738823196,None
1738823202,194
1738823205,207
1738823208,197
1738823211,207
1738823214,198
1738823217,202
1738823220,201
1738823223,201
1738823226,205
1738823230,200
1738823233,207
1738823236,192
1738823239,209
1738823242,195
1738823245,202
1738823248,200
1738823251,200
1738823254,201
1738823254,None
1738823260,198
1738823260,None
1738823266,189
1738823266,None
1738823273,200
1738823276,195
1738823278,192
1738823281,199
1738823281,None
1738823288,197
1738823291,199
1738823294,194
1738823297,201
1738823300,203
1738823303,192
1738823306,189
1738823306,None
1738823312,195
1738823315,195
1738823315,None
1738823321,196
1738823324,200
1738823327,195
1738823330,200
1738823333,198
1738823337,194
1738823339,199
1738823342,196
1738823346,194
1738823348,198
1738823352,196
1738823354,196
1738823358,193
1738823358,None
1738823364,197
1738823367,187
1738823370,203
1738823373,199
1738823376,195
1738823379,192
1738823382,199
1738823385,200
1738823388,191
1738823391,191
1738823394,200
1738823397,194
1738823400,188
1738823403,202
1738823406,198
1738823409,196
1738823412,190
1738823416,192
1738823419,198
1738823421,198
1738823424,188
1738823428,202
1738823431,196
1738823433,191
1738823437,197
1738823440,189
1738823442,195
1738823446,201
1738823449,194
1738823452,185
1738823455,203
1738823458,197
1738823461,350
1738823464,452
1738823468,451
1738823471,457
1738823473,264
1738823473,None
1738823480,191
1738823483,199
1738823485,201
1738823488,193
1738823492,197
1738823494,195
1738823498,190
1738823501,198
1738823504,189
1738823507,201
1738823510,196
1738823513,194
1738823516,194
1738823519,192
1738823522,198
1738823525,193
1738823528,194
1738823531,191
1738823534,198
1738823537,191
1738823541,194
1738823543,185
1738823547,192
1738823549,179
1738823553,185
1738823556,191
1738823558,190
1738823562,188
1738823565,192
1738823568,182
1738823571,196
1738823574,188
1738823577,183
1738823580,189
1738823583,185
1738823586,190
1738823589,184
1738823592,192
1738823595,385
1738823598,443
1738823601,453
1738823604,443
1738823607,197
1738823607,None
1738823614,191
1738823616,193
1738823620,190
1738823623,192
1738823626,185
1738823629,191
1738823631,189
1738823635,183
1738823638,194
1738823641,187
1738823644,187
1738823647,191
1738823650,190
1738823653,184
1738823656,185
1738823659,191
1738823662,180
1738823665,188
1738823668,192
1738823672,187
1738823674,187
1738823677,189
1738823680,186
1738823684,193
1738823686,184
1738823690,178
1738823693,190
1738823695,190
1738823699,188
1738823701,183
1738823704,188
1738823708,192
1738823711,188
1738823714,188
1738823717,186
1738823720,195
1738823723,189
1738823726,180
1738823729,196
1738823733,183
1738823735,189
1738823738,187
1738823741,189
1738823744,189
1738823747,189
1738823747,None
1738823753,188
1738823756,189
1738823760,190
1738823762,186
1738823766,189
1738823769,186
1738823772,185
1738823775,187
1738823778,187
1738823781,192
1738823784,182
1738823787,193
1738823790,182
1738823793,193
1738823796,180
1738823799,191
1738823802,181
1738823805,187
1738823808,187
1738823811,184
1738823814,188
1738823818,182
1738823818,None
1738823823,191
1738823826,439
1738823830,444
1738823832,442
1738823836,192
1738823838,188
1738823841,190
1738823841,None
1738823848,187
1738823848,None
1738823853,184
1738823857,184
1738823860,192
1738823863,186
1738823866,190
1738823869,190
1738823872,188
1738823876,184
1738823878,181
1738823881,189
1738823884,190
1738823884,None
1738823884,None
1738823894,186
1738823896,186
1738823899,189
1738823903,184
1738823906,192
1738823908,177
1738823912,190
1738823915,192
1738823918,190
1738823921,190
1738823924,199
1738823927,188
1738823930,195
1738823933,194
1738823933,None
1738823939,191
1738823942,199
1738823945,193
1738823948,189
1738823952,197
1738823955,195
1738823958,196
1738823961,198
1738823964,195
1738823967,194
1738823969,191
1738823973,194
1738823976,203
1738823979,194
1738823982,194
1738823985,204
1738823988,196
1738823991,194
1738823995,367
1738823997,472
1738824000,473
1738824003,475
1738824006,363
1738824010,630
1738824012,1142
1738824016,1488
1738824019,1474
1738824022,1480
1738824022,None
1738824027,1474
1738824031,1475
1738824034,1161
1738824037,869
1738824040,875
1738824043,884
1738824046,882
1738824049,877
1738824049,None
1738824055,202
1738824058,201
1738824061,199
1738824065,192
1738824067,201
1738824070,198
1738824074,191
1738824077,202
1738824080,196
1738824083,200
1738824086,426
1738824089,452
1738824092,450
1738824095,328
1738824098,193
1738824101,201
1738824104,196
1738824107,206
1738824110,202
1738824113,193
1738824116,202
1738824119,199
1738824123,203
1738824126,197
1738824129,200
1738824131,195
1738824135,203
1738824138,198
1738824141,205
1738824143,198
1738824147,201
1738824150,200
1738824153,201
1738824156,198
1738824159,202
1738824162,201
1738824165,196
1738824168,199
1738824171,193
1738824174,207
1738824177,196
1738824180,198
1738824183,196
1738824183,None
1738824189,203
1738824193,202
1738824195,206
1738824198,201
1738824202,195
1738824205,208
1738824208,204
1738824211,201
1738824214,206
1738824217,207
1738824220,199
1738824223,199
1738824226,210
1738824229,200
1738824232,196
1738824235,211
1738824238,203
1738824241,197
1738824244,199
1738824247,206
1738824250,199
1738824253,208
1738824256,194
1738824256,None
1738824262,209
1738824266,205
1738824268,206
1738824271,198
1738824274,214
1738824278,206
1738824281,202
1738824284,203
1738824287,203
1738824290,207
1738824293,212
1738824296,205
1738824299,199
1738824302,209
1738824305,206
1738824309,201
1738824311,207
1738824315,205
1738824317,205
1738824320,209
1738824324,200
1738824327,209
1738824327,None
1738824333,195
1738824336,208
1738824339,206
1738824342,204
1738824345,204
1738824348,209
1738824351,207
1738824354,198
1738824357,201
1738824360,211
1738824364,200
1738824366,197
1738824370,204
1738824372,199
1738824375,206
1738824378,209
1738824382,208
1738824385,200
1738824388,211
1738824391,202
1738824394,325
1738824397,468
1738824400,457
1738824403,653
1738824406,529
1738824409,456
1738824412,460
1738824415,282
1738824415,None
1738824421,204
1738824421,None
1738824428,199
1738824431,205
1738824434,208
1738824437,205
1738824439,203
1738824443,205
1738824446,204
1738824446,None
1738824452,198
1738824454,205
1738824458,209
1738824461,201
1738824464,201
1738824468,208
1738824470,204
1738824473,206
1738824476,194
1738824479,204
1738824482,211
1738824485,206
1738824488,202
1738824491,194
1738824495,211
1738824497,204
1738824501,203
1738824504,205
1738824507,199
1738824510,204
1738824513,210
1738824516,207
1738824519,203
1738824522,196
1738824525,211
1738824525,None
1738824531,206
1738824531,None
1738824537,198
1738824540,208
1738824543,209
1738824543,None
1738824549,199
1738824552,206
1738824556,196
1738824558,193
1738824558,None
1738824564,195
1738824564,None
1738824571,198
1738824573,199
1738824577,191
1738824579,199
1738824582,207
1738824586,191
1738824589,199
1738824592,197
1738824595,198
1738824598,197
1738824601,198
1738824604,194
1738824607,198
1738824610,202
1738824613,192
1738824616,198
1738824619,199
1738824622,191
1738824625,190
1738824629,197
1738824631,200
1738824634,202
1738824638,191
1738824641,195
1738824643,203
1738824647,198
1738824650,195
1738824653,203
1738824656,202
1738824656,None
1738824662,192
1738824665,202
1738824668,203
1738824671,195
1738824674,194
1738824678,203
1738824680,198
1738824683,196
1738824687,193
1738824687,None
1738824692,192
1738824695,204
1738824699,191
1738824702,187
1738824705,205
1738824705,None
1738824711,194
1738824714,195
1738824717,196
1738824720,192
1738824723,205
1738824726,190
1738824729,196
1738824732,204
1738824735,198
1738824738,185
1738824741,201
1738824744,199
1738824747,196
1738824750,200
1738824753,191
1738824756,233
1738824759,457
1738824763,494
1738824765,658
1738824768,704
1738824772,478
1738824775,400
1738824778,196
1738824780,194
1738824784,199
1738824787,194
1738824790,203
1738824793,196
1738824796,193
1738824799,208
1738824802,198
1738824806,194
1738824808,197
1738824811,200
1738824814,196
1738824817,194
1738824822,201
1738824824,203
1738824827,192
1738824830,203
1738824833,195
1738824836,201
1738824836,None
1738824842,195
1738824845,199
1738824848,197
1738824851,198
1738824854,200
1738824857,192
1738824861,193
1738824863,202
1738824867,192
1738824870,196
1738824873,196
1738824876,191
1738824879,195
1738824882,194
1738824885,198
1738824888,195
1738824891,197
1738824894,199
1738824897,191
1738824900,197
1738824903,201
1738824906,197
1738824909,197
1738824909,None
1738824916,196
1738824918,196
1738824918,None
1738824925,198
1738824928,199
1738824931,200
1738824934,201
1738824937,201
1738824940,199
1738824940,None
1738824946,197
1738824949,201
1738824949,None
1738824949,None
1738824958,137
1738824961,144
1738824964,135
1738824967,144
1738824970,134
1738824973,141
1738824976,139
1738824980,141
1738824982,141
1738824986,139
1738824988,142
1738824992,135
1738824994,140
1738824997,141
1738824997,None
1738825004,143
1738825007,137
1738825010,138
1738825013,136
1738825016,139
1738825019,134
1738825022,141
1738825025,136
1738825028,139
1738825031,136
1738825034,139
1738825037,136
1738825040,138
1738825043,134
1738825047,130
1738825049,136
1738825049,None
1738825056,134
1738825059,139
1738825062,141
1738825065,128
1738825068,134
1738825071,141
1738825073,131
1738825077,128
1738825080,139
1738825083,138
1738825086,134
1738825089,140
1738825092,139
1738825095,143
1738825098,132
1738825101,137
1738825104,141
1738825107,141
1738825111,132
1738825114,135
1738825116,144
1738825119,140
1738825123,135
1738825126,133
1738825129,140
1738825132,140
1738825135,133
1738825138,139
1738825141,138
1738825144,131
1738825147,144
1738825150,133
1738825153,139
1738825157,184
1738825159,609
1738825162,648
1738825165,645
1738825165,None
1738825171,195
1738825174,133
1738825177,141
1738825181,134
1738825184,139
1738825187,136
1738825189,138
1738825193,133
1738825193,None
1738825199,132
1738825202,133
1738825205,140
1738825208,131
1738825211,138
1738825214,140
1738825217,135
1738825220,143
1738825223,139
1738825226,137
1738825229,138
1738825232,137
1738825232,None
1738825238,139
1738825242,138
1738825245,137
1738825248,136
1738825250,139
1738825254,137
1738825257,138
1738825260,135
1738825263,138
1738825266,140
1738825269,133
1738825272,131
1738825275,136
1738825278,135
1738825281,134
1738825284,139
1738825287,141
1738825290,137
1738825293,134
1738825296,136
1738825299,136
1738825302,136
1738825305,138
1738825308,138
1738825311,134
1738825315,135
1738825317,142
1738825320,130
1738825324,135
1738825326,133
1738825330,131
1738825333,142
1738825336,132
1738825339,138
1738825342,133
1738825345,139
1738825348,135
1738825351,139
1738825354,138
1738825357,135
1738825360,136
1738825360,None
1738825366,131
1738825369,144
1738825372,134
1738825375,133
1738825378,142
1738825382,137
1738825384,130
1738825387,137
1738825390,139
1738825394,134
1738825397,131
1738825400,136
1738825403,139
1738825406,134
1738825409,136
1738825412,139
1738825415,134
1738825418,141
1738825421,126
1738825424,136
1738825427,143
1738825430,136
1738825433,126
1738825436,143
1738825439,135
1738825442,132
1738825445,137
1738825448,135
1738825451,135
1738825454,133
1738825454,None
1738825461,133
1738825463,133
1738825463,None
1738825470,137
1738825472,130
1738825476,145
1738825479,135
1738825482,133
1738825485,143
1738825488,138
1738825491,140
1738825494,140
1738825497,138
1738825500,137
1738825503,138
1738825506,143
1738825509,136
1738825513,142
1738825516,131
1738825518,144
1738825521,212
1738825525,393
1738825527,391
1738825530,390
1738825534,388
1738825537,165
1738825540,145
1738825543,131
1738825546,161
1738825549,399
1738825552,385
1738825555,399
1738825558,353
1738825561,134
1738825564,141
1738825568,137
1738825568,None
1738825573,132
1738825576,137
1738825579,139
1738825583,134
1738825583,None
1738825589,142
1738825592,136
1738825595,144
1738825598,137
1738825598,None
1738825604,142
1738825607,132
1738825610,142
1738825613,139
1738825616,139
1738825619,130
1738825622,128
1738825625,129
1738825628,129
1738825628,None
1738825634,130
1738825637,132
1738825641,127
1738825641,None
1738825647,128
1738825650,128
1738825652,134
1738825656,127
1738825659,129
1738825662,128
1738825665,133
1738825668,123
1738825671,132
1738825674,127
1738825677,132
1738825680,125
1738825683,135
1738825686,130
1738825689,125
1738825692,131
1738825695,126
1738825698,129
1738825702,130
1738825705,122
1738825708,134
1738825710,128
1738825714,119
1738825714,None
1738825720,127
1738825723,129
1738825726,128
1738825729,130
1738825732,133
1738825735,121
1738825738,129
1738825741,133
1738825744,126
1738825748,133
1738825750,130
1738825753,122
1738825756,131
1738825759,132
1738825762,123
1738825766,127
1738825769,132
1738825772,134
1738825775,126
1738825778,132
1738825781,134
1738825781,None
1738825787,134
1738825791,125
1738825793,136
1738825796,126
1738825799,123
1738825802,130
1738825805,124
1738825809,131
1738825811,129
1738825814,129
1738825817,128
1738825820,125
1738825823,130
1738825827,125
1738825829,133
1738825829,None
1738825836,123
1738825839,132
1738825842,126
1738825845,132
1738825848,127
1738825851,133
1738825854,123
1738825857,133
1738825860,128
1738825864,124
1738825866,132
1738825870,130
1738825873,129
1738825876,130
1738825879,127
1738825881,132
1738825884,125
1738825888,132
1738825891,133
1738825894,121
1738825897,137
1738825900,134
1738825903,118
1738825906,133
1738825909,125
1738825912,127
1738825915,132
1738825918,132
1738825921,359
1738825924,384
1738825927,388
1738825930,380
1738825933,219
1738825936,123
1738825940,131
1738825943,127
1738825946,180
1738825949,392
1738825952,391
1738825955,394
1738825958,322
1738825961,143
1738825964,134
1738825967,126
1738825970,120
1738825973,133
1738825976,125
1738825979,134
1738825982,125
1738825985,134
1738825988,128
1738825991,134
1738825995,130
1738825998,127
1738826000,132
1738826003,161
1738826007,158
1738826010,145
1738826013,129
1738826016,136
1738826019,143
1738826019,None
1738826019,None
1738826028,150
1738826031,402
1738826034,1279
1738826037,1559
1738826040,1557
1738826043,1560
1738826046,1552
1738826049,1559
1738826052,1558
1738826055,1548
1738826059,1554
1738826062,1555
1738826065,1546
1738826068,1551
1738826071,1555
1738826071,None
1738826077,1552
1738826080,1556
1738826083,1219
1738826086,133
1738826089,148
1738826092,137
1738826095,135
1738826098,171
1738826101,211
1738826105,246
1738826107,254
1738826110,246
1738826113,232
1738826116,235
1738826119,223
1738826122,238
1738826126,229
1738826129,224
1738826132,232
1738826135,224
1738826138,221
1738826141,226
1738826143,220
1738826147,219
1738826150,208
1738826153,211
1738826156,220
1738826159,208
1738826162,200
1738826165,202
1738826168,205
1738826171,211
1738826174,205
1738826178,205
1738826180,199
1738826180,None
1738826187,192
1738826190,200
1738826192,203
1738826196,197
1738826198,198
1738826202,207
1738826205,203
1738826208,196
1738826211,199
1738826214,201
1738826217,189
1738826220,202
1738826223,194
1738826226,202
1738826229,198
1738826232,206
1738826235,202
1738826235,None
1738826241,200
1738826244,196
1738826247,202
1738826247,None
1738826253,204
1738826253,None
1738826260,193
1738826263,196
1738826265,194
1738826269,202
1738826271,199
1738826275,193
1738826278,200
1738826281,189
1738826284,202
1738826287,193
1738826290,198
1738826293,195
1738826296,382
1738826300,453
1738826302,456
1738826305,450
1738826308,299
1738826312,201
1738826315,190
1738826317,196
1738826321,198
1738826323,197
1738826327,194
1738826329,197
1738826333,195
1738826336,197
1738826339,187
1738826339,None
1738826345,197
1738826348,188
1738826351,198
1738826354,189
1738826358,196
1738826360,191
1738826363,196
1738826367,202
1738826370,189
1738826372,189
1738826375,407
1738826378,457
1738826381,453
1738826385,434
1738826388,200
1738826391,194
1738826395,194
1738826397,188
1738826400,199
1738826403,197
1738826406,193
1738826409,203
1738826412,196
1738826415,190
1738826415,None
1738826421,195
1738826424,192
1738826427,195
1738826431,187
1738826434,187
1738826437,201
1738826440,198
1738826443,193
1738826443,None
1738826449,192
1738826452,193
1738826455,196
1738826458,196
1738826461,199
1738826464,182
1738826467,189
1738826470,201
1738826473,194
1738826476,190
1738826479,196
1738826482,200
1738826486,201
1738826488,192
1738826491,200
1738826494,199
1738826494,None
1738826501,195
1738826503,202
1738826506,193
1738826510,195
1738826513,198
1738826516,200
1738826519,187
1738826522,200
1738826525,196
1738826528,189
1738826531,193
1738826534,198
1738826538,190
1738826540,198
1738826543,188
1738826547,197
1738826549,200
1738826552,204
1738826555,198
1738826558,198
1738826562,194
1738826564,191
1738826568,196
1738826571,189
1738826574,195
1738826577,196
1738826580,197
1738826583,200
1738826586,195
1738826589,194
1738826592,188
1738826592,None
1738826598,198
1738826601,196
1738826604,190
1738826607,200
1738826611,185
1738826613,189
1738826616,202
1738826620,199
1738826623,192
1738826625,189
1738826628,198
1738826631,196
1738826635,200
1738826638,193
1738826641,199
1738826644,198
1738826647,189
1738826650,201
1738826653,287
1738826656,455
1738826659,446
1738826662,387
1738826665,194
1738826668,197
1738826671,196
1738826674,196
1738826677,197
1738826681,195
1738826683,192
1738826686,193
1738826689,197
1738826692,192
1738826696,197
1738826699,187
1738826702,192
1738826705,198
1738826708,189
1738826711,201
1738826714,191
1738826717,197
1738826721,187
1738826723,201
1738826726,191
1738826730,195
1738826732,194
1738826732,None
1738826738,197
1738826738,None
1738826744,193
1738826748,203
1738826751,189
1738826754,266
1738826757,458
1738826760,450
1738826763,455
1738826766,397
1738826769,196
1738826772,196
1738826775,194
1738826779,183
1738826781,190
1738826784,207
1738826787,198
1738826791,196
1738826793,189
1738826797,199
1738826799,190
1738826803,187
1738826805,192
1738826808,193
1738826812,211
1738826815,204
1738826818,197
1738826821,195
1738826824,194
1738826827,192
1738826830,200
1738826833,192
1738826836,187
1738826839,191
1738826842,192
1738826845,210
1738826845,None
1738826851,195
1738826854,194
1738826857,192
1738826860,191
1738826860,None
1738826866,196
1738826866,None
1738826873,199
1738826875,192
1738826879,189
1738826882,184
1738826885,201
1738826888,198
1738826888,None
1738826894,189
1738826897,191
1738826900,189
1738826903,195
1738826906,191
1738826909,194
1738826912,187
1738826915,185
1738826918,199
1738826921,194
1738826925,337
1738826928,442
1738826931,448
1738826931,None
1738826937,188
1738826940,193
1738826942,185
1738826946,193
1738826949,193
1738826952,188
1738826955,190
1738826958,196
1738826961,188
1738826964,190
1738826967,191
1738826970,197
1738826973,193
1738826973,None
1738826979,201
1738826983,191
1738826983,None
1738826989,191
1738826992,194
1738826995,195
1738826998,184
1738827001,188
1738827004,195
1738827007,189
1738827010,185
1738827013,194
1738827016,193
1738827019,185
1738827022,194
1738827022,None
1738827029,190
1738827031,198
1738827034,188
1738827037,185
1738827040,184
1738827043,189
1738827046,191
1738827050,190
1738827052,183
1738827055,178
1738827059,187
1738827061,191
1738827064,188
1738827068,177
1738827071,199
1738827074,188
1738827077,184
1738827080,190
1738827083,181
1738827086,184
1738827089,190
1738827089,None
1738827095,185
1738827098,180
1738827101,183
1738827104,194
1738827107,187
1738827107,None
1738827107,None
1738827116,181
1738827120,186
1738827123,191
1738827125,189
1738827129,184
1738827132,196
1738827135,188
1738827138,181
1738827141,190
1738827144,190
1738827147,312
1738827150,444
1738827153,437
1738827156,443
1738827160,321
1738827162,186
1738827165,183
1738827168,193
1738827168,None
1738827174,179
1738827177,188
1738827180,183
1738827183,188
1738827187,190
1738827190,191
1738827192,181
1738827196,191
1738827199,193
1738827201,181
1738827205,183
1738827208,194
1738827208,None
1738827214,181
1738827217,195
1738827220,188
1738827223,186
1738827226,192
1738827229,186
1738827232,188
1738827235,313
1738827238,441
1738827241,433
1738827244,363
1738827247,193
1738827250,181
1738827254,189
1738827256,184
1738827259,194
1738827263,186
1738827266,184
1738827269,189
1738827272,188
1738827275,186
1738827278,191
1738827281,183
1738827284,189
1738827287,180
1738827290,191
1738827293,185
1738827296,191
1738827299,185
1738827299,None
1738827306,184
1738827308,183
1738827308,None
1738827315,186
1738827317,186
1738827321,180
1738827323,185
1738827326,188
1738827330,181
1738827332,191
1738827336,184
1738827339,187
1738827342,188
1738827345,185
1738827348,185
1738827351,187
1738827354,182
1738827357,191
1738827360,181
1738827363,189
1738827366,187
1738827369,191
1738827372,192
1738827375,185
1738827378,189
1738827382,187
1738827385,188
1738827387,187
1738827390,188
1738827394,181
1738827396,191
1738827400,180
1738827403,193
1738827405,182
1738827409,188
1738827413,188
1738827415,183
1738827418,190
1738827422,183
1738827424,186
1738827427,189
1738827430,182
1738827433,190
1738827436,184
1738827436,None
1738827442,180
1738827445,193
1738827448,178
1738827452,189
1738827454,187
1738827458,181
1738827460,189
1738827464,185
1738827467,188
1738827470,186
1738827473,188
1738827476,182
1738827479,186
1738827482,191
1738827485,180
1738827488,189
1738827491,187
1738827494,187
1738827497,189
1738827500,185
1738827503,182
1738827506,188
1738827509,186
1738827513,183
1738827515,191
1738827515,None
1738827522,181
1738827525,190
1738827528,187
1738827531,184
1738827534,351
1738827537,428
1738827540,430
1738827543,433
1738827546,209
1738827549,179
1738827552,189
1738827555,178
1738827558,187
1738827561,438
1738827564,441
1738827568,438
1738827570,437
1738827573,245
1738827577,186
1738827580,183
1738827583,190
1738827586,180
1738827589,190
1738827592,182
1738827595,190
1738827598,183
1738827601,186
1738827605,189
1738827607,183
1738827610,188
1738827614,180
1738827616,187
1738827619,185
1738827622,190
1738827626,186
1738827628,186
1738827632,185
1738827634,186
1738827637,184
1738827641,186
1738827644,183
1738827647,185
1738827650,183
1738827650,None
1738827656,187
1738827659,180
1738827662,185
1738827665,186
1738827668,182
1738827668,None
1738827674,186
1738827677,191
1738827681,179
1738827683,192
1738827686,189
1738827690,180
1738827693,184
1738827696,194
1738827699,193
1738827702,197
1738827705,187
1738827705,None
1738827711,199
1738827714,200
1738827717,198
1738827717,None
1738827723,186
1738827726,200
1738827729,198
1738827732,194
1738827732,None
1738827738,196
1738827741,199
1738827744,199
1738827747,182
1738827750,198
1738827754,194
1738827756,188
1738827759,192
1738827759,None
1738827766,200
1738827769,190
1738827772,196
1738827775,186
1738827778,196
1738827781,194
1738827784,191
1738827787,195
1738827787,None
1738827793,194
1738827796,196
1738827800,189
1738827802,197
1738827802,None
1738827808,196
1738827811,194
1738827814,196
1738827817,192
1738827821,192
1738827824,196
1738827826,196
1738827830,192
1738827833,197
1738827836,194
1738827839,192
1738827842,197
1738827845,188
1738827848,196
1738827851,190
1738827854,196
1738827857,435
1738827861,437
1738827863,443
1738827866,268
1738827869,189
1738827872,198
1738827875,190
1738827878,187
1738827882,201
1738827884,191
1738827887,191
1738827891,197
1738827894,191
1738827897,194
1738827900,192
1738827903,193
1738827906,197
1738827909,187
1738827912,199
1738827915,194
1738827918,199
1738827921,196
1738827924,193
1738827927,195
1738827930,196
1738827933,201
1738827936,187
1738827940,199
1738827942,191
1738827946,191
1738827949,195
1738827952,191
1738827955,192
1738827958,196
1738827961,185
1738827964,197
1738827967,190
1738827970,194
1738827970,None
1738827976,193
1738827979,193
1738827982,194
1738827985,192
1738827989,189
1738827992,199
1738827994,187
1738827997,196
1738828001,192
1738828003,192
1738828007,391
1738828010,444
1738828013,447
1738828016,446
1738828016,None
1738828022,196
1738828025,187
1738828028,194
1738828031,194
1738828034,190
1738828037,184
1738828040,197
1738828043,193
1738828046,188
1738828049,199
1738828052,183
1738828055,193
1738828059,197
1738828061,199
1738828065,192
1738828068,185
1738828071,200
1738828074,195
1738828077,194
1738828080,189
1738828083,192
1738828083,None
1738828089,193
1738828092,194
1738828092,None
1738828098,186
1738828101,196
1738828104,193
1738828107,189
1738828110,198
1738828113,196
1738828117,189
1738828119,192
1738828122,192
1738828126,195
1738828128,191
1738828132,195
1738828135,188
1738828138,196
1738828141,192
1738828144,192
1738828147,195
1738828150,188
1738828153,195
1738828156,191
1738828159,195
1738828162,192
1738828162,None
1738828168,191
1738828171,197
1738828174,187
1738828177,198
1738828180,358
1738828183,434
1738828186,442
1738828189,442
1738828192,198
1738828195,190
1738828199,195
1738828201,192
1738828204,191
1738828204,None
1738828211,185
1738828214,198
1738828217,190
1738828220,191
1738828223,192
1738828226,195
1738828229,190
1738828232,197
1738828235,186
1738828238,184
1738828241,182
1738828241,None
1738828247,203
1738828251,200
1738828253,202
1738828257,193
1738828260,196
1738828263,195
1738828266,192
1738828269,193
1738828272,200
1738828275,193
1738828278,189
1738828281,179
1738828284,197
1738828287,194
1738828290,189
1738828293,188
1738828296,188
1738828299,182
1738828302,185
1738828305,194
1738828308,188
1738828311,180
1738828314,192
1738828318,183
1738828321,183
1738828324,181
1738828327,184
1738828330,187
1738828333,190
1738828336,188
1738828339,174
1738828342,181
1738828345,194
1738828349,187
1738828351,183
1738828354,182
1738828357,186
1738828360,190
1738828363,189
1738828366,184
1738828369,189
1738828372,189
1738828375,186
1738828378,182
1738828382,192
1738828384,186
1738828387,184
1738828391,191
1738828394,187
1738828397,183
1738828400,189
1738828403,191
1738828406,185
1738828409,195
1738828412,409
1738828415,439
1738828418,446
1738828418,None
1738828424,238
1738828427,190
1738828430,191
1738828434,192
1738828436,194
1738828439,189
1738828442,192
1738828445,189
1738828448,191
1738828451,193
1738828454,191
1738828457,194
1738828460,184
1738828463,198
1738828466,193
1738828470,184
1738828473,200
1738828475,193
1738828479,190
1738828482,189
1738828485,191
1738828488,260
1738828491,447
1738828495,447
1738828497,444
1738828500,181
1738828504,195
1738828506,202
1738828509,192
1738828512,195
1738828516,193
1738828518,187
1738828522,192
1738828525,199
1738828528,193
1738828531,184
1738828534,198
1738828537,196
1738828540,192
1738828543,193
1738828546,187
1738828546,None
1738828552,193
1738828555,198
1738828558,193
1738828561,191
1738828564,188
1738828567,188
1738828570,194
1738828573,194
1738828576,187
1738828579,200
1738828583,190
1738828586,183
1738828586,None
1738828592,195
1738828595,196
1738828598,192
1738828601,190
1738828604,189
1738828607,185
1738828610,192
1738828613,188
1738828616,206
1738828619,197
1738828623,196
1738828625,191
1738828628,192
1738828631,199
1738828634,197
1738828637,202
1738828641,191
1738828644,197
1738828647,202
1738828650,196
1738828653,188
1738828656,204
1738828659,199
1738828662,194
1738828665,198
1738828665,None
1738828671,196
1738828674,171
1738828677,140
1738828680,142
1738828684,131
1738828686,144
1738828689,136
1738828692,141
1738828696,138
1738828698,137
1738828701,140
1738828705,141
1738828708,130
1738828711,147
1738828714,140
1738828717,136
1738828720,142
1738828723,137
1738828726,137
1738828729,142
1738828729,None
1738828735,143
1738828738,130
1738828741,142
1738828744,135
1738828747,133
1738828750,140
1738828754,135
1738828756,139
1738828760,141
1738828763,138
1738828765,140
1738828769,145
1738828772,134
1738828775,147
1738828778,141
1738828781,136
1738828784,147
1738828787,142
1738828790,141
1738828793,138
1738828796,320
1738828799,401
1738828802,392
1738828806,378
1738828809,142
1738828811,138
1738828814,147
1738828818,144
1738828820,145
1738828823,145
1738828827,271
1738828829,402
1738828833,402
1738828836,402
1738828839,277
1738828842,136
1738828845,142
1738828848,144
1738828851,141
1738828854,143
1738828857,140
1738828860,142
1738828863,140
1738828866,144
1738828870,146
1738828872,139
1738828875,149
1738828878,144
1738828881,142
1738828884,146
1738828884,None
1738828890,145
1738828893,140
1738828896,144
1738828900,138
1738828903,145
1738828905,140
1738828909,145
1738828912,142
1738828915,142
1738828918,136
1738828921,143
1738828924,140
1738828927,142
1738828930,140
1738828933,139
1738828936,144
1738828939,131
1738828942,145
1738828945,137
1738828948,134
1738828951,143
1738828954,142
1738828958,137
1738828960,139
1738828964,141
1738828966,139
1738828966,None
1738828972,150
1738828976,139
1738828976,None
1738828982,146
1738828984,143
1738828988,142
1738828991,141
1738828991,None
1738828997,150
1738829000,139
1738829003,142
1738829006,152
1738829009,143
1738829012,139
1738829015,143
1738829018,146
1738829021,143
1738829024,147
1738829027,134
1738829030,144
1738829033,147
1738829036,142
1738829039,134
1738829043,149
1738829045,145
1738829049,139
1738829052,136
1738829055,139
1738829055,None
1738829060,150
1738829064,136
1738829067,134
1738829070,146
1738829073,141
1738829073,None
1738829079,145
1738829082,140
1738829085,141
1738829088,134
1738829091,141
1738829094,141
1738829097,144
1738829100,133
1738829103,145
1738829107,142
1738829110,139
1738829112,141
1738829115,144
1738829119,142
1738829122,148
1738829125,140
1738829128,133
1738829131,142
1738829134,150
1738829137,142
1738829140,142
1738829143,141
1738829146,143
1738829149,135
1738829152,137
1738829155,149
1738829158,147
1738829161,143
1738829164,386
1738829167,395
1738829170,401
1738829174,140
1738829177,148
1738829180,138
1738829180,None
1738829186,143
1738829189,142
1738829192,138
1738829195,142
1738829198,145
1738829201,142
1738829205,139
1738829207,143
1738829210,142
1738829213,139
1738829217,146
1738829219,141
1738829222,144
1738829225,141
1738829228,236
1738829232,400
1738829232,None
1738829238,400
1738829241,145
1738829244,142
1738829246,136
1738829250,146
1738829253,135
1738829256,144
1738829259,139
1738829262,141
1738829265,141
1738829268,139
1738829271,149
1738829274,135
1738829277,150
1738829281,139
1738829283,140
1738829283,None
1738829289,130
1738829292,132
1738829292,None
1738829299,127
1738829301,128
1738829305,139
1738829305,None
1738829311,129
1738829314,136
1738829317,132
1738829320,123
1738829323,128
1738829326,132
1738829329,134
1738829332,136
1738829336,139
1738829336,None
1738829342,121
1738829345,131
1738829348,135
1738829351,138
1738829354,134
1738829357,133
1738829359,126
1738829363,134
1738829366,133
1738829369,134
1738829372,130
1738829375,136
1738829378,134
1738829381,136
1738829384,130
1738829387,136
1738829390,131
1738829393,132
1738829396,137
1738829399,131
1738829402,135
1738829405,130
1738829408,134
1738829411,135
1738829414,129
1738829418,137
1738829421,129
1738829423,136
1738829427,387
1738829430,390
1738829433,387
1738829436,258
1738829439,132
1738829442,129
1738829445,136
1738829448,129
1738829451,136
1738829454,125
1738829457,132
1738829460,137
1738829463,139
1738829466,137
1738829469,167
1738829473,187
1738829475,184
1738829478,175
1738829482,184
1738829484,186
1738829488,184
1738829491,183
1738829494,184
1738829497,182
1738829500,172
1738829503,167
1738829506,170
1738829509,170
1738829512,160
1738829515,152
1738829518,141
1738829521,149
1738829524,137
1738829527,132
1738829530,124
1738829534,135
1738829536,132
1738829539,246
1738829543,389
1738829546,395
1738829548,394
1738829552,252
1738829555,131
1738829558,134
1738829561,133
1738829564,139
1738829567,130
1738829570,136
1738829573,133
1738829576,134
1738829579,132
1738829582,128
1738829585,133
1738829588,125
1738829591,134
1738829594,126
1738829597,130
1738829600,130
1738829603,124
1738829607,131
1738829610,129
1738829613,133
1738829616,132
1738829619,130
1738829622,131
1738829625,131
1738829628,126
1738829631,124
1738829634,131
1738829637,135
1738829640,131
1738829644,166
1738829647,336
1738829649,383
1738829652,407
1738829652,None
1738829658,386
1738829661,383
1738829665,387
1738829668,396
1738829670,421
1738829674,419
1738829674,None
1738829680,413
1738829682,412
1738829686,410
1738829689,422
1738829691,420
1738829695,418
1738829698,226
1738829701,137
1738829704,137
1738829707,137
1738829710,133
1738829713,140
1738829716,135
1738829719,133
1738829719,None
1738829726,133
1738829729,132
1738829731,136
1738829735,138
1738829738,383
1738829741,396
1738829744,386
1738829747,201
1738829750,151
1738829753,139
1738829756,127
1738829759,129
1738829762,130
1738829765,126
1738829768,119
1738829771,125
1738829774,125
1738829777,126
1738829781,123
1738829784,132
1738829786,126
1738829789,124
1738829792,119
1738829796,129
1738829799,128
1738829802,133
1738829805,125
1738829808,130
1738829811,136
1738829814,130
1738829817,132
1738829820,129
1738829823,144
1738829826,172
1738829829,180
1738829832,210
1738829836,249
1738829839,249
1738829842,242
1738829844,246
1738829848,238
1738829850,289
1738829850,None
1738829856,404
1738829859,401
1738829862,392
1738829862,None
1738829869,398
1738829869,None
1738829875,400
1738829878,394
1738829881,396
1738829884,382
1738829887,393
1738829890,389
1738829893,375
1738829897,385
1738829899,378
1738829902,376
1738829905,382
1738829908,378
1738829911,377
1738829914,374
1738829918,377
1738829920,371
1738829923,368
1738829923,None
1738829930,378
1738829933,374
1738829936,364
1738829939,372
1738829942,369
1738829945,374
1738829948,370
1738829951,375
1738829954,371
1738829957,368
1738829960,370
1738829963,379
1738829967,375
1738829970,358
1738829972,366
1738829976,378
1738829979,375
1738829981,367
1738829985,553
1738829988,625
1738829990,620
1738829994,622
1738829996,553
1738830000,367
1738830003,357
1738830006,361
1738830009,359
1738830012,364
1738830015,369
1738830018,357
1738830021,365
1738830025,370
1738830025,None
1738830025,None
1738830033,425
1738830036,617
1738830039,614
1738830042,568
1738830045,364
1738830049,359
1738830052,360
1738830054,355
1738830058,363
1738830061,372
1738830064,367
1738830067,356
1738830070,365
1738830076,364
1738830079,362
1738830082,362
1738830085,354
1738830088,361
1738830091,362
1738830094,365
1738830097,368
1738830100,361
1738830103,362
1738830106,362
1738830106,None
1738830112,360
1738830115,365
1738830115,None
1738830122,359
1738830125,365
1738830128,358
1738830131,353
1738830134,360
1738830137,369
1738830140,366
1738830143,361
1738830146,351
1738830149,355
1738830152,367
1738830156,363
1738830158,357
1738830161,360
1738830161,None
1738830161,None
1738830170,359
1738830170,None
1738830176,363
1738830180,356
1738830183,359
1738830186,370
1738830189,364
1738830192,361
1738830195,362
1738830198,366
1738830201,363
1738830204,355
1738830207,362
1738830210,364
1738830213,358
1738830216,350
1738830219,368
1738830223,363
1738830225,363
1738830229,361
1738830231,367
1738830235,431
1738830238,478
1738830241,466
1738830243,472
1738830247,435
1738830250,209
1738830253,211
1738830256,215
1738830259,208
1738830262,210
1738830265,216
1738830268,214
1738830271,208
1738830274,216
1738830277,207
1738830280,204
1738830283,216
1738830286,210
1738830289,210
1738830292,214
1738830295,327
1738830299,467
1738830302,466
1738830305,418
1738830307,205
1738830307,None
1738830307,None
1738830317,204
1738830320,209
1738830323,214
1738830326,209
1738830329,207
1738830329,None
1738830335,211
1738830339,209
1738830339,None
1738830344,213
1738830347,211
1738830351,208
1738830354,210
1738830354,None
1738830359,207
1738830362,210
1738830366,213
1738830369,209
1738830372,213
1738830375,199
1738830378,201
1738830381,204
1738830384,217
1738830387,210
1738830390,209
1738830393,210
1738830396,203
1738830399,205
1738830402,209
1738830405,209
1738830409,204
1738830409,None
1738830415,205
1738830418,205
1738830420,214
1738830424,210
1738830427,204
1738830430,206
1738830433,213
1738830436,209
1738830439,204
1738830442,206
1738830445,211
1738830448,366
1738830451,355
1738830454,356
1738830457,367
1738830460,362
1738830463,351
1738830463,None
1738830469,360
1738830472,358
1738830476,357
1738830478,349
1738830482,361
1738830485,360
1738830488,360
1738830491,351
1738830491,None
1738830497,357
1738830500,348
1738830503,364
1738830506,363
1738830509,355
1738830512,360
1738830515,360
1738830518,357
1738830521,201
1738830524,210
1738830527,211
1738830531,199
1738830533,215
1738830536,210
1738830536,None
1738830543,210
1738830545,203
1738830548,209
1738830552,206
1738830555,210
1738830557,202
1738830561,213
1738830564,208
1738830567,248
1738830570,473
1738830573,466
1738830576,460
1738830579,399
1738830582,209
1738830585,205
1738830588,208
1738830591,211
1738830594,215
1738830598,205
1738830600,211
1738830603,267
1738830607,456
1738830610,468
1738830613,456
1738830616,458
1738830619,216
1738830622,208
1738830625,206
1738830628,209
1738830631,205
1738830631,None
1738830637,211
1738830640,200
1738830643,212
1738830646,207
1738830649,207
1738830652,216
1738830656,204
1738830658,209
1738830661,209
1738830664,204
1738830667,207
1738830671,205
1738830673,211
1738830677,208
1738830679,201
1738830682,215
1738830682,None
1738830689,205
1738830691,219
1738830695,212
1738830698,216
1738830700,211
1738830704,214
1738830707,221
1738830710,213
1738830713,206
1738830716,216
1738830719,216
1738830722,214
1738830725,206
1738830728,215
1738830731,218
1738830734,210
1738830737,219
1738830740,214
1738830743,209
1738830743,None
1738830749,220
1738830752,219
1738830755,308
1738830759,358
1738830761,354
1738830765,359
1738830767,360
1738830770,367
1738830773,361
1738830777,359
1738830780,354
1738830782,351
1738830786,349
1738830789,359
1738830792,366
1738830795,360
1738830798,360
1738830801,363
1738830804,356
1738830807,359
1738830810,361
1738830814,367
1738830817,313
1738830819,207
1738830822,214
1738830825,210
1738830829,212
1738830831,211
1738830835,211
1738830837,214
1738830841,207
1738830844,215
1738830847,216
1738830847,None
1738830853,215
1738830853,None
1738830859,205
1738830862,212
1738830865,210
1738830868,210
1738830872,207
1738830874,212
1738830877,216
1738830880,213
1738830884,208
1738830887,201
1738830889,211
1738830892,218
1738830896,210
1738830899,201
1738830902,210
1738830905,214
1738830908,211
1738830911,207
1738830914,208
1738830917,217
1738830920,351
1738830920,None
1738830926,468
1738830929,459
1738830932,238
1738830936,212
1738830938,210
1738830941,212
1738830944,211
1738830947,212
1738830950,210
1738830953,215
1738830956,205
1738830959,216
1738830963,208
1738830966,221
1738830968,211
1738830972,207
1738830975,207
1738830978,421
1738830981,463
1738830984,465
1738830987,460
1738830987,None
1738830993,206
1738830996,214
1738830999,208
1738831002,207
1738831005,211
1738831008,211
1738831011,209
1738831015,209
1738831017,213
1738831020,206
1738831023,214
1738831026,211
1738831030,213
1738831033,215
1738831035,204
1738831035,None
1738831042,204
1738831045,206
1738831048,211
1738831051,207
1738831054,211
1738831057,212
1738831060,208
1738831063,209
1738831066,217
1738831069,208
1738831072,199
1738831075,216
1738831078,210
1738831082,204
1738831084,211
1738831088,208
1738831091,242
1738831093,358
1738831097,361
1738831100,361
1738831104,352
1738831106,360
1738831109,361
1738831112,357
1738831116,352
1738831116,None
1738831121,363
1738831124,361
1738831128,361
1738831130,368
1738831133,356
1738831136,357
1738831140,363
1738831143,368
1738831146,362
1738831149,359
1738831152,361
1738831155,364
1738831158,241
1738831161,214
1738831164,204
1738831167,211
1738831170,214
1738831173,209
1738831176,201
1738831179,213
1738831182,207
1738831185,207
1738831188,215
1738831191,211
1738831194,211
1738831197,211
1738831201,202
1738831204,213
1738831206,212
1738831209,195
1738831209,None
1738831215,202
1738831219,194
1738831222,198
1738831225,202
1738831228,200
1738831231,201
1738831234,203
1738831237,191
1738831240,191
1738831243,202
1738831246,204
1738831249,200
1738831253,195
1738831255,197
1738831258,203
1738831261,200
1738831264,200
1738831268,202
1738831270,192
1738831273,191
1738831276,207
1738831279,211
1738831283,206
1738831285,198
1738831288,209
1738831292,208
1738831295,385
1738831298,468
1738831302,467
1738831304,470
1738831307,213
1738831310,206
1738831313,211
1738831317,203
1738831319,205
1738831322,210
1738831326,208
1738831328,205
1738831331,209
1738831335,215
1738831337,204
1738831341,211
1738831343,406
1738831347,450
1738831350,451
1738831353,453
1738831356,263
1738831359,198
1738831362,200
1738831365,203
1738831368,210
1738831371,214
1738831374,201
1738831377,217
1738831380,214
1738831383,208
1738831386,219
1738831389,214
1738831392,217
1738831395,215
1738831399,217
1738831401,222
1738831404,206
1738831404,None
1738831411,215
1738831414,207
1738831416,220
1738831420,216
1738831423,210
1738831426,212
1738831429,214
1738831432,215
1738831435,207
1738831438,199
1738831441,214
1738831444,208
1738831447,202
1738831447,None
1738831453,206
1738831456,203
1738831459,206
1738831462,206
1738831465,209
1738831468,215
1738831471,204
1738831475,310
1738831478,365
1738831481,365
1738831484,364
1738831487,362
1738831490,368
1738831493,366
1738831496,366
1738831499,363
1738831499,None
1738831505,373
1738831508,371
1738831511,368
1738831514,368
1738831517,369
1738831520,369
1738831523,366
1738831526,372
1738831530,356
1738831532,357
1738831535,320
1738831539,213
1738831542,214
1738831545,210
1738831548,214
1738831551,221
1738831554,212
1738831557,211
1738831560,216
1738831563,219
1738831566,225
1738831569,218
1738831572,214
1738831575,230
1738831578,220
1738831581,218
1738831584,224
1738831587,224
1738831587,None
1738831594,222
1738831597,216
1738831599,219
1738831603,224
1738831606,216
1738831609,218
1738831612,223
1738831615,218
1738831618,220
1738831621,221
1738831624,218
1738831627,218
1738831630,216
1738831633,227
1738831633,None
1738831639,216
1738831642,224
1738831645,222
1738831648,220
1738831652,218
1738831655,218
1738831658,352
1738831661,482
1738831663,475
1738831667,460
1738831670,223
1738831672,220
1738831676,225
1738831676,None
1738831682,223
1738831685,217
1738831688,223
1738831691,222
1738831694,214
1738831694,None
1738831700,472
1738831703,474
1738831706,477
1738831709,346
1738831712,220
1738831715,221
1738831718,221
1738831721,220
1738831725,217
1738831727,210
1738831731,222
1738831734,218
1738831734,None
1738831740,219
1738831743,216
1738831746,216
1738831749,222
1738831752,225
1738831755,214
1738831758,216
1738831761,228
1738831764,224
1738831767,219
1738831771,210
1738831774,223
1738831776,223
1738831779,217
1738831783,225
1738831786,213
1738831788,210
1738831792,220
1738831794,225
1738831798,214
1738831801,212
1738831804,214
1738831807,208
1738831810,209
1738831813,214
1738831816,219
1738831819,218
1738831822,211
1738831825,216
1738831828,222
1738831831,222
1738831835,215
1738831835,None
1738831840,213
1738831843,214
1738831846,225
1738831849,219
1738831852,215
1738831855,223
1738831858,216
1738831861,215
1738831865,219
1738831868,227
1738831871,211
1738831874,223
1738831874,None
1738831880,225
1738831883,216
1738831886,216
1738831889,221
1738831892,258
1738831895,365
1738831899,367
1738831901,362
1738831905,357
1738831907,360
1738831910,362
1738831913,361
1738831916,366
1738831919,360
1738831923,370
1738831925,364
1738831928,368
1738831932,359
1738831935,368
1738831937,359
1738831941,369
1738831944,362
1738831947,362
1738831950,364
1738831950,None
1738831956,216
1738831959,203
1738831962,208
1738831965,217
1738831968,209
1738831971,211
1738831975,203
1738831978,208
1738831981,211
1738831983,214
1738831987,209
1738831990,213
1738831993,220
1738831996,210
1738831999,211
1738832002,225
1738832005,220
1738832008,217
1738832011,218
1738832014,220
1738832017,216
1738832022,224
1738832024,211
1738832027,221
1738832030,225
1738832033,216
1738832036,219
1738832039,226
1738832043,407
1738832045,479
1738832045,None
1738832051,476
1738832055,219
1738832057,221
1738832060,219
1738832064,225
1738832066,219
1738832069,214
1738832072,224
1738832075,218
1738832079,217
1738832081,212
1738832085,285
1738832088,470
1738832091,468
1738832094,466
1738832097,471
1738832100,268
1738832103,220
1738832106,219
1738832109,215
1738832109,None
1738832115,221
1738832118,220
1738832121,220
1738832124,207
1738832127,215
1738832130,221
1738832133,219
1738832137,218
1738832139,224
1738832142,221
1738832146,212
1738832149,223
1738832152,217
1738832155,218
1738832157,217
1738832161,221
1738832164,223
1738832167,223
1738832170,213
1738832173,224
1738832176,219
1738832179,208
1738832182,223
1738832185,217
1738832185,None
1738832191,219
1738832194,221
1738832198,221
1738832198,None
1738832198,None
1738832206,222
1738832209,213
1738832212,221
1738832215,218
1738832219,209
1738832222,221
1738832225,220
1738832228,213
1738832231,217
1738832234,220
1738832237,217
1738832240,215
1738832243,211
1738832246,221
1738832249,217
1738832252,240
1738832255,259
1738832258,255
1738832261,257
1738832265,259
1738832268,253
1738832271,257
1738832274,260
1738832276,258
1738832280,261
1738832283,259
1738832286,256
1738832289,264
1738832292,261
1738832295,258
1738832298,245
1738832301,245
1738832304,243
1738832304,None
1738832310,243
1738832313,240
1738832316,231
1738832320,209
1738832322,169
1738832326,166
1738832328,167
1738832332,159
1738832334,164
1738832338,170
1738832341,303
1738832344,309
1738832347,307
1738832350,301
1738832353,313
1738832356,307
1738832359,297
1738832359,None
1738832365,302
1738832368,302
1738832371,308
1738832374,301
1738832377,306
1738832380,298
1738832380,None
1738832386,298
1738832389,300
1738832392,514
1738832396,569
1738832399,446
1738832402,409
1738832405,170
1738832408,162
1738832411,163
1738832411,None
1738832417,167
1738832420,158
1738832423,167
1738832423,None
1738832429,167
1738832433,164
1738832435,163
1738832435,None
1738832441,160
1738832444,164
1738832447,164
1738832451,157
1738832454,163
1738832457,159
1738832460,164
1738832463,155
1738832466,163
1738832470,154
1738832472,161
1738832475,159
1738832478,157
1738832481,164
1738832484,164
1738832487,158
1738832490,156
1738832493,163
1738832496,292
1738832499,403
1738832502,416
1738832505,407
1738832508,206
1738832511,159
1738832514,165
1738832517,161
1738832521,165
1738832524,153
1738832527,162
1738832530,171
1738832533,162
1738832536,159
1738832536,None
1738832543,162
1738832545,164
1738832548,160
1738832551,162
1738832554,167
1738832557,160
1738832560,169
1738832563,166
1738832566,165
1738832570,162
1738832573,160
1738832576,169
1738832578,164
1738832581,166
1738832585,164
1738832588,163
1738832591,169
1738832594,162
1738832597,169
1738832600,160
1738832603,168
1738832606,161
1738832609,165
1738832612,160
1738832615,165
1738832618,166
1738832622,160
1738832624,168
1738832627,163
1738832630,163
1738832634,170
1738832636,160
1738832640,165
1738832643,154
1738832646,157
1738832649,162
1738832652,161
1738832655,164
1738832658,160
1738832661,163
1738832664,161
1738832667,162
1738832670,159
1738832674,167
1738832676,161
1738832679,166
1738832682,163
1738832685,158
1738832688,164
1738832692,169
1738832694,159
1738832698,159
1738832701,158
1738832704,162
1738832707,169
1738832710,161
1738832713,159
1738832716,170
1738832719,165
1738832722,158
1738832724,158
1738832728,175
1738832731,163
1738832734,161
1738832737,170
1738832740,155
1738832743,165
1738832746,165
1738832749,172
1738832753,167
1738832755,153
1738832759,162
1738832761,165
1738832765,160
1738832767,172
1738832770,163
1738832774,161
1738832777,165
1738832780,169
1738832783,164
1738832786,342
1738832789,423
1738832792,414
1738832795,345
1738832798,159
1738832798,None
1738832804,159
1738832807,162
1738832810,165
1738832813,157
1738832817,248
1738832820,410
1738832822,422
1738832826,523
1738832829,475
1738832832,317
1738832835,315
1738832838,314
1738832841,311
1738832844,307
1738832847,313
1738832850,309
1738832853,303
1738832856,307
1738832859,318
1738832862,309
1738832865,319
1738832868,312
1738832872,316
1738832874,313
1738832877,314
1738832880,314
1738832884,319
1738832887,307
1738832889,208
1738832892,166
1738832896,154
1738832899,167
1738832902,161
1738832905,159
1738832908,163
1738832911,161
1738832914,154
1738832917,155
1738832920,166
1738832923,154
1738832926,165
1738832926,None
1738832932,159
1738832936,167
1738832939,160
1738832941,162
1738832944,160
1738832948,164
1738832951,164
1738832954,161
1738832957,168
1738832960,164
1738832963,171
1738832966,163
1738832969,156
1738832972,157
1738832976,154
1738832978,158
1738832981,153
1738832984,153
1738832987,155
1738832990,157
1738832993,152
1738832996,157
1738832999,148
1738833003,155
1738833005,151
1738833008,160
1738833012,152
1738833014,153
1738833018,154
1738833021,155
1738833024,150
1738833027,156
1738833030,153
1738833033,159
1738833035,156
1738833039,148
1738833042,146
1738833045,148
1738833048,145
1738833051,149
1738833054,145
1738833058,149
1738833060,152
1738833063,146
1738833067,157
1738833069,145
1738833072,147
1738833075,145
1738833078,145
1738833081,146
1738833085,145
1738833087,150
1738833090,140
1738833094,151
1738833097,153
1738833100,144
1738833103,149
1738833106,145
1738833109,146
1738833112,149
1738833115,144
1738833118,145
1738833121,154
1738833124,142
1738833127,151
1738833130,142
1738833133,149
1738833136,147
1738833139,143
1738833143,145
1738833145,145
1738833149,147
1738833151,169
1738833155,403
1738833158,396
1738833161,402
1738833163,337
1738833167,144
1738833170,151
1738833173,147
1738833176,148
1738833179,173
1738833182,399
1738833185,397
1738833189,326
1738833191,153
1738833191,None
1738833197,158
1738833200,155
1738833204,153
1738833206,157
1738833209,163
1738833213,147
1738833216,158
1738833218,159
1738833218,None
1738833225,157
1738833228,153
1738833231,152
1738833234,152
1738833237,150
1738833240,159
1738833243,146
1738833246,154
1738833249,152
1738833253,151
1738833255,155
1738833258,150
1738833261,145
1738833264,142
1738833267,147
1738833270,149
1738833273,148
1738833277,140
1738833280,138
1738833282,155
1738833286,147
1738833290,147
1738833290,None
1738833295,141
1738833298,150
1738833301,152
1738833304,144
1738833307,149
1738833310,142
1738833313,148
1738833316,147
1738833316,None
1738833322,291
1738833325,309
1738833328,301
1738833331,307
1738833335,300
1738833337,297
1738833341,308
1738833344,305
1738833347,306
1738833350,304
1738833353,311
1738833356,299
1738833359,308
1738833362,305
1738833365,298
1738833368,307
1738833371,307
1738833374,305
1738833377,301
1738833380,212
1738833380,None
1738833386,154
1738833389,145
1738833393,158
1738833395,161
1738833395,None
1738833402,151
1738833404,152
1738833404,None
1738833411,152
1738833414,155
1738833417,161
1738833420,145
1738833423,154
1738833426,160
1738833429,149
1738833432,148
1738833435,159
1738833438,152
1738833441,154
1738833444,142
1738833447,379
1738833450,401
1738833453,391
1738833456,188
1738833459,152
1738833463,142
1738833465,141
1738833469,150
1738833472,147
1738833475,148
1738833478,142
1738833481,151
1738833484,148
1738833487,141
1738833490,144
1738833493,151
1738833496,150
1738833499,153
1738833503,201
1738833505,225
1738833508,252
1738833512,258
1738833514,243
1738833517,226
1738833521,232
1738833524,230
1738833527,222
1738833530,227
1738833533,219
1738833536,411
1738833539,484
1738833542,472
1738833545,402
1738833548,217
1738833551,207
1738833555,217
1738833558,204
1738833560,207
1738833563,205
1738833566,208
1738833569,214
1738833572,219
1738833575,213
1738833579,216
1738833582,207
1738833585,217
1738833585,None
1738833591,215
1738833594,213
1738833597,214
1738833600,213
1738833603,210
1738833606,213
1738833609,205
1738833612,215
1738833615,209
1738833615,None
1738833621,221
1738833624,221
1738833628,223
1738833631,217
1738833634,214
1738833636,219
1738833640,225
1738833643,212
1738833646,223
1738833649,222
1738833651,219
1738833655,207
1738833658,226
1738833661,220
1738833664,215
1738833667,217
1738833670,218
1738833673,216
1738833676,219
1738833679,223
1738833682,218
1738833685,208
1738833685,None
1738833692,218
1738833694,211
1738833698,208
1738833701,209
1738833704,213
1738833707,213
1738833710,207
1738833710,None
1738833716,208
1738833719,218
1738833722,220
1738833725,212
1738833728,221
1738833731,218
1738833731,None
1738833737,222
1738833740,242
1738833743,472
1738833746,463
1738833750,337
1738833752,226
1738833755,221
1738833759,219
1738833762,218
1738833765,219
1738833768,225
1738833771,216
1738833774,223
1738833777,212
1738833780,225
1738833783,216
1738833787,226
1738833789,218
1738833792,215
1738833795,212
1738833798,217
1738833801,204
1738833804,212
1738833807,213
1738833811,210
1738833813,209
1738833816,206
1738833819,210
1738833823,212
1738833826,214
1738833829,205
1738833829,None
1738833835,209
1738833838,207
1738833841,212
1738833844,207
1738833847,353
1738833850,362
1738833853,362
1738833856,358
1738833859,355
1738833862,367
1738833865,353
1738833868,364
1738833871,363
1738833874,536
1738833878,616
1738833881,620
1738833883,614
1738833887,418
1738833890,367
1738833892,356
1738833896,371
1738833899,361
1738833902,358
1738833905,327
1738833908,214
1738833911,214
1738833915,210
1738833917,216
1738833920,219
1738833923,210
1738833926,210
1738833929,222
1738833932,220
1738833936,208
1738833938,211
1738833941,218
1738833944,212
1738833948,206
1738833950,201
1738833953,210
1738833953,None
1738833960,206
1738833963,205
1738833963,None
1738833969,216
1738833972,209
1738833975,206
1738833978,213
1738833981,201
1738833984,206
1738833987,219
1738833990,216
1738833993,201
1738833996,218
1738833999,220
1738834003,211
1738834005,217
1738834008,288
1738834012,472
1738834015,461
1738834017,463
1738834021,215
1738834024,206
1738834027,220
1738834030,220
1738834033,211
1738834036,216
1738834039,210
1738834042,211
1738834045,210
1738834048,203
1738834051,211
1738834054,212
1738834057,205
1738834060,214
1738834063,204
1738834067,214
1738834070,206
1738834072,208
1738834076,209
1738834078,214
1738834081,206
1738834085,212
1738834088,210
1738834091,205
1738834095,214
1738834097,205
1738834100,202
1738834103,211
1738834106,206
1738834106,None
1738834112,202
1738834115,208
1738834118,214
1738834121,205
1738834124,202
1738834127,217
1738834131,212
1738834134,201
1738834137,209
1738834139,214
1738834143,210
1738834146,212
1738834149,207
1738834152,209
1738834155,214
1738834158,199
1738834161,201
1738834164,204
1738834167,198
1738834170,200
1738834173,202
1738834177,205
1738834179,198
1738834179,None
1738834186,196
1738834189,204
1738834191,204
1738834195,202
1738834198,204
1738834201,203
1738834203,198
1738834207,202
1738834210,205
1738834213,194
1738834216,216
1738834219,212
1738834222,200
1738834225,213
1738834228,209
1738834231,209
1738834234,209
1738834237,205
1738834240,206
1738834240,None
1738834247,217
1738834250,211
1738834250,None
1738834256,202
1738834259,205
1738834262,214
1738834265,209
1738834268,212
1738834271,207
1738834274,204
1738834277,218
1738834280,207
1738834283,251
1738834286,470
1738834289,462
1738834292,461
1738834295,339
1738834299,225
1738834302,445
1738834304,448
1738834307,457
1738834311,331
1738834314,208
1738834317,204
1738834320,204
1738834323,199
1738834326,201
1738834329,203
1738834332,192
1738834335,209
1738834338,199
1738834341,193
1738834344,201
1738834348,205
1738834350,207
1738834354,203
1738834356,204
1738834359,208
1738834363,196
1738834366,205
1738834369,204
1738834372,200
1738834374,206
1738834378,201
1738834381,199
1738834384,197
1738834387,272
1738834390,344
1738834393,345
1738834396,350
1738834399,348
1738834403,345
1738834405,347
1738834408,347
1738834411,349
1738834411,None
1738834417,353
1738834421,345
1738834424,345
1738834427,353
1738834430,349
1738834430,None
1738834436,347
1738834439,350
1738834442,354
1738834445,328
1738834448,205
1738834451,209
1738834454,197
1738834457,208
1738834460,202
1738834463,198
1738834466,197
1738834469,201
1738834472,199
1738834475,190
1738834478,195
1738834482,198
1738834485,194
1738834487,186
1738834491,201
1738834494,194
1738834494,None
1738834500,193
1738834503,202
1738834505,194
1738834509,200
1738834512,196
1738834515,198
1738834518,201
1738834521,211
1738834521,None
1738834527,203
1738834530,195
1738834533,204
1738834536,206
1738834539,202
1738834542,206
1738834545,202
1738834549,201
1738834549,None
1738834554,198
1738834558,208
1738834561,197
1738834564,207
1738834564,None
1738834570,198
1738834573,195
1738834576,194
1738834579,194
1738834582,190
1738834585,195
1738834588,196
1738834591,191
1738834594,193
1738834598,190
1738834600,196
1738834603,188
1738834606,199
1738834609,194
1738834609,None
1738834615,206
1738834618,201
1738834622,206
1738834625,209
1738834628,203
1738834631,324
1738834634,448
1738834637,458
1738834639,452
1738834643,259
1738834646,202
1738834649,202
1738834652,202
1738834655,204
1738834658,206
1738834661,332
1738834664,459
1738834667,450
1738834670,444
1738834673,267
1738834676,191
1738834679,193
1738834682,195
1738834685,194
1738834688,191
1738834691,196
1738834691,None
1738834691,None
1738834701,185
1738834704,203
1738834707,197
1738834710,192
1738834713,187
1738834716,198
1738834716,None
1738834722,194
1738834725,197
1738834728,197
1738834731,191
1738834734,182
1738834738,181
1738834741,194
1738834743,196
1738834746,196
1738834749,193
1738834749,None
1738834756,193
1738834759,198
1738834762,203
1738834765,212
1738834768,205
1738834771,199
1738834774,202
1738834777,211
1738834780,202
1738834783,205
1738834786,205
1738834789,209
1738834792,199
1738834796,207
1738834798,204
1738834802,207
1738834805,204
1738834808,203
1738834811,204
1738834814,205
1738834817,202
1738834820,201
1738834823,201
1738834826,195
1738834829,200
1738834833,198
1738834835,202
1738834838,196
1738834842,195
1738834844,199
1738834847,198
1738834850,190
1738834853,188
1738834856,199
1738834859,195
1738834859,None
1738834865,190
1738834868,197
1738834872,195
1738834875,195
1738834878,198
1738834881,190
1738834884,195
1738834887,193
1738834890,198
1738834893,189
1738834896,186
1738834899,203
1738834902,197
1738834905,194
1738834908,196
1738834911,194
1738834914,202
1738834917,204
1738834920,204
1738834924,204
1738834926,193
1738834930,210
1738834933,204
1738834936,195
1738834939,210
1738834942,201
1738834945,199
1738834948,207
1738834951,196
1738834954,187
1738834957,186
1738834960,191
1738834963,188
1738834966,187
1738834969,184
1738834972,191
1738834976,187
1738834979,182
1738834982,408
1738834982,None
1738834982,None
1738834991,333
1738834994,191
1738834997,220
1738835000,333
1738835003,334
1738835006,338
1738835009,335
1738835012,336
1738835015,328
1738835018,332
1738835021,329
1738835024,329
1738835028,321
1738835030,328
1738835034,328
1738835036,326
1738835039,318
1738835043,328
1738835046,350
1738835049,574
1738835052,580
1738835055,582
1738835058,342
1738835061,184
1738835064,180
1738835067,174
1738835070,182
1738835073,180
1738835076,181
1738835079,183
1738835082,188
1738835085,181
1738835088,186
1738835091,192
1738835095,188
1738835098,188
1738835100,194
1738835103,201
1738835106,195
1738835109,210
1738835112,210
1738835116,208
1738835116,None
1738835122,198
1738835125,206
1738835128,204
1738835131,207
1738835134,204
1738835137,204
1738835140,207
1738835143,197
1738835146,213
1738835149,209
1738835153,199
1738835155,209
1738835159,202
1738835159,None
1738835165,205
1738835167,201
1738835171,208
1738835174,197
1738835177,204
1738835180,203
1738835184,202
1738835186,209
1738835189,205
1738835192,207
1738835195,206
1738835198,204
1738835201,210
1738835204,202
1738835207,206
1738835210,209
1738835213,196
1738835216,207
1738835219,207
1738835223,202
1738835223,None
1738835229,208
1738835232,208
1738835235,206
1738835237,199
1738835241,204
1738835244,200
1738835247,195
1738835250,202
1738835250,None
1738835250,None
1738835259,194
1738835262,201
1738835266,202
1738835268,192
1738835271,198
1738835274,203
1738835277,208
1738835280,206
1738835283,209
1738835286,201
1738835286,None
1738835293,459
1738835296,456
1738835299,444
1738835299,None
1738835305,207
1738835308,203
1738835311,203
1738835314,208
1738835317,211
1738835320,206
1738835323,212
1738835326,198
1738835329,213
1738835332,204
1738835335,207
1738835338,202
1738835341,199
1738835345,203
1738835347,193
1738835350,206
1738835354,192
1738835354,None
1738835360,193
1738835360,None
1738835366,198
1738835369,198
1738835372,199
1738835375,198
1738835378,201
1738835381,197
1738835384,201
1738835388,199
1738835390,204
1738835393,192
1738835396,203
1738835399,198
1738835402,196
1738835402,None
1738835409,201
1738835412,200
1738835415,200
1738835415,None
1738835415,None
1738835424,194
1738835427,213
1738835430,398
1738835433,457
1738835436,458
1738835439,452
1738835442,209
1738835445,208
1738835448,206
1738835451,208
1738835454,202
1738835457,197
1738835460,212
1738835464,207
1738835466,201
1738835470,207
1738835472,209
1738835475,205
1738835478,200
1738835482,205
1738835484,208
1738835487,201
1738835491,216
1738835494,209
1738835496,204
1738835500,217
1738835503,205
1738835506,205
1738835509,209
1738835512,209
1738835515,199
1738835518,206
1738835521,211
1738835524,207
1738835527,200
1738835530,212
1738835533,202
1738835536,206
1738835539,207
1738835542,209
1738835545,205
1738835548,206
1738835551,202
1738835555,212
1738835558,210
1738835561,200
1738835564,202
1738835567,209
1738835570,205
1738835573,206
1738835576,212
1738835579,213
1738835582,206
1738835585,206
1738835588,207
1738835591,200
1738835594,210
1738835598,208
1738835600,205
1738835603,207
1738835606,204
1738835609,204
1738835612,195
1738835615,201
1738835618,203
1738835622,198
1738835625,205
1738835628,219
1738835631,323
1738835634,345
1738835637,342
1738835640,345
1738835643,348
1738835646,344
1738835649,345
1738835652,353
1738835655,339
1738835658,507
1738835661,592
1738835664,594
1738835667,598
1738835670,442
1738835670,None
1738835676,355
1738835679,346
1738835682,358
1738835685,354
1738835688,267
1738835691,210
1738835694,204
1738835698,210
1738835701,209
1738835703,202
1738835706,209
1738835710,202
1738835712,203
1738835715,213
1738835719,204
1738835721,210
1738835725,211
1738835728,209
1738835731,206
1738835734,213
1738835737,210
1738835740,201
1738835743,208
1738835746,208
1738835749,200
1738835752,209
1738835755,205
1738835755,None
1738835761,204
1738835761,None
1738835767,209
1738835770,200
1738835773,193
1738835777,201
1738835779,197
1738835783,196
1738835786,193
1738835789,198
1738835792,200
1738835795,192
1738835798,201
1738835801,192
1738835804,327
1738835807,453
1738835810,447
1738835813,446
1738835816,308
1738835819,208
1738835822,197
1738835825,208
1738835828,203
1738835828,None
1738835835,209
1738835838,202
1738835838,None
1738835844,203
1738835847,201
1738835850,209
1738835853,203
1738835856,204
1738835859,207
1738835862,210
1738835865,206
1738835869,211
1738835871,207
1738835875,197
1738835877,203
1738835880,200
1738835883,201
1738835886,202
1738835889,202
1738835893,198
1738835895,200
1738835898,196
1738835902,202
1738835905,195
1738835908,194
1738835911,201
1738835914,196
1738835917,205
1738835920,201
1738835923,202
1738835926,199
1738835929,199
1738835932,203
1738835935,203
1738835938,179
1738835941,147
1738835944,154
1738835947,154
1738835950,153
1738835953,148
1738835957,149
1738835960,151
1738835963,149
1738835966,145
1738835968,152
1738835972,146
1738835975,150
1738835977,148
1738835981,154
1738835984,147
1738835987,157
1738835990,146
1738835990,None
1738835996,156
1738835999,144
1738836002,141
1738836002,None
1738836008,139
1738836008,None
1738836014,142
1738836017,189
1738836017,None
1738836017,None
1738836027,388
1738836030,392
1738836033,167
1738836035,139
1738836039,145
1738836042,144
1738836045,146
1738836048,141
1738836051,140
1738836054,148
1738836057,140
1738836060,148
1738836063,141
1738836066,143
1738836069,145
1738836072,143
1738836075,143
1738836078,142
1738836081,141
1738836085,146
1738836087,137
1738836091,146
1738836094,139
1738836097,136
1738836099,142
1738836103,141
1738836106,140
1738836109,139
1738836109,None
1738836115,137
1738836118,146
1738836121,130
1738836124,143
1738836127,143
1738836130,139
1738836133,148
1738836136,143
1738836139,141
1738836143,142
1738836143,None
1738836148,145
1738836152,136
1738836154,143
1738836158,142
1738836161,133
1738836164,148
1738836167,142
1738836170,138
1738836173,146
1738836176,144
1738836179,148
1738836182,140
1738836185,137
1738836188,148
1738836191,138
1738836194,148
1738836197,144
1738836200,137
1738836200,None
1738836206,402
1738836210,392
1738836213,397
1738836215,282
1738836218,271
1738836222,295
1738836225,286
1738836228,294
1738836231,299
1738836234,287
1738836237,294
1738836237,None
1738836243,284
1738836243,None
1738836249,291
1738836252,292
1738836255,290
1738836258,292
1738836261,286
1738836265,289
1738836267,288
1738836270,284
1738836273,225
1738836277,139
1738836280,142
1738836283,145
1738836286,141
1738836289,146
1738836292,137
1738836295,147
1738836298,140
1738836301,146
1738836304,136
1738836307,147
1738836310,138
1738836314,152
1738836316,144
1738836320,147
1738836323,146
1738836325,152
1738836328,146
1738836332,153
1738836335,143
1738836338,156
1738836341,148
1738836344,153
1738836344,None
1738836350,147
1738836354,151
1738836357,149
1738836359,148
1738836362,148
1738836365,151
1738836365,None
1738836372,152
1738836374,136
1738836378,150
1738836381,142
1738836383,146
1738836387,142
1738836390,277
1738836393,390
1738836396,388
1738836399,383
1738836399,None
1738836405,146
1738836408,138
1738836411,146
1738836414,142
1738836417,144
1738836420,143
1738836424,140
1738836426,143
1738836429,144
1738836432,142
1738836435,141
1738836438,140
1738836441,136
1738836444,142
1738836447,139
1738836451,140
1738836454,141
1738836457,139
1738836460,139
1738836463,145
1738836466,138
1738836469,143
1738836472,140
1738836475,140
1738836478,140
1738836481,138
1738836484,140
1738836487,143
1738836490,140
1738836493,138
1738836496,151
1738836499,143
1738836502,138
1738836506,139
1738836509,146
1738836511,146
1738836515,144
1738836518,144
1738836521,146
1738836521,None
1738836521,None
1738836530,153
1738836533,145
1738836536,145
1738836539,140
1738836542,139
1738836545,148
1738836548,144
1738836551,143
1738836554,148
1738836557,140
1738836561,141
1738836564,145
1738836566,139
1738836570,151
1738836570,None
1738836570,None
1738836579,144
1738836582,334
1738836585,407
1738836588,402
1738836591,331
1738836594,153
1738836597,149
1738836600,154
1738836603,148
1738836606,154
1738836609,142
1738836612,152
1738836615,140
1738836619,143
1738836622,145
1738836625,141
1738836627,141
1738836631,142
1738836634,145
1738836636,133
1738836640,136
1738836640,None
1738836646,139
1738836649,134
1738836652,141
1738836655,146
1738836658,137
1738836662,134
1738836664,135
1738836668,137
1738836670,127
1738836673,136
1738836676,141
1738836679,139
1738836683,125
1738836686,133
1738836689,135
1738836691,133
1738836694,131
1738836698,132
1738836701,137
1738836704,141
1738836707,129
1738836710,134
1738836713,139
1738836716,130
1738836719,148
1738836722,142
1738836725,143
1738836728,145
1738836731,145
1738836734,141
1738836738,140
1738836740,134
1738836744,147
1738836746,142
1738836750,144
1738836753,139
1738836755,134
1738836759,148
1738836762,139
1738836765,137
1738836768,144
1738836771,141
1738836774,140
1738836777,132
1738836780,145
1738836783,143
1738836786,141
1738836790,134
1738836792,147
1738836795,136
1738836798,141
1738836801,231
1738836804,295
1738836808,286
1738836810,423
1738836813,545
1738836817,541
1738836820,533
1738836822,383
1738836822,None
1738836829,288
1738836832,291
1738836834,291
1738836838,290
1738836841,299
1738836844,290
1738836847,284
1738836851,285
1738836853,295
1738836856,298
1738836859,287
1738836862,146
1738836865,133
1738836865,None
1738836872,131
1738836875,128
1738836877,142
1738836881,139
1738836884,150
1738836887,139
1738836890,140
1738836893,133
1738836896,149
1738836899,143
1738836902,142
1738836905,142
1738836908,141
1738836911,144
1738836914,138
1738836917,134
1738836920,133
1738836923,136
1738836926,129
1738836929,136
1738836933,128
1738836935,129
1738836938,127
1738836942,128
1738836945,127
1738836948,125
1738836951,344
1738836954,382
1738836957,386
1738836960,383
1738836963,170
1738836966,128
1738836969,124
1738836972,124
1738836975,133
1738836978,128
1738836981,138
1738836981,None
1738836987,138
1738836990,131
1738836994,138
1738836996,132
1738837000,128
1738837003,134
1738837005,135
1738837008,129
1738837012,134
1738837015,134
1738837018,130
1738837021,131
1738837023,140
1738837026,134
1738837030,135
1738837033,132
1738837036,131
1738837039,132
1738837042,137
1738837045,132
1738837048,134
1738837051,140
1738837055,130
1738837057,127
1738837061,136
1738837063,134
1738837066,133
1738837066,None
1738837073,138
1738837076,143
1738837079,126
1738837079,None
1738837085,138
1738837088,130
1738837091,137
1738837095,136
1738837097,135
1738837097,None
1738837103,127
1738837106,130
1738837106,None
1738837113,133
1738837115,122
1738837118,129
1738837122,142
1738837125,143
1738837128,204
1738837131,224
1738837134,239
1738837137,227
1738837140,218
1738837143,217
1738837146,210
1738837149,281
1738837153,473
1738837155,471
1738837159,475
1738837161,381
1738837164,212
1738837168,224
1738837170,206
1738837173,215
1738837177,208
1738837180,210
1738837182,202
1738837186,201
1738837188,201
1738837192,205
1738837194,196
1738837198,205
1738837201,200
1738837204,194
1738837207,205
1738837210,201
1738837213,196
1738837216,196
1738837219,192
1738837222,195
1738837225,190
1738837228,193
1738837231,189
1738837235,188
1738837237,195
1738837241,194
1738837244,190
1738837247,202
1738837250,200
1738837253,198
1738837256,198
1738837259,193
1738837262,196
1738837265,208
1738837268,209
1738837268,None
1738837268,None
1738837277,200
1738837281,195
1738837283,212
1738837286,209
1738837289,207
1738837292,213
1738837295,199
1738837299,205
1738837301,213
1738837304,208
1738837307,199
1738837311,209
1738837314,204
1738837317,211
1738837320,203
1738837322,202
1738837326,209
1738837329,205
1738837332,196
1738837335,201
1738837338,198
1738837341,194
1738837341,None
1738837347,195
1738837350,205
1738837353,433
1738837356,459
1738837359,459
1738837362,455
1738837365,235
1738837368,203
1738837372,198
1738837375,192
1738837378,201
1738837381,198
1738837384,195
1738837387,203
1738837387,None
1738837393,198
1738837396,203
1738837399,195
1738837403,203
1738837406,189
1738837408,197
1738837411,207
1738837414,210
1738837417,202
1738837422,214
1738837424,212
1738837427,206
1738837431,202
1738837433,207
1738837436,205
1738837439,206
1738837442,204
1738837446,210
1738837448,203
1738837451,202
1738837455,205
1738837457,204
1738837461,223
1738837464,215
1738837467,234
1738837469,229
1738837473,229
1738837475,228
1738837479,248
1738837482,241
1738837485,238
1738837489,243
1738837491,244
1738837494,464
1738837497,645
1738837500,636
1738837503,637
1738837506,519
1738837509,386
1738837512,389
1738837515,383
1738837518,387
1738837521,387
1738837524,378
1738837528,391
1738837530,396
1738837533,388
1738837536,397
1738837540,388
1738837543,392
1738837546,387
1738837549,361
1738837552,263
1738837555,241
1738837558,232
1738837561,241
1738837564,235
1738837567,230
1738837570,238
1738837574,238
1738837576,228
1738837579,239
1738837579,None
1738837585,233
1738837589,238
1738837589,None
1738837594,225
1738837598,225
1738837601,234
1738837604,230
1738837607,221
1738837609,225
1738837613,229
1738837617,227
1738837619,225
1738837622,230
1738837625,229
1738837628,222
1738837631,227
1738837634,230
1738837637,222
1738837640,225
1738837644,234
1738837646,230
1738837650,238
1738837653,230
1738837656,240
1738837659,234
1738837662,238
1738837665,240
1738837668,235
1738837671,239
1738837674,230
1738837677,239
1738837680,233
1738837683,235
1738837687,240
1738837689,238
1738837689,None
1738837695,253
1738837699,237
1738837701,238
1738837704,242
1738837707,232
1738837711,237
1738837713,227
1738837717,235
1738837719,228
1738837723,236
1738837725,233
1738837729,238
1738837732,233
1738837735,234
1738837738,232
1738837741,234
1738837744,227
1738837747,232
1738837750,238
1738837753,224
1738837756,232
1738837759,234
1738837762,231
1738837765,426
1738837768,488
1738837772,490
1738837774,481
1738837778,277
1738837781,225
1738837783,228
1738837787,236
1738837790,235
1738837790,None
1738837796,228
1738837799,238
1738837802,245
1738837805,236
1738837808,238
1738837808,None
1738837814,238
1738837817,245
1738837820,458
1738837824,493
1738837826,496
1738837830,456
1738837832,241
1738837832,None
1738837832,None
1738837842,243
1738837845,245
1738837848,240
1738837851,241
1738837854,240
1738837857,239
1738837860,243
1738837863,230
1738837866,244
1738837870,235
1738837872,243
1738837875,240
1738837878,238
1738837882,243
1738837884,243
1738837887,235
1738837890,243
1738837894,238
1738837894,None
1738837900,242
1738837903,236
1738837905,230
1738837909,236
1738837912,233
1738837915,227
1738837918,236
1738837921,229
1738837924,234
1738837927,230
1738837930,233
1738837933,228
1738837936,234
1738837940,226
1738837942,230
1738837945,232
1738837948,226
1738837951,230
1738837955,232
1738837958,222
1738837960,230
1738837964,227
1738837967,227
1738837970,227
1738837973,228
1738837976,229
1738837979,227
1738837982,229
1738837985,232
1738837985,None
1738837991,233
1738837994,228
1738837997,232
1738838000,226
1738838004,227
1738838006,231
1738838009,227
1738838012,235
1738838012,None
1738838019,232
1738838021,234
1738838025,227
1738838028,230
1738838031,227
1738838031,None
1738838031,None
1738838040,226
1738838043,228
1738838046,230
1738838049,220
1738838052,233
1738838055,224
1738838058,226
1738838061,228
1738838064,231
1738838067,221
1738838071,226
1738838073,231
1738838077,228
1738838080,219
1738838082,233
1738838086,228
1738838089,223
1738838092,227
1738838095,227
1738838098,228
1738838101,223
1738838104,224
1738838107,229
1738838110,221
1738838110,None
1738838116,231
1738838119,220
1738838122,230
1738838125,226
1738838128,226
1738838132,315
1738838134,381
1738838137,381
1738838140,517
1738838143,637
1738838146,638
1738838149,633
1738838153,442
1738838155,388
1738838158,376
1738838161,378
1738838164,382
1738838168,372
1738838171,380
1738838173,458
1738838177,623
1738838180,630
1738838183,627
1738838186,560
1738838189,223
1738838192,227
1738838195,228
1738838198,225
1738838201,227
1738838204,225
1738838207,223
1738838210,227
1738838214,227
1738838214,None
1738838219,224
1738838222,232
1738838226,220
1738838228,230
1738838231,225
1738838231,None
1738838238,226
1738838238,None
1738838244,228
1738838247,228
1738838250,223
1738838253,230
1738838256,219
1738838259,230
1738838262,223
1738838265,226
1738838265,None
1738838271,221
1738838275,227
1738838277,228
1738838280,224
1738838283,224
1738838287,227
1738838289,221
1738838293,228
1738838296,224
1738838299,219
1738838302,227
1738838305,224
1738838308,222
1738838311,223
1738838314,225
1738838317,222
1738838320,223
1738838324,224
1738838327,229
1738838329,229
1738838332,221
1738838336,237
1738838339,232
1738838339,None
1738838344,240
1738838348,230
1738838351,227
1738838351,None
1738838357,235
1738838359,230
1738838363,237
1738838366,229
1738838369,236
1738838372,233
1738838372,None
1738838378,243
1738838381,232
1738838384,232
1738838384,None
1738838390,235
1738838393,225
1738838396,233
1738838399,233
1738838402,219
1738838405,234
1738838409,225
1738838411,222
1738838415,229
1738838418,225
1738838421,221
1738838424,230
1738838427,227
1738838430,228
1738838433,223
1738838436,222
1738838439,228
1738838442,228
1738838445,225
1738838448,217
1738838452,229
1738838452,None
1738838457,224
1738838461,222
1738838463,218
1738838466,226
1738838469,226
1738838472,222
1738838476,227
1738838476,None
1738838482,229
1738838485,223
1738838488,223
1738838491,226
1738838494,227
1738838494,None
1738838500,222
1738838503,224
1738838506,229
1738838509,225
1738838512,218
1738838515,231
1738838518,225
1738838521,340
1738838524,474
1738838524,None
1738838531,662
1738838533,482
1738838536,482
1738838540,228
1738838543,221
1738838546,229
1738838546,None
1738838552,222
1738838555,227
1738838558,224
1738838561,226
1738838564,230
1738838567,224
1738838570,228
1738838573,224
1738838576,230
1738838579,228
1738838579,None
1738838585,235
1738838588,228
1738838592,231
1738838594,225
1738838598,225
1738838601,227
1738838603,227
1738838607,225
1738838610,228
1738838613,216
1738838616,226
1738838619,231
1738838622,220
1738838625,227
1738838628,226
1738838631,229
1738838634,222
1738838637,231
1738838640,228
1738838644,233
1738838647,234
1738838650,230
1738838653,237
1738838656,236
1738838659,232
1738838662,236
1738838665,239
1738838668,229
1738838671,241
1738838671,None
1738838677,233
1738838680,238
1738838683,233
1738838686,229
1738838689,237
1738838693,227
1738838695,232
1738838698,236
1738838701,231
1738838705,233
1738838708,227
1738838708,None
1738838714,225
1738838717,221
1738838720,227
1738838723,225
1738838723,None
1738838730,229
1738838732,236
1738838735,229
1738838738,235
1738838741,233
1738838744,239
1738838747,241
1738838750,245
1738838754,265
1738838754,None
1738838754,None
1738838763,391
1738838763,None
1738838769,395
1738838772,394
1738838775,389
1738838778,396
1738838781,385
1738838784,393
1738838787,397
1738838790,389
1738838793,390
1738838796,385
1738838796,None
1738838802,396
1738838805,387
1738838809,398
1738838812,255
1738838814,237
1738838818,245
1738838820,247
1738838820,None
1738838827,483
1738838830,491
1738838832,417
1738838836,241
1738838839,240
1738838842,245
1738838845,241
1738838848,231
1738838851,239
1738838854,237
1738838858,228
1738838860,238
1738838863,230
1738838867,236
1738838870,238
1738838872,232
1738838876,238
1738838879,232
1738838881,240
1738838885,233
1738838887,240
1738838891,230
1738838894,235
1738838897,232
1738838900,231
1738838903,237
1738838903,None
1738838909,234
1738838912,228
1738838916,235
1738838918,230
1738838921,232
1738838924,353
1738838927,484
1738838930,490
1738838933,490
1738838936,339
1738838939,243
1738838943,237
1738838945,233
1738838949,235
1738838952,235
1738838954,233
1738838958,230
1738838961,236
1738838964,231
1738838967,237
1738838970,229
1738838970,None
1738838976,237
1738838979,233
1738838982,233
1738838985,234
1738838988,230
1738838992,239
1738838995,231
1738838997,229
1738839001,238
1738839004,231
1738839007,234
1738839009,231
1738839013,240
1738839016,235
1738839019,242
1738839022,243
1738839025,244
1738839028,240
1738839031,243
1738839034,238
1738839037,243
1738839041,241
1738839044,239
1738839046,241
1738839050,238
1738839053,238
1738839055,240
1738839059,235
1738839062,247
1738839065,237
1738839068,244
1738839071,237
1738839074,236
1738839074,None
1738839080,244
1738839083,241
1738839086,239
1738839089,241
1738839092,242
1738839095,244
1738839098,244
1738839101,239
1738839104,241
1738839107,238
1738839110,240
1738839114,241
1738839117,243
1738839120,240
1738839120,None
1738839126,245
1738839129,308
1738839132,492
1738839135,485
1738839138,487
1738839141,339
1738839144,232
1738839147,234
1738839150,231
1738839153,229
1738839157,237
1738839159,227
1738839162,237
1738839166,230
1738839169,231
1738839172,238
1738839175,239
1738839175,None
1738839181,235
1738839184,243
1738839187,244
1738839190,233
1738839193,241
1738839196,238
1738839199,240
1738839202,242
1738839202,None
1738839208,238
1738839211,245
1738839214,247
1738839217,229
1738839222,239
1738839224,239
1738839227,238
1738839231,241
1738839231,None
1738839237,235
1738839239,241
1738839242,241
1738839242,None
1738839248,246
1738839252,232
1738839255,238
1738839258,241
1738839261,235
1738839264,235
1738839267,236
1738839270,241
1738839273,235
1738839276,237
1738839279,235
1738839282,239
1738839285,237
1738839288,228
1738839291,236
1738839295,234
1738839298,233
1738839301,235
1738839303,233
1738839306,244
1738839310,239
1738839313,245
1738839316,233
1738839319,402
1738839322,496
1738839325,494
1738839328,484
1738839331,233
1738839334,241
1738839337,236
1738839340,242
1738839343,240
1738839346,235
1738839349,239
1738839352,240
1738839355,236
1738839358,236
1738839361,241
1738839364,238
1738839367,231
1738839371,238
1738839373,241
1738839376,236
1738839380,241
1738839382,232
1738839386,239
1738839389,246
1738839392,241
1738839395,232
1738839398,312
1738839398,None
1738839404,391
1738839407,389
1738839410,383
1738839413,394
1738839416,392
1738839419,388
1738839422,395
1738839425,396
1738839428,392
1738839432,394
1738839434,389
1738839437,350
1738839437,None
1738839437,None
1738839446,330
1738839449,339
1738839453,261
1738839455,186
1738839459,185
1738839462,180
1738839465,189
1738839468,180
1738839471,189
1738839474,180
1738839477,180
1738839480,176
1738839483,177
1738839486,180
1738839489,404
1738839492,426
1738839495,426
1738839498,390
1738839502,184
1738839504,180
1738839508,183
1738839511,176
1738839514,184
1738839517,188
1738839520,181
1738839523,172
1738839526,197
1738839529,189
1738839532,189
1738839535,192
1738839538,190
1738839541,185
1738839541,None
1738839547,194
1738839550,186
1738839553,191
1738839556,186
1738839559,190
1738839559,None
1738839565,184
1738839568,193
1738839571,185
1738839574,191
1738839578,183
1738839580,193
1738839580,None
1738839586,185
1738839590,182
1738839590,None
1738839596,185
1738839599,175
1738839602,182
1738839605,180
1738839608,175
1738839611,181
1738839614,183
1738839617,184
1738839620,171
1738839623,182
1738839626,183
1738839630,177
1738839632,174
1738839636,185
1738839638,179
1738839641,181
1738839645,173
1738839648,180
1738839650,185
1738839654,181
1738839657,176
1738839660,183
1738839663,183
1738839666,178
1738839666,None
1738839672,447
1738839675,434
1738839675,None
1738839682,192
1738839684,193
1738839687,182
1738839690,188
1738839693,191
1738839696,183
1738839699,187
1738839702,194
1738839705,194
1738839709,190
1738839712,179
1738839715,193
1738839718,193
1738839721,190
1738839724,192
1738839727,183
1738839730,188
1738839733,196
1738839736,185
1738839739,189
1738839743,189
1738839746,186
1738839748,190
1738839751,186
1738839754,186
1738839757,186
1738839760,192
1738839763,183
1738839767,190
1738839770,187
1738839773,187
1738839775,180
1738839778,184
1738839782,180
1738839785,181
1738839788,179
1738839791,183
1738839794,178
1738839797,184
1738839800,183
1738839803,182
1738839806,188
1738839809,175
1738839812,187
1738839815,176
1738839818,185
1738839821,187
1738839824,187
1738839827,190
1738839827,None
1738839833,189
1738839836,192
1738839839,182
1738839839,None
1738839846,433
1738839849,442
1738839851,372
1738839854,212
1738839858,201
1738839861,209
1738839864,212
1738839864,None
1738839870,207
1738839873,216
1738839876,209
1738839879,207
1738839882,215
1738839885,204
1738839888,206
1738839891,204
1738839894,211
1738839897,198
1738839900,198
1738839903,193
1738839906,202
1738839910,202
1738839912,202
1738839915,209
1738839919,197
1738839921,194
1738839924,202
1738839928,202
1738839931,197
1738839933,203
1738839937,194
1738839940,193
1738839943,204
1738839946,199
1738839949,194
1738839952,203
1738839956,196
1738839958,200
1738839961,196
1738839964,201
1738839967,195
1738839970,202
1738839973,201
1738839976,193
1738839979,205
1738839982,195
1738839982,None
1738839982,None
1738839991,344
1738839995,348
1738839998,352
1738840001,347
1738840004,350
1738840007,344
1738840010,347
1738840013,347
1738840017,350
1738840019,351
1738840019,None
1738840025,345
1738840028,350
1738840031,343
1738840034,341
1738840037,283
1738840040,195
1738840043,195
1738840047,198
1738840050,191
1738840053,199
1738840056,241
1738840058,458
1738840062,452
1738840065,450
1738840068,221
1738840071,197
1738840074,194
1738840077,204
1738840077,None
1738840083,200
1738840086,205
1738840089,198
1738840092,201
1738840096,200
1738840098,194
1738840101,203
1738840104,204
1738840108,194
1738840111,207
1738840113,202
1738840116,197
1738840119,195
1738840123,195
1738840126,191
1738840129,189
1738840132,199
1738840135,187
1738840138,177
1738840140,195
1738840144,195
1738840147,192
1738840147,None
1738840147,None
1738840156,192
1738840159,199
1738840159,None
1738840165,189
1738840169,201
1738840171,195
1738840174,187
1738840174,None
1738840180,194
1738840183,195
1738840187,194
1738840189,229
1738840193,440
1738840196,449
1738840198,438
1738840202,386
1738840205,187
1738840208,187
1738840211,187
1738840214,189
1738840217,181
1738840220,188
1738840223,178
1738840226,189
1738840229,185
1738840232,185
1738840235,185
1738840238,181
1738840241,188
1738840244,184
1738840248,181
1738840251,187
1738840253,180
1738840256,194
1738840256,None
1738840263,193
1738840266,183
1738840269,189
1738840272,186
1738840275,182
1738840278,188
1738840281,191
1738840284,184
1738840287,194
1738840290,182
1738840293,177
1738840296,195
1738840299,191
1738840302,190
1738840306,194
1738840308,225
1738840311,227
1738840314,224
1738840318,222
1738840320,227
1738840324,227
1738840327,218
1738840330,230
1738840333,223
1738840336,222
1738840339,221
1738840342,215
1738840345,222
1738840348,225
1738840351,237
1738840354,269
1738840357,262
1738840360,269
1738840364,259
1738840366,267
1738840369,254
1738840373,239
1738840376,237
1738840376,None
1738840382,239
1738840384,262
1738840388,489
1738840391,484
1738840394,489
1738840397,377
1738840400,227
1738840403,225
1738840406,218
1738840409,214
1738840412,212
1738840415,210
1738840418,199
1738840422,201
1738840425,198
1738840427,187
1738840431,189
1738840434,176
1738840437,188
1738840440,189
1738840443,187
1738840446,193
1738840449,191
1738840452,185
1738840455,192
1738840458,189
1738840461,185
1738840461,None
1738840467,186
1738840470,193
1738840473,190
1738840476,177
1738840480,179
1738840482,184
1738840486,180
1738840488,173
1738840492,186
1738840495,181
1738840498,180
1738840501,181
1738840504,187
1738840507,189
1738840510,191
1738840513,187
1738840516,186
1738840519,206
1738840522,202
1738840525,201
1738840529,347
1738840531,442
1738840535,425
1738840538,421
1738840540,218
1738840544,174
1738840547,165
1738840550,175
1738840553,182
1738840556,171
1738840559,176
1738840562,171
1738840565,170
1738840568,174
1738840571,169
1738840574,174
1738840577,169
1738840577,None
1738840577,None
1738840586,167
1738840590,169
1738840593,171
1738840596,174
1738840599,166
1738840599,None
1738840605,166
1738840608,164
1738840611,160
1738840614,160
1738840617,156
1738840620,160
1738840623,167
1738840626,190
1738840629,229
1738840633,276
1738840635,289
1738840639,289
1738840641,284
1738840645,280
1738840648,274
1738840651,278
1738840654,266
1738840657,264
1738840660,245
1738840663,231
1738840663,None
1738840669,240
1738840672,236
1738840676,230
1738840678,226
1738840681,230
1738840684,218
1738840687,229
1738840691,222
1738840694,225
1738840696,221
1738840700,225
1738840703,217
1738840706,225
1738840709,222
1738840712,220
1738840715,224
1738840718,223
1738840721,222
1738840725,220
1738840728,222
1738840730,217
1738840733,226
1738840736,218
1738840739,225
1738840743,217
1738840746,219
1738840749,220
1738840752,224
1738840755,222
1738840758,256
1738840761,479
1738840764,473
1738840767,483
1738840770,415
1738840773,227
1738840777,716
1738840779,1281
1738840782,1195
1738840785,1286
1738840788,1189
1738840792,1290
1738840795,1103
1738840797,1192
1738840801,1114
1738840804,1290
1738840807,1113
1738840810,1284
1738840813,1116
1738840816,1288
1738840819,1103
1738840822,1294
1738840825,1102
1738840828,1285
1738840831,1085
1738840834,1130
1738840837,956
1738840840,1141
1738840843,951
1738840847,1136
1738840849,953
1738840853,1130
1738840856,959
1738840859,1129
1738840862,953
1738840865,1299
1738840868,1208
1738840871,1377
1738840874,1203
1738840877,1133
1738840880,948
1738840883,1128
1738840883,None
1738840889,1127
1738840892,954
1738840895,1094
1738840898,1049
1738840901,1045
1738840904,1033
1738840907,1049
1738840911,1052
1738840914,1044
1738840914,None
1738840920,1046
1738840923,1052
1738840926,1046
1738840929,1057
1738840932,1056
1738840935,1047
1738840938,1059
1738840941,1058
1738840944,1054
1738840947,1058
1738840950,1059
1738840954,1049
1738840956,1059
1738840960,1051
1738840962,1048
1738840965,1052
1738840968,1047
1738840971,1056
1738840975,1048
1738840978,1056
1738840981,1059
1738840984,1047
1738840987,1047
1738840990,1057
1738840993,1047
1738840996,1057
1738840999,1052
1738841002,1056
1738841005,1056
1738841008,1049
1738841011,1052
1738841014,1046
1738841017,1052
1738841022,1055
1738841024,1054
1738841027,1057
1738841031,1054
1738841033,1056
1738841036,1051
1738841039,1056
1738841042,1056
1738841045,1060
1738841048,1063
1738841051,1057
1738841055,1054
1738841057,1060
1738841061,1057
1738841064,1057
1738841066,1063
1738841070,1054
1738841073,531
1738841076,1045
1738841079,1124
1738841082,1124
1738841085,1122
1738841089,1120
1738841091,1128
1738841094,755
1738841097,350
1738841100,362
1738841104,337
1738841106,384
1738841109,324
1738841112,396
1738841115,1011
1738841119,1120
1738841122,1122
1738841124,1121
1738841128,1107
1738841131,1119
1738841134,458
1738841134,None
1738841140,322
1738841143,704
1738841146,1351
1738841149,1383
1738841152,1389
1738841155,1128
1738841158,1114
1738841161,1129
1738841165,1126
1738841167,1125
1738841170,956
1738841173,309
1738841176,314
1738841179,316
1738841183,316
1738841186,312
1738841189,303
1738841192,384
1738841195,567
1738841197,564
1738841201,572
1738841204,571
1738841207,713
1738841210,1737
1738841213,1735
1738841216,1747
1738841219,1741
1738841222,1733
1738841225,1748
1738841228,1737
1738841231,1737
1738841234,1742
1738841238,1738
1738841240,1737
1738841243,1737
1738841246,1735
1738841249,1738
1738841253,1727
1738841256,1742
1738841259,1726
1738841262,1731
1738841265,1733
1738841268,1729
1738841271,1727
1738841271,None
1738841277,1735
1738841280,1731
1738841283,1741
1738841286,1732
1738841289,1745
1738841292,1737
1738841295,1737
1738841298,1745
1738841301,1744
1738841304,1740
1738841307,1747
1738841310,1739
1738841310,None
1738841317,1746
1738841320,1740
1738841323,1754
1738841326,1746
1738841329,1750
1738841332,1769
1738841335,1766
1738841338,1765
1738841341,1764
1738841345,1751
1738841347,1753
1738841350,1750
1738841353,1746
1738841356,1755
1738841359,1727
1738841362,324
1738841365,320
1738841369,318
1738841371,320
1738841375,326
1738841378,314
1738841381,326
1738841384,321
1738841387,313
1738841390,322
1738841393,315
1738841396,315
1738841399,317
1738841402,321
1738841405,319
1738841408,316
1738841411,308
1738841414,311
1738841417,324
1738841420,320
1738841423,316
1738841426,312
1738841429,320
1738841429,None
1738841436,308
1738841438,317
1738841442,319
1738841444,322
1738841448,318
1738841451,314
1738841454,309
1738841456,317
1738841460,318
1738841463,318
1738841466,322
1738841470,312
1738841472,310
1738841475,326
1738841478,322
1738841481,315
1738841481,None
1738841481,None
1738841490,317
1738841493,313
1738841497,321
1738841500,320
1738841502,311
1738841505,320
1738841509,314
1738841509,None
1738841515,318
1738841518,321
1738841521,319
1738841524,319
1738841527,316
1738841530,324
1738841533,313
1738841537,318
1738841539,316
1738841542,316
1738841546,317
1738841546,None
1738841552,728
1738841554,726
1738841558,725
1738841560,743
1738841564,763
1738841567,730
1738841570,730
1738841573,637
1738841576,473
1738841579,471
1738841582,478
1738841585,473
1738841588,471
1738841591,475
1738841594,475
1738841597,468
1738841600,470
1738841604,417
1738841606,320
1738841610,317
1738841613,322
1738841616,326
1738841619,331
1738841622,324
1738841625,332
1738841628,319
1738841631,320
1738841634,325
1738841634,None
1738841640,326
1738841643,328
1738841646,325
1738841649,326
1738841652,318
1738841655,329
1738841658,324
1738841661,327
1738841664,329
1738841668,329
1738841670,322
1738841673,326
1738841676,312
1738841679,317
1738841683,319
1738841686,311
1738841689,314
1738841692,315
1738841695,320
1738841698,314
1738841701,318
1738841704,320
1738841707,311
1738841710,319
1738841713,322
1738841716,319
1738841719,322
1738841722,331
1738841725,324
1738841728,330
1738841731,325
1738841735,330
1738841738,321
1738841741,322
1738841744,329
1738841747,319
1738841750,322
1738841750,None
1738841756,325
1738841759,321
1738841762,329
1738841765,328
1738841768,319
1738841771,318
1738841774,327
1738841777,320
1738841780,317
1738841783,316
1738841786,321
1738841790,319
1738841793,322
1738841796,314
1738841796,None
1738841802,326
1738841805,319
1738841808,316
1738841811,323
1738841814,322
1738841817,326
1738841820,319
1738841823,319
1738841826,328
1738841829,316
1738841832,319
1738841835,330
1738841835,None
1738841841,313
1738841841,None
1738841841,None
1738841850,314
1738841853,314
1738841856,323
1738841859,312
1738841862,304
1738841865,317
1738841868,314
1738841872,311
1738841875,313
1738841878,317
1738841881,315
1738841883,308
1738841886,315
1738841890,399
1738841893,567
1738841896,570
1738841900,566
1738841902,409
1738841905,310
1738841908,310
1738841911,315
1738841914,312
1738841917,317
1738841920,559
1738841924,564
1738841927,561
1738841929,377
1738841933,306
1738841936,313
1738841938,312
1738841942,316
1738841945,313
1738841948,307
1738841951,318
1738841951,None
1738841957,319
1738841960,317
1738841963,306
1738841966,310
1738841969,307
1738841973,313
1738841975,313
1738841978,314
1738841982,306
1738841984,315
1738841988,308
1738841990,305
1738841993,323
1738841997,315
1738841999,321
1738842003,319
1738842006,315
1738842009,322
1738842012,309
1738842015,321
1738842018,312
1738842021,310
1738842024,308
1738842027,315
1738842030,316
1738842033,320
1738842036,313
1738842039,307
1738842042,312
1738842045,321
1738842048,310
1738842051,309
1738842054,307
1738842057,315
1738842060,315
1738842063,316
1738842066,547
1738842069,554
1738842073,727
1738842075,684
1738842079,647
1738842079,None
1738842085,1310
1738842088,1716
1738842091,1749
1738842094,1552
1738842097,1733
1738842100,1733
1738842103,1732
1738842106,1738
1738842109,1622
1738842112,1415
1738842115,1206
1738842118,1338
1738842121,1449
1738842125,1446
1738842128,1448
1738842130,1442
1738842134,1449
1738842137,1444
1738842139,1443
1738842143,1449
1738842146,1441
1738842149,1443
1738842152,1191
1738842155,1394
1738842155,None
1738842161,1462
1738842164,1339
1738842167,1516
1738842170,1303
1738842173,1148
1738842176,1039
1738842179,1054
1738842182,1045
1738842186,1056
1738842189,1049
1738842191,980
1738842195,925
1738842195,None
1738842201,1037
1738842203,1052
1738842207,1040
1738842210,1049
1738842213,1051
1738842216,1038
1738842219,1054
1738842222,1048
1738842225,1046
1738842228,1049
1738842231,1049
1738842234,1046
1738842234,None
1738842234,None
1738842243,1138
1738842246,1300
1738842249,1293
1738842249,None
1738842256,1047
1738842259,1051
1738842262,1044
1738842265,1036
1738842268,1044
1738842271,1040
1738842274,1033
1738842277,1037
1738842280,1027
1738842284,1041
1738842286,1040
1738842289,1041
1738842292,939
1738842295,915
1738842298,945
1738842302,1058
1738842305,1047
1738842308,1059
1738842311,1179
1738842314,1308
1738842317,1303
1738842320,1305
1738842323,1181
1738842326,1049
1738842329,1052
1738842332,1042
1738842335,1049
1738842335,None
1738842341,1203
1738842344,1194
1738842347,1204
1738842350,1204
1738842353,1201
1738842356,1204
1738842359,1203
1738842362,1205
1738842366,1072
1738842368,1081
1738842372,1079
1738842375,1201
1738842377,1220
1738842381,1209
1738842384,1211
1738842384,None
1738842390,1204
1738842393,1210
1738842396,1079
1738842399,1053
1738842402,1060
1738842405,1056
1738842405,None
1738842411,1053
1738842415,1050
1738842417,1053
1738842421,1051
1738842423,1062
1738842426,1056
1738842430,1045
1738842433,1030
1738842436,927
1738842439,924
1738842442,992
1738842445,1047
1738842448,1040
1738842451,1048
1738842454,1041
1738842457,1050
1738842461,1044
1738842463,1039
1738842466,1046
1738842469,1048
1738842469,None
1738842475,1049
1738842478,1049
1738842481,1051
1738842485,1023
1738842487,937
1738842491,953
1738842493,1052
1738842497,1052
1738842500,1051
1738842503,1037
1738842506,1067
1738842509,1063
1738842509,None
1738842515,1056
1738842518,1040
1738842521,1038
1738842524,1044
1738842527,1041
1738842530,1046
1738842533,1050
1738842537,1041
1738842540,987
1738842542,927
1738842545,918
1738842548,922
1738842552,935
1738842555,1069
1738842558,1075
1738842561,1057
1738842564,1054
1738842567,1056
1738842570,1217
1738842574,1312
1738842576,1308
1738842579,1305
1738842582,1084
1738842586,1055
1738842589,1051
1738842592,1059
1738842592,None
1738842598,1052
1738842601,1037
1738842604,1039
1738842607,850
1738842610,489
1738842613,367
1738842616,352
1738842619,352
1738842622,388
1738842625,510
1738842628,508
1738842631,488
1738842634,489
1738842637,492
1738842640,505
1738842643,482
1738842646,478
1738842649,483
1738842653,493
1738842655,487
1738842659,506
1738842662,490
1738842665,489
1738842668,462
1738842668,None
1738842674,343
1738842677,416
1738842680,481
1738842683,486
1738842686,478
1738842689,472
1738842693,476
1738842695,471
1738842698,479
1738842701,471
1738842704,473
1738842707,474
1738842710,473
1738842713,556
1738842716,722
1738842719,736
1738842722,613
1738842726,392
1738842729,336
1738842732,341
1738842735,369
1738842738,500
1738842741,486
1738842744,482
1738842747,486
1738842750,482
1738842753,472
1738842756,477
1738842759,471
1738842762,464
1738842766,475
1738842768,468
1738842771,470
1738842774,472
1738842777,477
1738842781,476
1738842784,409
1738842784,None
1738842789,340
1738842793,348
1738842796,343
1738842799,339
1738842802,477
1738842805,495
1738842808,489
1738842811,490
1738842811,None
1738842817,479
1738842820,483
1738842824,483
1738842826,478
1738842829,470
1738842832,485
1738842836,475
1738842839,472
1738842841,470
1738842845,467
1738842848,478
1738842850,358
1738842853,342
1738842857,332
1738842860,356
1738842863,357
1738842866,385
1738842869,523
1738842872,513
1738842875,514
1738842878,527
1738842881,524
1738842884,514
1738842887,517
1738842887,None
1738842893,513
1738842896,508
1738842900,514
1738842903,512
1738842906,505
1738842909,516
1738842911,508
1738842915,539
1738842918,623
1738842921,624
1738842924,620
1738842927,551
1738842930,365
1738842930,None
1738842936,524
1738842939,522
1738842942,517
1738842945,509
1738842945,None
1738842951,513
1738842954,505
1738842957,521
1738842960,530
1738842963,520
1738842966,518
1738842970,497
1738842973,493
1738842976,503
1738842979,496
1738842982,497
1738842985,386
1738842988,369
1738842991,364
1738842994,367
1738842997,370
1738842997,None
1738843003,519
1738843006,511
1738843009,505
1738843012,504
1738843015,510
1738843018,501
1738843021,507
1738843025,694
1738843028,1609
1738843030,1622
1738843034,1621
1738843037,1468
1738843040,1624
1738843043,1620
1738843046,1620
1738843049,1620
1738843049,None
1738843055,1594
1738843058,1740
1738843061,1733
1738843064,1746
1738843068,1563
1738843071,1628
1738843073,1633
1738843073,None
1738843080,1615
1738843082,1626
1738843085,1610
1738843088,1602
1738843092,1608
1738843095,1663
1738843098,1754
1738843101,1758
1738843104,1756
1738843104,None
1738843110,1765
1738843113,1731
1738843113,None
1738843119,1630
1738843122,1632
1738843125,1628
1738843128,1754
1738843131,1760
1738843134,1769
1738843137,1766
1738843140,1757
1738843143,1756
1738843146,1752
1738843149,1737
1738843152,1606
1738843155,1608
1738843158,1604
1738843161,1600
1738843161,None
1738843167,1597
1738843171,1602
1738843173,1484
1738843176,1482
1738843176,None
1738843182,1503
1738843186,1511
1738843189,1534
1738843192,1643
1738843195,1635
1738843198,1637
1738843201,1638
1738843204,1635
1738843207,1628
1738843210,1627
1738843213,1630
1738843216,1618
1738843219,1625
1738843223,1635
1738843225,1635
1738843225,None
1738843231,1649
1738843235,1576
1738843237,1504
1738843241,1496
1738843243,1490
1738843247,1525
1738843250,1635
1738843252,1631
1738843256,1622
1738843259,1618
1738843262,1715
1738843265,1864
1738843268,1872
1738843271,1855
1738843274,1722
1738843277,1601
1738843280,1595
1738843284,1590
1738843286,1591
1738843290,1526
1738843293,1465
1738843296,1466
1738843298,1469
1738843302,1494
1738843304,1616
1738843308,1602
1738843311,1613
1738843314,1603
1738843317,1596
1738843317,None
1738843323,1601
1738843326,1594
1738843329,1592
1738843332,1602
1738843335,1597
1738843339,1591
1738843341,1592
1738843344,1592
1738843347,1517
1738843350,1445
1738843350,None
1738843356,1452
1738843360,1478
1738843362,1592
1738843365,1598
1738843369,1594
1738843371,1589
1738843374,1591
1738843378,1595
1738843381,1580
1738843384,1586
1738843387,1594
1738843390,1588
1738843393,1578
1738843396,1591
1738843399,1586
1738843402,1580
1738843405,1559
1738843408,1458
1738843411,1460
1738843414,1465
1738843417,1537
1738843420,1601
1738843423,1591
1738843426,1596
1738843429,1591
1738843433,1581
1738843436,1781
1738843439,1853
1738843442,1846
1738843445,1843
1738843448,1650
1738843451,1587
1738843454,1586
1738843457,1584
1738843460,1585
1738843463,1579
1738843466,1505
1738843469,1460
1738843472,1453
1738843475,1453
1738843478,1460
1738843481,1488
1738843484,1585
1738843487,1600
1738843490,1596
1738843493,1598
1738843496,1598
1738843496,None
1738843503,1586
1738843505,1595
1738843509,1579
1738843512,1582
1738843515,1584
1738843518,1582
1738843521,1581
1738843524,1583
1738843527,1580
1738843530,1588
1738843533,1583
1738843536,1576
1738843539,1518
1738843539,None
1738843545,1456
1738843548,1465
1738843551,1459
1738843554,1493
1738843557,1632
1738843560,1628
1738843563,1623
1738843566,1617
1738843569,1605
1738843572,1615
1738843576,1608
1738843579,1609
1738843582,1616
1738843585,1615
1738843588,1673
1738843591,1860
1738843594,1845
1738843597,1840
1738843600,1828
1738843603,1587
1738843606,1595
1738843609,1522
1738843612,1461
1738843615,1475
1738843618,1461
1738843621,1463
1738843625,1494
1738843627,1606
1738843630,1607
1738843633,1595
1738843637,1599
1738843640,1593
1738843643,1590
1738843646,1602
1738843649,1592
1738843652,1593
1738843655,1595
1738843658,1594
1738843661,1616
1738843664,1618
1738843667,1617
1738843670,1607
1738843673,1613
1738843676,1594
1738843680,1568
1738843682,1480
1738843685,1464
1738843688,1467
1738843692,1464
1738843695,1467
1738843697,1459
1738843700,1600
1738843704,1614
1738843706,1604
1738843709,1613
1738843713,1600
1738843716,1624
1738843719,1711
1738843722,1599
1738843725,1594
1738843728,1597
1738843731,1585
1738843735,1599
1738843737,1480
1738843740,1085
1738843740,None
1738843746,1079
1738843750,1052
1738843753,963
1738843753,None
1738843753,None
1738843761,942
1738843765,951
1738843767,1030
1738843771,1096
1738843774,1087
1738843777,1088
1738843780,1086
1738843783,1083
1738843786,1080
1738843789,1082
1738843792,1073
1738843795,1077
1738843798,1083
1738843802,1079
1738843804,1075
1738843804,None
1738843810,1081
1738843813,1071
1738843816,1083
1738843819,1074
1738843823,972
1738843825,1202
1738843828,1206
1738843831,1206
1738843834,1140
1738843838,1077
1738843840,1097
1738843844,1082
1738843847,1090
1738843850,1085
1738843853,1075
1738843856,1084
1738843856,None
1738843862,1085
1738843865,1083
1738843868,1078
1738843871,1099
1738843874,1103
1738843877,1114
1738843881,1117
1738843883,1113
1738843887,1093
1738843889,1069
1738843892,986
1738843895,962
1738843899,969
1738843902,963
1738843905,960
1738843908,1098
1738843911,1101
1738843914,1106
1738843917,1100
1738843920,1094
1738843923,1101
1738843926,1090
1738843929,1100
1738843932,1093
1738843935,1085
1738843938,1088
1738843941,1084
1738843944,520
1738843947,627
1738843950,757
1738843954,744
1738843956,761
1738843960,727
1738843962,611
1738843966,375
1738843969,377
1738843972,369
1738843975,394
1738843978,510
1738843981,520
1738843984,530
1738843987,523
1738843990,522
1738843993,522
1738843996,515
1738843999,522
1738844002,510
1738844005,519
1738844008,515
1738844012,518
1738844014,517
1738844017,515
1738844021,511
1738844023,491
1738844027,381
1738844029,378
1738844033,387
1738844036,414
1738844039,532
1738844042,522
1738844045,526
1738844048,518
1738844051,505
1738844054,509
1738844054,None
1738844054,None
1738844063,507
1738844066,505
1738844070,511
1738844072,508
1738844076,505
1738844079,505
1738844081,439
1738844085,378
1738844088,382
1738844091,399
1738844094,396
1738844097,503
1738844100,518
1738844103,520
1738844106,516
1738844110,510
1738844112,515
1738844115,512
1738844118,508
1738844121,516
1738844124,507
1738844127,507
1738844130,510
1738844133,510
1738844137,500
1738844137,None
1738844143,501
1738844145,506
1738844145,None
1738844152,375
1738844155,372
1738844158,377
1738844161,373
1738844161,None
1738844167,515
1738844170,523
1738844173,514
1738844176,519
1738844179,513
1738844183,505
1738844185,508
1738844185,None
1738844191,503
1738844194,512
1738844197,501
1738844200,588
1738844203,759
1738844206,756
1738844209,760
1738844213,589
1738844215,535
1738844215,None
1738844222,375
1738844224,373
1738844228,372
1738844231,380
1738844234,403
1738844237,525
1738844240,524
1738844243,513
1738844246,524
1738844249,512
1738844252,517
1738844256,508
1738844258,508
1738844261,507
1738844264,498
1738844267,500
1738844270,503
1738844274,494
1738844277,505
1738844280,501
1738844282,498
1738844285,515
1738844289,543
1738844292,1376
1738844295,1787
1738844298,1790
1738844301,1791
1738844304,1816
1738844307,1952
1738844310,1943
1738844313,1939
1738844316,1937
1738844320,1937
1738844322,1931
1738844325,1927
1738844325,None
1738844331,1926
1738844334,1923
1738844337,1914
1738844340,1921
1738844343,1919
1738844347,1927
1738844350,1882
1738844352,1819
1738844352,None
1738844359,1822
1738844361,1894
1738844361,None
1738844368,570
1738844370,558
1738844373,564
1738844373,None
1738844380,550
1738844383,556
1738844386,552
1738844389,550
1738844392,539
1738844395,547
1738844398,545
1738844401,543
1738844404,549
1738844407,544
1738844410,430
1738844413,414
1738844416,672
1738844419,642
1738844423,625
1738844426,759
1738844429,566
1738844432,521
1738844435,511
1738844438,526
1738844440,510
1738844444,512
1738844447,517
1738844450,514
1738844453,515
1738844456,514
1738844459,510
1738844462,514
1738844465,508
1738844469,508
1738844471,504
1738844474,508
1738844478,432
1738844480,371
1738844484,372
1738844486,368
1738844490,443
1738844493,931
1738844496,1882
1738844499,1941
1738844502,1933
1738844505,1933
1738844508,1926
1738844511,1925
1738844514,1927
1738844518,1919
1738844520,1926
1738844523,1915
1738844527,1918
1738844529,1922
1738844532,1924
1738844535,1919
1738844538,1920
1738844541,1948
1738844545,1941
1738844547,1890
1738844551,1791
1738844554,1795
1738844557,1719
1738844560,407
1738844563,415
1738844566,417
1738844569,493
1738844573,568
1738844575,701
1738844578,810
1738844578,None
1738844584,773
1738844587,604
1738844590,553
1738844594,565
1738844596,571
1738844599,558
1738844603,550
1738844606,546
1738844609,570
1738844612,940
1738844615,1947
1738844618,1947
1738844621,1943
1738844624,1932
1738844624,None
1738844630,1803
1738844633,1800
1738844636,1798
1738844639,1802
1738844642,1801
1738844645,1936
1738844648,1952
1738844651,1956
1738844651,None
1738844657,1953
1738844660,1941
1738844663,1942
1738844667,1677
1738844670,530
1738844673,531
1738844676,560
1738844679,551
1738844682,564
1738844685,607
1738844688,613
1738844691,610
1738844694,589
1738844697,553
1738844700,448
1738844703,446
1738844706,430
1738844709,434
1738844712,430
1738844715,584
1738844718,598
1738844722,870
1738844724,1833
1738844727,1912
1738844730,1898
1738844733,1900
1738844736,1903
1738844740,1368
1738844740,None
1738844740,None
1738844749,432
1738844752,419
1738844755,428
1738844758,432
1738844761,300
1738844764,295
1738844767,292
1738844770,288
1738844773,423
1738844773,None
1738844779,434
1738844782,438
1738844786,423
1738844789,431
1738844792,421
1738844794,567
1738844798,676
1738844801,670
1738844804,676
1738844807,493
1738844810,417
1738844813,427
1738844816,421
1738844819,417
1738844822,292
1738844825,290
1738844828,293
1738844831,288
1738844834,287
1738844837,327
1738844841,441
1738844843,444
1738844847,434
1738844850,427
1738844853,424
1738844856,420
1738844859,423
1738844862,434
1738844865,423
1738844868,428
1738844871,435
1738844874,426
1738844877,419
1738844880,418
1738844880,None
1738844886,357
1738844890,299
1738844892,295
1738844896,291
1738844898,283
1738844901,428
1738844905,441
1738844905,None
1738844911,434
1738844914,425
1738844916,432
1738844920,433
1738844923,424
1738844926,435
1738844929,424
1738844932,429
1738844935,427
1738844938,426
1738844941,621
1738844944,651
1738844947,550
1738844951,451
1738844953,289
1738844957,285
1738844959,310
1738844962,343
1738844966,467
1738844969,463
1738844972,465
1738844975,450
1738844978,456
1738844981,445
1738844984,433
1738844987,423
1738844990,415
1738844993,419
1738844996,419
1738844996,None
1738845002,420
1738845005,417
1738845009,424
1738845011,418
1738845014,419
1738845017,422
1738845020,390
1738845023,280
1738845026,286
1738845029,282
1738845032,279
1738845035,283
1738845038,424
1738845042,427
1738845045,434
1738845048,421
1738845051,431
1738845054,428
1738845057,421
1738845060,422
1738845063,422
1738845066,422
1738845069,422
1738845072,422
1738845075,416
1738845078,422
1738845081,413
1738845084,413
1738845087,414
1738845090,295
1738845093,288
1738845096,284
1738845096,None
1738845102,292
1738845105,293
1738845109,436
1738845112,457
1738845114,459
1738845114,None
1738845121,433
1738845124,425
1738845127,426
1738845130,426
1738845133,429
1738845136,437
1738845139,427
1738845142,533
1738845145,677
1738845148,675
1738845151,674
1738845154,651
1738845157,423
1738845160,418
1738845164,293
1738845166,293
1738845170,284
1738845173,279
1738845175,280
1738845179,285
1738845182,414
1738845185,434
1738845188,437
1738845191,422
1738845194,426
1738845197,421
1738845200,422
1738845203,422
1738845206,420
1738845209,427
1738845212,427
1738845215,420
1738845219,430
1738845221,422
1738845224,428
1738845228,423
1738845231,423
1738845233,424
1738845237,307
1738845239,288
1738845243,298
1738845246,286
1738845249,292
1738845252,322
1738845255,447
1738845258,436
1738845258,None
1738845264,435
1738845267,425
1738845270,426
1738845273,419
1738845273,None
1738845279,422
1738845282,413
1738845285,413
1738845288,417
1738845291,409
1738845295,408
1738845297,405
1738845300,410
1738845303,416
1738845306,284
1738845309,282
1738845313,278
1738845316,271
1738845318,270
1738845322,313
1738845324,431
1738845324,None
1738845331,417
1738845334,548
1738845337,675
1738845340,665
1738845343,675
1738845346,486
1738845349,416
1738845352,416
1738845355,416
1738845358,415
1738845361,417
1738845364,418
1738845367,417
1738845370,385
1738845373,292
1738845376,281
1738845379,283
1738845382,284
1738845385,365
1738845389,434
1738845392,418
1738845394,423
1738845397,425
1738845397,None
1738845404,417
1738845406,418
1738845410,419
1738845413,417
1738845416,415
1738845419,415
1738845422,411
1738845425,413
1738845428,416
1738845431,404
1738845435,290
1738845437,276
1738845440,279
1738845443,285
1738845446,279
1738845449,415
1738845453,430
1738845456,424
1738845459,415
1738845462,422
1738845465,415
1738845468,414
1738845468,None
1738845474,414
1738845477,415
1738845480,413
1738845483,416
1738845486,407
1738845489,403
1738845492,422
1738845496,410
1738845498,407
1738845503,393
1738845504,391
1738845508,391
1738845511,383
1738845514,414
1738845517,527
1738845517,None
1738845523,524
1738845526,513
1738845529,513
1738845532,512
1738845535,730
1738845538,751
1738845541,748
1738845544,750
1738845547,578
1738845550,498
1738845554,484
1738845556,484
1738845560,490
1738845562,484
1738845566,410
1738845568,351
1738845572,351
1738845572,None
1738845578,348
1738845581,350
1738845585,501
1738845587,502
1738845590,482
1738845593,491
1738845597,483
1738845599,483
1738845603,486
1738845605,488
1738845608,479
1738845612,481
1738845615,490
1738845618,475
1738845618,None
1738845623,482
1738845627,477
1738845630,481
1738845633,455
1738845636,352
1738845639,346
1738845642,340
1738845645,352
1738845648,346
1738845648,None
1738845654,430
1738845657,497
1738845660,490
1738845663,494
1738845666,487
1738845669,478
1738845672,615
1738845675,619
1738845678,473
1738845681,475
1738845685,482
1738845687,477
1738845691,478
1738845694,447
1738845697,352
1738845699,347
1738845703,342
1738845706,347
1738845709,345
1738845712,379
1738845715,494
1738845718,760
1738845721,1763
1738845724,2164
1738845727,2168
1738845730,1906
1738845733,1897
1738845736,1896
1738845736,None
1738845736,None
1738845745,1898
1738845749,1896
1738845749,None
1738845755,1900
1738845758,1892
1738845760,1900
1738845764,1787
1738845767,1767
1738845770,1761
1738845773,1765
1738845776,1166
1738845779,350
1738845782,378
1738845785,514
1738845788,502
1738845791,495
1738845794,495
1738845797,495
1738845801,497
1738845804,484
1738845806,476
1738845810,486
1738845813,489
1738845816,488
1738845819,479
1738845822,479
1738845825,477
1738845828,485
1738845831,458
1738845834,365
1738845837,341
1738845840,360
1738845843,357
1738845847,431
1738845849,508
1738845852,500
1738845855,496
1738845858,494
1738845861,494
1738845864,491
1738845868,498
1738845871,486
1738845874,493
1738845874,None
1738845880,495
1738845883,482
1738845883,None
1738845888,483
1738845892,457
1738845895,350
1738845898,357
1738845901,345
1738845901,None
1738845907,346
1738845910,424
1738845913,491
1738845917,482
1738845919,486
1738845922,476
1738845925,481
1738845929,483
1738845931,473
1738845935,692
1738845938,727
1738845941,728
1738845944,724
1738845947,544
1738845950,474
1738845953,468
1738845956,471
1738845959,478
1738845962,354
1738845966,346
1738845968,337
1738845972,334
1738845975,340
1738845977,425
1738845980,489
1738845984,490
1738845987,481
1738845990,488
1738845993,475
1738845996,480
1738845999,476
1738846002,472
1738846005,476
1738846008,478
1738846011,477
1738846014,481
1738846014,None
1738846020,477
1738846020,None
1738846026,443
1738846029,342
1738846032,334
1738846035,347
1738846038,340
1738846041,338
1738846044,336
1738846047,477
1738846051,487
1738846053,482
1738846056,481
1738846060,471
1738846063,484
1738846066,476
1738846069,471
1738846072,480
1738846075,475
1738846078,474
1738846081,470
1738846084,479
1738846087,473
1738846090,478
1738846093,475
1738846096,464
1738846099,406
1738846102,343
1738846105,602
1738846105,None
1738846111,599
1738846114,557
1738846117,521
1738846121,670
1738846124,1784
1738846127,1906
1738846130,1908
1738846133,1893
1738846136,1894
1738846139,1897
1738846142,1893
1738846145,1893
1738846148,1894
1738846151,1893
1738846154,1889
1738846157,1894
1738846161,1879
1738846163,828
1738846167,358
1738846170,352
1738846173,343
1738846175,332
1738846179,336
1738846182,468
1738846185,484
1738846188,481
1738846191,482
1738846194,475
1738846197,480
1738846200,466
1738846203,472
1738846206,466
1738846209,473
1738846212,471
1738846215,470
1738846218,469
1738846221,471
1738846224,466
1738846227,449
1738846230,330
1738846234,341
1738846236,334
1738846240,334
1738846243,332
1738846246,478
1738846249,483
1738846252,487
1738846255,482
1738846258,476
1738846261,479
1738846264,469
1738846267,477
1738846270,469
1738846273,479
1738846276,472
1738846279,472
1738846282,466
1738846282,None
1738846288,467
1738846291,388
1738846294,334
1738846298,334
1738846300,329
1738846303,340
1738846306,335
1738846310,369
1738846313,728
1738846316,738
1738846319,733
1738846321,667
1738846325,481
1738846328,472
1738846330,478
1738846330,None
1738846337,474
1738846340,475
1738846344,462
1738846346,470
1738846349,471
1738846352,470
1738846355,469
1738846358,474
1738846358,None
1738846365,340
1738846367,339
1738846370,335
1738846374,338
1738846376,335
1738846380,437
1738846383,491
1738846386,492
1738846389,486
1738846392,473
1738846395,479
1738846398,467
1738846401,476
1738846404,463
1738846407,474
1738846411,468
1738846413,470
1738846417,462
1738846419,463
1738846423,469
1738846425,467
1738846429,348
1738846432,336
1738846435,327
1738846437,333
1738846440,329
1738846443,328
1738846447,365
1738846449,484
1738846453,478
1738846456,476
1738846459,477
1738846459,None
1738846465,469
1738846468,468
1738846471,455
1738846474,461
1738846477,462
1738846480,463
1738846480,None
1738846486,459
1738846489,465
1738846489,None
1738846495,387
1738846498,317
1738846501,319
1738846504,318
1738846507,315
1738846507,None
1738846514,672
1738846516,721
1738846519,727
1738846523,718
1738846525,573
1738846529,454
1738846532,465
1738846535,463
1738846538,468
1738846541,461
1738846544,467
1738846547,466
1738846551,460
1738846553,439
1738846556,327
1738846559,328
1738846563,329
1738846563,None
1738846569,328
1738846571,467
1738846575,477
1738846577,470
1738846581,465
1738846583,467
1738846583,None
1738846590,464
1738846593,460
1738846596,454
1738846599,466
1738846602,459
1738846605,453
1738846608,455
1738846611,455
1738846614,337
1738846617,344
1738846620,582
1738846623,579
1738846627,568
1738846627,None
1738846632,468
1738846636,463
1738846639,469
1738846642,462
1738846646,457
1738846648,459
1738846651,461
1738846654,465
1738846657,457
1738846660,453
1738846663,461
1738846666,465
1738846669,458
1738846673,377
1738846673,None
1738846678,331
1738846681,320
1738846684,324
1738846688,351
1738846691,482
1738846694,475
1738846696,475
1738846699,461
1738846703,465
1738846706,468
1738846709,460
1738846712,457
1738846715,466
1738846718,455
1738846721,458
1738846724,463
1738846727,472
1738846730,482
1738846733,466
1738846737,345
1738846739,358
1738846743,358
1738846746,347
1738846748,354
1738846752,444
1738846754,503
1738846758,498
1738846760,497
1738846764,496
1738846767,497
1738846770,492
1738846773,486
1738846776,496
1738846779,483
1738846782,466
1738846785,465
1738846788,471
1738846791,466
1738846794,467
1738846797,342
1738846800,336
1738846804,326
1738846806,323
1738846809,328
1738846812,329
1738846815,415
1738846818,487
1738846822,474
1738846825,461
1738846828,463
1738846830,476
1738846834,470
1738846837,464
1738846840,468
1738846843,461
1738846843,None
1738846849,466
1738846852,461
1738846855,467
1738846858,464
1738846861,465
1738846864,463
1738846864,None
1738846870,330
1738846873,333
1738846876,336
1738846879,330
1738846882,363
1738846885,493
1738846889,487
1738846891,482
1738846895,484
1738846897,475
1738846900,478
1738846904,473
1738846907,470
1738846910,475
1738846913,475
1738846916,470
1738846919,477
1738846922,464
1738846925,472
1738846929,677
1738846931,697
1738846934,595
1738846937,596
1738846940,502
1738846943,346
1738846946,342
1738846949,432
1738846952,501
1738846955,486
1738846958,480
1738846961,493
1738846964,487
1738846968,476
1738846971,492
1738846973,724
1738846977,722
1738846980,722
1738846983,549
1738846986,472
1738846989,473
1738846992,440
1738846995,350
1738846998,347
1738847001,347
1738847004,347
1738847007,347
1738847010,479
1738847013,484
1738847016,497
1738847016,None
1738847022,476
1738847025,475
1738847025,None
1738847031,478
1738847035,483
1738847037,479
1738847040,476
1738847043,476
1738847047,479
1738847050,471
1738847053,364
1738847056,340
1738847059,335
1738847061,341
1738847065,339
1738847068,344
1738847071,370
1738847074,500
1738847077,494
1738847077,None
1738847083,485
1738847086,484
1738847086,None
1738847093,476
1738847096,488
1738847098,496
1738847102,489
1738847104,497
1738847104,None
1738847111,485
1738847114,495
1738847117,380
1738847120,350
1738847123,357
1738847126,357
1738847129,361
1738847132,388
1738847135,513
1738847138,488
1738847141,475
1738847144,483
1738847144,None
1738847150,504
1738847153,504
1738847156,501
1738847160,500
1738847163,496
1738847163,None
1738847169,496
1738847172,502
1738847175,373
1738847178,347
1738847181,364
1738847184,360
1738847187,359
1738847190,349
1738847193,359
1738847196,509
1738847199,513
1738847199,None
1738847205,494
1738847209,494
1738847211,501
1738847211,None
1738847218,479
1738847221,498
1738847221,None
1738847227,509
1738847230,495
1738847233,502
1738847236,497
1738847236,None
1738847242,469
1738847245,364
1738847248,334
1738847251,340
1738847254,338
1738847257,347
1738847260,366
1738847263,397
1738847266,519
1738847269,528
1738847272,520
1738847272,None
1738847279,762
1738847281,762
1738847284,751
1738847287,704
1738847291,485
1738847294,493
1738847294,None
1738847300,488
1738847303,464
1738847306,352
1738847309,354
1738847309,None
1738847315,354
1738847318,342
1738847321,374
1738847324,365
1738847327,676
1738847330,771
1738847333,782
1738847337,770
1738847339,745
1738847343,514
1738847346,485
1738847349,471
1738847352,472
1738847355,469
1738847358,465
1738847361,428
1738847364,325
1738847367,325
1738847370,323
1738847373,313
1738847373,None
1738847379,326
1738847382,320
1738847385,316
1738847388,426
1738847391,499
1738847391,None
1738847398,496
1738847400,541
1738847404,633
1738847406,623
1738847410,589
1738847413,484
1738847416,485
1738847419,374
1738847422,362
1738847425,360
1738847428,355
1738847431,347
1738847434,342
1738847434,None
1738847440,349
1738847440,None
1738847447,346
1738847447,None
1738847452,502
1738847456,490
1738847459,483
1738847462,489
1738847465,481
1738847468,479
1738847471,470
1738847474,473
1738847477,485
1738847480,505
1738847483,388
1738847486,363
1738847489,364
1738847489,None
1738847496,359
1738847498,362
1738847502,519
1738847504,501
1738847507,481
1738847510,479
1738847514,475
1738847517,468
1738847520,476
1738847523,355
1738847526,342
1738847529,364
1738847532,464
1738847532,None
1738847538,356
1738847541,334
1738847544,335
1738847548,471
1738847550,487
1738847553,475
1738847556,470
1738847560,424
1738847563,464
1738847566,470
1738847569,344
1738847572,318
1738847574,321
1738847578,375
1738847581,511
1738847584,492
1738847587,490
1738847590,459
1738847593,402
1738847596,463
1738847599,336
1738847602,308
1738847605,287
1738847608,315
1738847611,285
1738847615,380
1738847617,437
1738847620,436
1738847620,None
1738847626,402
1738847626,None
1738847633,405
1738847636,412
1738847639,550
1738847642,566
1738847645,554
1738847648,563
1738847651,590
1738847654,725
1738847657,713
1738847660,628
1738847663,397
1738847666,392
1738847669,453
1738847672,459
1738847676,418
1738847678,322
1738847681,384
1738847685,436
1738847687,429
1738847691,419
1738847694,316
1738847694,None
1738847699,317
1738847703,310
1738847706,443
1738847708,459
1738847711,459
1738847715,449
1738847718,448
1738847721,405
1738847724,279
1738847727,292
1738847730,313
1738847733,323
1738847736,370
1738847739,498
1738847742,487
1738847745,487
1738847749,477
1738847751,474
1738847755,480
1738847757,404
1738847761,339
1738847764,344
1738847767,339
1738847770,372
1738847773,494
1738847776,484
1738847779,484
1738847782,482
1738847785,472
1738847788,459
1738847791,339
1738847794,335
1738847798,344
1738847800,355
1738847803,399
1738847806,406
1738847809,539
1738847812,523
1738847815,464
1738847818,447
1738847822,450
1738847825,427
1738847828,306
1738847831,288
1738847834,369
1738847837,431
1738847840,315
1738847843,287
1738847846,292
1738847849,372
1738847852,442
1738847856,437
1738847858,436
1738847861,306
1738847864,288
1738847868,282
1738847868,None
1738847868,None
1738847877,440
1738847880,429
1738847882,422
1738847886,427
1738847889,872
1738847892,1487
1738847895,1432
1738847898,1413
1738847901,1432
1738847904,1475
1738847907,1567
1738847910,1536
1738847913,1548
1738847916,1528
1738847919,1544
1738847922,1461
1738847926,1403
1738847928,1392
1738847931,1421
1738847935,1454
1738847938,1538
1738847940,1542
1738847943,1558
1738847947,1554
1738847947,None
1738847952,1564
1738847956,1520
1738847959,1516
1738847959,None
1738847965,1411
1738847968,1404
1738847971,1420
1738847974,1480
1738847977,1565
1738847980,740
1738847983,457
1738847986,456
1738847989,456
1738847992,455
1738847995,318
1738847998,326
1738848002,325
1738848005,371
1738848007,487
1738848011,475
1738848014,701
1738848017,724
1738848020,738
1738848023,886
1738848026,813
1738848029,659
1738848032,667
1738848035,463
1738848038,410
1738848041,571
1738848044,562
1738848047,440
1738848050,424
1738848053,411
1738848056,436
1738848059,449
1738848063,468
1738848066,442
1738848068,392
1738848072,430
1738848075,452
1738848078,522
1738848081,650
1738848084,643
1738848087,642
1738848090,640
1738848093,639
1738848096,517
1738848099,500
1738848102,500
1738848105,489
1738848108,465
1738848111,516
1738848114,513
1738848117,512
1738848120,509
1738848123,1174
1738848127,1475
1738848130,1453
1738848133,1454
1738848135,1476
1738848139,1516
1738848139,None
1738848145,1678
1738848148,1668
1738848151,1688
1738848154,1688
1738848157,1641
1738848160,1549
1738848163,1560
1738848166,1561
1738848169,1565
1738848169,None
1738848175,1713
1738848178,1699
1738848181,1693
1738848184,1645
1738848188,1577
1738848190,1602
1738848194,1704
1738848197,1705
1738848200,1597
1738848203,1571
1738848206,1568
1738848209,1705
1738848212,1708
1738848215,1702
1738848218,1683
1738848221,1656
1738848221,None
1738848227,1713
1738848230,1649
1738848233,1577
1738848237,1605
1738848239,1726
1738848242,1722
1738848246,1724
1738848246,None
1738848252,1605
1738848255,1612
1738848258,1605
1738848261,1616
1738848264,1614
1738848267,1674
1738848270,1740
1738848273,1734
1738848276,1738
1738848279,1733
1738848282,1777
1738848285,1942
1738848288,3159
1738848291,3096
1738848294,3044
1738848297,3026
1738848300,3030
1738848303,3024
1738848306,3114
1738848309,3166
1738848312,3155
1738848315,3119
1738848315,None
1738848322,3150
1738848325,3144
1738848325,None
1738848331,3145
1738848331,None
1738848337,3164
1738848340,3293
1738848343,3304
1738848346,2997
1738848349,1884
1738848351,1869
1738848355,1765
1738848358,1739
1738848361,1745
1738848364,1761
1738848367,1802
1738848370,2138
1738848373,2125
1738848376,2136
1738848376,None
1738848376,None
1738848385,1773
1738848388,1744
1738848391,1754
1738848394,1755
1738848397,1932
1738848400,2125
1738848403,2134
1738848407,2129
1738848410,2032
1738848412,1869
1738848416,1760
1738848419,1771
1738848422,1777
1738848425,1668
1738848428,1670
1738848431,1654
1738848434,1754
1738848437,1813
1738848440,1834
1738848443,1843
1738848446,1882
1738848449,1862
1738848452,1771
1738848455,1746
1738848458,1748
1738848461,1756
1738848464,1778
1738848468,1897
1738848471,1876
1738848471,None
1738848477,1872
1738848480,1847
1738848483,1746
1738848486,1761
1738848489,1753
1738848492,1746
1738848495,1741
1738848498,1785
1738848501,1909
1738848504,1882
1738848507,1879
1738848510,1874
1738848513,1870
1738848516,1805
1738848520,1734
1738848522,1735
1738848526,1741
1738848528,1749
1738848531,1769
1738848535,1793
1738848538,1903
1738848538,None
1738848543,1891
1738848547,1893
1738848547,None
1738848553,1756
1738848556,1757
1738848559,1755
1738848562,1749
1738848565,1751
1738848568,1761
1738848571,1901
1738848574,1895
1738848577,1896
1738848580,1893
1738848583,1888
1738848586,1863
1738848589,1761
1738848593,1658
1738848595,1612
1738848598,1604
1738848601,1686
1738848604,1754
1738848608,1740
1738848610,1694
1738848613,1591
1738848617,1579
1738848619,1591
1738848623,1585
1738848626,1588
1738848629,1582
1738848632,1589
1738848635,1719
1738848638,1723
1738848638,None
1738848644,1714
1738848647,1635
1738848647,None
1738848653,1583
1738848656,1691
1738848659,1712
1738848662,1602
1738848666,1579
1738848668,1587
1738848672,1582
1738848675,1552
1738848677,1576
1738848681,1626
1738848684,1620
1738848687,1610
1738848690,1502
1738848693,1492
1738848696,1495
1738848699,1564
1738848702,1631
1738848705,1511
1738848709,1496
1738848712,1572
1738848714,1631
1738848714,None
1738848721,1509
1738848723,1502
1738848726,1512
1738848730,1525
1738848732,1521
1738848736,1449
1738848739,1406
1738848739,None
1738848744,1439
1738848748,1459
1738848751,1484
1738848754,1497
1738848754,None
1738848760,1862
1738848763,1862
1738848767,1749
1738848769,1803
1738848772,1792
1738848775,1725
1738848778,1722
1738848781,1565
1738848781,None
1738848788,1493
1738848788,None
1738848793,1497
1738848797,1612
1738848800,1632
1738848803,1625
1738848806,1622
1738848809,1603
1738848812,1496
1738848812,None
1738848818,1501
1738848818,None
1738848824,1637
1738848827,1641
1738848830,1636
1738848833,1509
1738848837,1499
1738848840,1513
1738848840,None
1738848846,1505
1738848849,1520
1738848852,1641
1738848855,1646
1738848858,1646
1738848861,1770
1738848863,1784
1738848867,1771
1738848870,1767
1738848873,1667
1738848873,None
1738848879,1601
1738848882,1644
1738848885,1610
1738848888,1614
1738848891,1705
1738848891,None
1738848897,1732
1738848900,1631
1738848903,1630
1738848906,1708
1738848909,1776
1738848912,1630
1738848915,1628
1738848918,1704
1738848922,1609
1738848925,1603
1738848927,1544
1738848931,1481
1738848934,1478
1738848937,1495
1738848940,1540
1738848943,1555
1738848946,1662
1738848949,1623
1738848952,1623
1738848955,1643
1738848958,1624
1738848961,613
1738848964,390
1738848967,395
1738848967,None
1738848973,389
1738848973,None
1738848979,385
1738848983,407
1738848985,492
1738848989,495
1738848993,486
1738848995,481
1738848998,483
1738849001,406
1738849004,344
1738849007,342
1738849010,313
1738849010,None
1738849016,334
1738849019,332
1738849022,334
1738849025,325
1738849028,452
1738849031,475
1738849034,465
1738849037,448
1738849040,461
1738849043,369
1738849046,362
1738849050,534
1738849052,601
1738849055,603
1738849059,580
1738849062,363
1738849065,500
1738849068,488
1738849071,512
1738849074,495
1738849077,369
1738849080,371
1738849083,343
1738849086,357
1738849089,363
1738849092,370
1738849095,448
1738849098,403
1738849101,283
1738849104,280
1738849107,442
1738849111,435
1738849113,415
1738849116,267
1738849119,266
1738849119,None
1738849126,268
1738849126,None
1738849132,250
1738849135,253
1738849138,251
1738849141,354
1738849144,411
1738849147,397
1738849150,347
1738849153,266
1738849156,264
1738849159,383
1738849162,400
1738849165,398
1738849168,276
1738849171,252
1738849175,512
1738849177,507
1738849180,509
1738849183,505
1738849187,395
1738849190,1336
1738849190,None
1738849190,None
1738849199,1470
1738849201,1363
1738849205,1380
1738849208,1398
1738849211,1435
1738849211,None
1738849217,1429
1738849220,1431
1738849224,1508
1738849226,1564
1738849230,1569
1738849232,1572
1738849235,1560
1738849238,1545
1738849241,1448
1738849244,1432
1738849247,1426
1738849250,1429
1738849254,1432
1738849257,1432
1738849257,None
1738849263,1438
1738849266,1464
1738849269,1574
1738849272,1578
1738849275,1567
1738849278,1565
1738849281,1619
1738849284,1572
1738849287,1564
1738849290,1571
1738849290,None
1738849297,1712
1738849299,1705
1738849302,1696
1738849305,1702
1738849309,1578
1738849312,1585
1738849315,1585
1738849317,1605
1738849321,1612
1738849324,1617
1738849327,1601
1738849330,1604
1738849333,1636
1738849336,1749
1738849339,1697
1738849342,1565
1738849345,1460
1738849348,1491
1738849351,1598
1738849354,1561
1738849354,None
1738849361,1428
1738849364,1428
1738849367,1463
1738849370,1561
1738849373,1554
1738849376,1525
1738849379,1417
1738849382,1452
1738849385,1445
1738849388,1570
1738849391,1691
1738849394,1753
1738849397,1805
1738849400,1749
1738849400,None
1738849407,1567
1738849409,1494
1738849413,1440
1738849416,1446
1738849419,1513
1738849422,1543
1738849425,1545
1738849428,1639
1738849431,1695
1738849434,1674
1738849437,1672
1738849440,1671
1738849443,1609
1738849446,1544
1738849450,1542
1738849452,1543
1738849455,1532
1738849458,1534
1738849461,1541
1738849464,1536
1738849467,1611
1738849471,1662
1738849474,1661
1738849477,1651
1738849479,1615
1738849483,1505
1738849486,1509
1738849486,None
1738849492,1413
1738849495,1413
1738849498,1567
1738849501,1594
1738849504,1610
1738849507,1588
1738849510,1506
1738849513,1537
1738849516,1613
1738849519,1663
1738849523,1662
1738849526,1590
1738849529,1533
1738849529,None
1738849535,1526
1738849537,1504
1738849541,1506
1738849543,1507
1738849547,1534
1738849550,1654
1738849553,1654
1738849556,1647
1738849559,1613
1738849562,1509
1738849565,1581
1738849568,1639
1738849571,1528
1738849574,1504
1738849577,1512
1738849580,1507
1738849583,1513
1738849586,1659
1738849589,1880
1738849592,1881
1738849595,1869
1738849599,1656
1738849602,1504
1738849605,1507
1738849608,1501
1738849608,None
1738849614,1548
1738849617,1506
1738849620,1506
1738849620,None
1738849626,1639
1738849629,1656
1738849632,1644
1738849635,1639
1738849638,1517
1738849641,1497
1738849644,1505
1738849647,1503
1738849650,1498
1738849654,1498
1738849656,1505
1738849660,1551
1738849662,1671
1738849666,1664
1738849669,1659
1738849672,1592
1738849675,1552
1738849678,1665
1738849681,1657
1738849684,1547
1738849687,1531
1738849690,1522
1738849693,1531
1738849696,1529
1738849699,1558
1738849702,1676
1738849702,None
1738849708,1656
1738849711,1661
1738849714,1619
1738849718,1517
1738849720,1508
1738849724,1519
1738849727,1508
1738849729,1507
1738849733,1513
1738849736,1512
1738849740,1657
1738849742,1651
1738849746,1659
1738849748,1653
1738849751,1636
1738849754,1670
1738849757,1755
1738849757,None
1738849764,1761
1738849767,1746
1738849769,1584
1738849772,1564
1738849775,1634
1738849778,1649
1738849781,1645
1738849784,1612
1738849787,1515
1738849791,1490
1738849794,1529
1738849796,1547
1738849800,1441
1738849803,1416
1738849806,1452
1738849809,1565
1738849812,1567
1738849815,1570
1738849818,1476
1738849821,1497
1738849824,1533
1738849827,1557
1738849830,1639
1738849833,1701
1738849836,1683
1738849839,1692
1738849843,1680
1738849846,1571
1738849848,1546
1738849852,1551
1738849855,1542
1738849858,1541
1738849861,1549
1738849864,1577
1738849867,1692
1738849870,1684
1738849873,1674
1738849876,1680
1738849879,1609
1738849882,1537
1738849885,1697
1738849885,None
1738849891,1699
1738849894,1847
1738849897,1842
1738849900,1835
1738849903,1840
1738849903,None
1738849910,1685
1738849913,1699
1738849915,1695
1738849919,1690
1738849919,None
1738849925,1839
1738849928,1829
1738849931,1847
1738849934,1953
1738849937,1942
1738849937,None
1738849943,2063
1738849946,1793
1738849949,1585
1738849949,None
1738849955,1539
1738849958,1536
1738849961,1543
1738849964,1543
1738849967,1539
1738849970,1681
1738849973,1691
1738849977,1678
1738849977,None
1738849983,1686
1738849983,None
1738849989,1553
1738849992,1550
1738849995,1546
1738849998,1552
1738850001,1543
1738850004,1583
1738850007,1696
1738850010,1688
1738850013,1682
1738850016,1683
1738850019,1678
1738850023,1563
1738850025,1547
1738850028,1546
1738850031,1538
1738850035,1552
1738850038,1544
1738850040,1639
1738850043,1704
1738850047,1693
1738850050,1693
1738850052,1693
1738850056,1660
1738850059,1549
1738850062,1574
1738850065,1580
1738850068,1569
1738850071,1564
1738850071,None
1738850078,1705
1738850080,1716
1738850084,1679
1738850087,1564
1738850089,1571
1738850092,1650
1738850096,1706
1738850099,1628
1738850102,1581
1738850105,1150
1738850108,521
1738850111,538
1738850114,532
1738850117,509
1738850120,389
1738850123,389
1738850126,388
1738850129,359
1738850132,344
1738850135,356
1738850138,352
1738850142,383
1738850144,492
1738850148,498
1738850150,492
1738850153,439
1738850157,568
1738850160,729
1738850163,660
1738850166,602
1738850169,591
1738850172,505
1738850175,472
1738850178,487
1738850181,485
1738850184,355
1738850187,316
1738850190,316
1738850193,341
1738850196,337
1738850200,330
1738850203,322
1738850205,349
1738850208,458
1738850212,477
1738850214,460
1738850218,659
1738850221,723
1738850224,710
1738850227,588
1738850230,375
1738850232,317
1738850236,310
1738850239,321
1738850242,308
1738850245,455
1738850248,460
1738850248,None
1738850254,426
1738850254,None
1738850260,441
1738850263,458
1738850266,334
1738850269,315
1738850273,400
1738850275,465
1738850278,457
1738850281,335
1738850285,308
1738850288,397
1738850291,466
1738850294,461
1738850297,469
1738850300,337
1738850303,318
1738850306,320
1738850309,321
1738850312,320
1738850315,459
1738850318,477
1738850318,None
1738850324,460
1738850327,466
1738850330,382
1738850333,323
1738850336,320
1738850339,320
1738850342,323
1738850345,458
1738850348,422
1738850351,464
1738850355,470
1738850357,460
1738850361,439
1738850363,321
1738850366,328
1738850369,323
1738850373,316
1738850376,325
1738850379,325
1738850382,411
1738850385,480
1738850388,468
1738850391,469
1738850394,464
1738850394,None
1738850400,326
1738850403,410
1738850406,469
1738850409,329
1738850412,320
1738850416,415
1738850419,474
1738850422,467
1738850422,None
1738850428,432
1738850431,316
1738850433,319
1738850437,321
1738850440,324
1738850443,322
1738850446,408
1738850446,None
1738850452,461
1738850455,449
1738850458,457
1738850461,449
1738850464,475
1738850468,466
1738850470,473
1738850473,606
1738850476,609
1738850479,498
1738850483,468
1738850486,541
1738850489,616
1738850492,632
1738850495,612
1738850495,None
1738850502,507
1738850505,510
1738850507,498
1738850510,602
1738850513,663
1738850516,654
1738850519,500
1738850522,436
1738850525,755
1738850528,793
1738850531,724
1738850534,557
1738850538,471
1738850538,None
1738850544,503
1738850546,402
1738850550,383
1738850553,386
1738850556,467
1738850559,537
1738850562,536
1738850565,541
1738850568,536
1738850571,509
1738850574,389
1738850577,375
1738850580,375
1738850583,380
1738850587,407
1738850589,510
1738850593,711
1738850595,766
1738850599,764
1738850601,756
1738850605,591
1738850608,373
1738850611,369
1738850614,377
1738850617,459
1738850620,522
1738850620,None
1738850626,506
1738850629,511
1738850633,398
1738850635,372
1738850638,365
1738850641,369
1738850644,417
1738850648,529
1738850650,523
1738850653,525
1738850656,526
1738850660,379
1738850663,374
1738850666,385
1738850669,425
1738850672,539
1738850675,529
1738850678,523
1738850681,492
1738850684,375
1738850687,444
1738850690,503
1738850693,483
1738850696,381
1738850696,None
1738850696,None
1738850705,374
1738850708,383
1738850711,411
1738850714,533
1738850717,515
1738850721,516
1738850723,518
1738850727,520
1738850730,404
1738850732,398
1738850736,398
1738850736,None
1738850742,389
1738850745,471
1738850748,534
1738850751,540
1738850754,531
1738850757,537
1738850760,516
1738850763,399
1738850766,388
1738850769,406
1738850772,398
1738850775,481
1738850778,548
1738850781,542
1738850785,546
1738850787,534
1738850791,470
1738850793,399
1738850797,395
1738850800,402
1738850802,401
1738850806,432
1738850809,548
1738850812,531
1738850815,524
1738850818,508
1738850821,516
1738850824,376
1738850827,357
1738850827,None
1738850833,368
1738850836,368
1738850840,508
1738850840,None
1738850840,None
1738850848,507
1738850852,421
1738850852,None
1738850858,393
1738850861,387
1738850864,475
1738850867,529
1738850870,522
1738850873,529
1738850876,527
1738850879,489
1738850882,378
1738850886,386
1738850888,537
1738850891,635
1738850895,648
1738850897,668
1738850901,602
1738850904,507
1738850906,502
1738850909,491
1738850913,506
1738850916,372
1738850916,None
1738850922,359
1738850925,351
1738850928,493
1738850931,499
1738850934,475
1738850934,None
1738850940,359
1738850943,487
1738850946,504
1738850949,501
1738850952,389
1738850952,None
1738850958,459
1738850961,517
1738850964,443
1738850967,375
1738850971,376
1738850973,455
1738850976,520
1738850980,441
1738850983,377
1738850986,458
1738850989,527
1738850989,None
1738850995,371
1738850998,375
1738851001,516
1738851004,523
1738851007,502
1738851010,635
1738851014,626
1738851016,715
1738851019,677
1738851022,513
1738851026,492
1738851029,502
1738851032,527
1738851035,502
1738851038,496
1738851041,502
1738851044,587
1738851047,646
1738851050,649
1738851052,638
1738851056,631
1738851059,574
1738851062,504
1738851066,501
1738851068,501
1738851071,503
1738851074,502
1738851077,536
1738851081,652
1738851083,655
1738851086,650
1738851090,645
1738851092,525
1738851096,357
1738851098,354
1738851101,354
1738851105,491
1738851108,503
1738851110,501
1738851114,491
1738851117,471
1738851120,354
1738851123,353
1738851127,335
1738851129,331
1738851132,335
1738851135,332
1738851138,368
1738851141,491
1738851144,484
1738851148,475
1738851150,477
1738851153,471
1738851156,477
1738851160,346
1738851163,343
1738851166,334
1738851169,368
1738851172,493
1738851175,512
1738851175,None
1738851181,430
1738851184,464
1738851187,475
1738851190,361
1738851193,336
1738851196,333
1738851199,338
1738851202,339
1738851206,401
1738851208,498
1738851211,515
1738851214,506
1738851217,508
1738851220,492
1738851223,1516
1738851227,1513
1738851227,None
1738851233,1509
1738851236,1510
1738851239,1653
1738851242,1660
1738851245,1656
1738851248,1663
1738851251,1650
1738851251,None
1738851257,1510
1738851260,1490
1738851263,1489
1738851263,None
1738851269,1739
1738851272,1889
1738851276,1791
1738851279,1625
1738851282,1611
1738851284,1512
1738851287,1517
1738851290,1611
1738851293,1486
1738851297,1488
1738851300,1521
1738851300,None
1738851306,1638
1738851309,1598
1738851309,None
1738851315,1569
1738851318,1633
1738851321,1512
1738851324,1491
1738851327,1524
1738851330,1638
1738851333,1635
1738851336,1608
1738851339,1485
1738851342,1673
1738851345,1895
1738851348,1853
1738851351,1750
1738851354,1530
1738851357,1624
1738851357,None
1738851363,1512
1738851367,1496
1738851370,1521
1738851373,1652
1738851376,1636
1738851379,1640
1738851382,1605
1738851385,1495
1738851388,1492
1738851391,1490
1738851394,1493
1738851397,1631
1738851400,1645
1738851403,1629
1738851406,1641
1738851406,None
1738851412,1509
1738851416,1489
1738851419,1491
1738851421,1486
1738851424,1233
1738851428,430
1738851431,515
1738851434,586
1738851437,576
1738851440,490
1738851443,432
1738851446,383
1738851449,486
1738851452,402
1738851455,332
1738851458,340
1738851461,470
1738851464,472
1738851467,408
1738851467,None
1738851474,466
1738851477,486
1738851479,329
1738851483,330
1738851486,416
1738851488,483
1738851492,445
1738851495,325
1738851498,371
1738851501,478
1738851504,484
1738851507,397
1738851510,327
1738851513,359
1738851516,486
1738851519,450
1738851522,337
1738851525,328
1738851529,421
1738851531,483
1738851534,481
1738851537,446
1738851540,334
1738851543,417
1738851543,None
1738851550,335
1738851553,332
1738851557,420
1738851559,479
1738851562,479
1738851565,352
1738851568,327
1738851572,464
1738851572,None
1738851577,473
1738851580,474
1738851584,329
1738851586,336
1738851590,339
1738851592,333
1738851595,329
1738851599,471
1738851602,482
1738851605,479
1738851608,481
1738851611,472
1738851611,None
1738851611,None
1738851620,339
1738851623,330
1738851626,328
1738851629,411
1738851632,477
1738851635,618
1738851638,689
1738851641,691
1738851644,606
1738851647,292
1738851650,289
1738851650,None
1738851656,294
1738851659,288
1738851662,330
1738851665,515
1738851668,696
1738851668,None
1738851675,689
1738851678,571
1738851681,309
1738851684,289
1738851687,285
1738851690,294
1738851693,285
1738851696,379
1738851699,439
1738851699,None
1738851705,435
1738851708,431
1738851711,310
1738851714,298
1738851718,288
1738851721,298
1738851724,509
1738851727,1071
1738851727,None
1738851733,1586
1738851735,1585
1738851739,1486
1738851742,1582
1738851745,1463
1738851748,1431
1738851751,1442
1738851754,1452
1738851757,1524
1738851760,1602
1738851763,1595
1738851767,1587
1738851769,1556
1738851772,1449
1738851775,1442
1738851778,1452
1738851781,1515
1738851784,1449
1738851788,1446
1738851790,1441
1738851794,1366
1738851797,1301
1738851800,1293
1738851803,1301
1738851806,1294
1738851809,1300
1738851812,1300
1738851815,1332
1738851819,1464
1738851822,1450
1738851824,1450
1738851827,1445
1738851830,1416
1738851833,1303
1738851836,1311
1738851839,1390
1738851842,1460
1738851845,1443
1738851848,1420
1738851851,1305
1738851854,1302
1738851858,1304
1738851860,1303
1738851863,499
1738851866,304
1738851869,381
1738851872,511
1738851876,1018
1738851879,1442
1738851882,1442
1738851884,1368
1738851884,None
1738851891,1306
1738851894,1300
1738851897,1301
1738851900,1301
1738851903,796
1738851906,340
1738851909,455
1738851912,451
1738851915,439
1738851919,438
1738851921,319
1738851925,291
1738851925,None
1738851930,427
1738851933,434
1738851937,321
1738851939,296
1738851942,298
1738851945,294
1738851949,434
1738851952,450
1738851955,434
1738851958,445
1738851961,417
1738851964,467
1738851967,573
1738851970,564
1738851973,564
1738851976,366
1738851979,305
1738851982,309
1738851985,400
1738851988,468
1738851992,464
1738851995,456
1738851997,447
1738852000,424
1738852003,304
1738852007,315
1738852009,310
1738852013,319
1738852016,342
1738852019,468
1738852022,457
1738852025,454
1738852028,443
1738852031,424
1738852034,306
1738852037,306
1738852040,409
1738852043,555
1738852047,564
1738852049,551
1738852052,592
1738852055,449
1738852059,461
1738852059,None
1738852064,446
1738852064,None
1738852071,298
1738852074,307
1738852077,298
1738852079,305
1738852083,395
1738852086,453
1738852089,448
1738852092,449
1738852095,444
1738852098,326
1738852101,299
1738852104,303
1738852107,309
1738852107,None
1738852113,305
1738852116,306
1738852119,385
1738852122,462
1738852125,448
1738852129,450
1738852131,328
1738852134,304
1738852134,None
1738852141,303
1738852141,None
1738852141,None
1738852150,449
1738852153,426
1738852156,303
1738852156,None
1738852156,None
1738852165,316
1738852168,313
1738852171,314
1738852174,445
1738852177,463
1738852181,449
1738852183,334
1738852186,306
1738852189,447
1738852192,425
1738852195,316
1738852198,307
1738852201,308
1738852205,396
1738852205,None
1738852210,460
1738852214,455
1738852217,376
1738852220,308
1738852223,311
1738852226,299
1738852229,304
1738852233,303
1738852235,336
1738852238,440
1738852241,454
1738852244,448
1738852247,446
1738852250,326
1738852253,332
1738852257,428
1738852259,301
1738852262,307
1738852266,307
1738852270,311
1738852272,446
1738852275,454
1738852278,458
1738852281,444
1738852284,397
1738852287,287
1738852290,276
1738852293,282
1738852296,271
1738852299,353
1738852302,427
1738852305,418
1738852308,380
1738852311,318
1738852314,407
1738852317,373
1738852321,262
1738852324,257
1738852327,259
1738852329,277
1738852333,361
1738852335,355
1738852338,353
1738852342,382
1738852345,511
1738852348,489
1738852351,496
1738852354,487
1738852354,None
1738852360,601
1738852360,None
1738852366,595
1738852369,546
1738852372,353
1738852375,427
1738852378,503
1738852381,496
1738852384,489
1738852387,364
1738852391,477
1738852394,460
1738852397,350
1738852400,346
1738852403,349
1738852406,482
1738852406,None
1738852412,490
1738852415,469
1738852418,351
1738852421,346
1738852424,345
1738852427,352
1738852430,349
1738852433,347
1738852436,342
1738852440,491
1738852443,500
1738852445,492
1738852445,None
1738852451,616
1738852455,665
1738852458,597
1738852458,None
1738852464,681
1738852467,517
1738852470,494
1738852473,454
1738852476,345
1738852479,352
1738852482,349
1738852485,337
1738852488,351
1738852491,349
1738852494,344
1738852497,490
1738852501,495
1738852504,498
1738852506,494
1738852509,496
1738852513,411
1738852515,339
1738852518,356
1738852522,360
1738852525,353
1738852527,343
1738852527,None
1738852534,339
1738852536,336
1738852540,335
1738852543,337
1738852546,340
1738852549,342
1738852552,362
1738852555,491
1738852558,495
1738852561,488
1738852564,495
1738852567,491
1738852570,498
1738852573,488
1738852576,501
1738852579,488
1738852583,493
1738852585,485
1738852588,486
1738852592,489
1738852595,487
1738852598,488
1738852601,493
1738852604,490
1738852607,492
1738852610,390
1738852613,339
1738852616,331
1738852619,334
1738852622,336
1738852625,334
1738852628,337
1738852631,336
1738852634,340
1738852637,346
1738852640,337
1738852644,342
1738852647,336
1738852650,331
1738852653,344
1738852656,338
1738852659,338
1738852662,337
1738852665,341
1738852668,335
1738852671,340
1738852674,337
1738852677,342
1738852680,337
1738852684,339
1738852686,336
1738852690,328
1738852692,331
1738852695,335
1738852698,323
1738852702,327
1738852705,330
1738852707,331
1738852711,326
1738852714,330
1738852717,326
1738852720,328
1738852723,331
1738852726,331
1738852729,495
1738852732,588
1738852732,None
1738852738,581
1738852742,391
1738852744,331
1738852747,344
1738852751,347
1738852753,342
1738852757,351
1738852760,338
1738852760,None
1738852766,342
1738852769,347
1738852772,358
1738852775,361
1738852778,354
1738852781,357
1738852784,357
1738852787,354
1738852790,355
1738852794,353
1738852796,361
1738852800,354
1738852803,350
1738852803,None
1738852809,356
1738852812,359
1738852815,356
1738852818,357
1738852821,342
1738852824,347
1738852827,353
1738852830,349
1738852833,351
1738852836,352
1738852839,345
1738852842,350
1738852842,None
1738852848,353
1738852852,344
1738852855,353
1738852858,349
1738852861,348
1738852863,350
1738852867,344
1738852870,525
1738852873,607
1738852876,606
1738852879,606
1738852882,404
1738852885,353
1738852888,350
1738852891,351
1738852894,348
1738852897,344
1738852900,348
1738852903,348
1738852906,347
1738852909,349
1738852912,341
1738852915,354
1738852919,346
1738852921,347
1738852925,349
1738852927,347
1738852931,351
1738852934,351
1738852936,343
1738852940,350
1738852943,347
1738852945,350
1738852949,347
1738852949,None
1738852955,349
1738852958,351
1738852961,352
1738852964,351
1738852967,345
1738852970,353
1738852973,345
1738852973,None
1738852979,342
1738852982,350
1738852985,346
1738852988,351
1738852991,350
1738852994,348
1738852997,350
1738853001,351
1738853004,345
1738853006,355
1738853010,354
1738853013,340
1738853015,350
1738853019,353
1738853022,348
1738853025,344
1738853025,None
1738853031,354
1738853034,353
1738853037,337
1738853040,353
1738853043,359
1738853046,345
1738853049,351
1738853052,346
1738853055,340
1738853058,348
1738853061,353
1738853061,None
1738853067,346
1738853071,346
1738853071,None
1738853077,346
1738853080,338
1738853083,343
1738853085,342
1738853089,350
1738853092,350
1738853095,347
1738853098,347
1738853101,339
1738853104,353
1738853107,352
1738853110,348
1738853113,348
1738853116,346
1738853119,337
1738853119,None
1738853125,591
1738853128,590
1738853131,581
1738853134,417
1738853138,327
1738853140,330
1738853144,326
1738853147,333
1738853151,323
1738853153,333
1738853156,326
1738853159,330
1738853162,335
1738853165,321
1738853168,336
1738853171,328
1738853174,332
1738853177,332
1738853177,None
1738853183,329
1738853186,335
1738853189,327
1738853192,334
1738853195,334
1738853198,331
1738853201,341
1738853204,332
1738853208,338
1738853211,338
1738853213,329
1738853216,330
1738853220,324
1738853222,327
1738853226,323
1738853226,None
1738853232,324
1738853235,328
1738853238,323
1738853241,331
1738853244,364
1738853247,578
1738853250,591
1738853253,591
1738853256,552
1738853259,350
1738853262,365
1738853265,481
1738853268,466
1738853272,472
1738853274,461
1738853277,460
1738853281,447
1738853284,450
1738853286,457
1738853290,454
1738853293,448
1738853296,468
1738853299,473
1738853302,499
1738853305,507
1738853308,504
1738853311,502
1738853311,None
1738853317,1170
1738853320,1162
1738853323,1156
1738853326,1108
1738853329,1016
1738853332,1013
1738853335,1017
1738853338,1023
1738853342,1007
1738853344,1017
1738853348,1013
1738853351,1007
1738853353,1015
1738853353,None
1738853360,998
1738853363,971
1738853366,965
1738853369,959
1738853372,955
1738853375,953
1738853375,None
1738853381,948
1738853384,951
1738853387,940
1738853390,937
1738853393,938
1738853396,928
1738853399,935
1738853402,918
1738853405,925
1738853409,919
1738853411,918
1738853415,923
1738853417,916
1738853421,909
1738853424,912
1738853427,906
1738853430,904
1738853433,911
1738853436,901
1738853439,908
1738853442,902
1738853445,899
1738853448,900
1738853451,899
1738853454,897
1738853457,894
1738853457,None
1738853463,894
1738853466,893
1738853469,898
1738853469,None
1738853476,892
1738853478,1131
1738853481,1157
1738853484,1154
1738853487,814
1738853491,453
1738853493,308
1738853497,309
1738853500,301
1738853502,305
1738853506,302
1738853509,309
1738853512,302
1738853515,310
1738853515,None
1738853521,299
1738853524,303
1738853527,310
1738853530,304
1738853534,307
1738853534,None
1738853539,309
1738853543,305
1738853545,309
1738853549,307
1738853551,298
1738853555,310
1738853558,303
1738853560,301
1738853560,None
1738853567,303
1738853570,306
1738853573,304
1738853576,307
1738853579,311
1738853582,308
1738853585,306
1738853588,303
1738853591,299
1738853594,305
1738853597,304
1738853600,309
1738853603,293
1738853606,313
1738853609,316
1738853612,310
1738853615,310
1738853619,311
1738853623,306
1738853625,313
1738853625,None
1738853631,314
1738853634,317
1738853637,466
1738853640,565
1738853643,576
1738853646,572
1738853649,334
1738853652,309
1738853655,246
1738853658,153
1738853661,154
1738853664,154
1738853667,142
1738853670,157
1738853673,153
1738853677,149
1738853680,148
1738853682,146
1738853682,None
1738853688,152
1738853692,151
1738853695,142
1738853698,144
1738853701,159
1738853704,155
1738853707,145
1738853710,149
1738853713,150
1738853716,148
1738853719,152
1738853722,139
1738853725,146
1738853728,159
1738853731,148
1738853734,149
1738853737,152
1738853740,143
1738853743,151
1738853746,157
1738853746,None
1738853752,140
1738853756,149
1738853759,152
1738853761,144
1738853764,149
1738853764,None
1738853771,415
1738853774,417
1738853777,410
1738853777,None
1738853784,146
1738853786,141
1738853789,152
1738853792,143
1738853795,148
1738853798,146
1738853801,149
1738853804,141
1738853807,151
1738853807,None
1738853813,151
1738853816,142
1738853820,151
1738853822,146
1738853826,144
1738853829,145
1738853832,136
1738853834,157
1738853838,143
1738853841,150
1738853844,147
1738853847,150
1738853850,149
1738853853,153
1738853856,154
1738853859,155
1738853862,140
1738853866,146
1738853868,161
1738853871,151
1738853874,147
1738853877,149
1738853880,147
1738853883,153
1738853886,152
1738853890,148
1738853892,143
1738853896,157
1738853899,149
1738853902,147
1738853905,149
1738853908,148
1738853911,151
1738853914,148
1738853917,148
1738853917,None
1738853924,141
1738853926,150
1738853929,148
1738853932,148
1738853935,144
1738853938,152
1738853941,155
1738853944,150
1738853948,151
1738853951,152
1738853954,154
1738853957,164
1738853960,244
1738853963,362
1738853966,355
1738853969,351
1738853972,327
1738853975,298
1738853978,274
1738853981,280
1738853985,294
1738853987,275
1738853990,415
1738853993,466
1738853997,671
1738853999,682
