1738594803,242
1738594806,248
1738594809,252
1738594812,248
1738594815,252
1738594815,None
1738594821,247
1738594824,241
1738594824,None
1738594830,242
1738594833,243
1738594833,None
1738594840,240
1738594842,239
1738594845,239
1738594848,242
1738594852,232
1738594855,421
1738594858,495
1738594861,496
1738594864,491
1738594866,498
1738594870,322
1738594873,245
1738594876,247
1738594879,243
1738594882,249
1738594885,247
1738594888,244
1738594891,249
1738594894,240
1738594897,248
1738594900,244
1738594903,246
1738594906,249
1738594910,247
1738594913,253
1738594916,248
1738594916,None
1738594922,252
1738594925,246
1738594927,249
1738594931,238
1738594934,248
1738594937,239
1738594940,244
1738594943,241
1738594946,236
1738594949,244
1738594952,238
1738594955,243
1738594958,239
1738594962,237
1738594965,244
1738594968,236
1738594970,239
1738594974,236
1738594977,239
1738594980,243
1738594983,245
1738594986,233
1738594989,246
1738594992,233
1738594995,249
1738594998,237
1738595001,244
1738595001,None
1738595007,243
1738595010,244
1738595013,240
1738595016,241
1738595020,240
1738595022,240
1738595026,240
1738595029,241
1738595032,248
1738595035,239
1738595038,247
1738595041,236
1738595044,247
1738595047,248
1738595050,247
1738595053,249
1738595056,248
1738595059,250
1738595062,247
1738595065,245
1738595068,251
1738595071,242
1738595074,251
1738595077,246
1738595081,245
1738595084,244
1738595084,None
1738595089,248
1738595092,253
1738595095,238
1738595099,241
1738595101,242
1738595101,None
1738595107,241
1738595111,239
1738595113,226
1738595117,233
1738595117,None
1738595123,242
1738595126,235
1738595129,232
1738595132,237
1738595135,233
1738595138,498
1738595141,500
1738595144,503
1738595144,None
1738595144,None
1738595153,227
1738595156,237
1738595160,239
1738595162,235
1738595166,233
1738595169,236
1738595171,235
1738595175,239
1738595175,None
1738595181,244
1738595184,241
1738595187,253
1738595190,248
1738595193,240
1738595196,250
1738595199,244
1738595202,251
1738595205,246
1738595208,251
1738595211,244
1738595211,None
1738595217,246
1738595220,241
1738595223,243
1738595227,246
1738595229,242
1738595233,249
1738595236,241
1738595238,247
1738595242,241
1738595245,247
1738595248,242
1738595251,251
1738595254,240
1738595257,256
1738595260,250
1738595263,251
1738595266,247
1738595269,250
1738595272,253
1738595275,245
1738595278,245
1738595281,246
1738595284,249
1738595287,251
1738595290,250
1738595293,247
1738595296,247
1738595299,251
1738595303,251
1738595305,255
1738595309,252
1738595312,249
1738595315,252
1738595315,None
1738595321,244
1738595321,None
1738595327,241
1738595330,239
1738595333,239
1738595336,245
1738595339,242
1738595342,242
1738595342,None
1738595348,490
1738595351,507
1738595354,499
1738595357,446
1738595360,246
1738595364,241
1738595366,236
1738595370,242
1738595372,237
1738595376,246
1738595379,237
1738595382,248
1738595385,241
1738595388,233
1738595391,250
1738595394,246
1738595397,237
1738595400,253
1738595403,247
1738595406,247
1738595409,244
1738595412,246
1738595415,242
1738595418,240
1738595421,251
1738595425,237
1738595427,246
1738595430,238
1738595433,244
1738595436,237
1738595440,246
1738595443,239
1738595446,241
1738595449,239
1738595452,242
1738595455,241
1738595458,239
1738595461,240
1738595463,243
1738595467,240
1738595470,251
1738595473,238
1738595476,236
1738595479,239
1738595482,241
1738595485,236
1738595488,242
1738595491,240
1738595495,242
1738595497,239
1738595500,241
1738595503,237
1738595507,240
1738595509,239
1738595513,238
1738595515,242
1738595519,235
1738595522,240
1738595525,237
1738595528,240
1738595531,244
1738595534,241
1738595537,242
1738595540,240
1738595543,237
1738595546,242
1738595546,None
1738595552,242
1738595555,239
1738595558,243
1738595561,239
1738595564,240
1738595568,240
1738595571,243
1738595573,240
1738595577,243
1738595580,238
1738595583,246
1738595586,240
1738595589,245
1738595592,241
1738595595,243
1738595598,241
1738595601,241
1738595604,247
1738595607,240
1738595610,254
1738595613,307
1738595616,511
1738595619,500
1738595623,508
1738595625,392
1738595629,250
1738595631,243
1738595635,248
1738595638,245
1738595638,None
1738595644,249
1738595647,246
1738595650,249
1738595653,243
1738595656,253
1738595659,244
1738595662,248
1738595665,244
1738595668,249
1738595671,240
1738595674,241
1738595678,239
1738595680,245
1738595683,237
1738595687,243
1738595689,233
1738595692,244
1738595695,240
1738595698,238
1738595701,245
1738595705,235
1738595707,239
1738595707,None
1738595714,241
1738595717,254
1738595720,498
1738595723,492
1738595726,488
1738595729,338
1738595732,239
1738595735,232
1738595735,None
1738595742,235
1738595744,234
1738595744,None
1738595750,244
1738595753,247
1738595756,245
1738595760,250
1738595760,None
1738595765,249
1738595768,252
1738595768,None
1738595775,257
1738595777,254
1738595780,239
1738595783,260
1738595787,245
1738595789,246
1738595792,254
1738595792,None
1738595792,None
1738595802,246
1738595805,250
1738595808,253
1738595811,246
1738595814,240
1738595817,255
1738595820,246
1738595823,243
1738595826,252
1738595829,251
1738595833,242
1738595835,251
1738595838,249
1738595841,247
1738595844,251
1738595847,251
1738595850,240
1738595850,None
1738595856,245
1738595859,236
1738595863,243
1738595866,232
1738595869,245
1738595872,240
1738595875,246
1738595878,241
1738595881,238
1738595884,244
1738595887,238
1738595890,243
1738595893,237
1738595896,245
1738595899,237
1738595902,247
1738595905,237
1738595908,245
1738595911,241
1738595914,245
1738595918,238
1738595920,241
1738595923,241
1738595927,241
1738595927,None
1738595933,252
1738595936,257
1738595938,246
1738595942,256
1738595945,248
1738595948,233
1738595952,188
1738595954,191
1738595957,193
1738595960,193
1738595960,None
1738595966,189
1738595969,190
1738595972,187
1738595975,199
1738595978,189
1738595981,197
1738595981,None
1738595987,193
1738595991,190
1738595993,191
1738595996,195
1738596000,198
1738596003,193
1738596006,198
1738596009,193
1738596012,191
1738596015,197
1738596018,188
1738596022,183
1738596024,196
1738596027,443
1738596030,439
1738596033,451
1738596036,445
1738596039,196
1738596042,197
1738596046,194
1738596046,None
1738596046,None
1738596054,186
1738596058,194
1738596058,None
1738596064,190
1738596067,191
1738596069,193
1738596073,192
1738596076,197
1738596079,196
1738596082,195
1738596085,202
1738596088,192
1738596091,201
1738596094,198
1738596097,220
1738596100,242
1738596103,393
1738596107,498
1738596109,498
1738596112,499
1738596116,276
1738596118,243
1738596118,None
1738596125,238
1738596127,239
1738596131,237
1738596134,234
1738596134,None
1738596140,225
1738596143,221
1738596146,215
1738596149,219
1738596152,203
1738596155,206
1738596159,194
1738596161,202
1738596164,192
1738596167,193
1738596170,192
1738596173,186
1738596176,190
1738596180,187
1738596182,186
1738596185,181
1738596188,184
1738596192,179
1738596195,181
1738596198,182
1738596201,179
1738596201,None
1738596207,181
1738596210,186
1738596213,183
1738596216,186
1738596219,183
1738596219,None
1738596225,183
1738596228,179
1738596231,184
1738596235,180
1738596237,186
1738596240,182
1738596244,184
1738596246,182
1738596249,185
1738596253,190
1738596256,180
1738596259,186
1738596262,186
1738596265,193
1738596268,182
1738596271,188
1738596274,191
1738596277,190
1738596280,194
1738596283,192
1738596286,196
1738596289,184
1738596289,None
1738596295,191
1738596298,201
1738596298,None
1738596304,194
1738596307,198
1738596310,189
1738596313,193
1738596317,189
1738596320,194
1738596322,193
1738596326,195
1738596329,192
1738596332,187
1738596335,198
1738596335,None
1738596342,195
1738596344,199
1738596347,190
1738596350,186
1738596350,None
1738596356,190
1738596359,193
1738596362,191
1738596366,189
1738596368,197
1738596371,184
1738596375,195
1738596375,None
1738596381,180
1738596381,None
1738596387,192
1738596390,186
1738596393,188
1738596396,195
1738596399,188
1738596402,195
1738596405,185
1738596408,186
1738596411,195
1738596414,184
1738596417,185
1738596420,195
1738596423,192
1738596423,None
1738596429,196
1738596432,190
1738596436,182
1738596438,182
1738596441,190
1738596445,186
1738596448,191
1738596451,184
1738596454,184
1738596457,193
1738596460,181
1738596463,189
1738596466,196
1738596469,184
1738596472,196
1738596476,187
1738596478,207
1738596481,630
1738596484,704
1738596487,696
1738596490,615
1738596493,446
1738596497,225
1738596499,187
1738596499,None
1738596506,191
1738596509,185
1738596512,194
1738596515,182
1738596518,189
1738596521,190
1738596524,182
1738596527,190
1738596530,181
1738596533,192
1738596536,191
1738596539,192
1738596539,None
1738596545,188
1738596548,188
1738596552,189
1738596552,None
1738596558,193
1738596558,None
1738596564,188
1738596567,193
1738596570,188
1738596573,195
1738596577,181
1738596579,184
1738596582,177
1738596585,184
1738596588,177
1738596592,179
1738596595,179
1738596597,179
1738596600,179
1738596604,178
1738596607,183
1738596610,179
1738596613,182
1738596616,178
1738596619,187
1738596622,181
1738596625,178
1738596628,183
1738596632,174
1738596634,185
1738596637,180
1738596641,178
1738596643,180
1738596646,180
1738596649,181
1738596652,176
1738596656,177
1738596658,179
1738596661,181
1738596664,173
1738596668,186
1738596670,183
1738596670,None
1738596677,181
1738596680,183
1738596683,181
1738596686,181
1738596689,182
1738596692,181
1738596695,181
1738596698,176
1738596698,None
1738596698,None
1738596707,170
1738596711,188
1738596713,180
1738596716,176
1738596720,178
1738596722,182
1738596725,180
1738596725,None
1738596731,177
1738596734,179
1738596738,182
1738596741,189
1738596744,178
1738596747,173
1738596750,182
1738596753,181
1738596756,175
1738596759,177
1738596762,182
1738596765,177
1738596769,182
1738596771,190
1738596774,192
1738596777,182
1738596781,188
1738596783,191
1738596786,183
1738596789,184
1738596792,190
1738596795,183
1738596798,189
1738596801,188
1738596805,188
1738596807,189
1738596811,185
1738596814,188
1738596817,180
1738596820,188
1738596823,190
1738596826,188
1738596829,172
1738596832,183
1738596835,188
1738596838,182
1738596838,None
1738596844,179
1738596847,174
1738596850,183
1738596853,180
1738596856,186
1738596859,181
1738596862,171
1738596865,173
1738596865,None
1738596871,185
1738596874,180
1738596878,176
1738596881,188
1738596884,181
1738596887,174
1738596890,186
1738596893,179
1738596896,174
1738596899,183
1738596902,185
1738596906,176
1738596908,183
1738596911,177
1738596914,179
1738596917,179
1738596920,180
1738596923,391
1738596926,694
1738596929,693
1738596932,689
1738596935,243
1738596939,179
1738596941,181
1738596944,175
1738596948,183
1738596951,177
1738596954,182
1738596957,179
1738596960,181
1738596963,177
1738596966,182
1738596966,None
1738596972,177
1738596975,181
1738596978,181
1738596981,177
1738596984,174
1738596987,181
1738596990,175
1738596994,175
1738596996,173
1738597000,179
1738597002,170
1738597006,182
1738597009,173
1738597009,None
1738597015,180
1738597018,178
1738597021,182
1738597024,183
1738597027,175
1738597030,183
1738597033,180
1738597036,186
1738597039,222
1738597042,248
1738597045,284
1738597049,288
1738597052,288
1738597054,275
1738597057,275
1738597060,269
1738597064,267
1738597067,273
1738597070,273
1738597073,264
1738597076,268
1738597079,268
1738597082,259
1738597085,263
1738597089,256
1738597091,256
1738597091,None
1738597097,247
1738597101,253
1738597103,249
1738597106,253
1738597110,245
1738597113,254
1738597113,None
1738597119,244
1738597122,250
1738597124,246
1738597128,242
1738597131,247
1738597134,249
1738597134,None
1738597134,None
1738597143,248
1738597146,245
1738597149,249
1738597152,245
1738597155,248
1738597159,248
1738597161,247
1738597165,242
1738597168,246
1738597170,249
1738597173,240
1738597173,None
1738597180,243
1738597183,236
1738597186,251
1738597186,None
1738597192,239
1738597195,247
1738597198,244
1738597201,247
1738597204,244
1738597207,242
1738597210,248
1738597213,249
1738597216,238
1738597220,253
1738597223,249
1738597226,247
1738597228,240
1738597231,250
1738597231,None
1738597237,243
1738597237,None
1738597244,247
1738597247,246
1738597250,249
1738597253,246
1738597256,239
1738597259,246
1738597262,253
1738597265,246
1738597268,445
1738597272,501
1738597274,500
1738597277,435
1738597280,244
1738597283,240
1738597286,251
1738597289,252
1738597293,247
1738597295,246
1738597295,None
1738597302,248
1738597305,249
1738597308,242
1738597311,251
1738597314,242
1738597317,248
1738597320,247
1738597323,239
1738597326,495
1738597329,504
1738597332,502
1738597335,463
1738597338,251
1738597341,251
1738597344,251
1738597344,None
1738597350,251
1738597353,253
1738597356,247
1738597359,250
1738597363,248
1738597365,250
1738597369,248
1738597371,251
1738597375,249
1738597377,251
1738597381,250
1738597384,248
1738597387,250
1738597390,252
1738597393,256
1738597396,255
1738597399,242
1738597402,250
1738597405,247
1738597408,237
1738597411,243
1738597414,243
1738597417,240
1738597420,243
1738597423,241
1738597426,243
1738597429,236
1738597433,247
1738597435,242
1738597439,237
1738597442,251
1738597445,235
1738597448,240
1738597451,242
1738597453,245
1738597457,246
1738597460,246
1738597464,246
1738597466,248
1738597469,240
1738597472,244
1738597475,244
1738597478,235
1738597482,246
1738597484,241
1738597488,240
1738597491,247
1738597494,248
1738597497,244
1738597500,248
1738597503,238
1738597506,249
1738597509,241
1738597512,248
1738597515,242
1738597518,246
1738597522,240
1738597524,243
1738597527,245
1738597530,241
1738597533,248
1738597536,233
1738597539,248
1738597542,238
1738597545,241
1738597548,244
1738597551,233
1738597555,243
1738597558,238
1738597561,244
1738597563,237
1738597567,242
1738597570,248
1738597573,239
1738597576,236
1738597579,247
1738597582,241
1738597585,233
1738597588,242
1738597591,241
1738597595,245
1738597597,237
1738597600,242
1738597604,247
1738597606,248
1738597610,241
1738597613,241
1738597616,245
1738597619,243
1738597622,244
1738597625,246
1738597628,330
1738597631,505
1738597634,503
1738597637,506
1738597640,471
1738597644,247
1738597647,253
1738597650,255
1738597652,252
1738597655,248
1738597659,249
1738597661,252
1738597665,257
1738597668,246
1738597670,246
1738597673,257
1738597677,252
1738597680,246
1738597683,255
1738597686,248
1738597689,243
1738597692,241
1738597695,240
1738597698,237
1738597701,236
1738597704,235
1738597707,234
1738597707,None
1738597713,239
1738597716,229
1738597719,230
1738597722,236
1738597725,233
1738597728,230
1738597731,234
1738597731,None
1738597737,231
1738597740,228
1738597743,223
1738597747,232
1738597749,225
1738597752,237
1738597756,228
1738597759,233
1738597762,231
1738597765,228
1738597768,235
1738597771,227
1738597771,None
1738597777,493
1738597780,501
1738597783,494
1738597786,413
1738597789,232
1738597792,236
1738597795,238
1738597798,236
1738597801,231
1738597804,240
1738597807,235
1738597810,237
1738597814,239
1738597816,239
1738597820,239
1738597823,235
1738597826,238
1738597829,241
1738597832,235
1738597835,241
1738597837,238
1738597841,239
1738597844,239
1738597847,239
1738597850,240
1738597853,236
1738597856,243
1738597859,237
1738597862,242
1738597865,243
1738597868,244
1738597871,248
1738597874,246
1738597877,245
1738597880,244
1738597884,247
1738597887,236
1738597890,245
1738597893,246
1738597896,238
1738597899,242
1738597902,246
1738597905,244
1738597908,241
1738597911,242
1738597914,247
1738597917,237
1738597920,241
1738597923,239
1738597927,247
1738597929,243
1738597932,236
1738597935,251
1738597938,236
1738597941,240
1738597941,None
1738597948,243
1738597951,239
1738597953,237
1738597957,246
1738597960,237
1738597962,232
1738597966,246
1738597969,239
1738597972,238
1738597975,240
1738597978,242
1738597981,241
1738597984,245
1738597987,233
1738597990,243
1738597993,255
1738597996,249
1738597999,242
1738598003,241
1738598005,254
1738598008,249
1738598012,245
1738598015,248
1738598017,252
1738598022,252
1738598024,245
1738598027,254
1738598031,243
1738598033,237
1738598036,252
1738598039,246
1738598042,243
1738598045,247
1738598048,423
1738598051,500
1738598054,499
1738598058,488
1738598060,464
1738598064,242
1738598067,240
1738598070,243
1738598073,237
1738598076,243
1738598079,238
1738598079,None
1738598085,243
1738598088,241
1738598091,230
1738598094,246
1738598097,239
1738598101,235
1738598103,241
1738598107,243
1738598110,239
1738598113,241
1738598115,242
1738598119,231
1738598122,242
1738598125,233
1738598128,246
1738598131,237
1738598134,242
1738598137,239
1738598140,242
1738598143,241
1738598143,None
1738598149,240
1738598152,234
1738598155,239
1738598155,None
1738598162,237
1738598165,240
1738598168,237
1738598170,237
1738598174,240
1738598177,241
1738598180,237
1738598183,243
1738598186,230
1738598189,244
1738598192,232
1738598195,244
1738598195,None
1738598201,236
1738598204,238
1738598207,239
1738598210,240
1738598210,None
1738598216,497
1738598219,509
1738598222,494
1738598225,248
1738598225,None
1738598231,242
1738598234,240
1738598237,237
1738598241,238
1738598244,241
1738598246,237
1738598250,243
1738598253,231
1738598256,240
1738598259,233
1738598262,234
1738598265,237
1738598268,237
1738598271,239
1738598274,237
1738598277,234
1738598277,None
1738598283,236
1738598286,237
1738598289,236
1738598293,236
1738598295,236
1738598299,239
1738598301,244
1738598304,233
1738598307,241
1738598311,235
1738598314,235
1738598317,241
1738598320,239
1738598323,234
1738598326,239
1738598329,239
1738598332,229
1738598335,242
1738598338,240
1738598341,226
1738598345,242
1738598347,238
1738598351,241
1738598351,None
1738598356,237
1738598360,230
1738598363,241
1738598366,244
1738598369,236
1738598372,240
1738598375,243
1738598378,233
1738598381,242
1738598384,239
1738598387,237
1738598390,243
1738598393,246
1738598396,248
1738598399,239
1738598403,246
1738598405,239
1738598409,251
1738598411,245
1738598414,246
1738598418,244
1738598420,246
1738598424,246
1738598426,246
1738598430,249
1738598433,247
1738598436,245
1738598439,249
1738598442,237
1738598445,247
1738598448,237
1738598451,242
1738598454,236
1738598457,239
1738598460,239
1738598463,237
1738598466,236
1738598469,235
1738598472,241
1738598475,233
1738598478,230
1738598481,239
1738598485,232
1738598485,None
1738598491,240
1738598494,240
1738598497,235
1738598497,None
1738598503,242
1738598506,430
1738598509,491
1738598512,490
1738598515,487
1738598518,325
1738598521,230
1738598524,230
1738598527,235
1738598531,238
1738598534,239
1738598536,239
1738598539,249
1738598542,242
1738598546,238
1738598549,239
1738598551,239
1738598555,233
1738598558,237
1738598561,237
1738598564,237
1738598567,242
1738598570,238
1738598570,None
1738598576,243
1738598579,237
1738598579,None
1738598585,242
1738598589,236
1738598591,241
1738598594,235
1738598597,235
1738598600,238
1738598604,233
1738598607,242
1738598610,234
1738598613,239
1738598616,232
1738598619,238
1738598622,241
1738598625,237
1738598628,239
1738598631,235
1738598634,233
1738598637,241
1738598640,234
1738598643,251
1738598646,244
1738598650,246
1738598652,248
1738598655,242
1738598659,246
1738598661,239
1738598664,249
1738598668,501
1738598671,510
1738598671,None
1738598677,383
1738598680,243
1738598683,251
1738598686,241
1738598689,250
1738598692,245
1738598695,245
1738598698,245
1738598701,245
1738598705,242
1738598707,247
1738598710,238
1738598714,249
1738598716,245
1738598720,244
1738598722,248
1738598725,244
1738598729,242
1738598732,243
1738598734,250
1738598738,238
1738598741,252
1738598744,243
1738598747,243
1738598750,250
1738598753,244
1738598756,250
1738598759,239
1738598762,238
1738598765,249
1738598769,246
1738598771,246
1738598774,238
1738598777,242
1738598780,249
1738598783,246
1738598787,248
1738598789,252
1738598793,237
1738598796,246
1738598799,250
1738598802,246
1738598805,232
1738598808,249
1738598811,246
1738598814,248
1738598817,244
1738598820,245
1738598823,244
1738598823,None
1738598829,239
1738598829,None
1738598835,238
1738598838,247
1738598842,238
1738598844,246
1738598844,None
1738598850,245
1738598853,246
1738598857,241
1738598859,243
1738598863,247
1738598866,249
1738598869,239
1738598872,243
1738598875,243
1738598878,241
1738598881,244
1738598884,242
1738598887,244
1738598890,245
1738598893,240
1738598896,245
1738598899,245
1738598902,236
1738598905,490
1738598908,496
1738598911,499
1738598915,497
1738598918,261
1738598921,239
1738598924,247
1738598927,245
1738598930,233
1738598933,250
1738598936,243
1738598939,242
1738598942,243
1738598945,247
1738598948,245
1738598951,240
1738598954,252
1738598957,241
1738598960,245
1738598963,245
1738598966,244
1738598969,239
1738598972,241
1738598976,239
1738598978,241
1738598982,247
1738598984,240
1738598987,243
1738598991,241
1738598994,243
1738598997,241
1738599000,241
1738599003,239
1738599006,239
1738599009,249
1738599012,240
1738599015,244
1738599018,243
1738599021,241
1738599024,243
1738599027,243
1738599030,239
1738599033,250
1738599036,235
1738599039,250
1738599042,238
1738599045,246
1738599049,244
1738599051,245
1738599054,243
1738599057,245
1738599061,237
1738599064,278
1738599066,446
1738599070,510
1738599073,503
1738599076,453
1738599079,241
1738599082,243
1738599085,243
1738599088,242
1738599091,246
1738599094,245
1738599097,233
1738599101,245
1738599103,238
1738599107,243
1738599109,247
1738599112,243
1738599115,246
1738599118,242
1738599122,247
1738599124,245
1738599128,233
1738599131,249
1738599134,243
1738599137,244
1738599140,245
1738599143,244
1738599146,244
1738599149,242
1738599152,246
1738599155,234
1738599158,246
1738599161,239
1738599161,None
1738599168,237
1738599171,239
1738599173,246
1738599176,243
1738599180,240
1738599182,244
1738599186,237
1738599188,246
1738599192,241
1738599195,240
1738599198,245
1738599201,242
1738599204,244
1738599207,246
1738599210,239
1738599213,247
1738599216,242
1738599219,239
1738599222,246
1738599225,242
1738599228,246
1738599231,246
1738599234,241
1738599237,248
1738599240,237
1738599243,248
1738599247,243
1738599249,246
1738599252,240
1738599256,245
1738599258,247
1738599262,241
1738599265,248
1738599268,241
1738599270,243
1738599274,242
1738599277,239
1738599280,239
1738599283,242
1738599286,243
1738599289,241
1738599292,245
1738599295,242
1738599298,245
1738599302,243
1738599304,240
1738599304,None
1738599310,253
1738599313,248
1738599317,249
1738599319,250
1738599322,247
1738599326,253
1738599329,253
1738599332,276
1738599335,511
1738599338,504
1738599341,508
1738599344,508
1738599347,286
1738599350,251
1738599353,255
1738599356,241
1738599359,255
1738599362,243
1738599365,249
1738599368,243
1738599372,241
1738599374,245
1738599377,246
1738599380,239
1738599384,248
1738599386,244
1738599390,246
1738599392,245
1738599396,237
1738599399,247
1738599402,246
1738599404,239
1738599408,246
1738599411,239
1738599414,246
1738599417,238
1738599420,245
1738599423,242
1738599426,238
1738599429,244
1738599432,237
1738599435,243
1738599439,242
1738599442,239
1738599442,None
1738599448,246
1738599450,244
1738599454,245
1738599457,241
1738599459,245
1738599462,238
1738599465,245
1738599469,245
1738599469,None
1738599475,245
1738599478,245
1738599480,249
1738599484,242
1738599487,253
1738599490,245
1738599493,241
1738599496,248
1738599498,244
1738599502,245
1738599505,245
1738599508,244
1738599511,249
1738599514,376
1738599517,503
1738599520,510
1738599523,506
1738599526,405
1738599529,247
1738599532,238
1738599535,248
1738599538,245
1738599541,251
1738599544,247
1738599548,238
1738599550,254
1738599553,250
1738599557,246
1738599560,249
1738599563,251
1738599563,None
1738599569,243
1738599569,None
1738599575,243
1738599578,248
1738599581,191
1738599584,188
1738599587,193
1738599590,188
1738599593,188
1738599596,195
1738599599,185
1738599602,192
1738599605,182
1738599608,199
1738599611,180
1738599614,189
1738599617,186
1738599620,187
1738599623,190
1738599626,187
1738599629,194
1738599633,186
1738599635,193
1738599639,184
1738599641,193
1738599645,188
1738599648,186
1738599651,186
1738599654,192
1738599657,186
1738599660,193
1738599663,188
1738599666,186
1738599669,189
1738599672,188
1738599675,184
1738599678,189
1738599681,189
1738599684,191
1738599687,178
1738599690,180
1738599694,198
1738599696,188
1738599700,186
1738599703,189
1738599706,193
1738599708,185
1738599712,195
1738599715,186
1738599717,185
1738599721,190
1738599724,190
1738599727,189
1738599730,178
1738599733,195
1738599736,186
1738599739,186
1738599742,188
1738599745,188
1738599748,191
1738599751,182
1738599754,191
1738599757,186
1738599760,180
1738599763,189
1738599766,187
1738599769,188
1738599772,376
1738599775,443
1738599775,None
1738599782,446
1738599785,439
1738599787,192
1738599791,186
1738599794,186
1738599797,189
1738599800,189
1738599802,192
1738599806,184
1738599809,187
1738599812,193
1738599815,189
1738599818,179
1738599822,197
1738599824,195
1738599827,189
1738599830,181
1738599834,187
1738599836,190
1738599839,189
1738599843,195
1738599845,181
1738599845,None
1738599851,230
1738599855,214
1738599858,224
1738599860,211
1738599864,219
1738599866,215
1738599870,220
1738599873,216
1738599876,222
1738599876,None
1738599882,218
1738599885,218
1738599888,213
1738599891,214
1738599894,214
1738599897,211
1738599900,197
1738599903,188
1738599906,222
1738599909,216
1738599912,208
1738599916,223
1738599919,213
1738599922,212
1738599925,217
1738599928,207
1738599931,220
1738599934,259
1738599937,244
1738599940,219
1738599943,216
1738599946,223
1738599946,None
1738599952,219
1738599955,211
1738599958,214
1738599961,216
1738599964,233
1738599967,245
1738599971,221
1738599974,204
1738599977,213
1738599979,205
1738599983,434
1738599986,469
1738599989,470
1738599991,466
1738599995,227
1738599998,196
1738600001,209
1738600004,207
1738600007,203
1738600010,208
1738600013,209
1738600016,210
1738600019,201
1738600022,200
1738600025,210
1738600028,206
1738600031,207
1738600035,193
1738600037,206
1738600040,208
1738600044,203
1738600046,198
1738600050,211
1738600053,202
1738600056,195
1738600058,201
1738600062,208
1738600065,206
1738600068,198
1738600071,204
1738600074,206
1738600077,202
1738600080,204
1738600083,207
1738600086,206
1738600089,201
1738600092,208
1738600095,205
1738600098,211
1738600101,210
1738600104,198
1738600108,207
1738600111,202
1738600111,None
1738600117,209
1738600120,202
1738600122,207
1738600126,200
1738600129,210
1738600132,203
1738600135,203
1738600138,194
1738600141,212
1738600141,None
1738600147,203
1738600147,None
1738600153,210
1738600157,191
1738600159,194
1738600162,208
1738600166,205
1738600169,198
1738600171,201
1738600175,208
1738600178,201
1738600180,202
1738600184,196
1738600187,197
1738600190,192
1738600193,188
1738600196,197
1738600199,192
1738600203,192
1738600205,193
1738600208,197
1738600211,194
1738600214,201
1738600218,189
1738600220,197
1738600224,192
1738600226,186
1738600229,198
1738600232,192
1738600236,192
1738600239,194
1738600242,192
1738600245,193
1738600248,195
1738600251,183
1738600254,190
1738600257,190
1738600260,185
1738600263,194
1738600266,190
1738600269,193
1738600272,186
1738600275,343
1738600278,452
1738600281,445
1738600284,447
1738600288,451
1738600290,286
1738600294,191
1738600294,None
1738600300,189
1738600303,189
1738600305,183
1738600309,192
1738600312,193
1738600315,184
1738600318,189
1738600321,198
1738600324,190
1738600327,193
1738600330,190
1738600333,191
1738600336,187
1738600339,194
1738600342,191
1738600342,None
1738600348,222
1738600351,221
1738600355,216
1738600357,208
1738600360,213
1738600364,211
1738600366,219
1738600369,205
1738600369,None
1738600376,216
1738600379,213
1738600382,225
1738600385,223
1738600388,220
1738600391,220
1738600394,225
1738600397,219
1738600400,226
1738600403,222
1738600406,212
1738600409,216
1738600412,232
1738600415,218
1738600418,215
1738600421,209
1738600424,208
1738600427,186
1738600431,190
1738600434,195
1738600436,199
1738600440,191
1738600443,183
1738600446,190
1738600449,193
1738600452,187
1738600455,192
1738600455,None
1738600461,190
1738600464,195
1738600468,258
1738600471,456
1738600474,447
1738600474,None
1738600479,379
1738600482,189
1738600486,185
1738600486,None
1738600492,194
1738600495,219
1738600498,213
1738600501,215
1738600504,219
1738600507,210
1738600507,None
1738600513,219
1738600516,216
1738600520,218
1738600522,213
1738600525,218
1738600529,222
1738600531,219
1738600535,201
1738600537,202
1738600541,198
1738600543,198
1738600547,192
1738600550,198
1738600553,190
1738600556,188
1738600559,192
1738600562,201
1738600565,205
1738600568,197
1738600571,198
1738600574,195
1738600578,195
1738600580,196
1738600583,197
1738600586,194
1738600589,195
1738600593,190
1738600596,190
1738600598,189
1738600601,185
1738600605,186
1738600608,181
1738600611,182
1738600614,184
1738600617,183
1738600620,195
1738600623,195
1738600626,192
1738600630,191
1738600632,191
1738600635,188
1738600638,192
1738600641,291
1738600644,1039
1738600647,1669
1738600650,1679
1738600654,1688
1738600656,1676
1738600660,1666
1738600663,1667
1738600663,None
1738600669,1668
1738600672,1665
1738600675,1669
1738600678,1659
1738600681,762
1738600684,240
1738600687,251
1738600690,242
1738600693,234
1738600696,239
1738600699,234
1738600702,234
1738600702,None
1738600708,229
1738600708,None
1738600714,235
1738600717,230
1738600720,221
1738600723,237
1738600727,226
1738600730,229
1738600732,226
1738600736,228
1738600739,226
1738600742,226
1738600745,224
1738600745,None
1738600751,225
1738600754,229
1738600757,222
1738600760,227
1738600763,220
1738600766,231
1738600769,227
1738600773,465
1738600776,484
1738600778,475
1738600781,484
1738600781,None
1738600788,232
1738600791,224
1738600794,231
1738600797,227
1738600800,224
1738600803,230
1738600806,226
1738600809,223
1738600812,230
1738600815,225
1738600818,221
1738600821,233
1738600824,232
1738600827,229
1738600827,None
1738600833,230
1738600836,232
1738600840,236
1738600842,230
1738600845,231
1738600848,232
1738600851,226
1738600854,221
1738600857,230
1738600861,229
1738600863,221
1738600866,227
1738600870,231
1738600873,235
1738600876,247
1738600879,254
1738600882,259
1738600885,264
1738600888,257
1738600891,253
1738600894,254
1738600897,255
1738600900,255
1738600903,257
1738600906,251
1738600910,327
1738600912,514
1738600915,514
1738600918,508
1738600922,455
1738600924,238
1738600927,229
1738600930,223
1738600934,220
1738600937,226
1738600940,227
1738600943,221
1738600946,227
1738600949,222
1738600952,222
1738600955,225
1738600958,301
1738600961,649
1738600964,1230
1738600967,1228
1738600970,1227
1738600973,1227
1738600976,1234
1738600980,1222
1738600983,1230
1738600986,1230
1738600989,1229
1738600992,1222
1738600994,1232
1738600998,1229
1738601001,1225
1738601004,1231
1738601007,1221
1738601007,None
1738601013,1236
1738601017,1242
1738601019,1235
1738601022,1227
1738601025,1239
1738601028,1236
1738601031,1232
1738601034,1234
1738601037,1237
1738601040,1241
1738601044,1232
1738601046,1233
1738601049,1239
1738601053,1231
1738601055,1241
1738601059,1233
1738601062,1231
1738601065,1240
1738601068,1235
1738601071,1234
1738601074,1237
1738601077,1242
1738601080,1232
1738601083,1238
1738601086,1232
1738601089,1229
1738601092,1243
1738601095,1233
1738601098,853
1738601101,238
1738601104,232
1738601107,228
1738601111,233
1738601114,231
1738601117,229
1738601120,230
1738601123,236
1738601126,231
1738601129,232
1738601132,228
1738601135,236
1738601138,229
1738601141,236
1738601144,225
1738601144,None
1738601150,229
1738601153,230
1738601156,229
1738601159,230
1738601162,236
1738601165,338
1738601168,486
1738601171,477
1738601174,487
1738601174,None
1738601180,311
1738601183,238
1738601186,225
1738601189,229
1738601189,None
1738601196,238
1738601199,229
1738601202,232
1738601205,233
1738601208,227
1738601211,240
1738601214,233
1738601217,229
1738601220,234
1738601223,239
1738601226,237
1738601229,240
1738601232,231
1738601232,None
1738601238,240
1738601241,240
1738601244,246
1738601248,236
1738601250,236
1738601254,240
1738601257,239
1738601257,None
1738601263,241
1738601266,234
1738601269,241
1738601272,239
1738601275,236
1738601278,234
1738601281,225
1738601284,225
1738601287,228
1738601290,230
1738601293,229
1738601297,224
1738601299,233
1738601302,229
1738601306,227
1738601309,233
1738601309,None
1738601315,265
1738601318,268
1738601321,261
1738601324,257
1738601327,248
1738601330,259
1738601334,255
1738601336,251
1738601339,249
1738601342,256
1738601345,259
1738601348,250
1738601351,256
1738601354,253
1738601357,252
1738601360,262
1738601363,257
1738601367,253
1738601369,258
1738601372,463
1738601376,514
1738601378,498
1738601382,488
1738601384,235
1738601387,236
1738601392,237
1738601394,229
1738601397,237
1738601400,234
1738601403,234
1738601406,227
1738601409,229
1738601413,233
1738601415,233
1738601418,234
1738601421,232
1738601424,235
1738601428,231
1738601430,237
1738601433,226
1738601437,237
1738601439,233
1738601442,232
1738601446,229
1738601448,222
1738601451,231
1738601454,233
1738601457,224
1738601460,229
1738601463,231
1738601467,223
1738601470,231
1738601473,224
1738601476,232
1738601479,229
1738601482,233
1738601485,226
1738601488,291
1738601491,598
1738601494,1237
1738601497,1237
1738601500,1238
1738601503,1234
1738601506,1238
1738601509,1229
1738601513,1240
1738601515,1226
1738601519,263
1738601522,229
1738601524,229
1738601528,228
1738601530,226
1738601534,230
1738601537,223
1738601540,230
1738601543,222
1738601546,230
1738601546,None
1738601552,231
1738601555,225
1738601558,229
1738601562,232
1738601564,237
1738601567,235
1738601570,238
1738601573,231
1738601576,239
1738601579,230
1738601583,227
1738601585,235
1738601589,230
1738601592,227
1738601595,231
1738601598,231
1738601601,229
1738601604,232
1738601607,230
1738601610,227
1738601613,242
1738601613,None
1738601619,231
1738601623,243
1738601625,242
1738601628,233
1738601631,235
1738601635,230
1738601637,224
1738601641,222
1738601644,224
1738601647,334
1738601650,488
1738601653,485
1738601656,489
1738601659,471
1738601662,233
1738601665,235
1738601668,240
1738601671,231
1738601674,241
1738601677,237
1738601680,233
1738601683,244
1738601686,232
1738601689,230
1738601692,231
1738601696,231
1738601699,233
1738601702,228
1738601705,237
1738601708,234
1738601711,232
1738601714,227
1738601717,228
1738601720,228
1738601723,232
1738601723,None
1738601729,233
1738601732,226
1738601735,231
1738601738,222
1738601741,233
1738601744,220
1738601747,342
1738601750,484
1738601753,480
1738601757,482
1738601760,484
1738601763,308
1738601765,232
1738601768,227
1738601772,217
1738601775,225
1738601778,225
1738601781,226
1738601784,219
1738601787,222
1738601790,219
1738601793,220
1738601796,218
1738601800,204
1738601802,223
1738601806,218
1738601808,209
1738601811,222
1738601815,212
1738601818,217
1738601821,218
1738601824,219
1738601827,214
1738601830,227
1738601833,226
1738601836,218
1738601839,215
1738601839,None
1738601845,219
1738601848,215
1738601851,217
1738601854,208
1738601857,222
1738601857,None
1738601863,214
1738601866,225
1738601866,None
1738601872,214
1738601876,220
1738601878,215
1738601882,210
1738601885,216
1738601888,212
1738601891,219
1738601894,219
1738601897,217
1738601900,214
1738601903,214
1738601906,217
1738601909,215
1738601913,218
1738601915,212
1738601919,215
1738601919,None
1738601924,208
1738601927,219
1738601927,None
1738601934,216
1738601937,218
1738601940,213
1738601943,211
1738601946,217
1738601949,221
1738601952,213
1738601955,229
1738601958,250
1738601961,248
1738601964,244
1738601967,257
1738601970,252
1738601973,245
1738601976,256
1738601979,253
1738601982,251
1738601985,246
1738601988,256
1738601991,255
1738601995,255
1738601997,247
1738602001,251
1738602004,259
1738602007,257
1738602010,254
1738602013,242
1738602016,261
1738602019,255
1738602022,253
1738602025,251
1738602025,None
1738602031,256
1738602034,251
1738602037,250
1738602040,325
1738602043,511
1738602046,505
1738602049,502
1738602052,511
1738602056,498
1738602058,338
1738602062,244
1738602065,246
1738602068,247
1738602071,249
1738602071,None
1738602077,248
1738602080,244
1738602083,250
1738602086,247
1738602089,244
1738602092,251
1738602096,247
1738602098,253
1738602101,247
1738602104,252
1738602107,250
1738602110,250
1738602113,250
1738602116,247
1738602120,244
1738602122,254
1738602126,244
1738602129,253
1738602132,247
1738602135,238
1738602138,503
1738602141,505
1738602144,508
1738602147,508
1738602147,None
1738602153,245
1738602156,254
1738602159,253
1738602162,246
1738602166,258
1738602169,251
1738602171,251
1738602174,244
1738602178,253
1738602181,248
1738602184,255
1738602186,245
1738602186,None
1738602193,253
1738602196,245
1738602199,245
1738602203,241
1738602205,246
1738602208,248
1738602211,245
1738602215,249
1738602217,241
1738602220,242
1738602223,245
1738602226,243
1738602229,235
1738602233,244
1738602233,None
1738602239,241
1738602242,246
1738602245,240
1738602248,248
1738602251,243
1738602251,None
1738602257,240
1738602260,235
1738602263,250
1738602266,243
1738602269,238
1738602272,239
1738602275,245
1738602278,239
1738602281,241
1738602284,235
1738602287,240
1738602290,246
1738602293,243
1738602296,230
1738602299,246
1738602303,244
1738602306,242
1738602309,238
1738602312,246
1738602315,242
1738602318,242
1738602321,244
1738602324,245
1738602327,237
1738602330,244
1738602333,245
1738602336,243
1738602339,244
1738602342,240
1738602345,244
1738602348,236
1738602352,246
1738602354,239
1738602358,238
1738602361,240
1738602363,235
1738602367,247
1738602370,238
1738602372,241
1738602376,244
1738602379,239
1738602382,234
1738602385,248
1738602388,240
1738602391,228
1738602394,245
1738602397,245
1738602401,237
1738602403,236
1738602406,239
1738602410,241
1738602412,237
1738602415,242
1738602418,233
1738602421,240
1738602424,243
1738602428,232
1738602431,241
1738602434,238
1738602436,237
1738602440,240
1738602443,233
1738602446,238
1738602449,234
1738602452,235
1738602456,243
1738602458,238
1738602461,239
1738602464,234
1738602467,238
1738602470,240
1738602473,234
1738602476,240
1738602480,234
1738602482,240
1738602486,237
1738602489,236
1738602492,240
1738602495,236
1738602498,240
1738602498,None
1738602504,235
1738602507,242
1738602510,234
1738602513,238
1738602516,233
1738602519,453
1738602522,487
1738602525,490
1738602528,437
1738602528,None
1738602534,234
1738602537,235
1738602540,229
1738602544,228
1738602544,None
1738602550,229
1738602553,226
1738602556,239
1738602559,231
1738602562,234
1738602565,223
1738602569,233
1738602571,235
1738602574,227
1738602577,220
1738602580,234
1738602584,233
1738602586,228
1738602590,221
1738602593,223
1738602596,231
1738602599,232
1738602602,229
1738602605,237
1738602608,228
1738602612,221
1738602614,226
1738602617,238
1738602620,381
1738602623,476
1738602626,478
1738602629,481
1738602632,481
1738602635,234
1738602638,224
1738602641,230
1738602644,236
1738602644,None
1738602644,None
1738602654,229
1738602657,225
1738602660,232
1738602663,230
1738602666,229
1738602669,233
1738602672,233
1738602675,224
1738602679,233
1738602681,228
1738602684,228
1738602687,240
1738602691,231
1738602693,240
1738602697,235
1738602699,236
1738602702,233
1738602705,236
1738602708,239
1738602711,218
1738602715,220
1738602718,227
1738602721,217
1738602723,211
1738602727,218
1738602730,217
1738602733,208
1738602735,219
1738602739,211
1738602742,205
1738602745,207
1738602748,217
1738602751,208
1738602751,None
1738602757,199
1738602760,208
1738602763,206
1738602766,209
1738602769,202
1738602772,207
1738602775,206
1738602779,199
1738602781,213
1738602784,200
1738602787,207
1738602790,205
1738602794,202
1738602797,200
1738602800,204
1738602803,202
1738602806,208
1738602809,200
1738602812,207
1738602815,198
1738602819,206
1738602821,200
1738602824,204
1738602827,205
1738602830,206
1738602833,205
1738602836,207
1738602839,206
1738602842,202
1738602845,206
1738602848,196
1738602851,208
1738602854,202
1738602858,207
1738602860,203
1738602864,204
1738602867,201
1738602870,201
1738602873,206
1738602876,202
1738602876,None
1738602882,200
1738602885,195
1738602888,201
1738602891,200
1738602894,234
1738602897,457
1738602900,454
1738602903,457
1738602906,373
1738602909,198
1738602912,204
1738602915,199
1738602918,201
1738602921,203
1738602925,195
1738602927,201
1738602930,197
1738602933,198
1738602936,197
1738602939,202
1738602943,199
1738602946,203
1738602949,196
1738602952,191
1738602955,205
1738602955,None
1738602961,199
1738602964,200
1738602967,200
1738602970,197
1738602973,201
1738602976,199
1738602979,193
1738602982,198
1738602985,201
1738602988,189
1738602992,202
1738602994,201
1738602997,196
1738603001,199
1738603004,203
1738603007,194
1738603010,198
1738603013,200
1738603015,203
1738603019,194
1738603022,196
1738603025,205
1738603028,194
1738603031,195
1738603034,199
1738603037,199
1738603037,None
1738603043,202
1738603046,197
1738603050,198
1738603050,None
1738603055,199
1738603059,210
1738603062,201
1738603064,220
1738603068,456
1738603068,None
1738603074,457
1738603074,None
1738603080,197
1738603083,208
1738603086,201
1738603089,211
1738603092,202
1738603095,210
1738603098,202
1738603102,204
1738603104,204
1738603107,205
1738603111,207
1738603113,209
1738603116,202
1738603119,204
1738603122,196
1738603126,204
1738603129,197
1738603131,200
1738603135,199
1738603138,199
1738603140,199
1738603144,199
1738603147,203
1738603150,202
1738603150,None
1738603156,206
1738603159,195
1738603162,204
1738603165,202
1738603168,199
1738603171,200
1738603174,202
1738603177,192
1738603177,None
1738603184,206
1738603187,191
1738603190,206
1738603192,199
1738603196,194
1738603198,203
1738603202,192
1738603205,189
1738603208,191
1738603211,192
1738603214,193
1738603217,185
1738603220,198
1738603223,193
1738603226,184
1738603229,197
1738603232,193
1738603235,194
1738603239,187
1738603241,193
1738603244,197
1738603248,188
1738603251,191
1738603254,195
1738603257,190
1738603257,None
1738603263,193
1738603263,None
1738603269,191
1738603272,191
1738603275,198
1738603278,192
1738603281,191
1738603284,200
1738603287,193
1738603290,193
1738603293,191
1738603296,192
1738603299,192
1738603302,197
1738603305,192
1738603308,189
1738603312,200
1738603314,192
1738603317,192
1738603320,422
1738603324,448
1738603327,444
1738603330,448
1738603333,349
1738603336,196
1738603339,185
1738603342,196
1738603345,199
1738603348,195
1738603351,189
1738603354,193
1738603357,195
1738603360,194
1738603363,193
1738603366,181
1738603369,192
1738603372,193
1738603375,185
1738603378,196
1738603381,191
1738603384,194
1738603387,193
1738603391,194
1738603391,None
1738603391,None
1738603400,188
1738603403,197
1738603406,191
1738603409,192
1738603412,195
1738603416,192
1738603418,197
1738603422,192
1738603424,195
1738603427,196
1738603427,None
1738603433,199
1738603436,190
1738603439,190
1738603443,196
1738603446,192
1738603449,221
1738603452,446
1738603454,446
1738603458,450
1738603461,364
1738603464,186
1738603467,195
1738603467,None
1738603473,196
1738603476,194
1738603479,191
1738603482,197
1738603485,188
1738603485,None
1738603491,187
1738603494,197
1738603497,188
1738603501,194
1738603504,188
1738603507,191
1738603507,None
1738603513,188
1738603517,189
1738603519,191
1738603522,194
1738603525,192
1738603528,198
1738603532,191
1738603534,194
1738603537,192
1738603540,196
1738603544,192
1738603546,196
1738603550,197
1738603552,185
1738603556,196
1738603558,189
1738603562,198
1738603565,194
1738603567,194
1738603571,194
1738603574,191
1738603577,191
1738603580,195
1738603583,195
1738603586,187
1738603589,198
1738603592,193
1738603595,201
1738603598,193
1738603601,193
1738603604,191
1738603608,194
1738603611,199
1738603611,None
1738603616,193
1738603619,196
1738603623,190
1738603626,201
1738603629,195
1738603632,188
1738603634,197
1738603638,192
1738603641,194
1738603644,192
1738603647,197
1738603650,183
1738603653,194
1738603656,196
1738603659,188
1738603662,197
1738603662,None
1738603668,189
1738603671,193
1738603674,188
1738603677,187
1738603680,189
1738603683,194
1738603683,None
1738603689,188
1738603692,195
1738603695,190
1738603699,188
1738603702,193
1738603705,187
1738603708,185
1738603711,191
1738603714,192
1738603717,189
1738603720,185
1738603723,195
1738603726,188
1738603730,187
1738603733,196
1738603735,186
1738603735,None
1738603741,184
1738603744,189
1738603747,190
1738603751,186
1738603754,183
1738603757,195
1738603760,189
1738603763,180
1738603766,191
1738603769,180
1738603772,187
1738603775,180
1738603778,188
1738603781,189
1738603785,191
1738603787,449
1738603790,443
1738603794,437
1738603796,414
1738603800,186
1738603803,176
1738603806,175
1738603809,181
1738603812,180
1738603815,184
1738603818,179
1738603821,443
1738603824,437
1738603827,427
1738603830,440
1738603833,435
1738603836,204
1738603839,187
1738603842,187
1738603845,188
1738603848,176
1738603851,185
1738603854,189
1738603858,185
1738603860,178
1738603864,184
1738603867,192
1738603870,182
1738603873,182
1738603876,182
1738603879,186
1738603882,188
1738603885,191
1738603888,182
1738603891,182
1738603894,194
1738603897,187
1738603900,187
1738603903,189
1738603906,184
1738603909,185
1738603912,184
1738603915,190
1738603919,181
1738603922,188
1738603924,190
1738603928,187
1738603930,192
1738603934,182
1738603934,None
1738603940,188
1738603943,183
1738603946,184
1738603949,185
1738603952,192
1738603955,181
1738603959,190
1738603961,190
1738603964,193
1738603967,188
1738603970,186
1738603973,188
1738603977,182
1738603980,184
1738603982,188
1738603985,193
1738603988,182
1738603992,187
1738603992,None
1738603998,186
1738604001,186
1738604004,188
1738604007,185
1738604011,183
1738604013,184
1738604016,191
1738604019,182
1738604022,195
1738604025,188
1738604028,184
1738604031,191
1738604035,188
1738604038,190
1738604038,None
1738604044,188
1738604047,187
1738604050,179
1738604053,191
1738604056,187
1738604059,184
1738604062,186
1738604065,189
1738604068,188
1738604071,182
1738604074,186
1738604077,190
1738604080,178
1738604083,187
1738604086,191
1738604089,185
1738604092,185
1738604096,185
1738604099,188
1738604101,183
1738604105,186
1738604108,190
1738604111,185
1738604114,190
1738604117,186
1738604120,186
1738604123,185
1738604126,187
1738604129,194
1738604129,None
1738604135,186
1738604139,191
1738604141,186
1738604144,182
1738604147,188
1738604150,192
1738604154,186
1738604156,185
1738604159,186
1738604163,189
1738604166,188
1738604169,182
1738604172,195
1738604175,187
1738604178,183
1738604181,187
1738604181,None
1738604187,188
1738604190,187
1738604193,190
1738604196,191
1738604196,None
1738604202,193
1738604205,184
1738604208,294
1738604211,447
1738604215,447
1738604217,443
1738604221,431
1738604224,186
1738604227,188
1738604230,187
1738604233,185
1738604235,183
1738604239,190
1738604242,186
1738604245,184
1738604248,186
1738604251,186
1738604254,189
1738604257,180
1738604260,184
1738604260,None
1738604266,188
1738604269,188
1738604272,180
1738604275,186
1738604279,188
1738604281,187
1738604285,193
1738604288,181
1738604291,186
1738604291,None
1738604297,185
1738604300,183
1738604303,190
1738604306,188
1738604309,358
1738604312,437
1738604315,448
1738604318,441
1738604321,188
1738604324,193
1738604324,None
1738604330,189
1738604333,186
1738604336,186
1738604339,191
1738604342,181
1738604345,190
1738604348,184
1738604352,186
1738604355,188
1738604357,184
1738604360,184
1738604363,181
1738604366,189
1738604369,184
1738604373,191
1738604376,186
1738604379,179
1738604382,187
1738604385,183
1738604385,None
1738604385,None
1738604394,190
1738604397,187
1738604400,180
1738604403,190
1738604406,187
1738604409,187
1738604412,186
1738604415,189
1738604419,187
1738604421,197
1738604424,190
1738604427,195
1738604430,201
1738604433,194
1738604437,184
1738604439,198
1738604443,196
1738604446,191
1738604449,193
1738604452,189
1738604455,194
1738604458,195
1738604461,199
1738604464,191
1738604467,187
1738604470,201
1738604473,195
1738604476,190
1738604479,197
1738604482,197
1738604485,198
1738604488,191
1738604491,196
1738604495,197
1738604498,190
1738604500,199
1738604503,194
1738604507,195
1738604510,192
1738604512,197
1738604516,194
1738604519,196
1738604519,None
1738604525,196
1738604528,198
1738604531,192
1738604531,None
1738604531,None
1738604540,197
1738604543,192
1738604546,194
1738604550,191
1738604550,None
1738604556,198
1738604559,188
1738604562,198
1738604564,196
1738604568,193
1738604571,196
1738604574,199
1738604577,193
1738604580,195
1738604583,199
1738604586,193
1738604589,191
1738604592,203
1738604595,192
1738604598,194
1738604601,193
1738604604,198
1738604607,196
1738604610,187
1738604610,None
1738604616,198
1738604619,196
1738604622,185
1738604625,195
1738604628,197
1738604631,192
1738604634,196
1738604638,188
1738604641,198
1738604644,198
1738604644,None
1738604650,192
1738604653,192
1738604656,194
1738604659,192
1738604662,204
1738604665,199
1738604668,189
1738604672,195
1738604672,None
1738604678,203
1738604680,196
1738604683,195
1738604686,200
1738604689,441
1738604693,451
1738604695,449
1738604699,448
1738604702,216
1738604705,201
1738604708,192
1738604711,202
1738604714,194
1738604717,204
1738604720,200
1738604723,192
1738604726,197
1738604729,193
1738604732,188
1738604735,189
1738604738,405
1738604741,394
1738604744,406
1738604747,271
1738604750,138
1738604753,140
1738604757,138
1738604759,138
1738604763,136
1738604766,144
1738604769,138
1738604772,144
1738604775,134
1738604775,None
1738604781,142
1738604785,140
1738604787,140
1738604790,139
1738604793,140
1738604796,131
1738604799,139
1738604799,None
1738604805,141
1738604808,134
1738604811,143
1738604815,138
1738604817,135
1738604821,140
1738604824,141
1738604827,135
1738604830,138
1738604833,139
1738604836,134
1738604839,141
1738604842,132
1738604845,138
1738604848,138
1738604848,None
1738604854,136
1738604857,137
1738604860,134
1738604863,143
1738604867,131
1738604870,143
1738604873,138
1738604876,139
1738604879,136
1738604881,139
1738604885,140
1738604888,136
1738604891,145
1738604894,140
1738604897,134
1738604900,141
1738604903,138
1738604906,141
1738604909,138
1738604909,None
1738604915,135
1738604918,142
1738604921,141
1738604925,138
1738604927,140
1738604931,136
1738604934,140
1738604937,129
1738604940,141
1738604943,137
1738604946,139
1738604949,140
1738604952,135
1738604955,143
1738604958,134
1738604961,142
1738604961,None
1738604967,146
1738604967,None
1738604974,139
1738604976,137
1738604979,141
1738604982,143
1738604986,133
1738604989,145
1738604992,134
1738604994,140
1738604998,139
1738605001,133
1738605001,None
1738605007,136
1738605011,139
1738605013,142
1738605013,None
1738605019,138
1738605019,None
1738605026,132
1738605028,139
1738605031,128
1738605035,141
1738605037,137
1738605041,137
1738605043,137
1738605046,139
1738605050,140
1738605053,393
1738605055,386
1738605055,None
1738605062,374
1738605062,None
1738605068,142
1738605071,137
1738605074,137
1738605077,135
1738605080,138
1738605083,145
1738605086,140
1738605089,135
1738605092,137
1738605095,140
1738605098,141
1738605101,138
1738605104,141
1738605108,141
1738605110,140
1738605114,138
1738605117,137
1738605119,141
1738605123,135
1738605126,145
1738605129,140
1738605132,133
1738605135,146
1738605139,138
1738605141,138
1738605144,138
1738605144,None
1738605150,208
1738605153,392
1738605156,396
1738605159,401
1738605162,269
1738605166,133
1738605166,None
1738605171,136
1738605174,141
1738605174,None
1738605180,136
1738605184,145
1738605186,134
1738605189,142
1738605192,140
1738605196,135
1738605199,137
1738605202,135
1738605205,140
1738605208,132
1738605211,142
1738605214,138
1738605217,132
1738605220,143
1738605223,137
1738605226,139
1738605230,140
1738605232,142
1738605235,136
1738605238,139
1738605241,142
1738605244,131
1738605247,145
1738605251,143
1738605254,138
1738605256,141
1738605259,140
1738605262,139
1738605266,139
1738605269,134
1738605272,140
1738605275,142
1738605278,140
1738605281,131
1738605284,142
1738605288,140
1738605290,135
1738605293,126
1738605293,None
1738605299,131
1738605302,128
1738605305,129
1738605309,132
1738605311,126
1738605314,133
1738605317,128
1738605321,132
1738605321,None
1738605327,130
1738605330,131
1738605333,126
1738605336,138
1738605339,131
1738605342,123
1738605345,130
1738605348,131
1738605351,137
1738605354,125
1738605357,131
1738605360,133
1738605363,131
1738605366,126
1738605369,134
1738605369,None
1738605375,128
1738605375,None
1738605381,137
1738605384,136
1738605388,128
1738605391,122
1738605394,137
1738605396,129
1738605400,129
1738605403,128
1738605406,126
1738605409,134
1738605412,127
1738605415,125
1738605418,131
1738605421,127
1738605424,129
1738605427,131
1738605430,132
1738605433,127
1738605436,132
1738605436,None
1738605442,127
1738605446,121
1738605448,135
1738605451,127
1738605454,112
1738605457,119
1738605461,119
1738605464,309
1738605467,364
1738605470,375
1738605470,None
1738605476,315
1738605479,116
1738605482,117
1738605485,122
1738605488,121
1738605491,121
1738605494,117
1738605494,None
1738605500,123
1738605503,122
1738605506,120
1738605510,115
1738605512,117
1738605515,120
1738605519,120
1738605521,117
1738605524,117
1738605528,121
1738605530,120
1738605534,115
1738605534,None
1738605540,116
1738605543,119
1738605546,119
1738605549,117
1738605552,122
1738605555,115
1738605558,121
1738605558,None
1738605564,121
1738605567,113
1738605571,121
1738605573,116
1738605577,120
1738605579,119
1738605582,120
1738605585,117
1738605588,118
1738605592,119
1738605595,120
1738605597,113
1738605601,120
1738605603,355
1738605607,378
1738605610,378
1738605613,377
1738605616,211
1738605618,121
1738605622,124
1738605625,124
1738605628,129
1738605631,133
1738605631,None
1738605637,117
1738605641,126
1738605643,137
1738605646,137
1738605650,130
1738605653,130
1738605655,130
1738605659,141
1738605662,136
1738605662,None
1738605668,128
1738605670,134
1738605674,142
1738605677,133
1738605679,128
1738605683,130
1738605686,128
1738605689,127
1738605693,130
1738605695,132
1738605698,121
1738605701,125
1738605704,136
1738605707,129
1738605710,126
1738605713,131
1738605716,126
1738605719,134
1738605722,129
1738605725,126
1738605728,132
1738605731,124
1738605734,131
1738605734,None
1738605741,130
1738605744,117
1738605747,131
1738605750,123
1738605750,None
1738605756,126
1738605759,123
1738605762,127
1738605762,None
1738605762,None
1738605772,122
1738605774,122
1738605777,130
1738605780,121
1738605783,127
1738605783,None
1738605790,124
1738605793,126
1738605795,130
1738605799,130
1738605802,123
1738605805,133
1738605808,121
1738605811,129
1738605814,124
1738605817,133
1738605820,132
1738605823,209
1738605826,219
1738605829,236
1738605829,None
1738605835,228
1738605838,215
1738605838,None
1738605844,217
1738605847,213
1738605850,214
1738605850,None
1738605857,210
1738605857,None
1738605863,208
1738605865,205
1738605869,202
1738605872,201
1738605875,197
1738605878,199
1738605881,202
1738605884,194
1738605887,198
1738605890,192
1738605893,199
1738605896,253
1738605899,442
1738605902,447
1738605902,None
1738605909,446
1738605911,242
1738605915,193
1738605918,194
1738605920,189
1738605924,194
1738605927,193
1738605930,191
1738605933,190
1738605936,189
1738605939,198
1738605942,191
1738605942,None
1738605948,195
1738605951,198
1738605954,192
1738605957,196
1738605960,201
1738605964,189
1738605966,196
1738605969,200
1738605972,196
1738605976,189
1738605979,191
1738605982,190
1738605985,195
1738605988,197
1738605991,189
1738605994,196
1738605997,188
1738606000,182
1738606003,198
1738606006,189
1738606009,193
1738606012,189
1738606012,None
1738606018,190
1738606021,192
1738606024,194
1738606027,191
1738606031,195
1738606034,189
1738606036,196
1738606039,191
1738606043,194
1738606046,192
1738606049,188
1738606052,454
1738606055,450
1738606058,443
1738606061,451
1738606064,229
1738606067,195
1738606070,195
1738606073,192
1738606076,189
1738606079,196
1738606082,186
1738606085,195
1738606088,189
1738606091,191
1738606091,None
1738606097,190
1738606100,196
1738606103,190
1738606106,192
1738606106,None
1738606113,181
1738606115,189
1738606119,198
1738606122,192
1738606125,179
1738606128,188
1738606131,196
1738606134,192
1738606137,195
1738606140,191
1738606143,183
1738606146,201
1738606149,201
1738606152,190
1738606155,192
1738606158,204
1738606161,190
1738606164,193
1738606167,195
1738606171,195
1738606171,None
1738606176,198
1738606179,188
1738606183,195
1738606186,194
1738606189,188
1738606192,196
1738606195,186
1738606198,194
1738606201,191
1738606204,187
1738606207,192
1738606210,197
1738606213,187
1738606216,200
1738606219,188
1738606222,189
1738606225,195
1738606228,189
1738606231,194
1738606235,188
1738606235,None
1738606241,184
1738606243,190
1738606246,197
1738606250,185
1738606253,198
1738606256,191
1738606259,191
1738606262,195
1738606262,None
1738606268,193
1738606271,192
1738606274,187
1738606278,194
1738606280,185
1738606280,None
1738606286,188
1738606289,191
1738606293,188
1738606295,189
1738606298,189
1738606302,189
1738606305,193
1738606308,196
1738606310,185
1738606314,201
1738606317,193
1738606320,190
1738606324,196
1738606326,191
1738606329,194
1738606332,198
1738606335,195
1738606338,191
1738606341,193
1738606344,183
1738606347,318
1738606350,442
1738606354,452
1738606356,443
1738606359,452
1738606362,406
1738606366,193
1738606368,193
1738606371,194
1738606375,193
1738606378,188
1738606381,197
1738606384,188
1738606387,193
1738606390,191
1738606393,190
1738606396,196
1738606400,188
1738606402,189
1738606405,194
1738606408,192
1738606411,193
1738606414,190
1738606418,188
1738606420,195
1738606423,197
1738606426,180
1738606430,193
1738606432,201
1738606436,190
1738606439,191
1738606442,192
1738606445,192
1738606448,197
1738606451,189
1738606454,192
1738606457,194
1738606460,183
1738606463,189
1738606466,194
1738606466,None
1738606472,191
1738606475,191
1738606479,197
1738606481,189
1738606485,190
1738606488,197
1738606491,187
1738606494,195
1738606497,195
1738606500,189
1738606503,195
1738606503,None
1738606509,446
1738606509,None
1738606515,453
1738606518,240
1738606521,190
1738606524,190
1738606527,195
1738606531,186
1738606533,194
1738606536,200
1738606539,188
1738606542,187
1738606545,194
1738606548,191
1738606551,196
1738606554,188
1738606557,189
1738606561,195
1738606564,187
1738606566,188
1738606570,197
1738606573,189
1738606576,183
1738606579,195
1738606582,188
1738606585,193
1738606588,190
1738606592,192
1738606594,196
1738606597,191
1738606600,192
1738606603,196
1738606606,188
1738606610,190
1738606613,200
1738606615,191
1738606618,191
1738606622,190
1738606624,189
1738606628,197
1738606631,194
1738606634,187
1738606638,196
1738606640,194
1738606643,181
1738606646,194
1738606649,194
1738606649,None
1738606655,192
1738606658,188
1738606661,199
1738606665,184
1738606668,194
1738606668,None
1738606674,186
1738606677,196
1738606680,185
1738606683,190
1738606686,193
1738606689,191
1738606692,198
1738606695,180
1738606698,194
1738606701,192
1738606704,187
1738606707,183
1738606710,195
1738606714,185
1738606716,192
1738606719,185
1738606723,185
1738606725,189
1738606728,192
1738606732,182
1738606735,189
1738606738,193
1738606741,183
1738606744,187
1738606747,187
1738606750,190
1738606753,185
1738606756,191
1738606759,183
1738606762,191
1738606765,183
1738606769,192
1738606771,190
1738606774,180
1738606777,188
1738606781,184
1738606783,192
1738606787,187
1738606790,184
1738606793,188
1738606796,190
1738606799,182
1738606802,192
1738606805,182
1738606808,194
1738606811,185
1738606814,189
1738606814,None
1738606820,187
1738606823,184
1738606826,189
1738606829,193
1738606832,191
1738606835,197
1738606838,190
1738606841,196
1738606844,192
1738606847,199
1738606850,196
1738606853,194
1738606857,194
1738606859,192
1738606862,199
1738606866,337
1738606868,445
1738606871,440
1738606874,449
1738606878,361
1738606878,None
1738606884,196
1738606884,None
1738606890,193
1738606893,180
1738606896,190
1738606899,177
1738606902,180
1738606905,175
1738606908,180
1738606911,177
1738606915,331
1738606918,433
1738606921,438
1738606924,433
1738606926,246
1738606929,175
1738606932,179
1738606936,179
1738606939,174
1738606941,181
1738606945,174
1738606948,177
1738606951,179
1738606954,174
1738606957,181
1738606961,174
1738606963,181
1738606966,175
1738606970,177
1738606972,172
1738606976,179
1738606978,177
1738606981,173
1738606984,178
1738606988,173
1738606991,180
1738606994,173
1738606997,180
1738607000,175
1738607003,181
1738607006,177
1738607009,175
1738607013,175
1738607015,180
1738607018,182
1738607021,177
1738607024,177
1738607027,177
1738607031,175
1738607033,174
1738607033,None
1738607039,180
1738607043,174
1738607046,178
1738607048,176
1738607051,178
1738607054,175
1738607058,173
1738607061,178
1738607064,174
1738607067,180
1738607070,173
1738607073,178
1738607076,174
1738607079,171
1738607082,176
1738607085,170
1738607088,181
1738607091,179
1738607095,174
1738607095,None
1738607101,175
1738607103,180
1738607106,180
1738607109,180
1738607112,179
1738607116,177
1738607118,189
1738607122,179
1738607125,181
1738607128,181
1738607130,180
1738607134,183
1738607137,189
1738607140,178
1738607143,192
1738607143,None
1738607149,192
1738607152,185
1738607155,186
1738607159,188
1738607159,None
1738607164,183
1738607164,None
1738607170,184
1738607174,183
1738607176,188
1738607180,189
1738607183,183
1738607186,187
1738607189,190
1738607192,176
1738607192,None
1738607198,184
1738607201,184
1738607204,189
1738607207,186
1738607210,180
1738607210,None
1738607216,179
1738607219,188
1738607222,181
1738607225,183
1738607228,180
1738607232,180
1738607234,182
1738607237,183
1738607240,180
1738607243,186
1738607246,180
1738607249,424
1738607253,429
1738607255,436
1738607255,None
1738607262,205
1738607265,181
1738607268,183
1738607271,191
1738607274,182
1738607277,186
1738607280,178
1738607280,None
1738607286,185
1738607289,187
1738607292,185
1738607295,178
1738607295,None
1738607301,178
1738607304,186
1738607307,189
1738607310,181
1738607313,187
1738607316,184
1738607319,189
1738607323,178
1738607325,190
1738607328,182
1738607331,178
1738607331,None
1738607338,185
1738607340,190
1738607344,187
1738607347,254
1738607350,450
1738607353,443
1738607356,438
1738607359,261
1738607362,187
1738607365,186
1738607368,184
1738607371,175
1738607374,185
1738607377,190
1738607381,181
1738607383,182
1738607386,192
1738607390,186
1738607393,185
1738607395,204
1738607398,244
1738607402,237
1738607405,241
1738607408,235
1738607411,239
1738607414,239
1738607417,236
1738607420,240
1738607423,236
1738607426,239
1738607429,235
1738607432,237
1738607435,230
1738607438,229
1738607441,219
1738607444,223
1738607448,214
1738607450,216
1738607453,198
1738607456,204
1738607460,186
1738607463,188
1738607466,182
1738607470,184
1738607472,185
1738607475,186
1738607478,184
1738607481,187
1738607484,186
1738607487,197
1738607490,189
1738607493,183
1738607497,193
1738607499,194
1738607502,201
1738607505,185
1738607508,186
1738607511,184
1738607514,181
1738607517,185
1738607520,180
1738607524,184
1738607526,181
1738607530,184
1738607530,None
1738607536,183
1738607539,180
1738607539,None
1738607545,182
1738607548,184
1738607551,183
1738607554,183
1738607557,190
1738607557,None
1738607563,189
1738607566,190
1738607570,194
1738607572,191
1738607575,190
1738607578,192
1738607581,186
1738607584,191
1738607587,188
1738607590,192
1738607593,186
1738607597,186
1738607599,186
1738607602,181
1738607606,188
1738607609,425
1738607612,440
1738607615,436
1738607618,438
1738607621,441
1738607624,433
1738607627,268
1738607630,181
1738607633,186
1738607636,181
1738607639,187
1738607643,180
1738607645,187
1738607648,182
1738607652,188
1738607655,180
1738607657,185
1738607661,184
1738607663,184
1738607667,186
1738607670,180
1738607672,187
1738607676,179
1738607679,185
1738607681,184
1738607681,None
1738607688,180
1738607691,188
1738607694,182
1738607697,188
1738607700,184
1738607703,187
1738607706,181
1738607709,186
1738607712,184
1738607715,187
1738607718,183
1738607721,187
1738607724,183
1738607727,187
1738607731,183
1738607734,186
1738607737,180
1738607740,185
1738607743,178
1738607746,185
1738607749,180
1738607752,187
1738607755,180
1738607758,185
1738607761,184
1738607765,181
1738607767,188
1738607770,179
1738607773,188
1738607776,180
1738607779,284
1738607782,440
1738607785,442
1738607789,441
1738607792,332
1738607795,187
1738607798,180
1738607801,186
1738607804,185
1738607807,178
1738607810,187
1738607813,185
1738607816,177
1738607819,186
1738607823,183
1738607825,178
1738607829,187
1738607831,184
1738607835,186
1738607837,186
1738607840,190
1738607844,184
1738607847,191
1738607850,192
1738607853,180
1738607856,188
1738607859,188
1738607862,193
1738607865,193
1738607868,193
1738607871,191
1738607874,185
1738607877,200
1738607881,192
1738607881,None
1738607886,198
1738607889,188
1738607892,197
1738607895,191
1738607898,194
1738607901,197
1738607905,197
1738607908,183
1738607911,187
1738607914,196
1738607917,190
1738607920,189
1738607923,190
1738607926,189
1738607929,194
1738607933,184
1738607935,199
1738607938,188
1738607941,197
1738607944,189
1738607948,190
1738607951,192
1738607953,186
1738607957,192
1738607960,192
1738607963,194
1738607966,185
1738607966,None
1738607972,190
1738607975,192
1738607978,191
1738607981,187
1738607984,192
1738607987,185
1738607990,192
1738607990,None
1738607996,191
1738607999,202
1738608002,196
1738608006,196
1738608008,190
1738608011,197
1738608014,194
1738608018,208
1738608021,200
1738608024,188
1738608027,203
1738608030,191
1738608033,203
1738608036,193
1738608039,455
1738608042,451
1738608045,443
1738608048,445
1738608051,451
1738608054,230
1738608057,198
1738608060,190
1738608063,196
1738608067,196
1738608069,201
1738608073,192
1738608076,201
1738608079,188
1738608082,199
1738608085,190
1738608088,199
1738608091,193
1738608094,196
1738608097,196
1738608100,192
1738608103,201
1738608106,194
1738608106,None
1738608112,194
1738608115,194
1738608118,199
1738608122,192
1738608124,197
1738608128,196
1738608130,192
1738608133,202
1738608136,190
1738608139,201
1738608143,193
1738608145,195
1738608149,195
1738608152,193
1738608155,190
1738608158,198
1738608161,198
1738608164,192
1738608167,202
1738608170,187
1738608170,None
1738608176,202
1738608180,193
1738608183,198
1738608185,195
1738608188,200
1738608192,202
1738608194,195
1738608198,181
1738608201,201
1738608203,198
1738608207,193
1738608210,196
1738608213,194
1738608213,None
1738608219,193
1738608222,196
1738608225,423
1738608228,460
1738608231,450
1738608234,458
1738608237,191
1738608240,194
1738608243,199
1738608243,None
1738608249,197
1738608252,198
1738608256,198
1738608256,None
1738608262,201
1738608262,None
1738608268,187
1738608271,138
1738608274,143
1738608277,131
1738608281,148
1738608283,135
1738608286,140
1738608289,142
1738608292,144
1738608295,136
1738608299,146
1738608301,134
1738608305,148
1738608307,134
1738608310,144
1738608314,140
1738608317,139
1738608320,140
1738608323,146
1738608325,134
1738608328,144
1738608332,136
1738608334,145
1738608338,138
1738608341,139
1738608344,142
1738608347,140
1738608350,132
1738608353,145
1738608356,135
1738608359,142
1738608362,140
1738608365,132
1738608368,144
1738608371,135
1738608374,135
1738608374,None
1738608380,143
1738608384,134
1738608387,144
1738608387,None
1738608393,143
1738608393,None
1738608399,139
1738608402,135
1738608405,141
1738608408,137
1738608411,138
1738608414,136
1738608417,136
1738608420,136
1738608423,138
1738608427,137
1738608429,138
1738608432,132
1738608436,140
1738608438,137
1738608442,138
1738608444,140
1738608448,137
1738608451,140
1738608454,176
1738608456,394
1738608456,None
1738608463,398
1738608466,389
1738608469,251
1738608472,143
1738608475,139
1738608478,146
1738608481,131
1738608484,147
1738608487,143
1738608490,127
1738608493,144
1738608497,143
1738608500,134
1738608503,136
1738608506,141
1738608508,132
1738608512,143
1738608515,136
1738608518,133
1738608521,141
1738608524,141
1738608527,136
1738608530,125
1738608533,131
1738608536,143
1738608539,142
1738608542,137
1738608546,137
1738608548,134
1738608551,138
1738608554,143
1738608557,141
1738608560,134
1738608564,145
1738608567,138
1738608570,138
1738608573,137
1738608576,135
1738608579,141
1738608582,136
1738608585,141
1738608588,146
1738608591,140
1738608594,134
1738608597,144
1738608600,139
1738608600,None
1738608606,138
1738608609,138
1738608612,140
1738608612,None
1738608612,None
1738608622,391
1738608624,398
1738608628,397
1738608631,337
1738608633,135
1738608637,140
1738608640,138
1738608643,137
1738608646,142
1738608649,135
1738608652,147
1738608655,133
1738608659,141
1738608662,137
1738608665,131
1738608667,144
1738608671,137
1738608671,None
1738608676,136
1738608680,141
1738608682,132
1738608686,142
1738608688,137
1738608692,130
1738608695,143
1738608698,133
1738608701,138
1738608704,140
1738608704,None
1738608710,143
1738608713,133
1738608713,None
1738608720,147
1738608720,None
1738608725,136
1738608728,131
1738608732,132
1738608732,None
1738608738,140
1738608741,135
1738608744,141
1738608747,142
1738608749,143
1738608753,141
1738608756,135
1738608759,136
1738608762,126
1738608765,125
1738608768,132
1738608771,128
1738608774,134
1738608778,125
1738608780,120
1738608783,138
1738608786,133
1738608789,122
1738608792,130
1738608795,130
1738608798,131
1738608801,127
1738608804,132
1738608807,130
1738608811,129
1738608813,137
1738608816,125
1738608819,136
1738608823,121
1738608823,None
1738608829,132
1738608832,130
1738608835,128
1738608838,136
1738608841,124
1738608844,137
1738608847,125
1738608850,123
1738608853,133
1738608856,129
1738608860,125
1738608862,129
1738608865,133
1738608869,119
1738608871,135
1738608875,128
1738608878,120
1738608878,None
1738608884,125
1738608886,126
1738608890,132
1738608890,None
1738608896,126
1738608899,204
1738608902,387
1738608905,379
1738608908,381
1738608911,227
1738608914,131
1738608917,128
1738608920,133
1738608924,133
1738608926,128
1738608929,131
1738608932,129
1738608936,123
1738608939,133
1738608941,127
1738608945,127
1738608948,129
1738608948,None
1738608954,130
1738608957,133
1738608960,125
1738608963,137
1738608966,123
1738608969,132
1738608972,125
1738608972,None
1738608978,133
1738608981,127
1738608984,132
1738608987,127
1738608987,None
1738608993,121
1738608997,133
1738609000,126
1738609000,None
1738609005,128
1738609009,125
1738609012,128
1738609014,131
1738609018,128
1738609021,129
1738609024,126
1738609027,126
1738609027,None
1738609033,126
1738609037,128
1738609039,126
1738609042,134
1738609042,None
1738609049,125
1738609049,None
1738609055,135
1738609057,124
1738609061,124
1738609063,128
1738609067,126
1738609070,133
1738609073,128
1738609076,125
1738609079,134
1738609082,128
1738609085,125
1738609088,383
1738609091,387
1738609094,387
1738609097,313
1738609100,131
1738609103,122
1738609106,125
1738609109,135
1738609112,126
1738609116,122
1738609118,128
1738609122,132
1738609125,129
1738609128,125
1738609131,127
1738609134,134
1738609137,122
1738609140,131
1738609140,None
1738609140,None
1738609149,133
1738609152,126
1738609152,None
1738609158,128
1738609161,130
1738609165,118
1738609167,132
1738609170,128
1738609173,127
1738609176,131
1738609179,126
1738609183,128
1738609185,127
1738609189,131
1738609189,None
1738609195,129
1738609198,137
1738609201,127
1738609204,128
1738609207,129
1738609210,126
1738609213,134
1738609216,122
1738609220,127
1738609222,132
1738609225,128
1738609229,124
1738609232,129
1738609234,132
1738609238,122
1738609241,125
1738609244,126
1738609247,130
1738609250,119
1738609253,130
1738609256,130
1738609259,135
1738609262,128
1738609265,124
1738609268,129
1738609271,240
1738609275,375
1738609277,379
1738609280,372
1738609283,374
1738609286,207
1738609289,127
1738609292,126
1738609295,129
1738609298,125
1738609301,124
1738609304,125
1738609307,127
1738609310,132
1738609313,123
1738609317,133
1738609319,124
1738609323,136
1738609326,126
1738609329,134
1738609332,130
1738609335,138
1738609338,198
1738609341,237
1738609344,231
1738609347,240
1738609350,229
1738609353,220
1738609356,213
1738609360,224
1738609363,219
1738609366,215
1738609369,212
1738609372,217
1738609375,212
1738609378,209
1738609381,209
1738609384,216
1738609387,210
1738609390,205
1738609393,207
1738609396,196
1738609400,208
1738609402,196
1738609405,205
1738609409,199
1738609411,202
1738609415,203
1738609418,194
1738609421,202
1738609423,201
1738609427,196
1738609430,194
1738609433,204
1738609436,202
1738609439,197
1738609443,196
1738609445,191
1738609449,194
1738609451,197
1738609454,197
1738609454,None
1738609460,177
1738609464,200
1738609467,197
1738609469,191
1738609473,190
1738609476,193
1738609479,191
1738609482,197
1738609485,188
1738609488,192
1738609491,195
1738609494,183
1738609494,None
1738609500,193
1738609503,191
1738609506,198
1738609506,None
1738609512,192
1738609515,195
1738609518,197
1738609521,192
1738609524,200
1738609528,198
1738609530,202
1738609533,196
1738609536,432
1738609540,454
1738609543,446
1738609543,None
1738609549,237
1738609552,200
1738609555,198
1738609558,200
1738609562,199
1738609564,196
1738609567,199
1738609570,196
1738609573,204
1738609576,201
1738609579,191
1738609582,204
1738609586,195
1738609589,203
1738609592,199
1738609594,199
1738609597,198
1738609601,196
1738609603,198
1738609606,193
1738609610,198
1738609613,199
1738609616,195
1738609619,186
1738609622,202
1738609625,200
1738609628,194
1738609631,195
1738609631,None
1738609637,195
1738609640,205
1738609643,190
1738609646,200
1738609649,202
1738609652,201
1738609655,190
1738609659,200
1738609659,None
1738609665,197
1738609668,198
1738609671,199
1738609674,196
1738609677,191
1738609680,189
1738609683,200
1738609686,408
1738609686,None
1738609692,439
1738609695,307
1738609698,196
1738609701,194
1738609704,201
1738609704,None
1738609710,194
1738609713,199
1738609717,189
1738609720,204
1738609722,193
1738609726,204
1738609729,197
1738609731,197
1738609735,197
1738609738,195
1738609741,202
1738609744,198
1738609747,199
1738609747,None
1738609747,None
1738609757,199
1738609760,198
1738609763,192
1738609766,198
1738609768,199
1738609772,199
1738609775,195
1738609778,203
1738609781,196
1738609784,204
1738609787,194
1738609787,None
1738609793,199
1738609796,198
1738609799,196
1738609802,198
1738609805,194
1738609808,199
1738609811,194
1738609814,200
1738609818,194
1738609820,198
1738609823,192
1738609826,189
1738609826,None
1738609832,192
1738609835,189
1738609839,193
1738609841,186
1738609844,182
1738609848,191
1738609851,180
1738609854,191
1738609856,187
1738609856,None
1738609863,182
1738609866,185
1738609869,192
1738609872,185
1738609872,None
1738609878,194
1738609881,184
1738609884,177
1738609887,185
1738609890,181
1738609893,184
1738609896,184
1738609899,179
1738609899,None
1738609905,190
1738609908,187
1738609911,177
1738609915,193
1738609918,191
1738609921,184
1738609924,193
1738609927,186
1738609930,184
1738609933,194
1738609936,191
1738609939,186
1738609942,187
1738609946,196
1738609948,187
1738609951,188
1738609954,191
1738609957,192
1738609961,187
1738609961,None
1738609966,196
1738609970,184
1738609972,195
1738609975,424
1738609978,443
1738609982,448
1738609985,444
1738609988,232
1738609991,193
1738609994,184
1738609997,191
1738610000,192
1738610003,186
1738610006,195
1738610009,180
1738610012,192
1738610015,184
1738610018,190
1738610021,189
1738610024,188
1738610027,187
1738610030,316
1738610033,436
1738610036,449
1738610036,None
1738610042,357
1738610045,194
1738610048,191
1738610051,191
1738610055,190
1738610058,195
1738610061,184
1738610064,191
1738610067,193
1738610070,182
1738610073,192
1738610076,190
1738610079,186
1738610082,190
1738610085,188
1738610088,191
1738610088,None
1738610095,191
1738610098,197
1738610101,190
1738610104,192
1738610107,201
1738610110,192
1738610113,187
1738610116,188
1738610119,195
1738610122,190
1738610125,195
1738610128,188
1738610131,195
1738610134,191
1738610137,183
1738610140,194
1738610143,183
1738610146,193
1738610150,193
1738610152,186
1738610152,None
1738610158,186
1738610162,193
1738610162,None
1738610168,197
1738610171,192
1738610174,187
1738610177,195
1738610177,None
1738610183,197
1738610186,190
1738610189,192
1738610192,190
1738610195,192
1738610198,190
1738610201,195
1738610201,None
1738610207,197
1738610210,191
1738610213,188
1738610216,195
1738610220,188
1738610222,189
1738610226,191
1738610229,191
1738610232,191
1738610235,193
1738610239,190
1738610241,194
1738610244,183
1738610247,195
1738610250,188
1738610250,None
1738610256,185
1738610259,193
1738610262,191
1738610265,188
1738610268,193
1738610272,181
1738610275,187
1738610277,195
1738610281,187
1738610284,195
1738610286,192
1738610290,188
1738610293,198
1738610296,189
1738610299,196
1738610302,188
1738610305,194
1738610308,186
1738610311,187
1738610314,195
1738610317,185
1738610320,191
1738610323,191
1738610326,190
1738610329,182
1738610332,189
1738610335,189
1738610339,183
1738610342,192
1738610345,187
1738610348,194
1738610351,188
1738610354,187
1738610357,189
1738610361,191
1738610363,191
1738610366,183
1738610369,192
1738610372,181
1738610375,184
1738610378,193
1738610378,None
1738610385,184
1738610387,188
1738610391,189
1738610394,184
1738610397,186
1738610400,193
1738610403,184
1738610403,None
1738610403,None
1738610412,187
1738610415,187
1738610418,188
1738610418,None
1738610424,188
1738610428,444
1738610430,433
1738610433,438
1738610437,323
1738610439,184
1738610442,195
1738610445,445
1738610448,439
1738610451,444
1738610451,None
1738610457,204
1738610461,192
1738610464,182
1738610466,184
1738610466,None
1738610473,190
1738610476,182
1738610479,194
1738610482,181
1738610485,184
1738610488,193
1738610491,186
1738610494,185
1738610497,187
1738610501,183
1738610503,193
1738610506,180
1738610509,186
1738610512,190
1738610512,None
1738610519,180
1738610522,185
1738610525,189
1738610528,184
1738610531,185
1738610534,182
1738610537,173
1738610540,185
1738610543,191
1738610546,190
1738610549,181
1738610552,194
1738610555,185
1738610558,178
1738610561,189
1738610564,194
1738610567,186
1738610570,182
1738610573,193
1738610577,185
1738610580,189
1738610583,190
1738610586,191
1738610589,186
1738610592,184
1738610595,193
1738610598,180
1738610601,197
1738610601,None
1738610608,184
1738610611,186
1738610611,None
1738610616,189
1738610619,188
1738610623,190
1738610626,187
1738610628,182
1738610632,195
1738610635,181
1738610638,185
1738610640,187
1738610644,183
1738610647,187
1738610650,191
1738610653,182
1738610656,184
1738610659,193
1738610662,181
1738610665,194
1738610668,184
1738610672,183
1738610675,192
1738610678,183
1738610681,188
1738610683,189
1738610686,188
1738610690,184
1738610692,180
1738610696,195
1738610699,186
1738610701,179
1738610704,187
1738610708,187
1738610711,185
1738610714,182
1738610717,183
1738610720,190
1738610723,182
1738610726,183
1738610729,193
1738610732,187
1738610735,178
1738610738,186
1738610741,189
1738610745,182
1738610747,183
1738610751,185
1738610751,None
1738610757,193
1738610759,190
1738610762,176
1738610766,191
1738610769,190
1738610772,189
1738610775,180
1738610775,None
1738610781,179
1738610784,231
1738610787,435
1738610790,438
1738610790,None
1738610797,231
1738610799,188
1738610802,180
1738610805,188
1738610808,187
1738610812,186
1738610815,185
1738610818,188
1738610820,184
1738610824,192
1738610826,180
1738610830,187
1738610833,187
1738610836,193
1738610839,188
1738610842,190
1738610845,187
1738610848,189
1738610851,186
1738610855,187
1738610858,192
1738610860,180
1738610863,194
1738610866,178
1738610866,None
1738610873,189
1738610875,183
1738610879,305
1738610882,439
1738610885,437
1738610888,440
1738610891,303
1738610894,185
1738610897,182
1738610900,189
1738610903,186
1738610906,178
1738610909,192
1738610912,180
1738610915,181
1738610918,187
1738610922,184
1738610925,189
1738610927,178
1738610930,180
1738610933,184
1738610937,192
1738610940,185
1738610943,181
1738610946,177
1738610949,195
1738610952,187
1738610955,183
1738610958,187
1738610961,185
1738610964,184
1738610967,190
1738610970,186
1738610973,189
1738610976,181
1738610980,195
1738610982,179
1738610985,190
1738610989,185
1738610991,184
1738610995,188
1738610998,186
1738611000,190
1738611000,None
1738611007,184
1738611010,192
1738611013,191
1738611016,174
1738611019,192
1738611022,191
1738611025,181
1738611028,185
1738611031,192
1738611035,183
1738611038,189
1738611040,180
1738611044,183
1738611047,194
1738611050,188
1738611053,172
1738611056,188
1738611059,187
1738611062,181
1738611065,186
1738611068,179
1738611071,183
1738611074,186
1738611077,186
1738611080,187
1738611083,187
1738611086,186
1738611089,183
1738611092,172
1738611096,190
1738611098,191
1738611102,188
1738611105,186
1738611107,182
1738611111,189
1738611114,188
1738611117,181
1738611120,189
1738611123,185
1738611126,190
1738611129,189
1738611132,180
1738611135,205
1738611135,None
1738611141,441
1738611144,437
1738611147,438
1738611150,426
1738611153,186
1738611156,185
1738611160,189
1738611162,181
1738611166,187
1738611169,186
1738611172,182
1738611175,192
1738611178,185
1738611181,188
1738611184,186
1738611184,None
1738611190,189
1738611193,188
1738611197,182
1738611199,187
1738611202,179
1738611205,185
1738611209,177
1738611211,194
1738611215,186
1738611218,194
1738611220,189
1738611224,190
1738611227,192
1738611229,198
1738611233,184
1738611236,194
1738611239,195
1738611242,183
1738611245,196
1738611248,190
1738611251,195
1738611254,191
1738611257,189
1738611260,196
1738611263,195
1738611267,180
1738611269,198
1738611269,None
1738611275,191
1738611279,193
1738611279,None
1738611285,193
1738611288,189
1738611291,188
1738611294,187
1738611297,190
1738611300,198
1738611303,192
1738611305,318
1738611305,None
1738611312,449
1738611315,443
1738611315,None
1738611321,234
1738611324,190
1738611327,191
1738611330,192
1738611333,191
1738611336,189
1738611339,197
1738611342,182
1738611345,198
1738611348,189
1738611351,187
1738611354,194
1738611357,189
1738611361,187
1738611364,194
1738611367,195
1738611370,191
1738611373,193
1738611375,200
1738611379,191
1738611382,185
1738611385,197
1738611388,193
1738611391,183
1738611394,196
1738611397,192
1738611400,191
1738611403,191
1738611406,193
1738611409,190
1738611412,190
1738611415,180
1738611418,198
1738611421,187
1738611424,187
1738611427,196
1738611430,187
1738611434,196
1738611436,191
1738611439,189
1738611443,195
1738611446,192
1738611449,189
1738611452,192
1738611455,195
1738611458,186
1738611461,196
1738611464,187
1738611467,197
1738611470,192
1738611473,189
1738611476,194
1738611480,189
1738611483,194
1738611485,190
1738611488,199
1738611491,183
1738611495,198
1738611497,192
1738611501,184
1738611504,195
1738611507,185
1738611510,192
1738611513,195
1738611516,190
1738611516,None
1738611522,193
1738611525,197
1738611528,183
1738611531,193
1738611531,None
1738611537,182
1738611540,195
1738611543,184
1738611546,185
1738611549,187
1738611552,194
1738611555,187
1738611558,194
1738611561,189
1738611564,195
1738611568,189
1738611570,195
1738611573,188
1738611577,197
1738611580,193
1738611580,None
1738611585,193
1738611589,188
1738611589,None
1738611595,185
1738611598,188
1738611601,194
1738611604,190
1738611607,194
1738611610,191
1738611613,192
1738611616,189
1738611619,196
1738611622,189
1738611625,196
1738611628,194
1738611631,186
1738611635,197
1738611635,None
1738611640,190
1738611643,221
1738611646,442
1738611649,437
1738611653,436
1738611653,None
1738611658,195
1738611662,194
1738611665,182
1738611668,191
1738611671,193
1738611674,185
1738611677,194
1738611680,188
1738611683,187
1738611686,183
1738611689,188
1738611692,195
1738611696,189
1738611696,None
1738611702,195
1738611705,193
1738611708,189
1738611711,191
1738611714,194
1738611714,None
1738611720,188
1738611723,186
1738611726,195
1738611729,194
1738611732,186
1738611735,193
1738611738,185
1738611741,196
1738611744,191
1738611747,190
1738611750,190
1738611753,192
1738611756,188
1738611759,192
1738611762,184
1738611766,196
1738611768,183
1738611771,193
1738611775,189
1738611778,190
1738611781,189
1738611784,191
1738611787,188
1738611790,194
1738611793,184
1738611793,None
1738611799,182
1738611802,219
1738611805,439
1738611808,449
1738611811,440
1738611814,371
1738611817,195
1738611820,189
1738611824,194
1738611827,183
1738611830,196
1738611833,188
1738611836,192
1738611839,191
1738611842,189
1738611845,189
1738611848,189
1738611851,188
1738611854,185
1738611857,194
1738611857,None
1738611863,193
1738611866,187
1738611866,None
1738611873,181
1738611876,187
1738611878,184
1738611882,177
1738611882,None
1738611887,182
1738611891,193
1738611894,186
1738611897,198
1738611899,194
1738611903,184
1738611906,168
1738611909,140
1738611912,128
1738611915,136
1738611918,138
1738611921,133
1738611924,133
1738611927,133
1738611930,136
1738611933,131
1738611936,139
1738611939,134
1738611942,134
1738611945,139
1738611949,133
1738611952,141
1738611954,137
1738611957,133
1738611960,135
1738611964,137
1738611966,134
1738611970,135
1738611973,130
1738611976,133
1738611979,141
1738611982,130
1738611985,140
1738611988,138
1738611991,125
1738611994,139
1738611998,162
1738612000,381
1738612000,None
1738612006,381
1738612010,378
1738612013,200
1738612016,140
1738612016,None
1738612022,132
1738612025,138
1738612028,126
1738612031,127
1738612031,None
1738612037,129
1738612040,132
1738612043,136
1738612046,133
1738612049,134
1738612052,129
1738612055,139
1738612058,136
1738612061,125
1738612064,139
1738612067,130
1738612070,130
1738612073,139
1738612076,128
1738612079,130
1738612083,133
1738612086,136
1738612090,131
1738612092,140
1738612095,129
1738612098,138
1738612098,None
1738612104,138
1738612107,134
1738612110,133
1738612113,134
1738612116,137
1738612119,129
1738612122,136
1738612125,129
1738612128,136
1738612131,134
1738612135,134
1738612137,139
1738612140,129
1738612144,134
1738612147,135
1738612149,136
1738612153,132
1738612156,130
1738612159,136
1738612162,131
1738612165,127
1738612168,137
1738612171,133
1738612174,127
1738612177,136
1738612180,127
1738612183,133
1738612186,134
1738612189,134
1738612193,134
1738612195,139
1738612199,133
1738612202,134
1738612205,137
1738612208,124
1738612211,139
1738612214,137
1738612217,131
1738612221,139
1738612223,137
1738612226,135
1738612229,135
1738612232,130
1738612235,132
1738612239,138
1738612242,135
1738612244,126
1738612247,132
1738612251,136
1738612253,134
1738612256,132
1738612260,129
1738612263,136
1738612266,139
1738612268,301
1738612273,381
1738612273,None
1738612278,378
1738612281,137
1738612284,132
1738612287,135
1738612290,134
1738612293,134
1738612296,129
1738612299,137
1738612302,129
1738612305,139
1738612308,127
1738612312,134
1738612312,None
1738612318,135
1738612321,127
1738612324,133
1738612326,134
1738612330,134
1738612333,138
1738612336,128
1738612339,147
1738612342,137
1738612342,None
1738612348,147
1738612351,135
1738612354,145
1738612357,139
1738612360,142
1738612363,142
1738612366,142
1738612370,143
1738612372,142
1738612375,137
1738612379,142
1738612382,145
1738612384,139
1738612388,144
1738612390,136
1738612394,147
1738612397,137
1738612400,133
1738612403,132
1738612406,136
1738612409,128
1738612412,140
1738612415,298
1738612418,386
1738612421,379
1738612421,None
1738612427,385
1738612431,247
1738612433,131
1738612436,135
1738612439,131
1738612442,131
1738612445,125
1738612449,129
1738612449,None
1738612455,124
1738612458,127
1738612460,125
1738612464,125
1738612467,125
1738612470,124
1738612473,128
1738612476,122
1738612479,130
1738612482,124
1738612485,125
1738612488,127
1738612491,121
1738612494,130
1738612497,126
1738612500,123
1738612503,126
1738612506,129
1738612509,120
1738612512,128
1738612515,123
1738612519,114
1738612522,128
1738612522,None
1738612528,120
1738612531,125
1738612534,120
1738612534,None
1738612540,121
1738612543,122
1738612546,129
1738612549,126
1738612552,117
1738612555,132
1738612558,125
1738612561,118
1738612565,127
1738612568,133
1738612571,134
1738612571,None
1738612577,133
1738612579,129
1738612583,138
1738612586,126
1738612589,131
1738612592,140
1738612595,131
1738612598,136
1738612601,129
1738612604,134
1738612607,138
1738612611,135
1738612613,124
1738612616,132
1738612619,136
1738612623,123
1738612625,132
1738612628,125
1738612632,126
1738612635,138
1738612637,121
1738612640,131
1738612644,124
1738612647,118
1738612650,133
1738612653,124
1738612656,124
1738612659,127
1738612662,126
1738612665,122
1738612668,136
1738612671,127
1738612674,137
1738612677,125
1738612680,121
1738612683,127
1738612686,132
1738612689,122
1738612692,126
1738612695,267
1738612699,377
1738612701,381
1738612705,372
1738612708,251
1738612711,126
1738612713,126
1738612717,127
1738612720,126
1738612723,119
1738612726,120
1738612729,129
1738612729,None
1738612735,122
1738612738,131
1738612741,124
1738612744,121
1738612748,132
1738612748,None
1738612753,125
1738612757,125
1738612757,None
1738612763,119
1738612765,127
1738612765,None
1738612771,119
1738612774,127
1738612778,122
1738612780,122
1738612783,128
1738612787,121
1738612789,120
1738612793,126
1738612793,None
1738612799,125
1738612802,119
1738612805,134
1738612808,128
1738612811,114
1738612815,131
1738612817,126
1738612820,121
1738612823,125
1738612826,126
1738612829,126
1738612832,126
1738612835,127
1738612838,131
1738612841,127
1738612845,122
1738612848,131
1738612850,122
1738612854,128
1738612857,126
1738612860,127
1738612862,131
1738612866,125
1738612869,122
1738612872,127
1738612875,127
1738612878,122
1738612881,127
1738612884,120
1738612887,129
1738612890,119
1738612893,128
1738612897,123
1738612900,125
1738612902,121
1738612905,121
1738612908,125
1738612912,126
1738612915,122
1738612918,124
1738612921,120
1738612924,129
1738612927,117
1738612930,320
1738612933,366
1738612936,376
1738612939,375
1738612942,370
1738612945,134
1738612948,124
1738612948,None
1738612948,None
1738612957,126
1738612960,133
1738612963,123
1738612967,131
1738612969,123
1738612973,131
1738612976,120
1738612979,129
1738612982,129
1738612985,135
1738612988,176
1738612991,188
1738612994,218
1738612997,227
1738613000,218
1738613000,None
1738613006,205
1738613010,207
1738613010,None
1738613015,203
1738613018,206
1738613018,None
1738613025,199
1738613028,197
1738613031,198
1738613034,189
1738613036,192
1738613039,193
1738613043,182
1738613046,187
1738613049,185
1738613052,185
1738613055,190
1738613058,184
1738613061,172
1738613064,188
1738613067,186
1738613070,184
1738613073,176
1738613076,195
1738613076,None
1738613082,188
1738613085,193
1738613088,189
1738613092,189
1738613094,198
1738613097,184
1738613100,190
1738613104,196
1738613107,186
1738613110,197
1738613110,None
1738613116,188
1738613119,194
1738613122,195
1738613124,189
1738613128,189
1738613132,193
1738613134,190
1738613137,191
1738613140,192
1738613143,197
1738613146,445
1738613149,444
1738613149,None
1738613156,442
1738613159,255
1738613161,188
1738613165,190
1738613167,192
1738613171,192
1738613174,193
1738613177,190
1738613180,191
1738613183,185
1738613186,188
1738613189,193
1738613192,184
1738613195,196
1738613198,181
1738613201,190
1738613204,191
1738613207,190
1738613210,190
1738613213,195
1738613216,191
1738613220,193
1738613223,188
1738613223,None
1738613229,190
1738613232,183
1738613234,197
1738613238,190
1738613241,181
1738613244,193
1738613247,188
1738613250,190
1738613253,190
1738613253,None
1738613260,193
1738613262,186
1738613265,197
1738613268,187
1738613272,193
1738613274,195
1738613277,185
1738613280,196
1738613283,190
1738613286,190
1738613289,191
1738613292,192
1738613295,185
1738613299,191
1738613302,191
1738613305,178
1738613308,194
1738613311,187
1738613314,185
1738613316,194
1738613320,189
1738613323,188
1738613326,188
1738613329,186
1738613332,185
1738613335,191
1738613338,184
1738613341,198
1738613341,None
1738613347,186
1738613350,195
1738613353,186
1738613356,188
1738613359,191
1738613363,188
1738613366,193
1738613369,188
1738613372,190
1738613374,192
1738613374,None
1738613381,243
1738613384,435
1738613387,428
1738613390,438
1738613393,325
1738613396,184
1738613399,185
1738613402,190
1738613405,193
1738613408,184
1738613412,191
1738613414,194
1738613417,181
1738613417,None
1738613423,185
1738613427,192
1738613429,191
1738613432,188
1738613436,192
1738613439,203
1738613442,200
1738613445,202
1738613448,199
1738613451,200
1738613454,199
1738613457,195
1738613460,198
1738613463,192
1738613466,204
1738613469,193
1738613473,197
1738613475,194
1738613478,196
1738613481,191
1738613484,202
1738613488,196
1738613491,182
1738613493,203
1738613497,200
1738613499,189
1738613502,193
1738613506,200
1738613509,191
1738613512,195
1738613515,197
1738613518,202
1738613521,195
1738613524,189
1738613527,203
1738613530,202
1738613533,189
1738613536,198
1738613539,203
1738613543,193
1738613545,195
1738613548,193
1738613548,None
1738613554,198
1738613557,204
1738613561,198
1738613564,189
1738613567,192
1738613570,202
1738613574,199
1738613576,196
1738613579,193
1738613582,201
1738613585,203
1738613588,192
1738613591,197
1738613595,271
1738613597,453
1738613600,445
1738613603,422
1738613606,196
1738613610,192
1738613612,201
1738613615,192
1738613619,199
1738613622,192
1738613625,195
1738613628,197
1738613628,None
1738613634,189
1738613636,195
1738613640,202
1738613643,190
1738613646,200
1738613649,198
1738613649,None
1738613655,197
1738613658,197
1738613661,200
1738613664,196
1738613667,193
1738613670,202
1738613673,196
1738613676,191
1738613679,202
1738613682,191
1738613685,197
1738613689,195
1738613691,193
1738613694,198
1738613698,191
1738613701,195
1738613703,195
1738613707,193
1738613710,199
1738613713,186
1738613716,196
1738613719,188
1738613722,193
1738613725,188
1738613728,192
1738613731,192
1738613735,190
1738613737,195
1738613740,193
1738613744,182
1738613746,199
1738613750,188
1738613753,193
1738613755,195
1738613759,188
1738613762,188
1738613765,327
1738613768,445
1738613771,435
1738613774,432
1738613777,443
1738613780,214
1738613783,192
1738613786,196
1738613789,189
1738613793,188
1738613795,191
1738613798,188
1738613801,194
1738613801,None
1738613807,197
1738613810,194
1738613813,184
1738613816,191
1738613820,195
1738613823,187
1738613826,191
1738613829,190
1738613832,193
1738613835,188
1738613838,198
1738613841,192
1738613841,None
1738613847,193
1738613851,182
1738613853,195
1738613856,190
1738613859,191
1738613863,192
1738613865,192
1738613869,186
1738613872,194
1738613875,181
1738613877,198
1738613881,188
1738613884,193
1738613887,190
1738613890,192
1738613893,193
1738613896,191
1738613899,189
1738613902,194
1738613905,183
1738613908,194
1738613911,185
1738613914,188
1738613917,187
1738613920,186
1738613923,188
1738613926,188
1738613929,187
1738613932,192
1738613936,188
1738613939,191
1738613942,196
1738613945,190
1738613948,193
1738613951,191
1738613954,188
1738613957,188
1738613960,187
1738613963,189
1738613966,184
1738613969,193
1738613972,184
1738613976,191
1738613978,187
1738613981,187
1738613985,367
1738613987,449
1738613990,446
1738613993,444
1738613997,244
1738614000,193
1738614003,181
1738614006,193
1738614009,188
1738614012,184
1738614015,189
1738614018,187
1738614021,193
1738614024,189
1738614027,180
1738614030,184
1738614033,189
1738614036,189
1738614039,181
1738614042,184
1738614045,189
1738614048,181
1738614051,191
1738614054,180
1738614058,183
1738614060,190
1738614063,187
1738614066,177
1738614070,193
1738614070,None
1738614070,None
1738614079,186
1738614082,191
1738614085,182
1738614088,186
1738614091,183
1738614094,193
1738614097,188
1738614097,None
1738614104,191
1738614106,194
1738614110,190
1738614112,193
1738614115,192
1738614118,196
1738614122,188
1738614124,196
1738614128,194
1738614131,187
1738614134,200
1738614137,191
1738614140,193
1738614143,195
1738614146,192
1738614149,192
1738614152,193
1738614155,193
1738614155,None
1738614161,193
1738614164,195
1738614167,179
1738614170,192
1738614173,189
1738614176,180
1738614180,190
1738614183,183
1738614183,None
1738614189,184
1738614191,181
1738614195,187
1738614198,176
1738614198,None
1738614203,187
1738614207,177
1738614210,190
1738614213,434
1738614216,429
1738614219,437
1738614223,389
1738614225,216
1738614228,190
1738614231,177
1738614235,187
1738614237,183
1738614240,188
1738614243,181
1738614246,189
1738614249,184
1738614253,188
1738614255,181
1738614259,186
1738614262,181
1738614265,192
1738614268,184
1738614268,None
1738614274,186
1738614277,190
1738614280,181
1738614283,183
1738614286,181
1738614289,184
1738614289,None
1738614295,182
1738614298,187
1738614301,185
1738614305,191
1738614307,178
1738614310,188
1738614314,179
1738614316,188
1738614320,182
1738614323,182
1738614325,181
1738614329,186
1738614331,183
1738614335,179
1738614338,185
1738614341,182
1738614341,None
1738614341,None
1738614350,180
1738614353,179
1738614356,186
1738614359,187
1738614363,176
1738614363,None
1738614368,187
1738614371,179
1738614371,None
1738614377,184
1738614380,186
1738614384,183
1738614387,182
1738614390,188
1738614393,178
1738614393,None
1738614399,184
1738614402,182
1738614404,188
1738614408,181
1738614411,184
1738614414,186
1738614417,187
1738614420,181
1738614423,238
1738614426,447
1738614429,443
1738614432,434
1738614435,389
1738614438,184
1738614438,None
1738614444,184
1738614447,187
1738614450,180
1738614453,190
1738614456,181
1738614460,188
1738614462,174
1738614462,None
1738614469,179
1738614472,185
1738614475,195
1738614478,193
1738614481,194
1738614484,190
1738614487,191
1738614490,187
1738614493,191
1738614493,None
1738614499,196
1738614502,192
1738614502,None
1738614502,None
1738614511,190
1738614514,189
1738614518,189
1738614520,198
1738614524,185
1738614527,195
1738614529,193
1738614533,184
1738614535,193
1738614539,183
1738614542,186
1738614545,186
1738614548,181
1738614550,182
1738614553,186
1738614557,181
1738614560,190
1738614563,181
1738614566,184
1738614569,181
1738614572,184
1738614575,183
1738614579,178
1738614582,189
1738614584,178
1738614587,188
1738614587,None
1738614593,189
1738614596,183
1738614600,188
1738614603,184
1738614605,182
1738614608,186
1738614612,187
1738614615,180
1738614618,182
1738614621,189
1738614624,178
1738614627,190
1738614630,406
1738614633,431
1738614636,433
1738614639,432
1738614642,184
1738614646,183
1738614648,184
1738614651,177
1738614655,183
1738614657,190
1738614660,189
1738614663,182
1738614666,181
1738614670,188
1738614672,183
1738614675,183
1738614678,179
1738614681,181
1738614685,184
1738614688,186
1738614691,179
1738614694,179
1738614697,188
1738614700,188
1738614703,180
1738614706,182
1738614709,184
1738614712,180
1738614715,189
1738614718,182
1738614722,183
1738614722,None
1738614727,177
1738614730,190
1738614733,182
1738614736,184
1738614740,187
1738614743,183
1738614745,187
1738614749,187
1738614752,180
1738614755,191
1738614758,184
1738614761,180
1738614764,181
1738614767,184
1738614767,None
1738614773,187
1738614776,188
1738614779,192
1738614782,195
1738614785,193
1738614788,195
1738614788,None
1738614794,200
1738614797,203
1738614797,None
1738614804,209
1738614807,208
1738614809,203
1738614813,210
1738614816,203
1738614819,210
1738614822,207
1738614825,208
1738614828,208
1738614831,203
1738614834,210
1738614837,203
1738614840,212
1738614843,214
1738614846,204
1738614849,210
1738614852,343
1738614855,471
1738614858,467
1738614861,465
1738614864,392
1738614867,211
1738614870,207
1738614874,197
1738614877,211
1738614879,211
1738614883,203
1738614886,206
1738614889,211
1738614892,201
1738614895,204
1738614898,206
1738614901,209
1738614904,214
1738614907,203
1738614910,213
1738614913,206
1738614916,206
1738614919,209
1738614922,203
1738614925,208
1738614928,205
1738614931,207
1738614934,209
1738614938,208
1738614940,204
1738614940,None
1738614947,212
1738614947,None
1738614953,198
1738614956,213
1738614959,212
1738614962,206
1738614965,204
1738614968,208
1738614971,205
1738614974,209
1738614977,206
1738614980,193
1738614984,212
1738614986,268
1738614989,454
1738614992,449
1738614996,450
1738614999,296
1738615002,206
1738615004,209
1738615008,202
1738615010,198
1738615014,208
1738615017,205
1738615017,None
1738615022,211
1738615026,203
1738615029,211
1738615032,205
1738615035,208
1738615038,198
1738615041,194
1738615044,202
1738615047,202
1738615050,191
1738615053,203
1738615056,192
1738615059,205
1738615062,198
1738615066,198
1738615068,196
1738615072,197
1738615075,196
1738615078,197
1738615081,196
1738615084,205
1738615087,193
1738615090,206
1738615093,192
1738615096,200
1738615100,194
1738615102,197
1738615105,197
1738615108,200
1738615111,194
1738615114,196
1738615117,200
1738615120,197
1738615124,196
1738615127,200
1738615129,197
1738615132,194
1738615136,199
1738615138,196
1738615142,198
1738615145,197
1738615148,196
1738615151,197
1738615154,203
1738615157,194
1738615160,202
1738615163,197
1738615166,195
1738615169,201
1738615172,191
1738615175,199
1738615179,196
1738615181,197
1738615184,199
1738615187,204
1738615190,190
1738615193,203
1738615197,196
1738615200,189
1738615203,203
1738615206,195
1738615209,201
1738615212,195
1738615215,194
1738615218,196
1738615221,194
1738615224,200
1738615228,197
1738615230,194
1738615233,199
1738615236,193
1738615239,200
1738615243,195
1738615245,196
1738615248,199
1738615252,195
1738615252,None
1738615258,202
1738615261,189
1738615264,199
1738615267,195
1738615270,197
1738615270,None
1738615276,201
1738615279,195
1738615282,193
1738615285,191
1738615288,198
1738615291,188
1738615294,198
1738615294,None
1738615300,200
1738615303,191
1738615303,None
1738615310,194
1738615312,188
1738615316,197
1738615318,188
1738615321,198
1738615325,189
1738615327,192
1738615330,188
1738615333,194
1738615337,196
1738615340,190
1738615343,193
1738615345,198
1738615349,254
1738615349,None
1738615355,693
1738615358,703
1738615362,440
1738615364,194
1738615367,191
1738615371,197
1738615374,195
1738615377,194
1738615377,None
1738615383,194
1738615386,190
1738615388,190
1738615392,193
1738615395,195
1738615398,193
1738615401,197
1738615404,198
1738615407,199
1738615411,210
1738615413,195
1738615416,203
1738615419,207
1738615422,204
1738615425,196
1738615429,203
1738615431,207
1738615435,194
1738615435,None
1738615441,199
1738615444,200
1738615447,201
1738615449,199
1738615452,157
1738615455,147
1738615459,148
1738615462,139
1738615465,149
1738615465,None
1738615471,140
1738615474,142
1738615477,136
1738615480,140
1738615483,130
1738615486,138
1738615489,149
1738615492,137
1738615495,134
1738615499,135
1738615501,136
1738615504,139
1738615507,144
1738615511,142
1738615513,141
1738615517,127
1738615520,131
1738615523,135
1738615526,138
1738615529,137
1738615532,137
1738615535,142
1738615535,None
1738615541,125
1738615544,139
1738615547,141
1738615550,137
1738615553,132
1738615556,140
1738615559,139
1738615563,132
1738615566,142
1738615569,130
1738615571,136
1738615575,137
1738615577,134
1738615580,141
1738615584,133
1738615587,132
1738615590,139
1738615593,136
1738615596,133
1738615599,141
1738615602,128
1738615605,138
1738615608,133
1738615611,135
1738615614,137
1738615618,139
1738615620,134
1738615623,140
1738615626,133
1738615629,140
1738615632,137
1738615635,139
1738615635,None
1738615641,135
1738615644,132
1738615647,137
1738615647,None
1738615654,140
1738615657,128
1738615659,134
1738615663,136
1738615665,136
1738615669,128
1738615672,127
1738615675,139
1738615678,131
1738615681,126
1738615684,138
1738615687,135
1738615690,141
1738615693,135
1738615696,125
1738615699,139
1738615699,None
1738615705,135
1738615708,131
1738615712,135
1738615714,136
1738615717,140
1738615720,128
1738615724,141
1738615727,134
1738615730,126
1738615733,152
1738615736,399
1738615739,395
1738615742,393
1738615745,403
1738615748,397
1738615752,393
1738615754,380
1738615757,395
1738615760,144
1738615764,143
1738615766,143
1738615770,144
1738615773,145
1738615776,133
1738615779,146
1738615782,142
1738615784,133
1738615788,145
1738615791,138
1738615794,134
1738615797,135
1738615800,133
1738615803,128
1738615806,141
1738615809,134
1738615812,132
1738615815,138
1738615818,130
1738615821,136
1738615825,131
1738615827,138
1738615830,129
1738615834,141
1738615837,125
1738615840,144
1738615843,133
1738615843,None
1738615849,136
1738615852,140
1738615855,133
1738615858,130
1738615858,None
1738615864,131
1738615867,141
1738615870,130
1738615873,138
1738615876,130
1738615879,136
1738615882,133
1738615885,135
1738615889,130
1738615891,139
1738615894,130
1738615898,132
1738615900,133
1738615904,139
1738615907,134
1738615910,133
1738615912,140
1738615916,130
1738615919,137
1738615922,134
1738615925,138
1738615928,137
1738615932,129
1738615934,137
1738615937,140
1738615940,123
1738615943,141
1738615946,134
1738615949,138
1738615952,132
1738615955,134
1738615958,139
1738615961,134
1738615965,120
1738615967,125
1738615970,134
1738615973,139
1738615977,138
1738615979,130
1738615982,138
1738615985,137
1738615989,138
1738615991,128
1738615995,129
1738615995,None
1738616001,134
1738616004,144
1738616004,None
1738616010,135
1738616013,142
1738616013,None
1738616019,132
1738616022,130
1738616025,133
1738616028,136
1738616031,130
1738616034,125
1738616038,134
1738616040,131
1738616044,127
1738616047,135
1738616050,131
1738616053,132
1738616056,138
1738616059,136
1738616062,135
1738616065,140
1738616068,136
1738616071,126
1738616074,131
1738616077,125
1738616080,125
1738616083,130
1738616086,130
1738616089,112
1738616092,133
1738616095,132
1738616098,126
1738616101,128
1738616104,122
1738616107,146
1738616110,154
1738616113,150
1738616116,142
1738616120,142
1738616122,149
1738616125,178
1738616129,156
1738616132,167
1738616132,None
1738616138,158
1738616141,218
1738616144,426
1738616147,419
1738616149,421
1738616153,369
1738616156,168
1738616159,167
1738616162,176
1738616166,172
1738616169,340
1738616171,408
1738616174,418
1738616177,417
1738616180,333
1738616183,175
1738616186,171
1738616190,153
1738616192,157
1738616196,171
1738616199,163
1738616202,166
1738616205,161
1738616208,161
1738616211,167
1738616214,161
1738616214,None
1738616214,None
1738616222,163
1738616226,164
1738616229,159
1738616232,167
1738616235,158
1738616238,155
1738616241,158
1738616244,156
1738616247,152
1738616250,151
1738616254,153
1738616257,157
1738616259,155
1738616262,151
1738616265,155
1738616268,154
1738616272,160
1738616275,148
1738616278,156
1738616281,149
1738616284,154
1738616287,155
1738616291,151
1738616293,157
1738616296,151
1738616299,164
1738616302,153
1738616305,159
1738616308,157
1738616311,151
1738616314,158
1738616317,152
1738616321,155
1738616324,151
1738616327,151
1738616330,161
1738616333,152
1738616336,153
1738616339,152
1738616342,154
1738616342,None
1738616348,159
1738616351,152
1738616354,158
1738616357,150
1738616360,154
1738616364,152
1738616366,153
1738616369,155
1738616372,147
1738616375,159
1738616378,147
1738616382,159
1738616385,154
1738616388,149
1738616391,151
1738616394,155
1738616397,150
1738616400,151
1738616403,156
1738616406,152
1738616409,152
1738616412,146
1738616415,147
1738616418,149
1738616421,146
1738616424,147
1738616427,146
1738616430,141
1738616433,151
1738616436,141
1738616439,145
1738616442,146
1738616446,147
1738616448,151
1738616451,147
1738616454,145
1738616457,145
1738616461,149
1738616464,146
1738616464,None
1738616469,146
1738616473,146
1738616475,141
1738616479,146
1738616482,143
1738616485,148
1738616485,None
1738616491,148
1738616494,142
1738616497,149
1738616497,None
1738616503,154
1738616506,147
1738616510,148
1738616512,147
1738616516,145
1738616519,150
1738616521,145
1738616524,150
1738616528,145
1738616531,152
1738616534,149
1738616537,340
1738616539,490
1738616543,497
1738616543,None
1738616549,490
1738616552,341
1738616555,239
1738616558,237
1738616562,226
1738616564,234
1738616567,421
1738616567,None
1738616573,459
1738616576,441
1738616579,188
1738616582,194
1738616585,202
1738616588,194
1738616591,192
1738616594,191
1738616597,180
1738616600,181
1738616604,188
1738616607,190
1738616610,189
1738616613,185
1738616616,188
1738616618,179
1738616622,173
1738616625,181
1738616628,182
1738616631,178
1738616634,180
1738616637,178
1738616640,200
1738616643,199
1738616646,194
1738616649,188
1738616652,193
1738616655,191
1738616655,None
1738616661,187
1738616661,None
1738616667,196
1738616670,186
1738616674,192
1738616677,191
1738616680,193
1738616683,188
1738616686,197
1738616689,193
1738616689,None
1738616695,196
1738616698,189
1738616701,188
1738616704,192
1738616707,189
1738616710,184
1738616714,194
1738616716,191
1738616719,186
1738616723,194
1738616725,190
1738616728,196
1738616731,188
1738616735,184
1738616737,194
1738616740,192
1738616744,190
1738616746,192
1738616750,193
1738616753,188
1738616756,193
1738616759,189
1738616762,185
1738616765,189
1738616768,192
1738616771,194
1738616774,186
1738616777,201
1738616780,194
1738616783,185
1738616787,188
1738616789,199
1738616792,197
1738616796,186
1738616799,193
1738616802,184
1738616802,None
1738616808,192
1738616811,195
1738616814,194
1738616817,188
1738616820,189
1738616823,187
1738616826,192
1738616829,192
1738616832,195
1738616836,190
1738616838,185
1738616841,195
1738616844,190
1738616847,195
1738616850,189
1738616854,194
1738616854,None
1738616860,191
1738616863,194
1738616866,199
1738616869,199
1738616872,201
1738616875,196
1738616878,203
1738616881,193
1738616881,None
1738616887,195
1738616890,193
1738616893,200
1738616896,198
1738616899,197
1738616902,201
1738616905,198
1738616909,190
1738616912,210
1738616912,None
1738616918,195
1738616921,194
1738616924,194
1738616927,191
1738616930,184
1738616933,184
1738616936,201
1738616939,192
1738616942,183
1738616945,196
1738616948,193
1738616951,199
1738616955,195
1738616958,203
1738616961,199
1738616963,198
1738616967,194
1738616969,198
1738616973,202
1738616976,246
1738616978,419
1738616982,454
1738616985,444
1738616988,439
1738616991,216
1738616994,196
1738616997,199
1738617000,199
1738617000,None
1738617006,313
1738617009,434
1738617012,441
1738617015,445
1738617019,312
1738617022,185
1738617025,190
1738617025,None
1738617031,187
1738617033,193
1738617036,193
1738617040,185
1738617043,186
1738617046,192
1738617049,192
1738617052,190
1738617055,190
1738617058,189
1738617061,193
1738617064,194
1738617067,187
1738617070,195
1738617074,184
1738617076,191
1738617079,190
1738617082,193
1738617085,192
1738617089,195
1738617092,192
1738617092,None
1738617098,195
1738617101,186
1738617104,194
1738617107,191
1738617110,184
1738617113,184
1738617116,192
1738617119,191
1738617122,194
1738617125,187
1738617129,195
1738617129,None
1738617135,186
1738617137,185
1738617140,191
1738617143,188
1738617146,192
1738617149,186
1738617152,182
1738617156,199
1738617159,191
1738617162,187
1738617165,186
1738617168,192
1738617172,189
1738617174,193
1738617174,None
1738617180,179
1738617183,197
1738617186,199
1738617189,199
1738617193,190
1738617195,194
1738617195,None
1738617201,195
1738617204,201
1738617207,192
1738617210,201
1738617214,199
1738617216,189
1738617219,201
1738617223,194
1738617226,195
1738617228,198
1738617231,199
1738617234,192
1738617238,203
1738617241,198
1738617244,195
1738617247,199
1738617250,182
1738617253,195
1738617256,188
1738617259,190
1738617262,188
1738617265,189
1738617268,184
1738617268,None
1738617274,183
1738617277,194
1738617280,194
1738617283,185
1738617286,187
1738617289,189
1738617292,189
1738617295,190
1738617298,190
1738617301,194
1738617304,185
1738617308,193
1738617311,192
1738617314,186
1738617317,193
1738617320,188
1738617323,194
1738617326,189
1738617329,190
1738617332,193
1738617335,189
1738617335,None
1738617341,195
1738617345,186
1738617347,193
1738617350,188
1738617350,None
1738617356,238
1738617356,None
1738617362,443
1738617366,438
1738617369,319
1738617372,196
1738617374,193
1738617378,193
1738617381,202
1738617384,193
1738617387,195
1738617390,200
1738617393,196
1738617396,195
1738617399,195
1738617402,204
1738617405,202
1738617408,188
1738617411,199
1738617414,204
1738617417,296
1738617420,455
1738617423,453
1738617426,454
1738617429,278
1738617433,200
1738617436,193
1738617438,199
1738617442,191
1738617445,197
1738617447,194
1738617451,191
1738617454,194
1738617457,197
1738617460,194
1738617460,None
1738617466,187
1738617470,192
1738617472,182
1738617472,None
1738617478,191
1738617481,196
1738617485,195
1738617488,193
1738617491,200
1738617493,189
1738617497,192
1738617500,197
1738617503,192
1738617505,190
1738617509,198
1738617512,190
1738617514,191
1738617518,197
1738617521,194
1738617524,198
1738617527,187
1738617530,198
1738617533,196
1738617536,188
1738617539,195
1738617542,191
1738617545,187
1738617548,193
1738617551,197
1738617551,None
1738617557,194
1738617560,190
1738617563,184
1738617566,186
1738617570,201
1738617572,196
1738617576,197
1738617578,200
1738617581,187
1738617585,187
1738617585,None
1738617591,196
1738617594,192
1738617597,192
1738617600,188
1738617603,184
1738617606,197
1738617609,198
1738617612,190
1738617615,196
1738617618,185
1738617621,199
1738617624,193
1738617627,183
1738617631,195
1738617633,186
1738617636,192
1738617639,191
1738617642,189
1738617645,191
1738617648,190
1738617651,192
1738617651,None
1738617658,188
1738617661,187
1738617664,187
1738617667,185
1738617670,189
1738617672,193
1738617676,187
1738617679,186
1738617682,187
1738617685,184
1738617685,None
1738617692,176
1738617694,187
1738617697,202
1738617700,231
1738617703,227
1738617707,231
1738617709,227
1738617713,226
1738617716,228
1738617716,None
1738617722,232
1738617725,230
1738617728,230
1738617731,401
1738617734,476
1738617737,464
1738617740,460
1738617740,None
1738617746,217
1738617749,212
1738617752,201
1738617752,None
1738617759,201
1738617761,188
1738617764,183
1738617768,190
1738617770,187
1738617773,177
1738617776,179
1738617780,184
1738617783,172
1738617786,179
1738617789,173
1738617792,180
1738617795,178
1738617798,173
1738617801,181
1738617804,175
1738617808,172
1738617811,179
1738617813,175
1738617816,173
1738617816,None
1738617823,431
1738617826,427
1738617828,422
1738617831,267
1738617834,177
1738617838,170
1738617840,176
1738617844,176
1738617847,173
1738617850,179
1738617853,176
1738617856,177
1738617859,177
1738617862,178
1738617865,184
1738617868,177
1738617871,183
1738617874,184
1738617877,182
1738617880,187
1738617883,184
1738617886,180
1738617889,188
1738617892,188
1738617896,186
1738617899,192
1738617902,183
1738617905,192
1738617909,187
1738617911,187
1738617914,189
1738617917,193
1738617920,187
1738617923,189
1738617926,192
1738617926,None
1738617932,187
1738617935,190
1738617939,186
1738617941,183
1738617944,184
1738617948,187
1738617950,179
1738617953,189
1738617957,184
1738617959,183
1738617963,185
1738617965,186
1738617969,182
1738617972,184
1738617975,176
1738617975,None
1738617982,187
1738617984,186
1738617987,178
1738617990,180
1738617993,181
1738617996,186
1738617999,182
1738618002,181
1738618005,189
1738618008,190
1738618011,187
1738618014,186
1738618017,176
1738618021,178
1738618024,183
1738618026,186
1738618030,187
1738618033,181
1738618036,190
1738618039,183
1738618042,175
1738618045,193
1738618048,188
1738618051,183
1738618054,190
1738618057,180
1738618060,184
1738618063,185
1738618066,188
1738618070,184
1738618073,174
1738618076,187
1738618078,186
1738618082,178
1738618085,181
1738618088,184
1738618091,181
1738618094,191
1738618097,179
1738618100,185
1738618103,191
1738618106,185
1738618110,183
1738618112,183
1738618115,182
1738618118,187
1738618122,178
1738618124,192
1738618127,185
1738618130,181
1738618130,None
1738618136,183
1738618140,186
1738618143,186
1738618146,180
1738618149,190
1738618152,186
1738618155,190
1738618158,188
1738618161,181
1738618164,437
1738618167,439
1738618170,435
1738618173,433
1738618176,186
1738618179,186
1738618182,178
1738618185,183
1738618188,186
1738618191,185
1738618194,184
1738618198,182
1738618201,188
1738618204,181
1738618207,187
1738618210,184
1738618213,183
1738618216,186
1738618219,180
1738618219,None
1738618225,190
1738618228,181
1738618232,187
1738618232,None
1738618238,184
1738618238,None
1738618238,None
1738618247,176
1738618249,175
1738618252,183
1738618255,179
1738618258,224
1738618262,428
1738618264,436
1738618267,443
1738618271,415
1738618274,181
1738618276,191
1738618280,194
1738618283,194
1738618286,200
1738618286,None
1738618292,200
1738618295,193
1738618298,189
1738618301,193
1738618304,197
1738618308,192
1738618310,194
1738618313,203
1738618317,193
1738618319,197
1738618322,192
1738618322,None
1738618329,191
1738618332,199
1738618335,192
1738618338,198
1738618341,193
1738618344,194
1738618347,194
1738618351,187
1738618353,197
1738618356,188
1738618356,None
1738618356,None
1738618366,195
1738618368,188
1738618372,195
1738618375,192
1738618377,190
1738618381,197
1738618381,None
1738618387,185
1738618390,195
1738618393,192
1738618393,None
1738618399,194
1738618402,195
1738618405,190
1738618408,201
1738618411,188
1738618414,184
1738618417,197
1738618420,194
1738618424,193
1738618427,189
1738618429,191
1738618432,188
1738618436,196
1738618439,197
1738618441,192
1738618445,184
1738618447,199
1738618447,None
1738618454,189
1738618457,194
1738618460,191
1738618463,188
1738618466,190
1738618469,200
1738618472,195
1738618472,None
1738618478,196
1738618478,None
1738618484,192
1738618487,191
1738618490,193
1738618494,200
1738618494,None
1738618500,184
1738618502,191
1738618505,200
1738618508,195
1738618511,187
1738618514,195
1738618517,189
1738618521,187
1738618524,195
1738618527,203
1738618530,192
1738618533,183
1738618536,187
1738618539,194
1738618539,None
1738618545,194
1738618548,187
1738618551,187
1738618554,194
1738618557,280
1738618560,433
1738618563,440
1738618563,None
1738618569,395
1738618572,230
1738618576,197
1738618578,195
1738618581,187
1738618584,194
1738618588,196
1738618591,187
1738618594,192
1738618597,195
1738618600,190
1738618603,195
1738618606,184
1738618609,196
1738618612,193
1738618615,188
1738618619,191
1738618621,194
1738618625,191
1738618627,189
1738618631,190
1738618633,184
1738618636,191
1738618636,None
1738618642,189
1738618646,185
1738618649,195
1738618652,187
1738618655,191
1738618658,188
1738618661,193
1738618664,190
1738618667,191
1738618670,192
1738618673,189
1738618676,193
1738618679,188
1738618682,192
1738618686,196
1738618688,190
1738618691,196
1738618691,None
1738618691,None
1738618700,194
1738618703,192
1738618707,189
1738618709,193
1738618712,379
1738618715,436
1738618718,453
1738618721,443
1738618725,195
1738618727,199
1738618731,190
1738618734,192
1738618736,189
1738618740,194
1738618743,185
1738618746,195
1738618749,193
1738618752,188
1738618755,188
1738618758,197
1738618761,189
1738618764,194
1738618768,183
1738618770,186
1738618773,196
1738618776,192
1738618780,182
1738618782,184
1738618785,191
1738618789,192
1738618791,188
1738618795,196
1738618798,188
1738618801,186
1738618804,198
1738618807,191
1738618810,190
1738618813,193
1738618817,190
1738618819,194
1738618822,187
1738618825,197
1738618828,193
1738618831,183
1738618834,191
1738618837,201
1738618840,188
1738618843,196
1738618846,190
1738618850,181
1738618853,189
1738618855,200
1738618859,194
1738618861,188
1738618865,193
1738618868,192
1738618871,189
1738618874,193
1738618877,194
1738618880,193
1738618883,184
1738618886,198
1738618889,195
1738618892,191
1738618895,184
1738618898,192
1738618901,198
1738618904,187
1738618907,197
1738618910,198
1738618913,190
1738618916,199
1738618919,194
1738618922,189
1738618925,190
1738618929,195
1738618931,147
1738618935,139
1738618938,130
1738618941,139
1738618944,134
1738618947,141
1738618950,137
1738618953,158
1738618956,181
1738618959,179
1738618962,175
1738618965,176
1738618968,178
1738618971,261
1738618974,423
1738618977,427
1738618980,424
1738618980,None
1738618987,180
1738618987,None
1738618993,173
1738618996,167
1738618998,166
1738619002,168
1738619005,159
1738619008,154
1738619011,152
1738619014,155
1738619017,146
1738619017,None
1738619023,129
1738619027,143
1738619027,None
1738619032,129
1738619035,126
1738619038,129
1738619041,123
1738619045,129
1738619048,132
1738619051,126
1738619054,126
1738619056,125
1738619060,126
1738619063,117
1738619066,125
1738619069,127
1738619072,126
1738619072,None
1738619072,None
1738619080,128
1738619084,126
1738619087,121
1738619090,130
1738619093,129
1738619096,121
1738619099,132
1738619102,130
1738619105,123
1738619108,132
1738619111,127
1738619114,304
1738619118,389
1738619120,395
1738619124,389
1738619127,159
1738619129,136
1738619132,137
1738619135,137
1738619135,None
1738619142,138
1738619145,148
1738619148,141
1738619151,140
1738619154,150
1738619157,142
1738619161,142
1738619163,146
1738619166,141
1738619169,143
1738619173,151
1738619176,150
1738619178,147
1738619181,148
1738619185,143
1738619185,None
1738619191,146
1738619193,146
1738619197,141
1738619197,None
1738619203,138
1738619205,135
1738619209,147
1738619212,147
1738619215,139
1738619218,135
1738619221,139
1738619224,137
1738619228,140
1738619230,133
1738619233,139
1738619237,144
1738619239,136
1738619242,129
1738619245,143
1738619248,136
1738619252,136
1738619255,135
1738619258,137
1738619261,140
1738619264,136
1738619267,143
1738619270,137
1738619274,143
1738619276,141
1738619279,136
1738619282,134
1738619285,139
1738619288,142
1738619292,140
1738619294,134
1738619294,None
1738619301,140
1738619301,None
1738619307,135
1738619310,134
1738619313,140
1738619316,140
1738619319,141
1738619322,144
1738619325,146
1738619328,139
1738619332,134
1738619334,146
1738619337,143
1738619341,140
1738619344,135
1738619344,None
1738619349,144
1738619353,141
1738619355,143
1738619358,138
1738619362,141
1738619365,149
1738619367,139
1738619367,None
1738619374,143
1738619377,140
1738619377,None
1738619383,132
1738619386,141
1738619389,141
1738619392,163
1738619395,398
1738619398,394
1738619401,388
1738619404,395
1738619404,None
1738619410,139
1738619413,143
1738619416,137
1738619419,141
1738619422,137
1738619425,142
1738619429,138
1738619432,139
1738619435,142
1738619438,139
1738619441,141
1738619441,None
1738619447,133
1738619450,145
1738619453,140
1738619456,137
1738619459,143
1738619462,136
1738619465,139
1738619469,142
1738619469,None
1738619474,140
1738619478,136
1738619478,None
1738619484,139
1738619487,134
1738619489,133
1738619492,148
1738619496,140
1738619499,140
1738619502,143
1738619505,132
1738619508,137
1738619511,144
1738619514,142
1738619517,166
1738619520,389
1738619523,403
1738619526,397
1738619529,302
1738619532,136
1738619535,133
1738619538,128
1738619541,136
1738619544,132
1738619548,138
1738619550,131
1738619553,126
1738619556,137
1738619559,128
1738619563,131
1738619566,130
1738619569,130
1738619572,132
1738619575,134
1738619578,131
1738619581,132
1738619584,127
1738619587,133
1738619590,131
1738619593,129
1738619596,132
1738619600,135
1738619602,125
1738619605,129
1738619608,136
1738619611,131
1738619614,120
1738619618,131
1738619622,130
1738619624,128
1738619627,127
1738619627,None
1738619633,133
1738619636,132
1738619639,123
1738619642,135
1738619645,131
1738619645,None
1738619651,129
1738619654,132
1738619657,131
1738619660,131
1738619663,126
1738619666,131
1738619669,135
1738619672,124
1738619672,None
1738619679,131
1738619681,127
1738619684,124
1738619688,132
1738619691,130
1738619693,128
1738619697,130
1738619697,None
1738619703,133
1738619706,129
1738619709,127
1738619712,134
1738619715,129
1738619718,132
1738619721,129
1738619724,133
1738619727,134
1738619730,125
1738619733,132
1738619736,126
1738619739,128
1738619743,132
1738619746,123
1738619749,128
1738619751,132
1738619754,129
1738619758,131
1738619761,133
1738619761,None
1738619767,127
1738619770,130
1738619773,145
1738619776,373
1738619779,384
1738619782,379
1738619785,379
1738619788,237
1738619791,126
1738619794,130
1738619797,135
1738619800,135
1738619803,133
1738619806,130
1738619809,128
1738619812,125
1738619815,123
1738619819,122
1738619821,129
1738619824,135
1738619827,134
1738619827,None
1738619834,131
1738619837,126
1738619840,136
1738619843,137
1738619846,130
1738619849,129
1738619852,134
1738619855,135
1738619858,121
1738619861,140
1738619864,129
1738619867,135
1738619870,129
1738619874,132
1738619876,135
1738619876,None
1738619883,132
1738619886,133
1738619888,129
1738619892,127
1738619895,132
1738619895,None
1738619901,132
1738619904,128
1738619904,None
1738619910,128
1738619913,131
1738619916,131
1738619919,126
1738619922,131
1738619925,130
1738619928,128
1738619931,130
1738619934,132
1738619937,131
1738619940,334
1738619943,389
1738619947,407
1738619950,428
1738619953,211
1738619956,187
1738619958,177
1738619962,167
1738619965,186
1738619968,185
1738619971,189
1738619971,None
1738619977,208
1738619980,186
1738619983,165
1738619986,159
1738619989,167
1738619992,179
1738619992,None
1738619998,207
1738619998,None
1738620005,177
1738620007,167
1738620011,175
1738620013,192
1738620016,220
1738620019,216
1738620022,200
1738620026,183
1738620029,208
1738620032,250
1738620035,299
1738620038,325
1738620041,294
1738620044,302
1738620047,252
1738620050,250
1738620053,271
1738620056,275
1738620059,281
1738620063,270
1738620065,267
1738620068,266
1738620071,282
1738620075,270
1738620078,256
1738620081,254
1738620083,260
1738620087,262
1738620089,262
1738620093,258
1738620097,248
1738620099,248
1738620102,256
1738620105,259
1738620108,254
1738620111,250
1738620114,252
1738620117,251
1738620120,258
1738620123,272
1738620123,None
1738620130,254
1738620130,None
1738620135,263
1738620139,268
1738620141,268
1738620145,258
1738620148,256
1738620151,256
1738620154,279
1738620157,273
1738620160,254
1738620163,262
1738620166,248
1738620169,252
1738620173,256
1738620175,252
1738620178,239
1738620181,238
1738620185,247
1738620187,267
1738620190,252
1738620194,247
1738620196,249
1738620199,253
1738620203,257
1738620206,495
1738620206,None
1738620206,None
1738620215,502
1738620218,310
1738620221,260
1738620224,253
1738620227,255
1738620230,250
1738620233,254
1738620236,261
1738620239,257
1738620242,254
1738620246,255
1738620248,252
1738620251,258
1738620254,266
1738620254,None
1738620254,None
1738620263,267
1738620266,268
1738620270,267
1738620273,272
1738620276,271
1738620279,273
1738620282,288
1738620285,529
1738620288,529
1738620291,530
1738620294,528
1738620297,428
1738620300,277
1738620304,271
1738620307,272
1738620309,278
1738620312,278
1738620316,282
1738620319,268
1738620322,274
1738620325,279
1738620328,275
1738620331,283
1738620334,275
1738620334,None
1738620340,275
1738620343,276
1738620346,261
1738620350,261
1738620352,254
1738620352,None
1738620358,258
1738620361,257
1738620365,270
1738620368,269
1738620371,264
1738620374,264
1738620377,251
1738620379,262
1738620383,257
1738620386,263
1738620389,229
1738620392,229
1738620395,233
1738620398,228
1738620401,233
1738620404,228
1738620407,228
1738620410,228
1738620413,230
1738620416,232
1738620419,235
1738620422,225
1738620425,233
1738620428,231
1738620431,230
1738620435,229
1738620438,234
1738620440,225
1738620444,233
1738620447,228
1738620449,229
1738620452,230
1738620456,224
1738620459,231
1738620462,229
1738620465,233
1738620468,229
1738620471,233
1738620474,230
1738620477,221
1738620480,237
1738620483,226
1738620483,None
1738620489,225
1738620493,230
1738620495,231
1738620499,238
1738620501,237
1738620504,229
1738620508,229
1738620511,227
1738620513,234
1738620516,230
1738620520,221
1738620522,224
1738620526,233
1738620529,228
1738620532,223
1738620535,221
1738620538,225
1738620541,224
1738620544,230
1738620547,220
1738620550,226
1738620550,None
1738620556,226
1738620559,228
1738620562,224
1738620566,227
1738620568,224
1738620572,219
1738620572,None
1738620578,220
1738620580,230
1738620580,None
1738620586,226
1738620590,225
1738620592,226
1738620596,227
1738620599,228
1738620602,221
1738620605,227
1738620608,227
1738620611,356
1738620614,475
1738620617,472
1738620620,469
1738620623,473
1738620626,471
1738620629,239
1738620629,None
1738620635,483
1738620639,477
1738620642,482
1738620644,330
1738620647,224
1738620651,227
1738620654,230
1738620657,221
1738620660,222
1738620663,231
1738620666,224
1738620669,221
1738620672,214
1738620675,223
1738620678,222
1738620681,228
1738620684,225
1738620684,None
1738620690,213
1738620694,226
1738620696,226
1738620699,223
1738620703,218
1738620705,226
1738620708,218
1738620712,217
1738620715,227
1738620718,224
1738620721,220
1738620724,219
1738620727,221
1738620730,224
1738620733,228
1738620736,215
1738620739,219
1738620742,228
1738620745,223
1738620748,220
1738620751,228
1738620754,226
1738620757,221
1738620760,226
1738620764,218
1738620766,225
1738620769,225
1738620772,220
1738620776,223
1738620778,219
1738620781,220
1738620784,225
1738620788,222
1738620788,None
1738620794,221
1738620796,225
1738620800,219
1738620803,228
1738620806,219
1738620809,228
1738620812,222
1738620815,221
1738620818,231
1738620821,228
1738620824,215
1738620827,229
1738620831,224
1738620833,218
1738620836,217
1738620839,220
1738620842,222
1738620846,225
1738620848,217
1738620852,229
1738620855,223
1738620857,221
1738620861,219
1738620864,253
1738620867,238
1738620869,244
1738620873,239
1738620876,246
1738620879,232
1738620882,223
1738620885,225
1738620888,223
1738620891,221
1738620894,229
1738620897,218
1738620901,216
1738620904,224
1738620906,229
1738620910,203
1738620913,198
1738620916,203
1738620919,200
1738620922,204
1738620925,202
1738620928,200
1738620931,209
1738620934,199
1738620937,200
1738620940,200
1738620943,197
1738620946,200
1738620949,197
1738620952,200
1738620955,200
1738620958,198
1738620961,203
1738620965,199
1738620967,201
1738620971,203
1738620974,196
1738620977,197
1738620980,198
1738620983,198
1738620986,199
1738620989,194
1738620992,429
1738620995,452
1738620998,454
1738621001,449
1738621004,198
1738621007,202
1738621010,198
1738621013,196
1738621016,203
1738621019,199
1738621022,195
1738621025,202
1738621029,195
1738621031,209
1738621035,198
1738621035,None
1738621041,200
1738621044,200
1738621047,204
1738621050,191
1738621053,196
1738621056,206
1738621059,199
1738621062,189
1738621065,196
1738621065,None
1738621071,196
1738621074,200
1738621077,194
1738621080,198
1738621083,206
1738621086,200
1738621089,196
1738621092,202
1738621095,199
1738621098,198
1738621102,198
1738621105,212
1738621108,439
1738621111,449
1738621114,444
1738621117,447
1738621120,375
1738621123,197
1738621126,196
1738621129,197
1738621132,199
1738621135,198
1738621138,199
1738621141,199
1738621144,201
1738621147,197
1738621150,197
1738621153,197
1738621157,194
1738621159,199
1738621163,192
1738621166,197
1738621166,None
1738621172,196
1738621175,201
1738621178,193
1738621181,198
1738621184,197
1738621187,200
1738621190,198
1738621193,197
1738621196,195
1738621199,198
1738621202,200
1738621205,198
1738621208,199
1738621211,201
1738621214,197
1738621217,201
1738621220,196
1738621223,205
1738621227,196
1738621230,202
1738621232,199
1738621236,199
1738621239,201
1738621242,199
1738621245,191
1738621248,200
1738621251,198
1738621254,193
1738621257,195
1738621260,203
1738621263,197
1738621266,197
1738621269,196
1738621272,196
1738621275,196
1738621278,200
1738621281,191
1738621285,187
1738621287,200
1738621291,197
1738621294,197
1738621296,195
1738621296,None
1738621303,201
1738621306,194
1738621309,205
1738621312,197
1738621315,194
1738621318,202
1738621321,197
1738621324,197
1738621327,199
1738621330,199
1738621333,203
1738621336,205
1738621336,None
1738621342,268
1738621345,204
1738621345,None
1738621351,200
1738621354,204
1738621358,204
1738621361,207
1738621364,248
1738621367,462
1738621370,455
1738621373,947
1738621376,671
1738621379,216
1738621382,204
1738621385,202
1738621388,690
1738621391,705
1738621394,206
1738621397,202
1738621400,283
1738621403,684
1738621407,510
1738621410,201
1738621410,None
1738621416,277
1738621419,818
1738621422,308
1738621425,208
1738621428,208
1738621431,278
1738621434,814
1738621437,515
1738621440,205
1738621444,205
1738621444,None
1738621444,None
1738621444,None
1738621455,216
1738621458,216
1738621462,476
1738621465,825
1738621468,317
1738621471,213
1738621474,208
1738621477,472
1738621477,None
1738621483,322
1738621486,213
1738621489,211
1738621492,463
1738621492,None
1738621498,199
1738621501,202
1738621505,201
1738621505,None
1738621510,733
1738621513,322
1738621516,199
1738621520,200
1738621523,672
1738621526,722
1738621529,198
1738621532,192
1738621535,198
1738621538,658
1738621541,710
1738621544,199
1738621547,192
1738621550,195
1738621553,810
1738621556,729
1738621556,None
1738621562,446
1738621562,None
1738621568,987
1738621571,735
1738621575,199
1738621578,199
1738621581,255
1738621583,802
1738621587,510
1738621590,199
1738621593,194
1738621596,262
1738621599,803
1738621602,502
1738621605,201
1738621608,199
1738621611,259
1738621615,800
1738621618,304
1738621620,197
1738621624,199
1738621627,453
1738621630,805
1738621633,303
1738621636,194
1738621639,192
1738621642,449
1738621645,794
1738621648,307
1738621651,189
1738621654,194
1738621657,439
1738621660,793
1738621663,305
1738621666,194
1738621669,188
1738621673,646
1738621675,712
1738621678,308
1738621678,None
1738621684,199
1738621687,646
1738621690,801
1738621694,190
1738621697,198
1738621700,200
1738621703,646
1738621706,730
1738621709,201
1738621712,200
1738621715,208
1738621718,643
1738621721,725
1738621724,207
1738621727,202
1738621730,197
1738621733,648
1738621733,None
1738621739,198
1738621742,223
1738621745,389
1738621748,901
1738621751,984
1738621754,454
1738621757,456
1738621760,237
1738621763,642
1738621766,530
1738621769,205
1738621772,202
1738621775,238
1738621778,795
1738621782,539
1738621785,202
1738621788,202
1738621791,235
1738621794,801
1738621797,546
1738621800,198
1738621803,197
1738621806,222
1738621809,795
1738621812,543
1738621815,193
1738621818,198
1738621821,435
1738621824,808
1738621827,549
1738621830,192
1738621833,201
1738621837,439
1738621840,816
1738621843,345
1738621846,209
1738621849,217
1738621852,444
1738621855,804
1738621858,355
1738621861,216
1738621864,215
1738621867,444
1738621870,812
1738621873,351
1738621876,216
1738621879,214
1738621882,440
1738621885,762
1738621888,353
1738621891,211
1738621895,215
1738621898,654
1738621901,750
1738621901,None
1738621906,206
1738621910,214
1738621913,638
1738621916,747
1738621916,None
1738621922,206
1738621922,None
1738621928,635
1738621932,543
1738621934,204
1738621934,None
1738621940,235
1738621944,795
1738621946,549
1738621949,442
1738621953,454
1738621956,483
1738621956,None
1738621956,None
1738621965,360
1738621968,222
1738621971,222
1738621974,217
1738621977,224
1738621981,219
1738621983,216
1738621986,219
1738621990,213
1738621992,213
1738621995,218
1738621998,216
1738622002,220
1738622004,216
1738622008,215
1738622011,227
1738622013,222
1738622017,219
1738622020,222
1738622022,222
1738622022,None
1738622029,225
1738622032,231
1738622035,223
1738622038,223
1738622038,None
1738622044,226
1738622047,222
1738622050,228
1738622053,226
1738622056,227
1738622059,225
1738622062,226
1738622066,223
1738622066,None
1738622071,228
1738622075,226
1738622078,265
1738622080,484
1738622083,483
1738622087,479
1738622090,469
1738622093,226
1738622096,226
1738622099,226
1738622102,218
1738622105,232
1738622108,223
1738622108,None
1738622114,226
1738622117,227
1738622120,231
1738622124,225
1738622126,228
1738622130,229
1738622133,222
1738622135,228
1738622139,232
1738622142,414
1738622145,731
1738622148,727
1738622151,732
1738622154,728
1738622157,723
1738622160,728
1738622163,726
1738622166,733
1738622169,723
1738622172,734
1738622175,231
1738622179,225
1738622181,229
1738622185,228
1738622188,229
1738622190,227
1738622194,227
1738622196,228
1738622200,232
1738622204,224
1738622206,230
1738622209,225
1738622212,226
1738622215,227
1738622218,729
1738622221,731
1738622224,722
1738622227,702
1738622230,372
1738622233,223
1738622236,227
1738622239,233
1738622243,220
1738622243,None
1738622248,229
1738622251,225
1738622254,229
1738622258,227
1738622261,224
1738622264,885
1738622267,1309
1738622270,1301
1738622273,1289
1738622276,1282
1738622279,1292
1738622282,1287
1738622285,1286
1738622288,1286
1738622291,1286
1738622294,1279
1738622297,1287
1738622300,1281
1738622303,1280
1738622306,1280
1738622309,1272
1738622313,1283
1738622316,1281
1738622318,890
1738622321,752
1738622325,1116
1738622325,None
1738622325,None
1738622334,1107
1738622337,1120
1738622340,1119
1738622343,1115
1738622346,1104
1738622349,1117
1738622352,1115
1738622355,1115
1738622358,1114
1738622361,1105
1738622364,1109
1738622367,1112
1738622370,1104
1738622374,1107
1738622376,1112
1738622379,1106
1738622382,1107
1738622385,1099
1738622388,1113
1738622391,1114
1738622394,1112
1738622397,1109
1738622401,1115
1738622404,1104
1738622407,1103
1738622410,1103
1738622413,1102
1738622416,1105
1738622419,1099
1738622422,1095
1738622425,1104
1738622428,1098
1738622431,1104
1738622434,1091
1738622437,1095
1738622441,1339
1738622444,1347
1738622447,1439
1738622450,1597
1738622452,1475
1738622456,1349
1738622456,None
1738622462,1115
1738622465,1050
1738622468,1046
1738622471,1052
1738622474,1052
1738622477,1046
1738622480,1048
1738622483,1053
1738622486,1046
1738622489,1053
1738622492,1048
1738622495,1053
1738622495,None
1738622501,1049
1738622504,1050
1738622508,1051
1738622511,1056
1738622513,1052
1738622513,None
1738622519,1057
1738622522,1044
1738622526,1050
1738622528,1046
1738622531,1042
1738622535,1046
1738622538,1053
1738622541,1054
1738622544,1057
1738622547,1060
1738622550,1053
1738622553,1062
1738622556,1052
1738622559,1058
1738622563,1050
1738622565,1057
1738622568,1055
1738622571,1053
1738622571,None
1738622577,1058
1738622580,1074
1738622583,1093
1738622583,None
1738622590,1081
1738622593,1074
1738622595,1078
1738622599,1085
1738622601,1080
1738622604,1074
1738622607,1065
1738622611,1063
1738622614,957
1738622617,874
1738622620,874
1738622623,865
1738622626,863
1738622629,853
1738622632,871
1738622635,869
1738622639,881
1738622641,875
1738622644,877
1738622647,871
1738622650,861
1738622650,None
1738622657,866
1738622659,869
1738622663,863
1738622666,872
1738622669,865
1738622669,None
1738622675,859
1738622678,863
1738622678,None
1738622684,852
1738622687,869
1738622690,875
1738622693,862
1738622696,852
1738622702,852
1738622705,857
1738622708,860
1738622711,861
1738622715,861
1738622717,858
1738622720,864
1738622724,1013
1738622727,865
1738622730,225
1738622733,969
1738622733,None
1738622739,217
1738622742,964
1738622742,None
1738622748,349
1738622751,939
1738622754,552
1738622757,345
1738622760,1079
1738622763,562
1738622766,336
1738622769,1089
1738622773,558
1738622776,340
1738622779,1079
1738622782,562
1738622785,345
1738622788,1083
1738622791,545
1738622795,643
1738622797,1084
1738622800,257
1738622803,634
1738622806,1091
1738622806,None
1738622813,640
1738622815,1087
1738622819,263
1738622819,None
1738622825,1076
1738622828,265
1738622831,639
1738622834,856
1738622837,264
1738622840,640
1738622843,1224
1738622846,522
1738622849,883
1738622852,1104
1738622852,None
1738622858,926
1738622858,None
1738622864,193
1738622867,929
1738622870,857
1738622874,441
1738622877,1180
1738622880,1102
1738622883,550
1738622886,973
1738622889,855
1738622892,200
1738622895,931
1738622898,856
1738622901,198
1738622904,935
1738622907,1078
1738622910,1194
1738622914,1180
1738622916,942
1738622916,None
1738622922,670
1738622925,1186
1738622929,1189
1738622931,951
1738622935,193
1738622937,664
1738622941,1175
1738622944,1180
1738622947,614
1738622950,198
1738622950,None
1738622956,192
1738622960,196
1738622962,197
1738622965,189
1738622968,194
1738622971,200
1738622974,196
1738622977,191
1738622980,194
1738622983,200
1738622986,194
1738622989,201
1738622993,191
1738622995,186
1738622998,204
1738623002,198
1738623002,None
1738623008,1127
1738623011,601
1738623014,197
1738623017,199
1738623017,None
1738623023,191
1738623026,189
1738623029,203
1738623032,852
1738623035,995
1738623039,987
1738623042,531
1738623045,194
1738623048,199
1738623051,189
1738623054,196
1738623054,None
1738623060,192
1738623063,203
1738623066,198
1738623066,None
1738623072,198
1738623075,316
1738623078,969
1738623081,967
1738623084,976
1738623088,188
1738623090,194
1738623093,191
1738623097,186
1738623099,195
1738623102,185
1738623106,185
1738623109,186
1738623111,188
1738623114,190
1738623118,180
1738623121,309
1738623124,982
1738623127,970
1738623127,None
1738623127,None
1738623136,187
1738623139,190
1738623142,187
1738623145,184
1738623148,189
1738623151,189
1738623155,190
1738623157,148
1738623160,140
1738623164,144
1738623167,143
1738623170,518
1738623173,921
1738623175,935
1738623179,776
1738623179,None
1738623185,170
1738623188,218
1738623191,209
1738623194,221
1738623197,191
1738623200,173
1738623203,185
1738623203,None
1738623209,219
1738623212,227
1738623212,None
1738623219,218
1738623222,216
1738623224,219
1738623228,215
1738623228,None
1738623234,219
1738623237,219
1738623239,213
1738623243,215
1738623246,220
1738623246,None
1738623252,224
1738623255,218
1738623258,373
1738623258,None
1738623264,744
1738623267,743
1738623270,593
1738623273,356
1738623276,217
1738623279,236
1738623282,217
1738623285,184
1738623288,175
1738623291,185
1738623295,177
1738623297,179
1738623300,180
1738623303,179
1738623307,184
1738623310,183
1738623313,903
1738623316,984
1738623319,230
1738623322,216
1738623325,190
1738623328,177
1738623332,184
1738623334,177
1738623337,220
1738623340,227
1738623344,219
1738623346,217
1738623349,220
1738623353,215
1738623356,217
1738623358,223
1738623362,219
1738623364,216
1738623368,222
1738623371,218
1738623374,216
1738623377,219
1738623380,218
1738623383,216
1738623386,217
1738623389,214
1738623392,219
1738623395,214
1738623399,221
1738623401,210
1738623404,214
1738623408,207
1738623410,212
1738623414,204
1738623416,537
1738623420,1109
1738623422,359
1738623425,162
1738623429,167
1738623432,171
1738623435,160
1738623438,167
1738623441,166
1738623444,163
1738623447,196
1738623451,209
1738623453,212
1738623456,187
1738623459,156
1738623462,170
1738623466,163
1738623468,158
1738623472,166
1738623475,164
1738623478,158
1738623481,165
1738623484,212
1738623487,205
1738623490,206
1738623493,209
1738623496,226
1738623499,216
1738623502,211
1738623502,None
1738623508,213
1738623511,215
1738623514,213
1738623517,213
1738623520,256
1738623524,1138
1738623527,722
1738623529,221
1738623532,208
1738623536,219
1738623539,215
1738623542,212
1738623545,218
1738623548,214
1738623551,215
1738623555,213
1738623558,214
1738623560,219
1738623563,216
1738623566,242
1738623569,276
1738623572,278
1738623575,271
1738623578,265
1738623581,260
1738623584,256
1738623588,262
1738623590,259
1738623593,304
1738623596,301
1738623599,288
1738623602,261
1738623605,238
1738623608,249
1738623612,240
1738623615,234
1738623618,237
1738623621,232
1738623621,None
1738623627,851
1738623627,None
1738623633,278
1738623636,280
1738623639,276
1738623642,269
1738623642,None
1738623648,284
1738623651,388
1738623654,532
1738623658,533
1738623661,535
1738623664,300
1738623667,289
1738623669,293
1738623673,285
1738623676,285
1738623679,289
1738623682,305
1738623685,292
1738623688,278
1738623691,291
1738623694,300
1738623697,248
1738623700,241
1738623703,251
1738623706,254
1738623709,235
1738623712,236
1738623715,255
1738623718,251
1738623721,240
1738623725,233
1738623727,290
1738623727,None
1738623733,281
1738623736,282
1738623739,300
1738623743,297
1738623745,284
1738623749,284
1738623749,None
1738623755,556
1738623758,499
1738623761,484
1738623764,259
1738623768,251
1738623770,236
1738623773,241
1738623776,252
1738623776,None
1738623782,245
1738623782,None
1738623782,None
1738623791,298
1738623794,287
1738623797,282
1738623801,302
1738623803,292
1738623807,287
1738623810,283
1738623813,305
1738623816,257
1738623819,238
1738623822,245
1738623825,259
1738623828,246
1738623831,243
1738623834,246
1738623838,259
1738623840,240
1738623843,241
1738623846,244
1738623849,236
1738623849,None
1738623855,250
1738623855,None
1738623861,235
1738623865,237
1738623867,256
1738623867,None
1738623874,228
1738623877,236
1738623880,253
1738623883,255
1738623886,237
1738623889,238
1738623892,250
1738623892,None
1738623892,None
1738623901,245
1738623904,258
1738623907,238
1738623910,235
1738623913,251
1738623916,253
1738623920,245
1738623922,236
1738623925,232
1738623928,258
1738623931,238
1738623934,232
1738623938,243
1738623941,256
1738623944,245
1738623947,237
1738623947,None
1738623947,None
1738623956,240
1738623959,229
1738623962,257
1738623965,255
1738623968,234
1738623971,231
1738623974,245
1738623977,258
1738623980,231
1738623983,228
1738623987,258
1738623989,256
1738623992,228
1738623995,241
1738623999,252
1738624002,254
1738624005,234
1738624008,235
1738624011,256
1738624014,244
1738624017,238
1738624020,240
1738624023,237
1738624026,241
1738624029,232
1738624032,237
1738624035,234
1738624038,234
1738624041,233
1738624044,239
1738624044,None
1738624050,227
1738624053,239
1738624057,234
1738624057,None
1738624057,None
1738624065,233
1738624068,236
1738624071,236
1738624074,254
1738624078,263
1738624081,490
1738624081,None
1738624087,517
1738624090,505
1738624093,419
1738624096,242
1738624099,232
1738624103,235
1738624106,237
1738624108,236
1738624111,234
1738624115,236
1738624117,253
1738624120,905
1738624124,1344
1738624126,1350
1738624130,1177
1738624132,1337
1738624136,1596
1738624139,1601
1738624142,1605
1738624145,1603
1738624148,1480
1738624151,1350
1738624154,1348
1738624154,None
1738624160,1346
1738624163,1339
1738624166,1347
1738624169,1349
1738624173,1347
1738624175,1354
1738624178,1350
1738624182,1339
1738624184,1348
1738624188,1345
1738624190,1346
1738624193,1350
1738624197,1351
1738624199,1339
1738624199,None
1738624206,1358
1738624209,1364
1738624212,1367
1738624215,1373
1738624218,1342
1738624221,1347
1738624224,1348
1738624227,1357
1738624230,1355
1738624233,1350
1738624236,1340
1738624239,1330
1738624242,1338
1738624245,1347
1738624248,1343
1738624251,1349
1738624251,None
1738624257,1344
1738624261,1343
1738624263,1342
1738624266,1336
1738624270,1348
1738624273,1343
1738624276,1339
1738624279,1350
1738624282,1348
1738624285,1344
1738624285,None
1738624291,1340
1738624294,1344
1738624297,1337
1738624300,1345
1738624303,1333
1738624306,1340
1738624309,1342
1738624309,None
1738624315,1344
1738624318,1364
1738624322,1362
1738624324,1361
1738624327,1343
1738624331,1340
1738624334,1344
1738624337,1338
1738624340,1337
1738624343,1333
1738624346,1343
1738624349,1340
1738624352,1341
1738624355,1342
1738624359,1341
1738624361,1341
1738624364,1343
1738624367,1342
1738624370,1346
1738624373,1259
1738624376,246
1738624380,244
1738624383,237
1738624386,244
1738624389,244
1738624391,246
1738624394,242
1738624398,245
1738624401,236
1738624404,239
1738624407,249
1738624410,240
1738624413,238
1738624416,249
1738624419,243
1738624422,240
1738624425,243
1738624428,245
1738624431,239
1738624435,248
1738624435,None
1738624441,235
1738624443,232
1738624446,251
1738624450,245
1738624452,239
1738624456,237
1738624459,240
1738624462,246
1738624465,245
1738624468,240
1738624470,245
1738624474,240
1738624477,242
1738624480,245
1738624483,244
1738624486,242
1738624489,242
1738624492,241
1738624495,244
1738624499,237
1738624501,239
1738624504,241
1738624507,245
1738624510,238
1738624513,245
1738624517,238
1738624520,243
1738624523,240
1738624526,246
1738624529,241
1738624532,240
1738624535,244
1738624538,240
1738624541,207
1738624544,211
1738624547,204
1738624550,212
1738624553,278
1738624556,468
1738624559,470
1738624562,462
1738624565,414
1738624568,208
1738624571,212
1738624574,205
1738624577,211
1738624581,357
1738624584,464
1738624587,464
1738624591,465
1738624593,460
1738624596,278
1738624599,214
1738624602,242
1738624605,245
1738624608,232
1738624611,226
1738624614,231
1738624617,228
1738624620,230
1738624623,224
1738624626,234
1738624629,242
1738624632,231
1738624635,219
1738624638,231
1738624641,228
1738624645,235
1738624648,233
1738624651,228
1738624654,212
1738624654,None
1738624660,210
1738624660,None
1738624666,212
1738624669,216
1738624672,212
1738624675,212
1738624678,209
1738624681,206
1738624684,203
1738624687,208
1738624690,209
1738624693,213
1738624697,217
1738624699,215
1738624702,221
1738624706,216
1738624708,213
1738624712,207
1738624715,221
1738624718,214
1738624721,214
1738624724,215
1738624724,None
1738624730,217
1738624733,209
1738624736,220
1738624739,211
1738624742,221
1738624745,212
1738624748,217
1738624752,213
1738624754,215
1738624757,214
1738624761,209
1738624763,218
1738624763,None
1738624770,216
1738624773,213
1738624776,215
1738624779,216
1738624782,212
1738624784,215
1738624788,212
1738624791,214
1738624794,215
1738624797,227
1738624800,221
1738624803,211
1738624806,221
1738624809,209
1738624812,216
1738624815,210
1738624818,212
1738624821,217
1738624825,217
1738624828,217
1738624831,206
1738624834,214
1738624837,221
1738624840,214
1738624843,212
1738624846,208
1738624849,216
1738624849,None
1738624855,210
1738624858,216
1738624861,313
1738624864,1297
1738624867,1320
1738624870,1340
1738624873,1104
1738624876,1341
1738624880,1335
1738624882,1341
1738624885,1340
1738624888,1341
1738624892,1332
1738624894,1356
1738624898,1340
1738624901,1348
1738624903,1348
1738624907,1351
1738624910,1351
1738624913,1348
1738624916,1348
1738624919,1349
1738624922,1348
1738624925,1353
1738624928,1338
1738624928,None
1738624934,1321
1738624937,1326
1738624937,None
1738624943,1324
1738624946,1327
1738624949,1318
1738624952,1328
1738624955,1323
1738624959,1325
1738624962,1329
1738624964,1479
1738624967,1580
1738624971,1584
1738624974,1582
1738624974,None
1738624980,1344
1738624983,1338
1738624987,1343
1738624989,1341
1738624992,1331
1738624995,1345
1738624998,1338
1738624998,None
1738625004,1337
1738625007,1333
1738625011,1333
1738625013,1340
1738625016,1324
1738625019,1333
1738625022,1336
1738625026,1345
1738625028,1337
1738625031,1334
1738625035,1323
1738625038,1344
1738625041,1340
1738625044,1334
1738625047,1358
1738625050,1592
1738625053,1587
1738625056,1592
1738625059,1546
1738625062,1344
1738625065,1338
1738625068,1333
1738625071,1346
1738625075,1337
1738625077,1338
1738625080,1342
1738625084,1344
1738625084,None
1738625090,1341
1738625093,1337
1738625096,1333
1738625099,1358
1738625102,1372
1738625105,1370
1738625108,1371
1738625111,1382
1738625114,1375
1738625117,1365
1738625120,1342
1738625123,1343
1738625126,1345
1738625129,1339
1738625132,1339
1738625135,1338
1738625138,1340
1738625142,1342
1738625144,1339
1738625147,1347
1738625150,428
1738625153,253
1738625153,None
1738625160,247
1738625163,249
1738625166,248
1738625169,246
1738625169,None
1738625175,249
1738625178,248
1738625181,248
1738625184,250
1738625187,263
1738625190,269
1738625193,253
1738625196,250
1738625199,249
1738625202,244
1738625205,250
1738625208,242
1738625211,247
1738625215,248
1738625217,242
1738625220,249
1738625224,241
1738625227,250
1738625230,244
1738625233,248
1738625236,247
1738625239,247
1738625242,255
1738625245,243
1738625248,254
1738625251,241
1738625254,253
1738625257,244
1738625260,251
1738625263,248
1738625267,246
1738625267,None
1738625272,246
1738625275,251
1738625279,250
1738625281,240
1738625284,249
1738625288,246
1738625291,241
1738625294,249
1738625294,None
1738625299,244
1738625303,241
1738625305,246
1738625308,256
1738625312,247
1738625315,241
1738625318,252
1738625321,252
1738625324,246
1738625324,None
1738625330,251
1738625333,249
1738625336,244
1738625339,246
1738625342,250
1738625345,245
1738625348,239
1738625351,253
1738625354,246
1738625357,245
1738625357,None
1738625363,252
1738625367,244
1738625370,250
1738625370,None
1738625376,252
1738625379,250
1738625382,243
1738625385,246
1738625388,244
1738625391,248
1738625394,249
1738625397,245
1738625400,245
1738625403,248
1738625406,250
1738625409,241
1738625412,248
1738625415,253
1738625419,248
1738625419,None
1738625424,246
1738625428,252
1738625431,249
1738625434,245
1738625437,248
1738625440,252
1738625440,None
1738625446,242
1738625449,330
1738625452,515
1738625455,509
1738625458,501
1738625461,451
1738625464,246
1738625467,492
1738625470,502
1738625470,None
1738625476,501
1738625479,499
1738625483,394
1738625485,246
1738625485,None
1738625491,250
1738625494,246
1738625494,None
1738625501,244
1738625503,251
1738625506,242
1738625506,None
1738625513,244
1738625516,244
1738625519,251
1738625522,246
1738625525,249
1738625528,247
1738625531,247
1738625534,252
1738625537,243
1738625540,252
1738625543,250
1738625546,243
1738625549,251
1738625552,243
1738625555,249
1738625558,249
1738625558,None
1738625564,246
1738625567,250
1738625570,245
1738625574,243
1738625577,250
1738625580,242
1738625583,243
1738625586,245
1738625589,246
1738625592,244
1738625595,247
1738625598,246
1738625601,242
1738625604,251
1738625608,242
1738625610,245
1738625613,246
1738625613,None
1738625613,None
1738625622,241
1738625625,247
1738625628,240
1738625631,247
1738625635,241
1738625637,240
1738625641,245
1738625644,241
1738625647,248
1738625650,239
1738625653,251
1738625653,None
1738625659,236
1738625662,249
1738625665,246
1738625668,246
1738625671,251
1738625674,252
1738625677,252
1738625680,241
1738625684,247
1738625686,249
1738625690,246
1738625692,243
1738625695,253
1738625699,244
1738625702,244
1738625705,249
1738625705,None
1738625711,245
1738625714,238
1738625717,249
1738625720,249
1738625723,236
1738625726,250
1738625729,242
1738625732,242
1738625735,249
1738625738,242
1738625741,245
1738625744,247
1738625748,244
1738625750,250
1738625754,243
1738625757,242
1738625760,238
1738625763,245
1738625766,245
1738625768,245
1738625772,243
1738625775,243
1738625778,242
1738625781,248
1738625784,240
1738625788,247
1738625790,240
1738625794,243
1738625796,241
1738625799,241
1738625803,243
1738625805,241
1738625808,242
1738625811,243
1738625815,234
1738625818,246
1738625821,240
1738625824,238
1738625827,242
1738625830,237
1738625833,245
1738625836,242
1738625839,248
1738625842,238
1738625845,245
1738625849,242
1738625851,232
1738625854,248
1738625857,242
1738625860,238
1738625864,243
1738625867,242
1738625869,247
1738625872,345
1738625872,None
1738625879,500
1738625881,493
1738625884,409
1738625884,None
1738625890,241
1738625894,234
1738625896,239
1738625900,240
1738625903,240
1738625906,234
1738625909,235
1738625912,249
1738625912,None
1738625918,239
1738625921,233
1738625924,242
1738625927,240
1738625930,241
1738625933,246
1738625936,237
1738625939,240
1738625942,242
1738625945,236
1738625949,241
1738625949,None
1738625954,241
1738625957,241
1738625961,243
1738625963,242
1738625967,246
1738625970,235
1738625973,242
1738625976,246
1738625979,237
1738625979,None
1738625985,243
1738625985,None
1738625991,243
1738625994,243
1738625997,245
1738626000,487
1738626003,497
1738626007,492
1738626010,490
1738626013,491
1738626015,492
1738626019,295
1738626022,239
1738626025,238
1738626028,240
1738626031,246
1738626033,235
1738626037,242
1738626040,240
1738626043,234
1738626047,243
1738626049,239
1738626052,232
1738626055,239
1738626058,238
1738626061,232
1738626064,243
1738626067,236
1738626067,None
1738626073,236
1738626076,242
1738626079,234
1738626083,236
1738626085,240
1738626088,234
1738626092,241
1738626095,239
1738626098,233
1738626098,None
1738626104,232
1738626107,235
1738626110,240
1738626110,None
1738626116,230
1738626119,241
1738626122,237
1738626125,232
1738626129,243
1738626129,None
1738626135,237
1738626138,235
1738626141,236
1738626144,233
1738626147,241
1738626150,234
1738626153,242
1738626156,239
1738626159,234
1738626162,238
1738626165,234
1738626168,237
1738626171,241
1738626175,231
1738626178,240
1738626180,235
1738626183,235
1738626186,246
1738626190,237
1738626192,239
1738626196,240
1738626199,230
1738626202,238
1738626205,232
1738626208,237
1738626211,232
1738626211,None
1738626217,236
1738626220,237
1738626223,239
1738626226,235
1738626229,239
1738626232,234
1738626235,241
1738626238,233
1738626241,237
1738626245,239
1738626247,237
1738626250,937
1738626253,1380
1738626256,1372
1738626259,1376
1738626262,1368
1738626266,1374
1738626269,1375
1738626272,1382
1738626274,1368
1738626278,1374
1738626281,1370
1738626284,1370
1738626287,1368
1738626290,1375
1738626293,1316
1738626296,957
1738626299,1381
1738626302,1490
1738626306,1627
1738626308,1639
1738626311,1633
1738626314,1604
1738626317,1367
1738626320,1370
1738626320,None
1738626327,1372
1738626329,1371
1738626333,1374
1738626333,None
1738626339,1382
1738626341,1373
1738626345,1384
1738626347,1379
1738626351,1380
1738626354,1383
1738626357,1388
1738626360,1385
1738626363,1390
1738626366,1393
1738626370,1383
1738626372,1400
1738626376,1386
1738626378,1393
1738626381,1387
1738626384,1388
1738626387,1385
1738626390,1384
1738626393,1389
1738626396,1384
1738626400,1386
1738626403,1379
1738626403,None
1738626409,1385
1738626412,1383
1738626415,1390
1738626417,1385
1738626421,1385
1738626424,1383
1738626427,1387
1738626430,1379
1738626433,1386
1738626436,1391
1738626436,None
1738626442,1391
1738626445,1387
1738626448,1380
1738626452,1384
1738626455,1388
1738626457,1391
1738626461,1384
1738626463,1393
1738626467,1381
1738626470,1388
1738626473,1178
1738626476,269
1738626479,267
1738626482,269
1738626485,274
1738626488,264
1738626491,271
1738626494,263
1738626497,273
1738626500,268
1738626503,268
1738626506,266
1738626509,265
1738626512,265
1738626515,268
1738626519,266
1738626522,271
1738626524,273
1738626527,270
1738626531,271
1738626534,261
1738626537,273
1738626540,268
1738626543,265
1738626545,251
1738626549,246
1738626552,239
1738626555,245
1738626558,246
1738626561,247
1738626564,237
1738626567,331
1738626567,None
1738626573,501
1738626576,495
1738626579,492
1738626583,353
1738626586,241
1738626588,243
1738626591,242
1738626594,247
1738626597,236
1738626600,239
1738626604,246
1738626606,241
1738626609,239
1738626613,245
1738626616,245
1738626619,244
1738626622,249
1738626625,244
1738626628,245
1738626631,247
1738626634,241
1738626637,246
1738626640,247
1738626640,None
1738626647,248
1738626650,244
1738626652,247
1738626652,None
1738626659,244
1738626662,246
1738626665,245
1738626668,247
1738626671,247
1738626673,243
1738626677,249
1738626680,240
1738626683,249
1738626686,240
1738626689,229
1738626692,228
1738626695,227
1738626698,235
1738626701,222
1738626704,230
1738626708,223
1738626711,230
1738626713,222
1738626717,231
1738626717,None
1738626722,222
1738626726,228
1738626729,225
1738626732,233
1738626735,226
1738626738,231
1738626741,221
1738626744,229
1738626747,224
1738626750,230
1738626753,227
1738626756,217
1738626759,225
1738626763,222
1738626765,225
1738626769,211
1738626772,213
1738626775,278
1738626778,481
1738626781,481
1738626784,490
1738626787,328
1738626787,None
1738626793,213
1738626796,222
1738626799,221
1738626802,219
1738626805,219
1738626808,226
1738626811,217
1738626814,220
1738626817,221
1738626822,215
1738626824,223
1738626827,227
1738626831,221
1738626833,222
1738626836,225
1738626839,219
1738626842,220
1738626846,223
1738626848,225
1738626848,None
1738626855,226
1738626857,221
1738626860,210
1738626863,226
1738626863,None
1738626863,None
1738626872,215
1738626876,219
1738626879,217
1738626882,227
1738626885,216
1738626888,213
1738626891,225
1738626894,227
1738626897,220
1738626900,218
1738626900,None
1738626906,225
1738626909,221
1738626913,221
1738626916,214
1738626919,224
1738626921,222
1738626925,217
1738626928,227
1738626928,None
1738626934,220
1738626937,227
1738626939,219
1738626943,217
1738626943,None
1738626949,222
1738626952,220
1738626955,212
1738626958,225
1738626961,222
1738626964,217
1738626967,221
1738626970,222
1738626973,213
1738626976,219
1738626980,220
1738626983,210
1738626985,219
1738626989,222
1738626989,None
1738626995,219
1738626998,222
1738627001,218
1738627004,222
1738627007,216
1738627010,213
1738627013,224
1738627016,220
1738627019,219
1738627022,221
1738627025,210
1738627028,247
1738627031,477
1738627034,474
1738627037,477
1738627040,375
1738627043,224
1738627043,None
1738627050,220
1738627052,219
1738627056,216
1738627059,221
1738627062,223
1738627062,None
1738627068,221
1738627071,223
1738627074,216
1738627077,221
1738627080,222
1738627083,216
1738627086,223
1738627089,216
1738627092,216
1738627095,217
1738627098,223
1738627101,212
1738627105,224
1738627107,214
1738627111,222
1738627114,221
1738627117,219
1738627120,219
1738627123,218
1738627126,217
1738627129,216
1738627132,218
1738627135,227
1738627138,216
1738627141,222
1738627144,212
1738627147,224
1738627150,221
1738627153,222
1738627156,214
1738627159,221
1738627162,219
1738627165,216
1738627168,218
1738627168,None
1738627175,222
1738627178,305
1738627181,484
1738627184,478
1738627187,480
1738627187,None
1738627187,None
1738627195,216
1738627198,223
1738627202,227
1738627202,None
1738627208,222
1738627211,215
1738627214,225
1738627217,223
1738627220,221
1738627223,217
1738627226,223
1738627229,219
1738627232,225
1738627232,None
1738627239,217
1738627241,231
1738627244,222
1738627247,222
1738627250,220
1738627254,217
1738627257,223
1738627260,220
1738627263,223
1738627266,227
1738627269,215
1738627272,225
1738627275,217
1738627278,219
1738627281,211
1738627284,219
1738627287,213
1738627290,220
1738627294,212
1738627296,223
1738627299,210
1738627299,None
1738627305,216
1738627308,218
1738627312,215
1738627314,220
1738627318,217
1738627321,223
1738627324,221
1738627327,214
1738627330,218
1738627333,218
1738627336,214
1738627339,214
1738627342,215
1738627345,219
1738627348,211
1738627351,221
1738627354,219
1738627357,223
1738627360,211
1738627363,220
1738627363,None
1738627369,215
1738627372,214
1738627376,216
1738627379,220
1738627381,224
1738627381,None
1738627381,None
1738627390,215
1738627394,424
1738627397,477
1738627400,477
1738627403,469
1738627406,430
1738627409,214
1738627412,212
1738627415,207
1738627418,223
1738627421,215
1738627424,215
1738627428,212
1738627430,206
1738627430,None
1738627436,213
1738627439,227
1738627443,209
1738627443,None
1738627448,218
1738627452,216
1738627454,207
1738627454,None
1738627460,246
1738627463,250
1738627467,249
1738627469,261
1738627469,None
1738627476,252
1738627479,252
1738627482,259
1738627485,260
1738627488,256
1738627491,249
1738627494,266
1738627497,257
1738627500,254
1738627503,254
1738627503,None
1738627510,260
1738627512,251
1738627515,265
1738627518,262
1738627521,248
1738627524,264
1738627527,262
1738627530,252
1738627533,258
1738627537,270
1738627539,265
1738627539,None
1738627546,264
1738627549,259
1738627552,261
1738627555,267
1738627558,266
1738627561,249
1738627564,269
1738627567,260
1738627570,258
1738627573,268
1738627576,260
1738627579,264
1738627582,259
1738627585,261
1738627588,266
1738627591,516
1738627594,531
1738627597,528
1738627601,421
1738627604,259
1738627607,259
1738627610,266
1738627613,256
1738627616,260
1738627619,265
1738627622,264
1738627622,None
1738627628,264
1738627631,263
1738627634,265
1738627638,262
1738627640,262
1738627643,264
1738627646,262
1738627649,251
1738627649,None
1738627655,267
1738627659,263
1738627659,None
1738627665,259
1738627667,273
1738627671,257
1738627674,250
1738627677,257
1738627680,265
1738627683,262
1738627686,255
1738627689,262
1738627692,253
1738627695,256
1738627698,257
1738627701,266
1738627704,261
1738627707,258
1738627710,246
1738627713,254
1738627716,257
1738627719,257
1738627722,261
1738627725,255
1738627728,254
1738627728,None
1738627734,263
1738627737,254
1738627740,260
1738627744,266
1738627747,255
1738627750,262
1738627753,261
1738627756,254
1738627759,265
1738627761,259
1738627765,252
1738627765,None
1738627772,262
1738627774,263
1738627777,267
1738627780,263
1738627783,252
1738627786,259
1738627789,258
1738627792,252
1738627795,253
1738627798,258
1738627801,265
1738627805,256
1738627807,256
1738627810,256
1738627814,259
1738627817,257
1738627820,253
1738627823,260
1738627826,256
1738627828,258
1738627832,261
1738627835,258
1738627838,492
1738627841,515
1738627844,522
1738627847,514
1738627850,395
1738627853,249
1738627856,257
1738627856,None
1738627856,None
1738627865,263
1738627868,262
1738627871,258
1738627874,255
1738627878,257
1738627878,None
1738627884,254
1738627887,265
1738627889,255
1738627893,251
1738627896,254
1738627898,257
1738627902,252
1738627905,253
1738627908,257
1738627912,259
1738627914,259
1738627917,249
1738627921,262
1738627923,256
1738627926,265
1738627929,253
1738627932,257
1738627935,261
1738627938,263
1738627941,259
1738627945,250
1738627948,248
1738627950,253
1738627954,259
1738627957,263
1738627960,259
1738627963,250
1738627966,266
1738627968,259
1738627973,250
1738627975,255
1738627978,257
1738627981,263
1738627984,258
1738627987,256
1738627991,260
1738627993,256
1738627996,261
1738628000,257
1738628002,252
1738628005,256
1738628008,245
1738628011,252
1738628014,249
1738628018,246
1738628021,246
1738628024,243
1738628027,250
1738628030,240
1738628030,None
1738628036,243
1738628039,499
1738628042,504
1738628045,495
1738628048,494
1738628052,240
1738628054,239
1738628057,232
1738628060,234
1738628063,233
1738628067,240
1738628069,244
1738628073,233
1738628076,245
1738628079,245
1738628082,249
1738628085,242
1738628088,242
1738628091,249
1738628094,250
1738628097,246
1738628100,249
1738628103,246
1738628103,None
1738628109,243
1738628112,260
1738628115,251
1738628118,252
1738628121,247
1738628124,251
1738628127,251
1738628127,None
1738628134,253
1738628136,249
1738628139,257
1738628143,251
1738628145,251
1738628149,257
1738628152,255
1738628155,253
1738628158,253
1738628161,257
1738628164,247
1738628164,None
1738628170,258
1738628173,251
1738628176,257
1738628179,261
1738628182,251
1738628186,257
1738628189,258
1738628191,256
1738628194,249
1738628194,None
1738628200,263
1738628204,256
1738628207,253
1738628210,255
1738628212,256
1738628216,260
1738628219,253
1738628219,None
1738628225,266
1738628228,258
1738628231,256
1738628235,262
1738628237,258
1738628240,258
1738628240,None
1738628246,255
1738628249,264
1738628253,253
1738628256,259
1738628258,258
1738628258,None
1738628265,258
1738628267,251
1738628271,255
1738628274,255
1738628277,257
1738628280,259
1738628283,260
1738628286,252
1738628289,264
1738628292,254
1738628295,254
1738628298,254
1738628301,264
1738628304,252
1738628308,261
1738628310,258
1738628313,258
1738628316,513
1738628320,505
1738628323,508
1738628326,513
1738628329,339
1738628331,255
1738628335,259
1738628335,None
1738628341,260
1738628344,256
1738628344,None
1738628350,261
1738628353,256
1738628356,253
1738628359,258
1738628362,251
1738628365,264
1738628368,253
1738628372,262
1738628375,257
1738628377,256
1738628380,257
1738628383,253
1738628387,257
1738628389,255
1738628393,252
1738628395,258
1738628399,249
1738628402,257
1738628405,251
1738628408,252
1738628411,254
1738628414,251
1738628417,256
1738628420,246
1738628423,252
1738628426,249
1738628429,255
1738628432,253
1738628435,247
1738628439,255
1738628439,None
1738628445,251
1738628448,257
1738628451,245
1738628454,258
1738628457,251
1738628457,None
1738628463,252
1738628466,244
1738628469,247
1738628469,None
1738628475,245
1738628479,246
1738628481,241
1738628484,261
1738628487,260
1738628490,246
1738628494,262
1738628496,340
1738628499,511
1738628499,None
1738628506,518
1738628509,500
1738628512,264
1738628515,255
1738628518,249
1738628521,252
1738628524,261
1738628527,256
1738628530,253
1738628533,256
1738628536,256
1738628539,257
1738628542,258
1738628545,251
1738628548,252
1738628551,264
1738628554,256
1738628557,255
1738628560,259
1738628563,256
1738628567,251
1738628570,257
1738628573,255
1738628576,249
1738628580,258
1738628582,251
1738628585,257
1738628588,250
1738628591,253
1738628594,255
1738628597,249
1738628600,261
1738628603,247
1738628607,258
1738628609,246
1738628613,254
1738628615,251
1738628619,249
1738628622,251
1738628625,252
1738628628,247
1738628631,252
1738628634,251
1738628634,None
1738628640,254
1738628643,256
1738628646,251
1738628649,238
1738628652,254
1738628655,254
1738628658,250
1738628661,252
1738628665,244
1738628667,255
1738628670,250
1738628674,257
1738628677,250
1738628679,247
1738628683,258
1738628686,252
1738628686,None
1738628692,257
1738628695,251
1738628695,None
1738628701,249
1738628704,252
1738628707,248
1738628710,250
1738628713,245
1738628716,254
1738628719,246
1738628722,256
1738628725,247
1738628725,None
1738628731,240
1738628734,251
1738628737,270
1738628740,508
1738628743,506
1738628746,509
1738628749,502
1738628752,373
1738628756,252
1738628759,253
1738628762,251
1738628765,251
1738628768,245
1738628771,251
1738628774,249
1738628777,250
1738628780,246
1738628783,245
1738628786,251
1738628789,241
1738628792,245
1738628795,254
1738628798,257
1738628801,261
1738628804,252
1738628807,246
1738628811,253
1738628813,245
1738628817,243
1738628819,245
1738628822,249
1738628826,246
1738628829,249
1738628832,243
1738628835,253
1738628838,249
1738628840,243
1738628840,None
1738628847,256
1738628850,260
1738628853,261
1738628856,267
1738628859,256
1738628862,275
1738628865,271
1738628868,265
1738628871,269
1738628874,253
1738628877,251
1738628881,251
1738628883,250
1738628886,244
1738628889,405
1738628892,497
1738628895,495
1738628898,495
1738628902,498
1738628904,496
1738628904,None
1738628911,494
1738628913,501
1738628917,509
1738628920,506
1738628923,511
1738628926,506
1738628929,500
1738628932,507
1738628935,500
1738628938,511
1738628941,525
1738628944,500
1738628947,500
1738628950,496
1738628953,498
1738628957,498
1738628959,505
1738628963,492
1738628966,522
1738628969,501
1738628972,495
1738628975,507
1738628977,343
1738628981,234
1738628984,233
1738628987,234
1738628990,236
1738628993,233
1738628996,232
1738628999,227
1738629002,234
1738629005,245
1738629009,234
1738629011,235
1738629014,270
1738629014,None
1738629020,254
1738629024,264
1738629027,262
1738629027,None
1738629033,253
1738629036,269
1738629039,260
1738629042,260
1738629045,267
1738629048,263
1738629051,258
1738629054,262
1738629057,252
1738629060,235
1738629063,240
1738629067,246
1738629070,240
1738629073,242
1738629075,240
1738629078,240
1738629082,240
1738629084,231
1738629088,238
1738629091,238
1738629091,None
1738629097,228
1738629100,234
1738629103,239
1738629106,234
1738629109,237
1738629112,242
1738629115,237
1738629118,228
1738629121,245
1738629124,237
1738629128,228
1738629130,235
1738629133,236
1738629137,232
1738629137,None
1738629143,228
1738629143,None
1738629149,238
1738629149,None
1738629155,236
1738629158,223
1738629161,239
1738629164,239
1738629167,235
1738629170,223
1738629173,219
1738629176,220
1738629179,211
1738629179,None
1738629185,211
1738629189,196
1738629191,208
1738629194,206
1738629197,194
1738629197,None
1738629204,207
1738629206,199
1738629210,200
1738629210,None
1738629210,None
1738629210,None
1738629222,303
1738629225,315
1738629228,305
1738629231,301
1738629234,302
1738629234,None
1738629240,301
1738629243,307
1738629246,293
1738629249,298
1738629252,299
1738629255,303
1738629258,294
1738629262,304
1738629264,302
1738629267,300
1738629270,295
1738629273,298
1738629277,298
1738629280,304
1738629282,298
1738629286,296
1738629289,303
1738629292,303
1738629295,293
1738629298,300
1738629301,303
1738629304,297
1738629307,301
1738629311,293
1738629313,298
1738629316,305
1738629319,300
1738629323,289
1738629325,307
1738629329,298
1738629332,298
1738629334,300
1738629338,300
1738629341,296
1738629344,301
1738629346,295
1738629350,300
1738629353,296
1738629356,296
1738629356,None
1738629362,299
1738629365,297
1738629368,294
1738629371,296
1738629374,314
1738629377,560
1738629381,551
1738629383,554
1738629386,555
1738629390,555
1738629390,None
1738629396,299
1738629399,293
1738629399,None
1738629405,299
1738629408,292
1738629411,302
1738629414,302
1738629417,342
1738629420,516
1738629420,None
1738629426,554
1738629429,533
1738629432,298
1738629435,286
1738629439,287
1738629441,298
1738629444,294
1738629444,None
1738629451,294
1738629451,None
1738629457,289
1738629460,288
1738629463,295
1738629466,305
1738629469,315
1738629472,324
1738629475,324
1738629478,327
1738629481,321
1738629484,325
1738629487,317
1738629490,325
1738629493,315
1738629496,322
1738629499,321
1738629503,307
1738629505,323
1738629508,314
1738629512,319
1738629512,None
1738629518,312
1738629520,314
1738629524,313
1738629527,316
1738629530,319
1738629533,326
1738629536,322
1738629539,322
1738629542,298
1738629545,297
1738629548,294
1738629551,311
1738629554,321
1738629557,309
1738629560,312
1738629563,309
1738629563,None
1738629570,308
1738629573,316
1738629576,309
1738629579,307
1738629582,308
1738629585,310
1738629588,308
1738629591,313
1738629595,312
1738629597,302
1738629600,321
1738629603,312
1738629606,308
1738629609,305
1738629612,313
1738629615,312
1738629618,308
1738629621,316
1738629625,322
1738629628,314
1738629631,316
1738629634,307
1738629636,316
1738629640,318
1738629642,313
1738629646,312
1738629649,313
1738629652,313
1738629655,313
1738629658,316
1738629661,320
1738629664,314
1738629668,321
1738629668,None
1738629673,315
1738629676,319
1738629679,309
1738629682,311
1738629685,313
1738629688,321
1738629691,315
1738629694,303
1738629697,319
1738629700,314
1738629704,308
1738629706,316
1738629710,310
1738629713,314
1738629716,313
1738629719,313
1738629722,326
1738629724,312
1738629728,491
1738629731,573
1738629734,570
1738629737,570
1738629740,470
1738629743,318
1738629746,318
1738629749,316
1738629752,319
1738629755,310
1738629758,320
1738629761,309
1738629764,322
1738629767,314
1738629770,314
1738629773,312
1738629776,316
1738629779,316
1738629782,311
1738629785,325
1738629788,308
1738629792,321
1738629794,311
1738629798,314
1738629801,316
1738629804,315
1738629806,318
1738629810,316
1738629813,312
1738629816,319
1738629819,365
1738629822,549
1738629825,575
1738629828,579
1738629831,575
1738629834,321
1738629837,313
1738629840,318
1738629844,308
1738629846,319
1738629849,315
1738629852,309
1738629855,309
1738629855,None
1738629862,315
1738629864,310
1738629868,314
1738629868,None
1738629874,310
1738629877,315
1738629879,316
1738629883,312
1738629886,313
1738629889,314
1738629892,301
1738629895,315
1738629898,313
1738629901,302
1738629904,309
1738629907,309
1738629911,316
1738629913,312
1738629916,313
1738629919,302
1738629922,319
1738629925,315
1738629928,315
1738629932,313
1738629935,319
1738629938,315
1738629941,309
1738629944,320
1738629947,309
1738629950,323
1738629953,314
1738629956,316
1738629959,313
1738629962,317
1738629965,314
1738629968,314
1738629971,313
1738629971,None
1738629977,316
1738629980,309
1738629983,319
1738629987,309
1738629989,311
1738629993,314
1738629995,315
1738629999,310
1738630002,310
1738630005,316
1738630005,None
1738630011,316
1738630013,306
1738630016,320
1738630020,306
1738630023,315
1738630026,311
1738630029,312
1738630032,317
1738630035,314
1738630038,311
1738630041,308
1738630044,309
1738630047,314
1738630051,309
1738630053,301
1738630056,286
1738630059,294
1738630062,293
1738630065,301
1738630068,290
1738630072,297
1738630075,304
1738630077,290
1738630081,297
1738630084,294
1738630086,501
1738630090,559
1738630093,553
1738630096,552
1738630099,414
1738630102,292
1738630105,289
1738630108,299
1738630111,291
1738630114,302
1738630117,290
1738630120,295
1738630123,296
1738630126,291
1738630130,295
1738630132,292
1738630135,290
1738630135,None
1738630142,292
1738630145,292
1738630147,296
1738630151,282
1738630154,301
1738630157,358
1738630160,440
1738630163,1731
1738630166,1724
1738630166,None
1738630172,1719
1738630176,1721
1738630178,1185
1738630181,296
1738630184,304
1738630187,297
1738630190,290
1738630193,288
1738630196,296
1738630199,297
1738630203,290
1738630206,300
1738630209,292
1738630212,296
1738630215,295
1738630217,295
1738630221,296
1738630223,300
1738630227,294
1738630230,298
1738630233,298
1738630236,293
1738630239,294
1738630242,299
1738630245,304
1738630248,298
1738630251,305
1738630254,298
1738630257,285
1738630260,298
1738630263,286
1738630266,283
1738630269,289
1738630273,282
1738630275,297
1738630275,None
1738630281,291
1738630281,None
1738630288,285
1738630291,275
1738630294,292
1738630297,291
1738630300,286
1738630303,280
1738630306,280
1738630309,285
1738630312,286
1738630315,389
1738630318,542
1738630321,550
1738630324,541
1738630327,451
1738630330,290
1738630333,286
1738630336,288
1738630340,283
1738630342,287
1738630345,290
1738630345,None
1738630351,286
1738630354,288
1738630358,287
1738630361,286
1738630363,288
1738630367,290
1738630369,288
1738630372,285
1738630376,286
1738630379,293
1738630381,284
1738630385,288
1738630388,291
1738630388,None
1738630394,291
1738630397,281
1738630400,283
1738630403,290
1738630406,286
1738630410,287
1738630412,286
1738630416,284
1738630419,286
1738630422,286
1738630425,278
1738630425,None
1738630431,287
1738630433,279
1738630436,285
1738630440,281
1738630443,281
1738630446,300
1738630449,537
1738630452,531
1738630455,537
1738630458,459
1738630461,289
1738630464,280
1738630467,287
1738630470,281
1738630473,287
1738630477,285
1738630479,286
1738630482,282
1738630486,280
1738630489,286
1738630491,281
1738630495,288
1738630498,280
1738630498,None
1738630504,282
1738630506,287
1738630510,284
1738630513,282
1738630513,None
1738630519,281
1738630522,281
1738630525,286
1738630529,276
1738630529,None
1738630534,285
1738630538,283
1738630540,278
1738630543,285
1738630547,285
1738630550,285
1738630553,276
1738630556,281
1738630558,285
1738630562,283
1738630565,278
1738630568,273
1738630571,285
1738630574,282
1738630577,278
1738630580,290
1738630583,311
1738630586,299
1738630589,298
1738630589,None
1738630596,288
1738630598,287
1738630602,284
1738630605,278
1738630608,289
1738630611,288
1738630613,285
1738630616,279
1738630620,205
1738630623,124
1738630626,125
1738630629,130
1738630632,129
1738630635,128
1738630638,127
1738630638,None
1738630644,128
1738630647,132
1738630650,125
1738630653,127
1738630656,131
1738630660,128
1738630662,132
1738630665,121
1738630669,134
1738630671,126
1738630675,125
1738630678,127
1738630681,126
1738630684,131
1738630687,125
1738630690,126
1738630693,124
1738630696,132
1738630699,120
1738630702,133
1738630702,None
1738630702,None
1738630711,124
1738630714,129
1738630717,127
1738630720,119
1738630720,None
1738630726,125
1738630729,115
1738630733,122
1738630735,129
1738630738,129
1738630741,123
1738630745,111
1738630747,132
1738630751,126
1738630754,120
1738630757,125
1738630760,120
1738630763,123
1738630766,128
1738630769,122
1738630772,244
1738630775,386
1738630778,376
1738630778,None
1738630784,196
1738630788,121
1738630791,125
1738630794,125
1738630796,124
1738630799,133
1738630803,117
1738630806,123
1738630809,160
1738630812,383
1738630815,379
1738630818,375
1738630818,None
1738630824,124
1738630827,124
1738630830,127
1738630833,122
1738630836,126
1738630839,126
1738630842,133
1738630845,122
1738630848,123
1738630851,134
1738630855,125
1738630858,122
1738630861,123
1738630863,126
1738630863,None
1738630869,121
1738630873,127
1738630876,122
1738630879,127
1738630882,123
1738630885,126
1738630888,128
1738630891,121
1738630894,125
1738630897,121
1738630900,120
1738630904,123
1738630906,123
1738630909,125
1738630912,141
1738630915,148
1738630918,234
1738630922,331
1738630924,326
1738630928,328
1738630931,288
1738630934,279
1738630937,256
1738630940,250
1738630943,244
1738630943,None
1738630949,233
1738630949,None
1738630949,None
1738630959,225
1738630961,212
1738630965,216
1738630968,215
1738630970,202
1738630974,211
1738630977,204
1738630979,205
1738630979,None
1738630986,208
1738630986,None
1738630992,211
1738630995,202
1738630998,215
1738631001,210
1738631004,211
1738631007,213
1738631010,211
1738631013,216
1738631013,None
1738631019,245
1738631022,255
1738631025,253
1738631028,245
1738631031,248
1738631035,253
1738631037,249
1738631041,249
1738631044,254
1738631047,251
1738631050,250
1738631053,253
1738631056,257
1738631059,248
1738631062,246
1738631065,245
1738631068,263
1738631071,258
1738631074,266
1738631074,None
1738631080,258
1738631083,260
1738631086,248
1738631089,244
1738631092,258
1738631095,260
1738631098,252
1738631101,245
1738631104,261
1738631107,252
1738631111,252
1738631114,251
1738631117,251
1738631117,None
1738631123,249
1738631126,256
1738631126,None
1738631132,251
1738631136,249
1738631138,251
1738631141,247
1738631144,249
1738631147,252
1738631150,247
1738631153,252
1738631156,253
1738631159,245
1738631162,251
1738631165,244
1738631165,None
1738631171,497
1738631175,503
1738631178,498
1738631180,499
1738631184,284
1738631187,383
1738631190,503
1738631193,505
1738631196,491
1738631199,417
1738631202,234
1738631205,239
1738631208,234
1738631212,236
1738631214,233
1738631217,233
1738631220,236
1738631223,233
1738631226,234
1738631229,232
1738631232,232
1738631235,238
1738631238,230
1738631242,235
1738631244,229
1738631247,238
1738631251,241
1738631251,None
1738631257,241
1738631260,240
1738631263,237
1738631266,237
1738631269,233
1738631272,232
1738631275,232
1738631278,232
1738631281,232
1738631284,232
1738631287,232
1738631290,232
1738631293,232
1738631296,232
1738631299,237
1738631302,242
1738631305,246
1738631308,242
1738631311,239
1738631315,246
1738631315,None
1738631320,236
1738631324,245
1738631326,241
1738631330,233
1738631333,230
1738631336,231
1738631339,230
1738631342,230
1738631345,231
1738631348,231
1738631348,None
1738631354,231
1738631357,231
1738631360,232
1738631363,232
1738631366,233
1738631369,237
1738631373,239
1738631375,246
1738631379,244
1738631381,249
1738631384,246
1738631388,245
1738631391,240
1738631394,243
1738631397,501
1738631400,492
1738631404,493
1738631406,492
1738631409,494
1738631412,499
1738631416,495
1738631416,None
1738631421,493
1738631424,499
1738631427,495
1738631430,501
1738631433,498
1738631436,495
1738631439,502
1738631442,496
1738631445,508
1738631449,500
1738631452,496
1738631455,503
1738631455,None
1738631455,None
1738631464,246
1738631467,249
1738631470,243
1738631473,248
1738631476,245
1738631479,240
1738631482,244
1738631485,247
1738631488,243
1738631491,239
1738631494,248
1738631497,243
1738631497,None
1738631503,238
1738631503,None
1738631510,238
1738631512,243
1738631516,244
1738631519,237
1738631522,242
1738631525,252
1738631528,248
1738631531,249
1738631534,253
1738631537,244
1738631540,243
1738631543,241
1738631546,237
1738631549,239
1738631549,None
1738631555,239
1738631558,242
1738631561,239
1738631564,240
1738631567,239
1738631571,236
1738631573,235
1738631577,344
1738631580,493
1738631583,496
1738631585,491
1738631589,487
1738631592,492
1738631595,498
1738631598,495
1738631601,491
1738631604,498
1738631607,509
1738631610,492
1738631613,490
1738631616,482
1738631619,490
1738631622,490
1738631626,498
1738631628,761
1738631631,763
1738631634,768
1738631637,760
1738631640,487
1738631640,None
1738631646,261
1738631649,268
1738631653,274
1738631655,260
1738631659,238
1738631662,249
1738631665,248
1738631668,247
1738631671,247
1738631674,247
1738631677,252
1738631680,250
1738631683,242
1738631686,248
1738631689,247
1738631692,247
1738631692,None
1738631698,244
1738631702,249
1738631704,247
1738631707,248
1738631710,245
1738631713,248
1738631717,244
1738631720,242
1738631723,244
1738631726,242
1738631728,239
1738631731,243
1738631735,242
1738631737,239
1738631740,238
1738631744,240
1738631747,240
1738631750,239
1738631753,240
1738631756,234
1738631759,244
1738631762,235
1738631765,240
1738631768,235
1738631768,None
1738631775,238
1738631777,231
1738631780,239
1738631784,234
1738631786,238
1738631789,239
1738631793,231
1738631796,242
1738631796,None
1738631802,234
1738631805,241
1738631808,235
1738631811,236
1738631814,234
1738631817,241
1738631820,242
1738631823,240
1738631826,230
1738631826,None
1738631832,246
1738631832,None
1738631838,239
1738631841,240
1738631844,247
1738631847,237
1738631851,235
1738631853,230
1738631853,None
1738631860,222
1738631863,231
1738631865,240
1738631865,None
1738631872,236
1738631875,238
1738631878,243
1738631878,None
1738631884,239
1738631887,240
1738631890,230
1738631893,240
1738631896,239
1738631900,236
1738631902,239
1738631906,240
1738631909,238
1738631911,236
1738631914,234
1738631918,239
1738631921,243
1738631924,236
1738631926,241
1738631930,239
1738631932,244
1738631932,None
1738631939,243
1738631942,244
1738631946,239
1738631948,239
1738631948,None
1738631954,236
1738631957,237
1738631960,241
1738631964,237
1738631966,238
1738631969,233
1738631972,235
1738631976,346
1738631978,501
1738631981,497
1738631985,503
1738631987,497
1738631991,490
1738631994,240
1738631997,243
1738632000,242
1738632003,237
1738632006,243
1738632009,242
1738632009,None
1738632015,248
1738632018,244
1738632021,237
1738632024,243
1738632027,242
1738632030,240
1738632030,None
1738632036,493
1738632039,484
1738632042,486
1738632045,426
1738632049,244
1738632052,234
1738632055,232
1738632058,229
1738632061,246
1738632061,None
1738632067,233
1738632070,236
1738632073,267
1738632076,275
1738632079,275
1738632082,270
1738632085,264
1738632088,262
1738632091,265
1738632094,254
1738632097,266
1738632100,259
1738632104,266
1738632106,260
1738632106,None
1738632113,255
1738632116,249
1738632119,234
1738632122,234
1738632125,230
1738632128,233
1738632131,227
1738632134,243
1738632137,254
1738632140,246
1738632143,253
1738632146,243
1738632149,253
1738632152,250
1738632155,250
1738632155,None
1738632161,254
1738632164,233
1738632164,None
1738632171,234
1738632173,233
1738632176,232
1738632179,231
1738632182,237
1738632185,226
1738632189,236
1738632192,231
1738632195,229
1738632198,229
1738632201,232
1738632204,233
1738632207,235
1738632211,231
1738632213,235
1738632216,229
1738632219,233
1738632223,228
1738632225,229
1738632228,233
1738632231,226
1738632234,228
1738632237,236
1738632240,234
1738632240,None
1738632246,232
1738632250,236
1738632252,230
1738632255,224
1738632255,None
1738632262,232
1738632265,231
1738632268,230
1738632271,227
1738632274,230
1738632277,235
1738632280,230
1738632283,220
1738632286,233
1738632289,237
1738632292,229
1738632295,225
1738632298,230
1738632301,230
1738632304,232
1738632307,232
1738632310,228
1738632313,238
1738632317,232
1738632319,244
1738632323,488
1738632325,492
1738632329,488
1738632329,None
1738632335,229
1738632338,226
1738632341,230
1738632341,None
1738632347,232
1738632350,232
1738632353,226
1738632356,217
1738632359,236
1738632362,230
1738632365,223
1738632368,226
1738632371,232
1738632374,228
1738632377,233
1738632380,224
1738632383,231
1738632386,229
1738632389,234
1738632392,224
1738632396,222
1738632398,236
1738632401,231
1738632405,225
1738632407,234
1738632411,223
1738632414,222
1738632417,229
1738632417,None
1738632423,225
1738632426,233
1738632429,226
1738632432,455
1738632435,484
1738632438,493
1738632441,482
1738632444,366
1738632447,229
1738632450,228
1738632453,233
1738632456,231
1738632459,228
1738632463,237
1738632465,224
1738632468,237
1738632471,232
1738632474,235
1738632478,233
1738632481,234
1738632483,231
1738632487,230
1738632490,233
1738632493,229
1738632496,238
1738632499,236
1738632502,229
1738632505,237
1738632508,242
1738632511,233
1738632514,238
1738632517,233
1738632520,238
1738632523,237
1738632526,232
1738632529,232
1738632532,243
1738632535,243
1738632538,240
1738632541,246
1738632544,246
1738632548,246
1738632551,249
1738632554,249
1738632557,244
1738632560,244
1738632563,249
1738632566,242
1738632569,249
1738632572,244
1738632575,243
1738632578,242
1738632581,246
1738632585,246
1738632587,240
1738632590,246
1738632594,243
1738632597,237
1738632600,248
1738632603,241
1738632606,242
1738632609,247
1738632612,241
1738632615,246
1738632618,244
1738632621,241
1738632624,238
1738632627,244
1738632630,237
1738632633,240
1738632636,246
1738632640,236
1738632642,245
1738632645,246
1738632645,None
1738632651,507
1738632654,509
1738632657,501
1738632660,504
1738632664,242
1738632667,246
1738632670,241
1738632673,245
1738632676,245
1738632679,240
1738632679,None
1738632685,244
1738632688,242
1738632691,237
1738632694,242
1738632697,245
1738632700,242
1738632703,233
1738632706,243
1738632709,246
1738632712,240
1738632715,241
1738632718,240
1738632722,245
1738632724,245
1738632727,246
1738632731,238
1738632734,237
1738632737,246
1738632740,242
1738632743,241
1738632746,241
1738632749,241
1738632752,240
1738632755,243
1738632758,232
1738632761,243
1738632764,244
1738632764,None
1738632770,236
1738632773,240
1738632776,238
1738632779,232
1738632783,238
1738632785,240
1738632788,232
1738632791,242
1738632794,244
1738632798,239
1738632800,243
1738632803,241
1738632807,235
1738632809,244
1738632813,242
1738632815,239
1738632818,235
1738632822,243
1738632825,242
1738632828,236
1738632831,392
1738632834,495
1738632837,487
1738632840,495
1738632843,334
1738632846,240
1738632849,231
1738632852,237
1738632855,236
1738632855,None
1738632861,236
1738632864,226
1738632867,242
1738632870,240
1738632873,237
1738632876,235
1738632880,236
1738632882,240
1738632886,234
1738632888,241
1738632892,240
1738632895,231
1738632898,234
1738632901,242
1738632904,238
1738632907,237
1738632910,252
1738632913,246
1738632916,240
1738632919,235
1738632922,245
1738632925,242
1738632928,233
1738632932,246
1738632934,239
1738632937,246
1738632940,237
1738632944,243
1738632947,241
1738632950,236
1738632953,239
1738632955,236
1738632959,241
1738632962,241
1738632965,238
1738632968,244
1738632971,236
1738632974,245
1738632977,240
1738632980,230
1738632983,248
1738632986,239
1738632990,239
1738632992,241
1738632996,240
1738632999,244
1738633002,239
1738633005,231
1738633008,242
1738633011,249
1738633014,242
1738633017,236
1738633020,241
1738633023,242
1738633026,242
1738633029,236
1738633032,240
1738633035,240
1738633038,238
1738633041,231
1738633044,421
1738633047,499
1738633050,497
1738633053,469
1738633056,244
1738633059,241
1738633062,239
1738633066,238
1738633068,232
1738633071,238
1738633075,240
1738633078,242
1738633081,240
1738633081,None
1738633087,247
1738633090,243
1738633093,234
1738633096,238
1738633099,242
1738633102,242
1738633105,244
1738633108,235
1738633111,242
1738633115,240
1738633117,238
1738633120,243
1738633124,235
1738633124,None
1738633130,233
1738633133,240
1738633136,231
1738633139,228
1738633142,231
1738633145,226
1738633148,231
1738633151,226
1738633154,236
1738633154,None
1738633160,232
1738633163,229
1738633166,236
1738633169,232
1738633172,226
1738633175,234
1738633178,463
1738633181,489
1738633184,488
1738633188,477
1738633190,345
1738633194,229
1738633197,231
1738633197,None
1738633203,229
1738633206,225
1738633209,228
1738633212,228
1738633215,227
1738633218,217
1738633221,228
1738633224,218
1738633227,220
1738633230,222
1738633233,217
1738633236,225
1738633239,230
1738633243,216
1738633245,214
1738633249,226
1738633249,None
1738633255,226
1738633257,219
1738633260,225
1738633264,226
1738633267,223
1738633269,229
1738633273,219
1738633276,229
1738633279,225
1738633282,217
1738633285,224
1738633288,231
1738633288,None
1738633295,218
1738633297,218
1738633300,220
1738633304,224
1738633307,220
1738633309,223
1738633313,227
1738633315,219
1738633319,229
1738633322,218
1738633325,225
1738633328,220
1738633331,227
1738633334,225
1738633337,223
1738633340,223
1738633343,223
1738633346,224
1738633349,226
1738633352,223
1738633355,221
1738633358,225
1738633362,214
1738633364,226
1738633368,224
1738633371,228
1738633371,None
1738633377,222
1738633380,217
1738633380,None
1738633386,224
1738633389,217
1738633392,225
1738633395,229
1738633398,224
1738633401,215
1738633404,221
1738633408,224
1738633410,221
1738633414,219
1738633417,219
1738633420,222
1738633422,222
1738633426,217
1738633429,217
1738633432,226
1738633435,224
1738633435,None
1738633441,491
1738633444,487
1738633444,None
1738633450,368
1738633453,224
1738633456,228
1738633459,224
1738633462,224
1738633466,220
1738633468,215
1738633472,224
1738633474,230
1738633478,223
1738633481,216
1738633483,216
1738633486,228
1738633490,221
1738633493,222
1738633496,223
1738633499,221
1738633502,224
1738633505,228
1738633508,211
1738633511,227
1738633514,222
1738633514,None
1738633520,226
1738633523,219
1738633526,221
1738633529,226
1738633532,221
1738633536,224
1738633536,None
1738633541,219
1738633545,227
1738633548,218
1738633550,218
1738633553,224
1738633557,220
1738633559,221
1738633563,217
1738633566,223
1738633569,224
1738633572,218
1738633575,229
1738633578,222
1738633581,217
1738633585,227
1738633587,457
1738633590,477
1738633593,477
1738633596,351
1738633600,222
1738633603,229
1738633603,None
1738633609,209
1738633612,229
1738633615,221
1738633618,218
1738633621,222
1738633621,None
1738633627,220
1738633630,220
1738633634,220
1738633636,213
1738633639,227
1738633642,211
1738633642,None
1738633648,216
1738633651,217
1738633651,None
1738633651,None
1738633661,218
1738633663,223
1738633666,221
1738633670,216
1738633670,None
1738633676,223
1738633679,216
1738633682,217
1738633685,221
1738633688,216
1738633691,218
1738633694,220
1738633697,218
1738633700,213
1738633703,222
1738633706,214
1738633706,None
1738633713,221
1738633715,217
1738633715,None
1738633722,218
1738633725,219
1738633728,221
1738633731,212
1738633733,227
1738633737,217
1738633740,226
1738633743,220
1738633743,None
1738633749,222
1738633752,222
1738633752,None
1738633758,217
1738633761,222
1738633764,224
1738633767,213
1738633770,225
1738633773,220
1738633776,209
1738633779,229
1738633782,220
1738633786,218
1738633788,218
1738633792,222
1738633795,222
1738633795,None
1738633801,217
1738633801,None
1738633807,220
1738633810,229
1738633814,221
1738633816,218
1738633819,219
1738633822,211
1738633825,216
1738633828,216
1738633831,223
1738633834,214
1738633834,None
1738633841,225
1738633843,220
1738633846,212
1738633850,219
1738633852,225
1738633856,216
1738633859,218
1738633862,219
1738633865,219
1738633868,212
1738633871,227
1738633874,321
1738633877,477
1738633880,483
1738633883,481
1738633886,445
1738633889,214
1738633892,222
1738633895,218
1738633898,223
1738633901,216
1738633904,209
1738633907,224
1738633911,226
1738633914,219
1738633917,214
1738633920,412
1738633923,471
1738633926,478
1738633929,475
1738633932,250
1738633935,212
1738633938,213
1738633941,225
1738633944,218
1738633948,213
1738633950,221
1738633953,219
1738633956,214
1738633956,None
1738633962,221
1738633965,215
1738633969,221
1738633972,220
1738633974,215
1738633978,219
1738633981,215
1738633981,None
1738633986,220
1738633990,216
1738633990,None
1738633996,217
1738633999,213
1738634002,219
1738634005,219
1738634008,223
1738634011,215
1738634014,222
1738634017,214
1738634020,220
1738634023,218
1738634026,213
1738634029,217
1738634032,213
1738634035,218
1738634038,220
1738634042,209
1738634044,224
1738634047,213
1738634047,None
1738634054,216
1738634057,214
1738634060,220
1738634063,213
1738634066,209
1738634069,217
1738634072,206
1738634075,215
1738634078,213
1738634081,202
1738634084,210
1738634088,206
1738634090,203
1738634093,202
1738634096,206
1738634099,202
1738634102,203
1738634106,207
1738634108,199
1738634111,208
1738634115,203
1738634118,195
1738634120,207
1738634124,200
1738634127,201
1738634130,198
1738634133,205
1738634136,211
1738634139,200
1738634142,212
1738634145,212
1738634148,210
1738634151,204
1738634154,207
1738634157,210
1738634160,211
1738634163,211
1738634166,205
1738634169,217
1738634172,216
1738634175,212
1738634178,208
1738634182,218
1738634184,215
1738634188,214
1738634190,214
1738634193,204
1738634197,221
1738634200,218
1738634202,216
1738634205,213
1738634209,214
1738634212,216
1738634215,207
1738634218,214
1738634218,None
1738634224,223
1738634227,216
1738634230,213
1738634233,213
1738634236,217
1738634239,216
1738634242,215
1738634245,211
1738634248,206
1738634251,218
1738634254,212
1738634257,208
1738634261,218
1738634264,208
1738634267,213
1738634270,214
1738634273,216
1738634276,215
1738634279,421
1738634282,472
1738634285,485
1738634288,447
1738634291,278
1738634294,346
1738634297,479
1738634300,473
1738634303,474
1738634306,329
1738634309,220
1738634309,None
1738634315,222
1738634318,216
1738634321,218
1738634325,222
1738634328,209
1738634331,223
1738634333,222
1738634337,164
1738634337,None
1738634343,144
1738634346,140
1738634349,142
1738634352,135
1738634355,145
1738634358,147
1738634361,142
1738634364,142
1738634367,141
1738634370,140
1738634373,145
1738634377,142
1738634380,144
1738634383,136
1738634386,150
1738634386,None
1738634392,140
1738634395,137
1738634398,142
1738634398,None
1738634404,142
1738634407,135
1738634410,134
1738634413,139
1738634416,144
1738634419,142
1738634423,140
1738634425,129
1738634428,134
1738634431,141
1738634435,144
1738634437,134
1738634440,143
1738634443,136
1738634447,142
1738634450,139
1738634450,None
1738634456,143
1738634459,131
1738634462,141
1738634465,134
1738634468,139
1738634471,140
1738634474,132
1738634477,138
1738634480,135
1738634483,135
1738634486,134
1738634490,142
1738634492,140
1738634496,134
1738634499,143
1738634502,136
1738634505,137
1738634508,139
1738634511,135
1738634514,137
1738634517,141
1738634520,143
1738634523,132
1738634526,142
1738634529,144
1738634532,138
1738634535,136
1738634538,144
1738634541,141
1738634544,145
1738634547,144
1738634550,137
1738634553,140
1738634553,None
1738634559,138
1738634562,128
1738634565,134
1738634568,146
1738634571,143
1738634574,141
1738634578,139
1738634580,144
1738634583,131
1738634587,135
1738634590,140
1738634593,143
1738634596,139
1738634599,125
1738634602,147
1738634605,137
1738634608,132
1738634611,137
1738634614,138
1738634617,140
1738634617,None
1738634623,142
1738634626,134
1738634630,139
1738634632,136
1738634635,135
1738634638,138
1738634642,137
1738634644,136
1738634648,135
1738634651,141
1738634653,139
1738634656,139
1738634656,None
1738634663,137
1738634666,134
1738634669,143
1738634672,138
1738634675,145
1738634678,137
1738634681,140
1738634684,140
1738634687,137
1738634690,137
1738634693,132
1738634693,None
1738634700,569
1738634702,656
1738634706,666
1738634709,433
1738634711,205
1738634715,141
1738634718,137
1738634721,144
1738634724,133
1738634727,136
1738634727,None
1738634733,139
1738634736,139
1738634739,131
1738634742,135
1738634745,142
1738634749,141
1738634751,142
1738634754,132
1738634757,137
1738634760,145
1738634764,139
1738634766,128
1738634769,145
1738634772,140
1738634775,137
1738634778,139
1738634782,143
1738634784,138
1738634787,134
1738634790,148
1738634794,140
1738634797,132
1738634800,145
1738634800,None
1738634806,139
1738634809,135
1738634812,136
1738634815,140
1738634818,134
1738634821,141
1738634824,142
1738634827,133
1738634830,147
1738634833,134
1738634836,136
1738634839,139
1738634839,None
1738634839,None
1738634849,145
1738634852,134
1738634854,136
1738634858,147
1738634861,136
1738634861,None
1738634868,138
1738634870,137
1738634873,147
1738634876,132
1738634876,None
1738634882,138
1738634885,128
1738634888,135
1738634891,150
1738634894,138
1738634897,138
1738634900,140
1738634903,142
1738634906,140
1738634906,None
1738634913,135
1738634915,144
1738634918,138
1738634921,139
1738634925,142
1738634927,138
1738634931,139
1738634934,137
1738634937,138
1738634939,131
1738634943,145
1738634946,140
1738634949,142
1738634952,142
1738634955,140
1738634958,140
1738634961,138
1738634964,136
1738634967,139
1738634970,136
1738634973,142
1738634976,140
1738634980,138
1738634982,133
1738634985,143
1738634989,147
1738634992,139
1738634994,138
1738634998,141
1738635001,133
1738635004,140
1738635007,145
1738635010,139
1738635013,139
1738635016,137
1738635019,145
1738635022,137
1738635025,135
1738635028,139
1738635031,142
1738635034,131
1738635037,141
1738635037,None
1738635044,141
1738635046,137
1738635050,136
1738635052,136
1738635055,139
1738635059,142
1738635062,132
1738635065,126
1738635068,176
1738635071,403
1738635074,393
1738635077,391
1738635080,392
1738635083,131
1738635086,134
1738635089,140
1738635092,141
1738635095,143
1738635099,138
1738635102,129
1738635104,141
1738635108,142
1738635111,141
1738635114,143
1738635117,135
1738635120,139
1738635123,176
1738635126,394
1738635126,None
1738635132,395
1738635135,356
1738635138,139
1738635141,137
1738635144,137
1738635147,135
1738635150,141
1738635150,None
1738635156,137
1738635159,141
1738635163,134
1738635165,139
1738635168,141
1738635172,138
1738635172,None
1738635178,136
1738635181,140
1738635184,139
1738635187,135
1738635190,136
1738635193,140
1738635196,137
1738635199,140
1738635202,137
1738635202,None
1738635208,136
1738635208,None
1738635214,135
1738635214,None
1738635220,135
1738635224,134
1738635226,130
1738635230,128
1738635233,132
1738635235,134
1738635238,126
1738635242,126
1738635245,135
1738635248,127
1738635251,130
1738635254,123
1738635257,127
1738635257,None
1738635263,132
1738635266,130
1738635269,132
1738635272,131
1738635275,127
1738635279,123
1738635282,133
1738635284,133
1738635288,130
1738635290,132
1738635293,127
1738635296,118
1738635300,135
1738635302,128
1738635302,None
1738635309,124
1738635312,130
1738635315,130
1738635318,136
1738635321,125
1738635324,134
1738635327,132
1738635330,127
1738635333,134
1738635336,129
1738635339,127
1738635342,130
1738635346,127
1738635349,136
1738635351,125
1738635355,137
1738635358,131
1738635360,126
1738635364,132
1738635367,127
1738635370,133
1738635373,128
1738635376,132
1738635379,134
1738635382,124
1738635385,131
1738635388,128
1738635391,131
1738635394,129
1738635397,131
1738635400,133
1738635404,133
1738635406,128
1738635410,132
1738635413,128
1738635415,132
1738635415,None
1738635422,123
1738635425,128
1738635428,132
1738635431,128
1738635434,134
1738635437,127
1738635440,122
1738635443,118
1738635446,127
1738635449,139
1738635449,None
1738635455,131
1738635458,133
1738635462,130
1738635465,133
1738635468,140
1738635471,149
1738635474,171
1738635477,194
1738635480,225
1738635483,234
1738635486,234
1738635489,216
1738635492,222
1738635495,222
1738635498,224
1738635498,None
1738635504,210
1738635504,None
1738635510,470
1738635513,469
1738635516,453
1738635519,207
1738635522,197
1738635526,208
1738635529,196
1738635532,203
1738635535,196
1738635538,201
1738635541,197
1738635544,196
1738635547,198
1738635550,201
1738635553,191
1738635556,200
1738635559,196
1738635562,196
1738635565,194
1738635568,438
1738635572,457
1738635575,463
1738635577,404
1738635577,None
1738635584,194
1738635584,None
1738635590,194
1738635593,192
1738635596,197
1738635599,198
1738635602,192
1738635605,201
1738635608,190
1738635611,187
1738635614,197
1738635617,195
1738635620,186
1738635623,192
1738635627,196
1738635630,197
1738635633,190
1738635635,202
1738635639,192
1738635642,186
1738635644,190
1738635647,203
1738635650,197
1738635654,195
1738635657,194
1738635660,200
1738635663,189
1738635666,197
1738635669,196
1738635672,201
1738635676,186
1738635678,198
1738635681,200
1738635684,195
1738635687,188
1738635690,197
1738635693,195
1738635696,197
1738635699,191
1738635702,193
1738635705,200
1738635709,192
1738635712,187
1738635715,199
1738635718,194
1738635721,195
1738635724,189
1738635727,192
1738635730,199
1738635733,189
1738635736,194
1738635739,198
1738635739,None
1738635745,200
1738635748,195
1738635751,192
1738635754,195
1738635757,193
1738635760,195
1738635763,192
1738635766,193
1738635770,203
1738635773,191
1738635776,188
1738635776,None
1738635782,198
1738635785,191
1738635788,197
1738635791,201
1738635794,195
1738635797,194
1738635797,None
1738635803,193
1738635806,196
1738635809,192
1738635812,188
1738635816,200
1738635818,197
1738635818,None
1738635825,193
1738635827,188
1738635831,191
1738635834,194
1738635837,191
1738635840,186
1738635843,201
1738635846,195
1738635849,192
1738635852,193
1738635856,196
1738635858,198
1738635861,191
1738635864,196
1738635867,194
1738635870,188
1738635874,201
1738635876,194
1738635880,375
1738635880,None
1738635886,456
1738635889,456
1738635892,409
1738635895,186
1738635898,200
1738635901,197
1738635904,193
1738635907,194
1738635910,198
1738635913,193
1738635916,202
1738635919,186
1738635922,200
1738635925,202
1738635929,191
1738635929,None
1738635934,197
1738635937,199
1738635941,198
1738635941,None
1738635947,188
1738635950,202
1738635953,214
1738635955,457
1738635959,450
1738635962,452
1738635965,442
1738635968,197
1738635971,192
1738635974,198
1738635977,198
1738635980,196
1738635983,191
1738635987,186
1738635989,198
1738635992,200
1738635996,195
1738635999,197
1738636002,198
1738636005,189
1738636008,198
1738636011,197
1738636014,192
1738636017,192
1738636020,201
1738636023,190
1738636026,192
1738636029,197
1738636032,199
1738636035,192
1738636039,191
1738636041,192
1738636044,193
1738636048,187
1738636051,192
1738636054,194
1738636057,199
1738636060,191
1738636063,197
1738636066,194
1738636069,203
1738636072,188
1738636075,199
1738636078,188
1738636081,197
1738636084,197
1738636087,190
1738636090,200
1738636090,None
1738636097,195
1738636099,200
1738636102,189
1738636102,None
1738636109,197
1738636111,193
1738636114,191
1738636118,199
1738636120,197
1738636124,195
1738636127,189
1738636130,189
1738636133,202
1738636136,197
1738636139,191
1738636142,193
1738636145,190
1738636148,195
1738636151,190
1738636155,193
1738636157,193
1738636160,186
1738636164,198
1738636166,195
1738636170,193
1738636173,193
1738636176,197
1738636179,192
1738636182,198
1738636185,186
1738636188,192
1738636191,201
1738636194,199
1738636197,196
1738636200,192
1738636203,193
1738636206,195
1738636209,194
1738636212,194
1738636215,196
1738636215,None
1738636221,186
1738636225,192
1738636228,200
1738636231,193
1738636234,192
1738636237,195
1738636240,191
1738636242,195
1738636246,196
1738636246,None
1738636252,201
1738636255,191
1738636258,195
1738636262,196
1738636264,191
1738636267,196
1738636271,197
1738636273,199
1738636276,196
1738636280,194
1738636283,188
1738636285,197
1738636289,191
1738636291,197
1738636294,191
1738636298,198
1738636301,193
1738636304,198
1738636307,195
1738636310,193
1738636310,None
1738636316,189
1738636319,197
1738636322,187
1738636325,196
1738636328,194
1738636331,359
1738636334,455
1738636337,445
1738636340,446
1738636343,280
1738636347,191
1738636349,195
1738636352,188
1738636356,191
1738636358,205
1738636362,198
1738636364,195
1738636368,193
1738636371,191
1738636374,192
1738636377,186
1738636380,189
1738636383,189
1738636386,194
1738636389,194
1738636392,200
1738636392,None
1738636398,188
1738636401,189
1738636404,181
1738636407,188
1738636410,187
1738636413,193
1738636416,191
1738636416,None
1738636423,188
1738636426,182
1738636429,412
1738636432,458
1738636435,451
1738636438,453
1738636441,213
1738636444,190
1738636447,188
1738636450,188
1738636453,194
1738636456,195
1738636459,191
1738636462,189
1738636465,182
1738636468,195
1738636472,189
1738636474,189
1738636478,192
1738636480,192
1738636484,190
1738636487,196
1738636490,182
1738636490,None
1738636496,189
1738636496,None
1738636502,191
1738636502,None
1738636508,184
1738636511,188
1738636514,197
1738636517,187
1738636520,184
1738636523,197
1738636526,191
1738636529,184
1738636532,185
1738636535,190
1738636539,192
1738636539,None
1738636545,181
1738636547,180
1738636551,194
1738636551,None
1738636557,181
1738636560,187
1738636563,181
1738636566,190
1738636569,194
1738636572,196
1738636576,188
1738636578,190
1738636581,178
1738636585,201
1738636587,193
1738636587,None
1738636593,190
1738636596,190
1738636599,184
1738636602,188
1738636605,191
1738636608,185
1738636612,189
1738636614,197
1738636614,None
1738636621,186
1738636624,192
1738636627,190
1738636630,183
1738636633,190
1738636636,188
1738636639,187
1738636642,195
1738636645,182
1738636648,188
1738636651,191
1738636654,193
1738636657,186
1738636660,190
1738636663,193
1738636666,188
1738636669,180
1738636672,192
1738636676,189
1738636678,184
1738636682,191
1738636685,186
1738636688,186
1738636690,192
1738636694,193
1738636697,184
1738636700,194
1738636703,191
1738636706,186
1738636709,195
1738636712,189
1738636715,190
1738636718,190
1738636721,193
1738636724,187
1738636727,379
1738636730,447
1738636733,439
1738636736,452
1738636739,196
1738636742,186
1738636745,195
1738636749,181
1738636751,182
1738636754,185
1738636758,189
1738636760,191
1738636763,188
1738636767,176
1738636770,186
1738636770,None
1738636776,189
1738636780,191
1738636782,181
1738636785,187
1738636788,191
1738636791,192
1738636794,185
1738636797,185
1738636801,196
1738636803,191
1738636806,185
1738636809,183
1738636812,193
1738636815,187
1738636819,190
1738636821,182
1738636824,189
1738636827,190
1738636831,181
1738636834,186
1738636837,189
1738636840,189
1738636843,192
1738636846,189
1738636849,188
1738636852,194
1738636855,181
1738636858,251
1738636861,447
1738636864,449
1738636868,452
1738636870,394
1738636874,182
1738636876,189
1738636879,191
1738636883,182
1738636885,197
1738636889,189
1738636892,185
1738636895,188
1738636897,190
1738636901,194
1738636904,182
1738636907,191
1738636910,185
1738636913,194
1738636917,187
1738636919,189
1738636922,184
1738636925,187
1738636928,191
1738636931,184
1738636935,190
1738636937,183
1738636940,190
1738636943,185
1738636946,195
1738636950,182
1738636953,194
1738636956,184
1738636956,None
1738636962,187
1738636965,191
1738636968,187
1738636971,187
1738636974,190
1738636977,189
1738636980,191
1738636983,185
1738636986,189
1738636989,180
1738636992,196
1738636996,185
1738636998,182
1738637001,188
1738637004,189
1738637008,190
1738637010,184
1738637013,190
1738637017,192
1738637020,186
1738637020,None
1738637026,185
1738637029,192
1738637032,190
1738637035,187
1738637038,193
1738637041,185
1738637044,180
1738637047,185
1738637050,192
1738637053,194
1738637056,184
1738637059,186
1738637062,183
1738637065,185
1738637068,187
1738637072,187
1738637074,192
1738637078,186
1738637081,194
1738637081,None
1738637087,186
1738637090,176
1738637093,190
1738637096,197
1738637099,190
1738637102,193
1738637105,448
1738637108,453
1738637111,453
1738637114,397
1738637117,184
1738637120,194
1738637123,189
1738637126,185
1738637129,196
1738637132,187
1738637136,191
1738637138,191
1738637138,None
1738637145,195
1738637147,185
1738637147,None
1738637154,197
1738637156,201
1738637159,200
1738637163,199
1738637166,204
1738637169,197
1738637172,197
1738637175,200
1738637178,197
1738637181,200
1738637184,203
1738637187,199
1738637191,200
1738637191,None
1738637196,190
1738637199,203
1738637203,194
1738637205,197
1738637208,197
1738637212,205
1738637214,192
1738637218,202
1738637221,203
1738637224,195
1738637227,197
1738637230,193
1738637233,199
1738637236,192
1738637239,202
1738637242,200
1738637246,188
1738637248,200
1738637251,197
1738637255,199
1738637257,198
1738637261,197
1738637264,298
1738637267,457
1738637270,464
1738637273,466
1738637276,285
1738637278,199
1738637282,197
1738637285,201
1738637288,202
1738637291,187
1738637294,202
1738637297,200
1738637300,195
1738637303,194
1738637306,199
1738637309,198
1738637313,196
1738637315,194
1738637319,204
1738637322,193
1738637325,199
1738637328,196
1738637331,196
1738637331,None
1738637337,198
1738637340,191
1738637343,198
1738637346,191
1738637349,204
1738637349,None
1738637355,195
1738637359,197
1738637361,194
1738637364,194
1738637367,204
1738637370,201
1738637373,192
1738637377,205
1738637377,None
1738637383,208
1738637386,198
1738637388,197
1738637392,198
1738637392,None
1738637398,198
1738637401,200
1738637404,200
1738637408,193
1738637410,195
1738637413,198
1738637416,196
1738637419,198
1738637422,193
1738637425,198
1738637428,198
1738637432,189
1738637432,None
1738637438,192
1738637441,200
1738637444,192
1738637447,197
1738637449,197
1738637452,191
1738637452,None
1738637459,189
1738637462,199
1738637465,198
1738637468,192
1738637471,196
1738637474,199
1738637477,190
1738637480,188
1738637483,198
1738637486,197
1738637486,None
1738637493,370
1738637495,447
1738637498,447
1738637502,444
1738637505,231
1738637507,197
1738637510,195
1738637514,194
1738637517,191
1738637519,188
1738637523,196
1738637526,196
1738637526,None
1738637532,187
1738637532,None
1738637538,196
1738637541,193
1738637544,192
1738637547,193
1738637550,193
1738637553,193
1738637553,None
1738637553,None
1738637553,None
1738637566,201
1738637568,193
1738637571,195
1738637575,195
1738637578,199
1738637581,196
1738637584,201
1738637587,192
1738637590,198
1738637593,197
1738637596,191
1738637599,196
1738637602,190
1738637605,196
1738637608,195
1738637611,199
1738637614,195
1738637617,201
1738637622,196
1738637624,197
1738637627,191
1738637631,193
1738637633,194
1738637636,194
1738637636,None
1738637636,None
1738637645,189
1738637649,196
1738637651,195
1738637654,189
1738637657,196
1738637661,194
1738637664,192
1738637667,192
1738637670,193
1738637673,193
1738637676,200
1738637679,195
1738637682,191
1738637685,188
1738637688,194
1738637691,198
1738637694,193
1738637697,200
1738637700,196
1738637703,232
1738637706,458
1738637709,464
1738637712,458
1738637715,451
1738637719,199
1738637722,196
1738637725,195
1738637727,187
1738637731,195
1738637734,200
1738637737,189
1738637740,191
1738637743,201
1738637746,186
1738637749,195
1738637752,191
1738637755,190
1738637755,None
1738637761,191
1738637764,188
1738637767,197
1738637770,191
1738637773,194
1738637776,195
1738637780,197
1738637782,193
1738637785,193
1738637788,193
1738637791,194
1738637795,196
1738637797,195
1738637801,191
1738637804,200
1738637807,188
1738637810,193
1738637813,195
1738637816,197
1738637816,None
1738637816,None
1738637825,190
1738637828,189
1738637831,199
1738637834,190
1738637837,194
1738637840,191
1738637843,194
1738637847,189
1738637850,206
1738637850,None
1738637855,445
1738637859,446
1738637862,445
1738637865,280
1738637868,190
1738637871,197
1738637874,190
1738637877,197
1738637880,190
1738637883,194
1738637886,194
1738637889,188
1738637892,195
1738637895,198
1738637898,192
1738637901,196
1738637905,195
1738637907,196
1738637910,187
1738637913,196
1738637917,190
1738637919,190
1738637919,None
1738637925,192
1738637929,189
1738637932,193
1738637935,199
1738637938,186
1738637938,None
1738637944,199
1738637947,192
1738637950,196
1738637953,187
1738637956,191
1738637959,199
1738637962,193
1738637965,189
1738637968,190
1738637971,198
1738637975,204
1738637978,194
1738637981,185
1738637983,197
1738637987,198
1738637990,201
1738637993,194
1738637996,187
1738637999,202
1738638002,199
1738638005,195
1738638008,197
1738638011,192
1738638014,199
1738638017,180
1738638020,136
1738638020,None
1738638026,139
1738638029,138
1738638032,138
1738638036,140
1738638038,133
1738638038,None
1738638045,140
1738638048,140
1738638051,138
1738638054,136
1738638057,142
1738638060,137
1738638063,138
1738638066,140
1738638070,140
1738638072,136
1738638072,None
1738638078,142
1738638081,135
1738638081,None
1738638087,138
1738638087,None
1738638094,136
1738638096,136
1738638100,133
1738638103,142
1738638106,133
1738638109,133
1738638112,139
1738638112,None
1738638118,138
1738638121,129
1738638124,138
1738638127,138
1738638130,136
1738638133,127
1738638136,137
1738638139,136
1738638143,129
1738638145,138
1738638145,None
1738638152,139
1738638155,130
1738638157,139
1738638157,None
1738638163,134
1738638166,135
1738638170,134
1738638173,134
1738638176,139
1738638176,None
1738638182,137
1738638185,133
1738638188,133
1738638191,386
1738638194,402
1738638198,391
1738638200,316
1738638200,None
1738638206,137
1738638209,132
1738638212,137
1738638215,140
1738638218,132
1738638223,145
1738638224,140
1738638228,132
1738638231,141
1738638234,132
1738638237,138
1738638240,134
1738638243,131
1738638246,138
1738638249,138
1738638252,255
1738638255,393
1738638258,394
1738638258,None
1738638264,380
1738638267,138
1738638270,137
1738638270,None
1738638276,143
1738638276,None
1738638282,135
1738638286,141
1738638288,140
1738638291,130
1738638294,138
1738638298,135
1738638301,134
1738638301,None
1738638307,134
1738638310,135
1738638313,140
1738638313,None
1738638319,138
1738638322,132
1738638325,133
1738638328,141
1738638328,None
1738638334,139
1738638337,135
1738638340,138
1738638343,134
1738638347,133
1738638349,132
1738638352,140
1738638355,140
1738638358,136
1738638362,136
1738638364,136
1738638367,132
1738638370,138
1738638374,135
1738638377,135
1738638380,129
1738638383,135
1738638383,None
1738638389,130
1738638392,144
1738638395,138
1738638398,135
1738638401,132
1738638404,135
1738638407,140
1738638410,133
1738638413,126
1738638417,142
1738638419,137
1738638422,136
1738638425,133
1738638428,128
1738638431,142
1738638434,132
1738638438,133
1738638441,131
1738638444,136
1738638447,133
1738638450,133
1738638453,137
1738638456,135
1738638459,135
1738638463,134
1738638465,137
1738638468,129
1738638471,135
1738638474,140
1738638477,135
1738638481,140
1738638483,128
1738638486,123
1738638490,141
1738638492,139
1738638495,138
1738638499,134
1738638502,139
1738638505,137
1738638508,133
1738638510,132
1738638514,134
1738638517,137
1738638520,140
1738638523,142
1738638526,137
1738638529,130
1738638532,130
1738638535,133
1738638538,135
1738638541,136
1738638544,135
1738638548,132
1738638550,141
1738638553,138
1738638557,131
1738638559,161
1738638563,396
1738638563,None
1738638568,399
1738638572,199
1738638575,136
1738638578,133
1738638581,129
1738638584,137
1738638587,132
1738638590,130
1738638593,121
1738638596,126
1738638599,127
1738638602,122
1738638605,131
1738638608,119
1738638611,131
1738638614,126
1738638617,128
1738638620,124
1738638623,128
1738638623,None
1738638629,116
1738638632,127
1738638636,127
1738638636,None
1738638641,124
1738638645,123
1738638645,None
1738638652,126
1738638654,125
1738638657,133
1738638660,118
1738638663,125
1738638666,133
1738638669,132
1738638672,150
1738638675,160
1738638678,153
1738638681,150
1738638684,169
1738638687,153
1738638690,156
1738638693,152
1738638697,156
1738638699,158
1738638703,147
1738638705,237
1738638708,387
1738638712,384
1738638714,387
1738638717,303
1738638721,122
1738638724,132
1738638727,124
1738638730,132
1738638733,130
1738638736,127
1738638739,133
1738638742,123
1738638745,130
1738638748,124
1738638751,129
1738638754,126
1738638758,132
1738638760,132
1738638764,126
1738638766,135
1738638770,126
1738638773,128
1738638776,132
1738638779,136
1738638782,128
1738638785,128
1738638788,134
1738638791,129
1738638794,126
1738638797,127
1738638800,133
1738638803,124
1738638806,119
1738638809,130
1738638812,133
1738638812,None
1738638819,126
1738638822,121
1738638824,133
1738638828,150
1738638830,160
1738638833,151
1738638836,143
1738638839,140
1738638839,None
1738638846,132
1738638849,127
1738638852,130
1738638855,132
1738638858,130
1738638861,126
1738638864,121
1738638867,138
1738638870,128
1738638873,125
1738638876,128
1738638879,132
1738638882,130
1738638885,129
1738638889,123
1738638892,129
1738638894,130
1738638897,129
1738638900,134
1738638903,128
1738638906,203
1738638909,461
1738638913,1144
1738638916,1141
1738638919,1143
1738638919,None
1738638925,1145
1738638928,1134
1738638931,1142
1738638931,None
1738638937,1140
1738638940,1138
1738638943,1136
1738638946,1144
1738638949,1140
1738638953,1142
1738638956,1139
1738638959,1134
1738638961,1138
1738638964,1137
1738638967,1145
1738638972,1130
1738638974,1128
1738638977,1147
1738638980,1139
1738638983,1132
1738638986,1141
1738638989,1132
1738638992,1133
1738638995,1304
1738638998,1405
1738639002,1401
1738639004,1397
1738639007,560
1738639010,132
1738639013,134
1738639017,126
1738639019,133
1738639023,132
1738639026,132
1738639028,128
1738639031,135
1738639031,None
1738639031,None
1738639041,139
1738639044,131
1738639047,131
1738639050,135
1738639053,128
1738639056,285
1738639059,1183
1738639062,1555
1738639066,1554
1738639068,1556
1738639071,1569
1738639074,1454
1738639077,155
1738639081,161
1738639084,154
1738639086,155
1738639090,134
1738639093,137
1738639095,136
1738639099,298
1738639102,403
1738639105,399
1738639108,399
1738639111,212
1738639114,208
1738639117,235
1738639120,242
1738639123,251
1738639126,234
1738639129,231
1738639129,None
1738639135,231
1738639138,226
1738639141,223
1738639141,None
1738639148,217
1738639151,224
1738639154,222
1738639157,221
1738639160,208
1738639163,214
1738639166,217
1738639169,208
1738639172,207
1738639175,206
1738639178,210
1738639181,212
1738639184,200
1738639187,200
1738639190,212
1738639193,239
1738639196,452
1738639199,1630
1738639202,1631
1738639202,None
1738639208,1621
1738639212,1631
1738639215,1624
1738639217,1621
1738639221,1622
1738639224,944
1738639227,201
1738639230,210
1738639233,203
1738639236,202
1738639239,202
1738639242,209
1738639245,227
1738639245,None
1738639251,221
1738639255,217
1738639258,228
1738639260,220
1738639264,224
1738639267,206
1738639269,203
1738639273,196
1738639275,195
1738639279,203
1738639282,199
1738639282,None
1738639288,194
1738639291,200
1738639294,204
1738639297,204
1738639300,241
1738639303,250
1738639306,245
1738639309,243
1738639312,247
1738639315,248
1738639318,244
1738639321,243
1738639324,251
1738639327,245
1738639327,None
1738639334,243
1738639336,241
1738639339,234
1738639343,238
1738639345,229
1738639348,219
1738639351,226
1738639355,215
1738639357,207
1738639361,205
1738639364,201
1738639367,193
1738639370,194
1738639373,195
1738639376,194
1738639376,None
1738639382,187
1738639385,193
1738639388,188
1738639391,196
1738639394,190
1738639397,196
1738639400,190
1738639403,199
1738639406,321
1738639409,1024
1738639412,1202
1738639415,1207
1738639418,1206
1738639422,1203
1738639425,1205
1738639427,1202
1738639431,1198
1738639434,1195
1738639437,1199
1738639440,1212
1738639443,1466
1738639446,1462
1738639449,1465
1738639452,1400
1738639452,None
1738639458,1195
1738639458,None
1738639464,739
1738639467,201
1738639470,199
1738639473,192
1738639477,258
1738639479,583
1738639482,1129
1738639486,1505
1738639489,1499
1738639492,1528
1738639495,1525
1738639498,488
1738639501,258
1738639504,229
1738639507,229
1738639510,233
1738639513,238
1738639513,None
1738639519,225
1738639522,246
1738639526,236
1738639528,232
1738639531,239
1738639534,237
1738639538,240
1738639540,239
1738639544,239
1738639544,None
1738639549,230
1738639549,None
1738639556,234
1738639559,237
1738639562,236
1738639565,241
1738639568,244
1738639572,228
1738639574,236
1738639577,237
1738639580,234
1738639583,240
1738639586,238
1738639586,None
1738639592,236
1738639595,231
1738639598,240
1738639602,238
1738639605,240
1738639607,237
1738639611,233
1738639614,238
1738639617,242
1738639620,236
1738639623,235
1738639626,231
1738639629,239
1738639632,235
1738639635,235
1738639638,233
1738639641,233
1738639645,234
1738639647,238
1738639650,227
1738639653,240
1738639653,None
1738639660,230
1738639663,238
1738639663,None
1738639669,235
1738639671,227
1738639675,229
1738639677,234
1738639681,228
1738639684,218
1738639687,239
1738639690,231
1738639693,226
1738639696,231
1738639696,None
1738639702,232
1738639705,230
1738639708,235
1738639711,232
1738639714,223
1738639717,234
1738639720,231
1738639723,232
1738639726,227
1738639730,227
1738639732,233
1738639736,223
1738639739,236
1738639742,231
1738639745,228
1738639748,234
1738639751,234
1738639751,None
1738639758,228
1738639760,235
1738639763,239
1738639766,233
1738639770,234
1738639772,243
1738639775,229
1738639779,233
1738639781,231
1738639785,230
1738639787,231
1738639790,235
1738639794,237
1738639797,229
1738639799,221
1738639803,231
1738639806,232
1738639809,227
1738639809,None
1738639815,229
1738639818,231
1738639821,231
1738639824,226
1738639827,237
1738639830,226
1738639833,231
1738639836,231
1738639836,None
1738639843,222
1738639845,235
1738639848,223
1738639852,233
1738639854,229
1738639858,234
1738639861,228
1738639864,230
1738639867,231
1738639870,229
1738639873,233
1738639876,232
1738639879,240
1738639882,419
1738639885,559
1738639889,751
1738639891,746
1738639895,494
1738639897,351
1738639900,235
1738639904,231
1738639907,232
1738639909,236
1738639913,227
1738639916,236
1738639919,237
1738639919,None
1738639925,237
1738639928,226
1738639931,239
1738639934,229
1738639937,240
1738639940,231
1738639943,236
1738639946,236
1738639949,230
1738639952,234
1738639955,230
1738639958,238
1738639962,233
1738639964,227
1738639967,239
1738639970,229
1738639973,235
1738639977,233
1738639980,234
1738639982,237
1738639985,232
1738639989,222
1738639992,230
1738639995,233
1738639998,233
1738640001,233
1738640004,233
1738640004,None
1738640010,233
1738640013,230
1738640016,223
1738640019,230
1738640022,234
1738640025,230
1738640028,237
1738640031,228
1738640034,237
1738640038,233
1738640040,228
1738640044,234
1738640046,233
1738640050,229
1738640053,235
1738640053,None
1738640059,235
1738640062,230
1738640065,237
1738640068,232
1738640071,230
1738640074,231
1738640078,231
1738640080,235
1738640083,229
1738640086,236
1738640090,229
1738640090,None
1738640095,229
1738640098,231
1738640102,232
1738640104,233
1738640108,234
1738640111,226
1738640114,230
1738640117,232
1738640120,219
1738640123,231
1738640126,219
1738640129,221
1738640132,215
1738640135,218
1738640138,220
1738640138,None
1738640144,223
1738640147,213
1738640150,210
1738640153,211
1738640156,213
1738640159,206
1738640163,211
1738640165,205
1738640169,210
1738640171,202
1738640175,203
1738640178,201
1738640181,204
1738640184,202
1738640187,205
1738640190,199
1738640193,212
1738640196,208
1738640199,209
1738640202,214
1738640205,214
1738640208,219
1738640211,224
1738640214,215
1738640217,228
1738640220,221
1738640224,230
1738640227,221
1738640229,225
1738640233,225
1738640235,226
1738640239,228
1738640241,224
1738640245,393
1738640248,482
1738640251,482
1738640254,484
1738640257,423
1738640260,231
1738640263,224
1738640266,226
1738640269,230
1738640273,224
1738640275,221
1738640278,228
1738640281,225
1738640285,222
1738640285,None
1738640290,315
1738640293,491
1738640297,491
1738640299,491
1738640303,327
1738640305,220
1738640305,None
1738640312,227
1738640315,218
1738640318,237
1738640321,227
1738640324,228
1738640327,226
1738640330,230
1738640333,229
1738640336,219
1738640339,230
1738640342,227
1738640342,None
1738640348,226
1738640351,228
1738640351,None
1738640358,231
1738640360,220
1738640363,229
1738640366,228
1738640370,223
1738640373,228
1738640376,224
1738640378,225
1738640382,230
1738640384,222
1738640387,231
1738640391,218
1738640394,233
1738640397,222
1738640400,230
1738640403,227
1738640403,None
1738640409,230
1738640412,231
1738640415,227
1738640418,229
1738640421,220
1738640425,228
1738640427,226
1738640430,228
1738640434,224
1738640437,225
1738640439,233
1738640443,222
1738640446,234
1738640448,225
1738640452,227
1738640455,227
1738640458,225
1738640461,227
1738640464,229
1738640467,219
1738640470,222
1738640473,234
1738640476,222
1738640479,232
1738640482,229
1738640485,222
1738640488,228
1738640491,224
1738640494,231
1738640498,222
1738640501,232
1738640504,218
1738640507,227
1738640510,226
1738640513,226
1738640516,229
1738640519,231
1738640522,218
1738640525,227
1738640528,225
1738640531,222
1738640534,225
1738640537,227
1738640540,219
1738640543,226
1738640547,224
1738640550,230
1738640553,224
1738640555,227
1738640555,None
1738640561,228
1738640561,None
1738640568,231
1738640571,220
1738640574,230
1738640577,225
1738640580,229
1738640583,226
1738640586,224
1738640589,231
1738640592,229
1738640595,226
1738640598,227
1738640601,223
1738640605,226
1738640607,223
1738640610,221
1738640614,227
1738640617,228
1738640620,217
1738640623,233
1738640626,227
1738640626,None
1738640632,229
1738640635,228
1738640638,225
1738640641,228
1738640644,221
1738640647,230
1738640650,218
1738640653,229
1738640656,227
1738640659,228
1738640662,227
1738640665,223
1738640668,227
1738640671,229
1738640674,232
1738640677,229
1738640681,226
1738640683,230
1738640687,225
1738640690,230
1738640692,230
1738640696,389
1738640698,485
1738640702,481
1738640702,None
1738640708,396
1738640711,230
1738640714,226
1738640717,228
1738640720,230
1738640723,223
1738640726,230
1738640729,226
1738640733,224
1738640735,231
1738640738,226
1738640742,224
1738640745,228
1738640748,232
1738640751,220
1738640754,237
1738640757,227
1738640760,220
1738640763,264
1738640766,486
1738640769,487
1738640772,487
1738640775,421
1738640778,224
1738640781,219
1738640784,229
1738640787,219
1738640790,216
1738640793,226
1738640796,222
1738640799,232
1738640803,222
1738640806,229
1738640808,230
1738640812,220
1738640815,233
1738640818,229
1738640821,225
1738640821,None
1738640827,229
1738640830,231
1738640833,232
1738640836,230
1738640839,224
1738640842,225
1738640845,238
1738640848,230
1738640851,227
1738640855,228
1738640857,222
1738640860,233
1738640863,232
1738640866,226
1738640869,228
1738640872,228
1738640875,230
1738640878,227
1738640882,228
1738640885,235
1738640888,223
1738640891,238
1738640891,None
1738640891,None
1738640900,232
1738640903,229
1738640906,232
1738640909,227
1738640912,236
1738640915,225
1738640918,230
1738640921,225
1738640921,None
1738640928,229
1738640930,234
1738640934,229
1738640936,222
1738640940,222
1738640943,224
1738640946,222
1738640949,224
1738640952,221
1738640955,219
1738640958,225
1738640961,227
1738640964,218
1738640967,223
1738640970,224
1738640973,225
1738640976,222
1738640979,228
1738640982,231
1738640985,226
1738640989,232
1738640991,229
1738640994,226
1738640998,224
1738641001,228
1738641004,232
1738641007,225
1738641010,218
1738641013,230
1738641015,228
1738641018,219
1738641022,222
1738641025,228
1738641028,224
1738641031,230
1738641034,224
1738641037,219
1738641037,None
1738641043,235
1738641047,236
1738641049,235
1738641053,235
1738641056,240
1738641058,235
1738641062,230
1738641065,230
1738641068,225
1738641071,231
1738641071,None
1738641077,228
1738641080,228
1738641083,230
1738641086,224
1738641089,230
1738641092,225
1738641095,235
1738641098,240
1738641101,241
1738641104,285
1738641107,499
1738641110,500
1738641114,500
1738641116,381
1738641120,246
1738641123,240
1738641126,229
1738641126,None
1738641132,231
1738641135,229
1738641138,228
1738641141,222
1738641145,231
1738641147,230
1738641150,229
1738641153,229
1738641156,217
1738641159,230
1738641162,228
1738641165,230
1738641168,223
1738641171,238
1738641174,229
1738641178,259
1738641181,501
1738641183,501
1738641188,503
1738641190,503
1738641193,492
1738641196,496
1738641196,None
1738641202,487
1738641205,482
1738641208,485
1738641211,488
1738641214,484
1738641218,486
1738641222,488
1738641224,486
1738641227,481
1738641230,484
1738641233,481
1738641236,485
1738641239,462
1738641242,228
1738641245,226
1738641248,230
1738641251,228
1738641255,220
1738641258,240
1738641261,240
1738641263,225
1738641267,230
1738641270,225
1738641272,223
1738641276,210
1738641279,224
1738641282,223
1738641285,222
1738641288,221
1738641291,223
1738641291,None
1738641297,222
1738641300,232
1738641303,219
1738641306,221
1738641309,229
1738641312,223
1738641315,223
1738641318,230
1738641321,230
1738641325,218
1738641327,228
1738641331,227
1738641331,None
1738641337,228
1738641340,230
1738641343,224
1738641346,230
1738641349,220
1738641352,224
1738641355,224
1738641355,None
1738641361,226
1738641364,228
1738641368,223
1738641370,226
1738641373,216
1738641377,226
1738641380,219
1738641383,218
1738641386,215
1738641389,218
1738641392,217
1738641395,215
1738641398,218
1738641401,220
1738641404,217
1738641407,219
1738641410,220
1738641413,221
1738641416,226
1738641419,229
1738641422,226
1738641425,221
1738641429,227
1738641432,226
1738641434,231
1738641437,219
1738641441,221
1738641444,231
1738641447,221
1738641450,226
1738641453,228
1738641456,227
1738641459,222
1738641462,230
1738641465,227
1738641468,226
1738641471,457
1738641474,478
1738641477,484
1738641480,478
1738641483,363
1738641486,225
1738641489,231
1738641492,226
1738641495,230
1738641498,225
1738641501,230
1738641504,313
1738641507,484
1738641510,491
1738641513,479
1738641516,494
1738641519,236
1738641523,227
1738641525,228
1738641529,226
1738641532,227
1738641535,222
1738641537,231
1738641541,228
1738641544,221
1738641547,229
1738641550,228
1738641553,227
1738641556,224
1738641559,222
1738641562,229
1738641565,227
1738641568,225
1738641571,229
1738641571,None
1738641577,224
1738641580,227
1738641584,230
1738641586,220
1738641590,225
1738641593,227
1738641596,222
1738641599,229
1738641602,224
1738641605,227
1738641608,225
1738641611,228
1738641614,221
1738641617,227
1738641620,222
1738641623,228
1738641626,224
1738641629,226
1738641632,223
1738641635,231
1738641638,232
1738641641,222
1738641644,227
1738641647,223
1738641650,226
1738641653,226
1738641657,222
1738641657,None
1738641663,218
1738641666,227
1738641669,223
1738641672,229
1738641675,225
1738641678,224
1738641681,226
1738641684,217
1738641687,225
1738641687,None
1738641693,226
1738641696,223
1738641699,226
1738641702,227
1738641705,224
1738641709,231
1738641712,219
1738641715,211
1738641718,231
1738641721,232
1738641724,227
1738641727,222
1738641730,227
1738641733,227
1738641736,227
1738641739,231
1738641742,222
1738641745,229
1738641748,233
1738641751,225
1738641754,222
1738641757,225
1738641760,229
1738641763,220
1738641766,229
1738641769,224
1738641772,226
1738641775,229
1738641778,225
1738641778,None
1738641784,224
1738641788,227
1738641788,None
1738641794,232
1738641797,224
1738641800,224
1738641803,227
1738641806,228
1738641809,219
1738641812,227
1738641815,227
1738641818,223
1738641821,229
1738641824,224
1738641827,226
1738641830,225
1738641833,225
1738641837,216
1738641840,228
1738641843,222
1738641845,228
1738641849,227
1738641852,222
1738641855,477
1738641858,484
1738641861,484
1738641864,487
1738641867,391
1738641870,228
1738641873,222
1738641876,221
1738641879,229
1738641882,216
1738641885,228
1738641888,220
1738641891,227
1738641894,223
1738641897,222
1738641900,225
1738641903,229
1738641906,221
1738641909,233
1738641912,228
1738641916,219
1738641918,235
1738641921,225
1738641924,226
1738641928,224
1738641930,229
1738641934,230
1738641937,226
1738641940,426
1738641943,486
1738641946,482
1738641946,None
1738641952,388
1738641956,226
1738641958,230
1738641961,232
1738641964,224
1738641967,229
1738641970,222
1738641973,231
1738641976,231
1738641979,235
1738641982,230
1738641986,230
1738641989,233
1738641992,230
1738641995,231
1738641995,None
1738642001,225
1738642004,221
1738642007,225
1738642010,222
1738642013,226
1738642015,243
1738642019,242
1738642022,240
1738642025,244
1738642028,240
1738642031,240
1738642035,223
1738642038,216
1738642040,221
1738642043,216
1738642046,213
1738642049,221
1738642053,218
1738642056,215
1738642058,222
1738642062,221
1738642064,220
1738642067,215
1738642071,221
1738642074,229
1738642077,226
1738642080,240
1738642083,240
1738642086,236
1738642089,220
1738642092,216
1738642095,221
1738642098,219
1738642101,216
1738642101,None
1738642107,216
1738642110,212
1738642113,212
1738642117,234
1738642119,214
1738642123,208
1738642126,214
1738642129,209
1738642132,218
1738642135,213
1738642138,215
1738642141,214
1738642144,213
1738642147,216
1738642150,211
1738642153,217
1738642156,215
1738642159,216
1738642162,211
1738642165,219
1738642165,None
1738642171,219
1738642171,None
1738642178,220
1738642180,218
1738642183,221
1738642186,218
1738642189,220
1738642192,220
1738642192,None
1738642199,217
1738642201,218
1738642204,217
1738642208,222
1738642211,217
1738642214,224
1738642217,220
1738642220,221
1738642223,220
1738642226,224
1738642229,220
1738642232,224
1738642235,218
1738642235,None
1738642241,224
1738642241,None
1738642247,228
1738642250,229
1738642254,231
1738642256,226
1738642260,237
1738642263,224
1738642266,237
1738642268,227
1738642272,241
1738642275,249
1738642278,319
1738642281,510
1738642284,512
1738642287,507
1738642290,380
1738642293,244
1738642296,250
1738642299,246
1738642302,238
1738642305,251
1738642305,None
1738642311,243
1738642311,None
1738642317,248
1738642320,249
1738642323,241
1738642327,235
1738642330,248
1738642333,241
1738642336,235
1738642339,247
1738642342,243
1738642345,241
1738642345,None
1738642351,498
1738642354,502
1738642357,496
1738642360,478
1738642363,244
1738642366,237
1738642369,250
1738642372,245
1738642375,240
1738642378,247
1738642378,None
1738642385,239
1738642387,247
1738642390,245
1738642394,251
1738642397,238
1738642400,248
1738642403,246
1738642406,249
1738642406,None
1738642412,244
1738642415,244
1738642418,244
1738642421,239
1738642425,253
1738642427,245
1738642430,242
1738642434,250
1738642437,238
1738642439,250
1738642443,239
1738642446,245
1738642449,251
1738642449,None
1738642455,226
1738642458,218
1738642461,233
1738642464,227
1738642467,221
1738642470,229
1738642473,224
1738642476,226
1738642479,224
1738642483,235
1738642485,226
1738642488,228
1738642492,215
1738642494,233
1738642498,229
1738642501,225
1738642501,None
1738642506,229
1738642510,228
1738642513,221
1738642516,230
1738642519,229
1738642522,219
1738642525,232
1738642528,219
1738642531,230
1738642534,224
1738642534,None
1738642541,235
1738642541,None
1738642546,233
1738642549,222
1738642552,231
1738642556,223
1738642558,223
1738642562,226
1738642562,None
1738642568,226
1738642571,224
1738642574,219
1738642577,226
1738642580,227
1738642580,None
1738642586,228
1738642589,223
1738642592,223
1738642595,221
1738642598,224
1738642601,218
1738642604,225
1738642607,216
1738642610,218
1738642613,228
1738642616,221
1738642619,218
1738642622,217
1738642626,259
1738642629,481
1738642632,479
1738642635,486
1738642638,475
1738642641,282
1738642643,225
1738642646,214
1738642650,219
1738642653,222
1738642656,219
1738642659,215
1738642659,None
1738642665,225
1738642668,215
1738642671,221
1738642674,222
1738642678,215
1738642681,220
1738642684,220
1738642686,218
1738642690,217
1738642693,220
1738642696,212
1738642699,225
1738642702,209
1738642705,224
1738642708,214
1738642711,220
1738642714,219
1738642717,220
1738642720,216
1738642723,215
1738642726,221
1738642729,225
1738642732,216
1738642735,234
1738642738,225
1738642741,227
1738642744,232
1738642747,231
1738642751,224
1738642753,344
1738642753,None
1738642760,479
1738642760,None
1738642766,426
1738642768,225
1738642772,223
1738642775,241
1738642778,245
1738642781,239
1738642784,246
1738642787,237
1738642790,248
1738642793,238
1738642796,247
1738642799,243
1738642799,None
1738642805,241
1738642808,247
1738642811,246
1738642814,252
1738642817,254
1738642820,246
1738642823,249
1738642826,244
1738642829,250
1738642832,249
1738642836,245
1738642839,252
1738642841,243
1738642844,252
1738642848,247
1738642851,246
1738642854,255
1738642857,249
1738642860,252
1738642863,248
1738642866,246
1738642869,252
1738642872,253
1738642875,243
1738642878,250
1738642881,245
1738642884,242
1738642887,251
1738642891,247
1738642894,239
1738642896,241
1738642900,243
1738642903,246
1738642906,239
1738642910,233
1738642912,251
1738642915,246
1738642918,240
1738642921,248
1738642924,237
1738642928,243
1738642930,245
1738642933,238
1738642937,246
1738642940,246
1738642942,239
1738642946,250
1738642949,243
1738642951,241
1738642955,243
1738642958,246
1738642961,246
1738642961,None
1738642967,239
1738642969,250
1738642973,240
1738642976,244
1738642979,244
1738642982,245
1738642985,244
1738642988,245
1738642991,242
1738642994,246
1738642998,246
1738643000,241
1738643003,243
1738643006,241
1738643010,240
1738643012,246
1738643016,240
1738643018,244
1738643022,244
1738643025,239
1738643028,243
1738643031,243
1738643034,238
1738643037,245
1738643040,241
1738643043,241
1738643046,243
1738643049,240
1738643049,None
1738643055,241
1738643059,242
1738643061,241
1738643064,238
1738643068,238
1738643068,None
1738643074,231
1738643077,225
1738643079,227
1738643079,None
1738643086,230
1738643089,215
1738643091,223
1738643095,336
1738643098,480
1738643101,482
1738643104,478
1738643107,250
1738643110,212
1738643114,217
1738643116,219
1738643119,211
1738643119,None
1738643125,219
1738643128,205
1738643131,223
1738643134,215
1738643137,213
1738643140,220
1738643143,213
1738643147,212
1738643150,217
1738643153,213
1738643156,215
1738643156,None
1738643162,218
1738643164,249
1738643168,463
1738643171,475
1738643171,None
1738643177,467
1738643180,251
1738643183,219
1738643186,217
1738643189,215
1738643192,216
1738643195,207
1738643198,216
1738643202,216
1738643205,213
1738643207,208
1738643211,207
1738643214,220
1738643217,216
1738643220,213
1738643223,212
1738643226,216
1738643229,217
1738643229,None
1738643235,212
1738643238,218
1738643241,207
1738643244,219
1738643247,217
1738643250,204
1738643253,220
1738643256,211
1738643256,None
1738643262,213
1738643266,213
1738643268,213
1738643272,212
1738643274,209
1738643278,214
1738643281,216
1738643284,214
1738643287,218
1738643290,216
1738643293,203
1738643296,207
1738643299,219
1738643302,215
1738643305,211
1738643308,216
1738643311,214
1738643314,215
1738643317,210
1738643320,214
1738643323,216
1738643326,207
1738643329,218
1738643332,222
1738643336,208
1738643339,221
1738643342,218
1738643345,208
1738643348,218
1738643351,217
1738643354,209
1738643357,211
1738643360,212
1738643363,214
1738643366,216
1738643369,206
1738643372,219
1738643372,None
1738643378,207
1738643381,214
1738643384,213
1738643387,211
1738643391,209
1738643393,210
1738643397,215
1738643399,208
1738643402,215
1738643406,207
1738643409,205
1738643412,208
1738643414,219
1738643418,213
1738643421,213
1738643424,212
1738643427,215
1738643430,212
1738643430,None
1738643436,217
1738643439,211
1738643442,219
1738643445,209
1738643448,212
1738643451,208
1738643454,216
1738643457,211
1738643460,215
1738643463,212
1738643467,212
1738643469,215
1738643473,215
1738643476,216
1738643479,217
1738643479,None
1738643485,206
1738643488,217
1738643491,204
1738643494,217
1738643497,209
1738643501,208
1738643503,215
1738643506,217
1738643509,206
1738643512,213
1738643515,214
1738643518,201
1738643521,283
1738643524,473
1738643527,469
1738643530,469
1738643534,465
1738643536,211
1738643539,213
1738643542,207
1738643546,209
1738643549,220
1738643552,207
1738643555,200
1738643558,197
1738643561,211
1738643564,206
1738643567,205
1738643570,200
1738643573,202
1738643576,203
1738643579,198
1738643582,203
1738643585,195
1738643588,198
1738643592,206
1738643595,202
1738643598,197
1738643598,None
1738643604,204
1738643606,428
1738643610,461
1738643613,459
1738643616,456
1738643619,234
1738643622,212
1738643625,201
1738643628,196
1738643631,207
1738643634,211
1738643637,203
1738643640,203
1738643643,207
1738643646,209
1738643646,None
1738643652,201
1738643655,203
1738643659,215
1738643662,209
1738643665,201
1738643668,216
1738643671,215
1738643674,216
1738643677,212
1738643680,164
1738643683,169
1738643686,164
1738643689,150
1738643692,165
1738643695,162
1738643698,158
1738643701,159
1738643704,162
1738643707,162
1738643710,158
1738643714,165
1738643717,162
1738643719,167
1738643722,158
1738643725,162
1738643729,158
1738643732,162
1738643735,160
1738643738,163
1738643741,162
1738643744,165
1738643747,158
1738643750,168
1738643753,158
1738643756,169
1738643759,156
1738643762,157
1738643765,163
1738643768,161
1738643771,159
1738643774,154
1738643777,169
1738643780,159
1738643784,156
1738643787,158
1738643789,161
1738643793,158
1738643795,153
1738643799,144
1738643802,149
1738643805,156
1738643808,155
1738643811,141
1738643814,158
1738643817,155
1738643820,147
1738643823,150
1738643823,None
1738643823,None
1738643832,147
1738643836,148
1738643838,160
1738643841,154
1738643844,143
1738643847,159
1738643850,151
1738643853,151
1738643857,153
1738643860,151
1738643863,152
1738643866,147
1738643869,154
1738643872,155
1738643875,149
1738643878,155
1738643881,149
1738643884,147
1738643887,153
1738643890,151
1738643893,153
1738643896,149
1738643900,155
1738643903,147
1738643905,155
1738643909,149
1738643912,144
1738643915,158
1738643918,151
1738643918,None
1738643924,149
1738643927,154
1738643930,157
1738643933,151
1738643936,154
1738643939,149
1738643942,148
1738643945,156
1738643949,147
1738643952,149
1738643955,152
1738643958,149
1738643961,148
1738643964,157
1738643967,149
1738643970,151
1738643973,155
1738643976,192
1738643979,407
1738643982,409
1738643985,401
1738643989,202
1738643991,138
1738643994,141
1738643997,155
1738644000,147
1738644003,146
1738644007,140
1738644009,144
1738644013,148
1738644016,340
1738644019,410
1738644022,398
1738644025,393
1738644028,160
1738644031,147
1738644034,141
1738644037,145
1738644037,None
1738644043,145
1738644046,145
1738644049,139
1738644052,145
1738644055,147
1738644055,None
1738644061,149
1738644064,145
1738644068,140
1738644070,147
1738644074,140
1738644076,142
1738644080,144
1738644083,149
1738644083,None
1738644088,140
1738644092,141
1738644095,140
1738644098,150
1738644098,None
1738644104,140
1738644107,146
1738644110,141
1738644110,None
1738644116,148
1738644119,143
1738644122,141
1738644125,145
1738644129,138
1738644131,148
1738644135,139
1738644138,145
1738644141,144
1738644144,145
1738644147,145
1738644150,146
1738644153,143
1738644156,146
1738644159,138
1738644159,None
1738644165,141
1738644168,149
1738644171,138
1738644174,140
1738644177,143
1738644180,141
1738644183,147
1738644187,140
1738644190,141
1738644192,144
1738644196,141
1738644198,146
1738644202,140
1738644204,139
1738644208,141
1738644211,143
1738644214,150
1738644217,143
1738644220,139
1738644223,154
1738644226,139
1738644229,152
1738644232,141
1738644235,143
1738644238,146
1738644241,144
1738644244,147
1738644247,145
1738644250,139
1738644254,148
1738644256,141
1738644259,146
1738644263,144
1738644266,142
1738644269,139
1738644272,145
1738644274,145
1738644278,139
1738644281,141
1738644284,145
1738644287,143
1738644290,140
1738644293,146
1738644296,136
1738644299,146
1738644302,143
1738644305,142
1738644308,147
1738644311,153
1738644315,142
1738644317,152
1738644321,147
1738644323,135
1738644326,147
1738644330,145
1738644333,143
1738644336,143
1738644339,140
1738644342,142
1738644342,None
1738644348,151
1738644351,141
1738644354,134
1738644357,146
1738644360,137
1738644363,140
1738644366,145
1738644369,146
1738644373,141
1738644376,142
1738644378,146
1738644382,393
1738644385,405
1738644388,397
1738644391,397
1738644394,248
1738644394,None
1738644394,None
1738644403,406
1738644406,351
1738644409,145
1738644412,139
1738644415,151
1738644418,143
1738644421,144
1738644421,None
1738644428,141
1738644430,150
1738644433,136
1738644436,142
1738644439,151
1738644443,147
1738644445,144
1738644449,139
1738644452,141
1738644455,149
1738644458,146
1738644461,144
1738644464,140
1738644467,145
1738644470,139
1738644473,138
1738644476,149
1738644479,144
1738644483,134
1738644485,150
1738644488,140
1738644492,139
1738644495,140
1738644498,142
1738644500,144
1738644504,148
1738644507,140
1738644510,134
1738644510,None
1738644516,148
1738644519,135
1738644522,132
1738644525,148
1738644528,146
1738644531,141
1738644534,141
1738644538,139
1738644540,149
1738644543,149
1738644546,142
1738644550,134
1738644552,147
1738644555,142
1738644558,144
1738644562,146
1738644564,144
1738644568,139
1738644571,146
1738644573,138
1738644577,148
1738644580,143
1738644583,142
1738644586,134
1738644589,146
1738644592,143
1738644595,143
1738644598,144
1738644601,141
1738644601,None
1738644607,150
1738644610,136
1738644613,138
1738644616,148
1738644619,139
1738644622,147
1738644625,137
1738644628,138
1738644631,146
1738644635,148
1738644638,142
1738644641,138
1738644644,141
1738644647,145
1738644650,140
1738644653,147
1738644653,None
1738644659,145
1738644662,146
1738644665,134
1738644668,150
1738644671,141
1738644674,149
1738644677,142
1738644680,141
1738644683,148
1738644686,142
1738644690,146
1738644692,138
1738644695,146
1738644698,137
1738644701,146
1738644704,143
1738644708,150
1738644710,190
1738644714,242
1738644717,257
1738644720,259
1738644723,254
1738644726,249
1738644729,241
1738644732,240
1738644735,246
1738644738,239
1738644741,239
1738644744,243
1738644747,226
1738644750,233
1738644753,226
1738644756,216
1738644759,232
1738644762,220
1738644762,None
1738644768,219
1738644772,216
1738644775,221
1738644778,208
1738644781,217
1738644784,216
1738644787,214
1738644790,205
1738644793,452
1738644796,466
1738644799,463
1738644799,None
1738644805,381
1738644808,217
1738644811,209
1738644811,None
1738644817,214
1738644822,221
1738644824,221
1738644827,201
1738644830,327
1738644833,476
1738644836,471
1738644839,403
1738644842,211
1738644845,216
1738644848,207
1738644851,210
1738644854,212
1738644858,206
1738644861,212
1738644863,210
1738644867,206
1738644870,207
1738644873,208
1738644875,205
1738644879,203
1738644882,209
1738644885,202
1738644885,None
1738644891,210
1738644894,211
1738644897,204
1738644900,207
1738644903,206
1738644906,208
1738644909,214
1738644912,207
1738644916,212
1738644919,210
1738644922,211
1738644924,208
1738644928,211
1738644931,215
1738644935,207
1738644935,None
1738644940,206
1738644943,212
1738644946,204
1738644949,218
1738644952,206
1738644955,211
1738644958,211
1738644961,211
1738644964,207
1738644967,210
1738644970,213
1738644973,200
1738644976,217
1738644976,None
1738644982,202
1738644982,None
1738644988,209
1738644992,208
1738644995,211
1738644995,None
1738645001,210
1738645004,205
1738645007,220
1738645010,202
1738645013,213
1738645016,211
1738645019,210
1738645023,212
1738645025,210
1738645028,209
1738645031,215
1738645031,None
1738645037,216
1738645040,204
1738645044,213
1738645047,204
1738645049,212
1738645052,204
1738645056,210
1738645059,201
1738645062,206
1738645065,208
1738645068,203
1738645071,211
1738645074,212
1738645077,199
1738645080,215
1738645083,202
1738645086,200
1738645089,201
1738645092,192
1738645095,189
1738645098,193
1738645101,192
1738645104,191
1738645108,197
1738645110,186
1738645113,186
1738645117,195
1738645119,188
1738645123,188
1738645126,194
1738645126,None
1738645132,194
1738645136,183
1738645138,191
1738645141,196
1738645144,191
1738645148,184
1738645150,194
1738645153,194
1738645156,187
1738645159,185
1738645163,191
1738645165,190
1738645169,188
1738645171,188
1738645175,194
1738645177,190
1738645181,188
1738645184,199
1738645186,185
1738645190,186
1738645193,194
1738645196,186
1738645199,196
1738645202,186
1738645205,196
1738645208,189
1738645211,189
1738645214,192
1738645218,195
1738645220,189
1738645223,197
1738645226,330
1738645229,452
1738645232,455
1738645235,450
1738645239,486
1738645242,441
1738645245,448
1738645247,441
1738645250,326
1738645250,None
1738645257,191
1738645257,None
1738645263,184
1738645263,None
1738645269,185
1738645272,196
1738645275,339
1738645278,339
1738645281,347
1738645285,343
1738645287,353
1738645290,339
1738645293,344
1738645296,343
1738645300,342
1738645302,348
1738645305,343
1738645309,343
1738645312,346
1738645315,345
1738645318,346
1738645320,340
1738645323,339
1738645327,345
1738645330,348
1738645333,345
1738645336,342
1738645339,347
1738645342,338
1738645345,348
1738645348,343
1738645351,339
1738645354,344
1738645357,348
1738645360,342
1738645363,340
1738645366,345
1738645369,340
1738645373,348
1738645376,347
1738645379,337
1738645382,347
1738645384,342
1738645388,346
1738645391,341
1738645394,345
1738645397,347
1738645400,345
1738645403,340
1738645406,333
1738645409,347
1738645412,347
1738645415,341
1738645418,343
1738645421,336
1738645424,341
1738645427,345
1738645430,339
1738645433,338
1738645433,None
1738645440,335
1738645443,337
1738645443,None
1738645449,335
1738645452,335
1738645455,344
1738645458,329
1738645462,336
1738645464,192
1738645467,188
1738645470,198
1738645473,184
1738645476,191
1738645480,188
1738645482,189
1738645486,190
1738645488,194
1738645491,188
1738645495,195
1738645498,187
1738645501,186
1738645504,189
1738645507,190
1738645510,187
1738645513,196
1738645516,188
1738645519,193
1738645522,189
1738645525,184
1738645528,191
1738645531,189
1738645534,189
1738645537,191
1738645540,188
1738645544,191
1738645547,191
1738645550,194
1738645552,185
1738645556,190
1738645559,188
1738645562,191
1738645565,195
1738645568,182
1738645571,189
1738645574,191
1738645577,183
1738645580,187
1738645583,191
1738645586,185
1738645589,191
1738645589,None
1738645595,185
1738645598,191
1738645601,191
1738645605,189
1738645608,180
1738645611,191
1738645614,191
1738645616,190
1738645620,191
1738645623,189
1738645626,192
1738645629,182
1738645632,194
1738645635,183
1738645638,192
1738645641,189
1738645644,187
1738645647,188
1738645651,187
1738645653,191
1738645656,187
1738645659,189
1738645662,186
1738645665,208
1738645668,441
1738645671,642
1738645674,694
1738645678,606
1738645680,443
1738645684,196
1738645684,None
1738645690,182
1738645693,189
1738645697,184
1738645699,185
1738645702,189
1738645705,186
1738645708,190
1738645711,178
1738645714,190
1738645717,190
1738645721,187
1738645723,187
1738645726,189
1738645729,188
1738645733,182
1738645736,188
1738645739,190
1738645742,177
1738645745,189
1738645748,185
1738645751,180
1738645754,188
1738645757,188
1738645760,190
1738645763,182
1738645766,184
1738645769,197
1738645773,193
1738645775,182
1738645778,192
1738645781,190
1738645784,189
1738645788,190
1738645790,186
1738645794,191
1738645797,183
1738645800,189
1738645803,186
1738645806,179
1738645809,193
1738645812,188
1738645815,184
1738645815,None
1738645821,191
1738645824,191
1738645827,187
1738645830,182
1738645833,186
1738645836,194
1738645840,190
1738645843,187
1738645845,187
1738645848,189
1738645851,178
1738645855,182
1738645858,192
1738645861,196
1738645863,186
1738645867,180
1738645870,185
1738645873,185
1738645876,183
1738645879,181
1738645882,190
1738645885,184
1738645889,182
1738645891,183
1738645894,187
1738645894,None
1738645900,185
1738645903,188
1738645906,190
1738645909,182
1738645912,188
1738645915,187
1738645919,179
1738645921,190
1738645925,183
1738645928,186
1738645928,None
1738645934,185
1738645937,188
1738645940,191
1738645943,186
1738645946,191
1738645949,186
1738645952,195
1738645955,187
1738645958,191
1738645961,187
1738645964,184
1738645967,189
1738645971,189
1738645973,190
1738645977,193
1738645979,188
1738645983,192
1738645986,191
1738645988,184
1738645991,183
1738645995,181
1738645998,180
1738645998,None
1738646004,182
1738646007,184
1738646010,191
1738646013,183
1738646016,394
1738646019,429
1738646022,435
1738646025,437
1738646028,433
1738646032,246
1738646034,181
1738646038,182
1738646041,184
1738646041,None
1738646046,186
1738646050,178
1738646053,181
1738646055,190
1738646059,187
1738646061,183
1738646064,186
1738646068,182
1738646071,262
1738646074,451
1738646077,440
1738646080,448
1738646083,210
1738646086,195
1738646089,198
1738646089,None
1738646095,194
1738646098,200
1738646101,194
1738646104,201
1738646107,191
1738646110,195
1738646113,196
1738646116,193
1738646120,200
1738646123,201
1738646126,191
1738646128,199
1738646132,198
1738646135,197
1738646138,196
1738646141,193
1738646144,194
1738646144,None
1738646150,193
1738646153,200
1738646156,196
1738646159,194
1738646162,197
1738646165,195
1738646168,190
1738646172,198
1738646175,198
1738646177,188
1738646180,199
1738646183,197
1738646186,195
1738646190,197
1738646193,189
1738646195,193
1738646199,196
1738646202,194
1738646202,None
1738646208,336
1738646211,336
1738646214,339
1738646217,341
1738646220,341
1738646223,334
1738646226,328
1738646229,343
1738646232,335
1738646235,330
1738646238,334
1738646241,333
1738646244,339
1738646247,334
1738646251,331
1738646254,343
1738646257,332
1738646259,334
1738646263,338
1738646266,334
1738646269,340
1738646272,339
1738646275,340
1738646278,339
1738646281,339
1738646284,304
1738646287,203
1738646290,188
1738646294,188
1738646296,194
1738646299,196
1738646302,180
1738646305,200
1738646308,190
1738646312,190
1738646315,198
1738646318,198
1738646321,187
1738646324,203
1738646327,197
1738646330,188
1738646333,193
1738646336,194
1738646339,190
1738646342,192
1738646345,196
1738646348,196
1738646351,200
1738646355,189
1738646357,184
1738646360,190
1738646364,196
1738646367,199
1738646369,189
1738646373,194
1738646376,192
1738646379,183
1738646382,200
1738646385,196
1738646387,193
1738646391,189
1738646394,200
1738646397,196
1738646400,188
1738646403,201
1738646406,195
1738646409,196
1738646412,196
1738646415,189
1738646418,195
1738646421,193
1738646425,192
1738646427,190
1738646430,196
1738646433,190
1738646437,197
1738646440,196
1738646442,196
1738646446,192
1738646448,195
1738646452,197
1738646452,None
1738646458,195
1738646461,196
1738646464,190
1738646467,194
1738646470,194
1738646473,437
1738646476,455
1738646479,460
1738646483,449
1738646485,192
1738646488,194
1738646492,191
1738646494,194
1738646497,194
1738646501,191
1738646504,204
1738646507,196
1738646510,185
1738646513,280
1738646516,447
1738646519,455
1738646522,410
1738646525,197
1738646528,199
1738646531,197
1738646531,None
1738646537,200
1738646540,199
1738646543,189
1738646546,195
1738646549,186
1738646552,190
1738646555,196
1738646558,200
1738646562,193
1738646564,194
1738646568,191
1738646571,188
1738646573,195
1738646576,193
1738646580,198
1738646583,192
1738646586,188
1738646589,195
1738646592,195
1738646595,193
1738646598,201
1738646601,191
1738646604,194
1738646607,200
1738646607,None
1738646613,197
1738646616,191
1738646619,190
1738646619,None
1738646619,None
1738646628,189
1738646631,195
1738646635,192
1738646638,193
1738646640,190
1738646644,197
1738646647,196
1738646647,None
1738646653,200
1738646656,189
1738646659,198
1738646662,191
1738646665,191
1738646665,None
1738646671,192
1738646674,191
1738646677,193
1738646680,201
1738646684,198
1738646687,188
1738646690,197
1738646693,194
1738646696,198
1738646698,195
1738646702,188
1738646705,187
1738646708,194
1738646711,204
1738646711,None
1738646717,191
1738646720,190
1738646723,199
1738646726,192
1738646729,188
1738646732,189
1738646732,None
1738646738,199
1738646741,194
1738646744,196
1738646748,192
1738646751,194
1738646753,189
1738646756,198
1738646759,189
1738646762,193
1738646766,198
1738646769,192
1738646771,193
1738646775,201
1738646778,199
1738646781,190
1738646784,198
1738646787,191
1738646790,199
1738646793,192
1738646796,194
1738646799,196
1738646802,196
1738646805,196
1738646808,192
1738646811,194
1738646814,193
1738646817,196
1738646820,193
1738646824,193
1738646827,189
1738646830,193
1738646832,190
1738646832,None
1738646839,189
1738646842,198
1738646845,196
1738646845,None
1738646851,197
1738646854,191
1738646857,192
1738646860,195
1738646863,192
1738646866,374
1738646869,456
1738646872,448
1738646875,452
1738646878,453
1738646878,None
1738646884,200
1738646887,192
1738646887,None
1738646893,194
1738646896,192
1738646899,185
1738646902,202
1738646902,None
1738646908,191
1738646911,197
1738646915,192
1738646917,194
1738646921,200
1738646924,191
1738646927,195
1738646930,364
1738646933,462
1738646936,457
1738646939,368
1738646942,196
1738646945,188
1738646948,197
1738646951,193
1738646954,186
1738646957,195
1738646960,194
1738646963,192
1738646967,197
1738646970,197
1738646972,185
1738646975,197
1738646979,194
1738646982,190
1738646985,196
1738646988,189
1738646991,190
1738646994,192
1738646997,202
1738647000,195
1738647003,194
1738647006,196
1738647009,196
1738647012,190
1738647015,198
1738647018,192
1738647022,193
1738647024,199
1738647027,196
1738647030,193
1738647033,197
1738647036,197
1738647040,186
1738647043,196
1738647046,195
1738647049,184
1738647052,195
1738647055,194
1738647058,185
1738647061,192
1738647064,190
1738647067,185
1738647070,197
1738647074,193
1738647076,185
1738647079,184
1738647082,194
1738647085,192
1738647088,197
1738647092,188
1738647095,194
1738647097,202
1738647097,None
1738647104,194
1738647104,None
1738647110,197
1738647113,201
1738647116,196
1738647119,189
1738647122,192
1738647125,196
1738647128,195
1738647128,None
1738647134,189
1738647137,195
1738647141,201
1738647143,194
1738647146,191
1738647149,198
1738647152,197
1738647155,191
1738647158,195
1738647162,199
1738647164,195
1738647168,200
1738647170,189
1738647170,None
1738647177,191
1738647180,197
1738647183,192
1738647187,189
1738647189,195
1738647192,190
1738647195,199
1738647198,191
1738647201,192
1738647204,197
1738647207,188
1738647210,186
1738647213,196
1738647216,198
1738647220,188
1738647220,None
1738647225,198
1738647228,192
1738647232,188
1738647235,194
1738647238,194
1738647241,196
1738647244,190
1738647247,182
1738647250,201
1738647253,197
1738647256,193
1738647259,191
1738647262,188
1738647265,193
1738647268,201
1738647271,189
1738647274,180
1738647278,194
1738647281,189
1738647283,182
1738647287,187
1738647290,186
1738647290,None
1738647296,369
1738647299,441
1738647302,454
1738647305,453
1738647308,218
1738647311,186
1738647314,183
1738647317,181
1738647320,181
1738647323,185
1738647326,184
1738647329,176
1738647332,192
1738647332,None
1738647338,180
1738647338,None
1738647344,183
1738647347,181
1738647350,182
1738647353,185
1738647356,176
1738647359,189
1738647363,185
1738647365,185
1738647369,180
1738647372,182
1738647375,184
1738647378,197
1738647381,436
1738647384,449
1738647387,436
1738647390,347
1738647393,183
1738647396,183
1738647396,None
1738647402,187
1738647405,178
1738647408,191
1738647411,181
1738647414,189
1738647414,None
1738647421,187
1738647423,188
1738647427,182
1738647429,187
1738647432,186
1738647436,179
1738647439,187
1738647441,182
1738647441,None
1738647448,187
1738647451,182
1738647454,189
1738647457,176
1738647460,188
1738647463,186
1738647466,179
1738647469,185
1738647472,182
1738647475,187
1738647479,182
1738647481,184
1738647481,None
1738647487,184
1738647490,189
1738647494,188
1738647497,182
1738647499,185
1738647503,187
1738647505,187
1738647508,194
1738647512,179
1738647515,177
1738647518,195
1738647520,189
1738647524,184
1738647527,179
1738647530,185
1738647533,183
1738647536,188
1738647539,195
1738647542,186
1738647542,None
1738647548,193
1738647551,189
1738647554,187
1738647557,186
1738647560,191
1738647563,189
1738647567,182
1738647570,187
1738647573,178
1738647576,182
1738647579,177
1738647582,182
1738647584,177
1738647589,176
1738647591,178
1738647594,177
1738647597,180
1738647600,176
1738647603,181
1738647606,180
1738647609,182
1738647612,179
1738647615,182
1738647618,176
1738647621,177
1738647624,182
1738647627,174
1738647630,185
1738647633,175
1738647636,184
1738647639,182
1738647643,176
1738647646,182
1738647649,179
1738647652,180
1738647655,184
1738647658,187
1738647661,174
1738647664,180
1738647667,190
1738647667,None
1738647673,171
1738647676,180
1738647679,187
1738647682,180
1738647686,182
1738647689,179
1738647691,180
1738647695,180
1738647698,180
1738647700,182
1738647703,174
1738647707,169
1738647710,186
1738647713,183
1738647716,177
1738647719,176
1738647722,181
1738647725,180
1738647728,182
1738647731,175
1738647735,178
1738647738,269
1738647740,438
1738647744,449
1738647747,444
1738647747,None
1738647753,184
1738647756,180
1738647759,179
1738647762,179
1738647765,188
1738647768,171
1738647771,342
1738647774,438
1738647777,439
1738647780,443
1738647783,269
1738647783,None
1738647789,186
1738647792,181
1738647795,184
1738647799,182
1738647801,174
1738647804,188
1738647804,None
1738647810,176
1738647814,180
1738647817,175
1738647820,173
1738647823,183
1738647826,178
1738647829,182
1738647832,181
1738647835,177
1738647838,183
1738647841,180
1738647844,183
1738647844,None
1738647851,185
1738647853,176
1738647857,181
1738647859,185
1738647863,178
1738647866,179
1738647869,183
1738647872,177
1738647875,180
1738647878,182
1738647881,179
1738647884,181
1738647887,183
1738647890,187
1738647893,173
1738647896,183
1738647899,185
1738647902,173
1738647905,189
1738647908,180
1738647911,175
1738647914,187
1738647917,183
1738647920,180
1738647923,178
1738647926,186
1738647929,183
1738647932,182
1738647936,181
1738647939,173
1738647942,190
1738647945,182
1738647948,181
1738647951,181
1738647954,188
1738647957,184
1738647960,185
1738647963,182
1738647966,184
1738647970,181
1738647972,185
1738647975,189
1738647978,178
1738647981,189
1738647984,178
1738647988,184
1738647991,182
1738647993,182
1738647997,179
1738648000,188
1738648003,175
1738648003,None
1738648003,None
1738648003,None
1738648015,185
1738648015,None
1738648021,176
1738648024,184
1738648027,182
1738648030,179
1738648033,186
1738648036,181
1738648039,178
1738648042,191
1738648045,180
1738648048,174
1738648051,185
1738648055,180
1738648057,183
1738648057,None
1738648064,180
1738648067,184
1738648070,181
1738648073,179
1738648076,175
1738648079,186
1738648082,181
1738648085,177
1738648088,182
1738648091,182
1738648094,180
1738648097,188
1738648100,179
1738648103,175
1738648106,190
1738648109,180
1738648112,177
1738648115,179
1738648119,177
1738648121,176
1738648124,178
1738648128,178
1738648128,None
1738648134,189
1738648137,181
1738648140,174
1738648143,174
1738648146,177
1738648149,183
1738648152,179
1738648155,580
1738648158,690
1738648161,695
1738648164,687
1738648167,220
1738648170,173
1738648174,182
1738648176,181
1738648180,180
1738648183,173
1738648185,178
1738648185,None
1738648192,179
1738648195,173
1738648198,171
1738648198,None
1738648204,183
1738648207,184
1738648210,180
1738648213,179
1738648213,None
1738648219,172
1738648222,177
1738648225,179
1738648229,176
1738648231,176
1738648235,184
1738648238,177
1738648241,177
1738648244,177
1738648244,None
1738648250,178
1738648253,171
1738648256,176
1738648259,172
1738648262,184
1738648265,179
1738648268,183
1738648271,180
1738648274,183
1738648277,178
1738648277,None
1738648283,174
1738648286,182
1738648289,180
1738648292,177
1738648295,177
1738648295,None
1738648302,175
1738648304,173
1738648307,175
1738648311,177
1738648314,172
1738648317,173
1738648320,175
1738648323,175
1738648326,175
1738648329,166
1738648332,183
1738648335,174
1738648338,174
1738648341,175
1738648344,181
1738648348,176
1738648350,178
1738648353,169
1738648356,169
1738648359,176
1738648362,187
1738648365,177
1738648368,175
1738648372,173
1738648375,179
1738648377,178
1738648381,180
1738648384,175
1738648387,176
1738648390,178
1738648393,176
1738648396,179
1738648396,None
1738648402,179
1738648405,176
1738648409,180
1738648411,174
1738648414,176
1738648418,170
1738648422,175
1738648424,173
1738648427,179
1738648431,174
1738648433,176
1738648436,175
1738648439,184
1738648442,171
1738648445,179
1738648448,174
1738648452,173
1738648452,None
1738648458,178
1738648460,176
1738648460,None
1738648467,171
1738648470,179
1738648473,170
1738648476,182
1738648479,175
1738648482,179
1738648482,None
1738648488,179
1738648491,175
1738648494,171
1738648497,180
1738648500,174
1738648503,180
1738648506,175
1738648509,175
1738648512,175
1738648516,171
1738648519,178
1738648522,176
1738648524,180
1738648528,172
1738648531,177
1738648534,173
1738648537,175
1738648540,175
1738648543,182
1738648546,174
1738648549,175
1738648552,180
1738648556,171
1738648558,175
1738648562,178
1738648565,263
1738648568,433
1738648571,438
1738648571,None
1738648577,428
1738648580,186
1738648583,166
1738648586,182
1738648589,182
1738648592,181
1738648595,176
1738648598,179
1738648601,230
1738648604,432
1738648607,442
1738648610,437
1738648613,341
1738648617,173
1738648619,181
1738648623,180
1738648626,182
1738648629,175
1738648632,175
1738648634,178
1738648637,181
1738648641,172
1738648644,174
1738648647,183
1738648650,175
1738648650,None
1738648656,168
1738648656,None
1738648656,None
1738648665,165
1738648668,164
1738648668,None
1738648675,163
1738648677,161
1738648681,165
1738648684,162
1738648687,164
1738648690,163
1738648693,168
1738648696,162
1738648696,None
1738648702,165
1738648705,166
1738648708,165
1738648711,168
1738648714,169
1738648718,166
1738648720,166
1738648724,160
1738648726,169
1738648729,162
1738648732,165
1738648735,167
1738648739,161
1738648741,167
1738648744,165
1738648747,178
1738648751,173
1738648754,175
1738648757,172
1738648759,133
1738648763,121
1738648766,116
1738648769,121
1738648769,None
1738648775,120
1738648778,117
1738648781,111
1738648784,124
1738648787,114
1738648790,118
1738648793,122
1738648796,113
1738648799,122
1738648802,128
1738648805,124
1738648808,130
1738648811,132
1738648814,128
1738648817,134
1738648820,135
1738648823,127
1738648826,135
1738648829,135
1738648833,126
1738648836,150
1738648838,141
1738648842,134
1738648842,None
1738648848,137
1738648848,None
1738648855,142
1738648857,138
1738648860,135
1738648863,139
1738648866,139
1738648870,132
1738648872,143
1738648875,131
1738648878,142
1738648881,140
1738648885,133
1738648888,139
1738648890,137
1738648894,139
1738648897,139
1738648900,141
1738648903,131
1738648906,138
1738648909,132
1738648909,None
1738648915,133
1738648918,138
1738648921,135
1738648924,121
1738648927,125
1738648930,137
1738648930,None
1738648936,127
1738648940,125
1738648943,128
1738648946,134
1738648948,129
1738648952,136
1738648955,136
1738648958,121
1738648961,130
1738648964,135
1738648967,135
1738648970,129
1738648973,130
1738648976,126
1738648979,132
1738648982,131
1738648982,None
1738648988,123
1738648991,138
1738648994,138
1738648997,129
1738649000,134
1738649003,134
1738649006,125
1738649010,138
1738649012,132
1738649016,329
1738649018,638
1738649021,649
1738649025,636
1738649028,444
1738649031,198
1738649034,124
1738649037,139
1738649040,131
1738649043,129
1738649046,135
1738649049,129
1738649052,131
1738649055,127
1738649058,139
1738649062,131
1738649064,133
1738649067,136
1738649070,129
1738649073,126
1738649073,None
1738649079,137
1738649083,133
1738649085,127
1738649089,141
1738649091,138
1738649095,125
1738649098,133
1738649101,139
1738649101,None
1738649107,134
1738649110,129
1738649114,134
1738649116,136
1738649119,128
1738649122,136
1738649125,137
1738649125,None
1738649131,133
1738649134,134
1738649137,137
1738649140,133
1738649143,129
1738649146,138
1738649149,129
1738649153,131
1738649156,136
1738649158,133
1738649162,134
1738649165,129
1738649168,137
1738649171,133
1738649174,126
1738649177,139
1738649180,130
1738649180,None
1738649186,136
1738649186,None
1738649192,128
1738649195,142
1738649198,128
1738649198,None
1738649198,None
1738649208,141
1738649210,133
1738649213,135
1738649216,128
1738649219,133
1738649223,140
1738649225,133
1738649225,None
1738649231,134
1738649235,134
1738649237,135
1738649241,130
1738649244,142
1738649247,133
1738649250,144
1738649253,131
1738649256,142
1738649259,137
1738649262,138
1738649265,136
1738649268,134
1738649271,136
1738649271,None
1738649277,140
1738649277,None
1738649283,141
1738649286,132
1738649289,140
1738649292,137
1738649295,138
1738649299,135
1738649302,134
1738649304,137
1738649308,132
1738649311,139
1738649314,129
1738649317,138
1738649320,132
1738649323,139
1738649326,134
1738649329,130
1738649332,132
1738649335,130
1738649338,119
1738649341,133
1738649345,126
1738649347,121
1738649351,124
1738649353,131
1738649357,124
1738649357,None
1738649363,119
1738649366,113
1738649369,133
1738649372,127
1738649375,126
1738649378,122
1738649381,122
1738649384,124
1738649388,124
1738649390,130
1738649393,118
1738649396,121
1738649399,132
1738649403,123
1738649406,124
1738649409,124
1738649412,120
1738649415,124
1738649418,122
1738649421,125
1738649424,129
1738649427,118
1738649430,123
1738649433,255
1738649436,388
1738649439,381
1738649442,389
1738649445,187
1738649448,125
1738649448,None
1738649454,120
1738649457,123
1738649460,134
1738649463,127
1738649466,119
1738649469,270
1738649473,390
1738649476,384
1738649479,381
1738649482,391
1738649485,124
1738649488,132
1738649491,128
1738649494,121
1738649497,132
1738649500,120
1738649503,123
1738649506,134
1738649509,129
1738649513,133
1738649515,131
1738649518,122
1738649521,128
1738649524,120
1738649528,130
1738649531,123
1738649531,None
1738649537,125
1738649540,129
1738649543,130
1738649546,125
1738649549,126
1738649552,126
1738649552,None
1738649558,129
1738649561,123
1738649564,126
1738649567,121
1738649570,123
1738649574,129
1738649576,125
1738649579,123
1738649582,125
1738649585,121
1738649589,131
1738649592,131
1738649595,117
1738649598,127
1738649601,117
1738649604,119
1738649607,128
1738649610,127
1738649613,122
1738649616,124
1738649619,130
1738649622,130
1738649625,113
1738649629,131
1738649631,130
1738649635,120
1738649638,127
1738649640,123
1738649644,129
1738649647,127
1738649650,132
1738649653,121
1738649656,118
1738649659,131
1738649662,130
1738649665,124
1738649668,119
1738649671,125
1738649674,128
1738649677,127
1738649680,122
1738649684,123
1738649686,132
1738649690,119
1738649690,None
1738649696,121
1738649699,129
1738649702,127
1738649704,127
1738649708,129
1738649711,130
1738649714,120
1738649717,126
1738649720,118
1738649723,130
1738649726,120
1738649729,131
1738649732,127
1738649735,125
1738649738,125
1738649741,125
1738649744,122
1738649747,124
1738649750,119
1738649753,131
1738649753,None
1738649760,121
1738649762,129
1738649765,128
1738649769,164
1738649772,216
1738649775,225
1738649778,226
1738649781,231
1738649784,222
1738649787,203
1738649790,224
1738649790,None
1738649796,210
1738649799,212
1738649802,212
1738649805,206
1738649808,204
1738649808,None
1738649814,208
1738649818,202
1738649820,197
1738649824,200
1738649827,192
1738649830,198
1738649833,194
1738649836,210
1738649839,458
1738649842,459
1738649845,452
1738649848,296
1738649848,None
1738649854,196
1738649857,185
1738649860,194
1738649863,184
1738649866,195
1738649869,187
1738649873,190
1738649875,183
1738649878,185
1738649881,188
1738649885,187
1738649888,190
1738649891,182
1738649893,189
1738649896,181
1738649900,197
1738649903,182
1738649906,191
1738649909,182
1738649912,185
1738649915,189
1738649918,192
1738649922,182
1738649925,193
1738649927,191
1738649930,238
1738649934,436
1738649936,448
1738649940,448
1738649943,407
1738649945,194
1738649949,180
1738649952,177
1738649955,189
1738649958,190
1738649961,184
1738649964,178
1738649967,190
1738649970,189
1738649973,185
1738649976,185
1738649979,182
1738649982,190
1738649986,184
1738649988,179
1738649991,187
1738649994,178
1738649997,187
1738650000,182
1738650003,184
1738650006,183
1738650006,None
1738650013,176
1738650016,188
1738650019,188
1738650022,177
1738650025,187
1738650028,186
1738650031,187
1738650034,181
1738650037,179
1738650040,193
1738650043,185
1738650047,183
1738650049,178
1738650053,181
1738650055,189
1738650058,188
1738650062,189
1738650065,193
1738650068,188
1738650071,193
1738650074,188
1738650074,None
1738650080,186
1738650083,182
1738650086,182
1738650089,183
1738650092,179
1738650095,173
1738650098,188
1738650101,193
1738650104,196
1738650108,185
1738650110,191
1738650113,190
1738650116,182
1738650119,184
1738650119,None
1738650126,190
1738650129,177
1738650132,187
1738650135,180
1738650138,188
1738650141,185
1738650144,192
1738650147,184
1738650150,191
1738650153,184
1738650156,193
1738650159,192
1738650162,192
1738650165,192
1738650169,188
1738650172,190
1738650175,178
1738650178,186
1738650181,188
1738650184,183
1738650187,181
1738650190,178
1738650193,187
1738650196,186
1738650199,189
1738650202,183
1738650205,189
1738650208,182
1738650211,189
1738650214,188
1738650217,181
1738650222,186
1738650224,186
1738650227,186
1738650230,183
1738650233,188
1738650236,186
1738650239,181
1738650242,190
1738650245,187
1738650248,185
1738650251,188
1738650251,None
1738650258,180
1738650261,191
1738650264,183
1738650266,264
1738650270,453
1738650273,444
1738650273,None
1738650279,184
1738650282,184
1738650285,185
1738650288,186
1738650291,176
1738650294,189
1738650297,193
1738650297,None
1738650303,184
1738650306,184
1738650309,185
1738650312,189
1738650315,193
1738650315,None
1738650322,187
1738650324,407
1738650327,439
1738650327,None
1738650334,443
1738650337,269
1738650337,None
1738650343,179
1738650343,None
1738650349,186
1738650352,180
1738650355,185
1738650358,186
1738650362,191
1738650364,186
1738650367,181
1738650367,None
1738650374,184
1738650378,182
1738650379,188
1738650383,185
1738650386,189
1738650388,180
1738650392,188
1738650395,189
1738650398,179
1738650401,191
1738650404,187
1738650407,186
1738650407,None
1738650413,191
1738650416,179
1738650419,193
1738650422,180
1738650425,183
1738650428,186
1738650431,189
1738650434,187
1738650438,192
1738650440,190
1738650443,179
1738650447,193
1738650450,181
1738650453,188
1738650456,190
1738650459,183
1738650462,185
1738650465,181
1738650468,188
1738650471,184
1738650474,188
1738650477,182
1738650480,186
1738650480,None
1738650486,186
1738650489,183
1738650489,None
1738650496,181
1738650496,None
1738650502,183
1738650504,184
1738650508,179
1738650511,189
1738650514,186
1738650517,179
1738650520,185
1738650523,191
1738650526,188
1738650529,189
1738650532,177
1738650535,187
1738650538,191
1738650541,187
1738650544,184
1738650547,182
1738650550,188
1738650553,188
1738650557,188
1738650560,192
1738650563,189
1738650565,186
1738650569,181
1738650572,187
1738650575,193
1738650578,190
1738650581,186
1738650584,189
1738650587,192
1738650590,179
1738650593,194
1738650596,184
1738650599,185
1738650602,185
1738650606,190
1738650608,182
1738650611,184
1738650614,188
1738650617,177
1738650620,187
1738650624,185
1738650627,183
1738650630,180
1738650633,189
1738650636,173
1738650639,176
1738650642,187
1738650645,177
1738650648,183
1738650651,181
1738650655,177
1738650657,192
1738650660,188
1738650663,181
1738650666,177
1738650669,182
1738650672,186
1738650675,182
1738650678,404
1738650681,439
1738650685,445
1738650688,335
1738650691,175
1738650694,178
1738650697,184
1738650700,186
1738650703,181
1738650706,180
1738650709,193
1738650712,183
1738650715,184
1738650718,186
1738650721,180
1738650724,186
1738650727,177
1738650730,185
1738650733,185
1738650736,173
1738650740,189
1738650743,180
1738650745,190
1738650749,182
1738650752,181
1738650754,199
1738650758,430
1738650761,443
1738650764,442
1738650764,None
1738650770,180
1738650773,179
1738650776,186
1738650779,178
1738650782,188
1738650785,179
1738650788,179
1738650791,179
1738650794,185
1738650797,185
1738650801,180
1738650803,184
1738650807,173
1738650810,187
1738650813,188
1738650816,178
1738650819,179
1738650822,178
1738650825,179
1738650828,186
1738650831,186
1738650834,175
1738650837,174
1738650840,187
1738650843,184
1738650847,175
1738650849,181
1738650853,177
1738650856,175
1738650859,176
1738650862,191
1738650865,186
1738650868,186
1738650871,178
1738650874,183
1738650877,180
1738650880,181
1738650883,187
1738650886,187
1738650889,183
1738650892,179
1738650895,183
1738650899,182
1738650901,183
1738650901,None
1738650907,186
1738650911,179
1738650914,182
1738650917,176
1738650917,None
1738650923,181
1738650927,184
1738650929,182
1738650932,183
1738650935,178
1738650938,184
1738650941,177
1738650944,185
1738650947,172
1738650950,185
1738650954,179
1738650956,176
1738650959,181
1738650962,174
1738650965,181
1738650968,183
1738650972,173
1738650975,184
1738650978,180
1738650981,175
1738650984,179
1738650987,184
1738650990,179
1738650993,189
1738650996,186
1738650999,181
1738651002,184
1738651005,180
1738651008,179
1738651008,None
1738651014,179
1738651017,188
1738651020,182
1738651024,170
1738651027,189
1738651029,184
1738651032,177
1738651036,184
1738651039,175
1738651042,179
1738651044,189
1738651048,187
1738651051,172
1738651051,None
1738651057,184
1738651060,179
1738651063,183
1738651063,None
1738651070,257
1738651072,440
1738651075,434
1738651079,447
1738651081,329
1738651084,179
1738651084,None
1738651091,189
1738651093,178
1738651097,182
1738651100,185
1738651103,183
1738651106,170
1738651106,None
1738651112,186
1738651115,180
1738651118,329
1738651121,428
1738651124,430
1738651127,440
1738651130,298
1738651134,171
1738651136,175
1738651139,176
1738651142,174
1738651145,175
1738651148,174
1738651151,169
1738651154,164
1738651157,172
1738651160,183
1738651163,189
1738651167,184
1738651170,184
1738651173,182
1738651176,183
1738651179,187
1738651182,187
1738651185,177
1738651185,None
1738651191,185
1738651194,180
1738651197,181
1738651200,185
1738651203,186
1738651206,176
1738651209,182
1738651212,179
1738651215,176
1738651218,185
1738651221,177
1738651225,185
1738651228,180
1738651231,181
1738651233,177
1738651237,180
1738651240,172
1738651243,183
1738651246,175
1738651249,183
1738651253,174
1738651255,179
1738651258,178
1738651261,177
1738651264,177
1738651267,181
1738651270,170
1738651274,185
1738651277,178
1738651280,180
1738651282,179
1738651286,178
1738651289,179
1738651289,None
1738651295,179
1738651298,169
1738651298,None
1738651304,185
1738651307,187
1738651310,183
1738651313,194
1738651316,184
1738651319,193
1738651323,186
1738651325,190
1738651329,195
1738651331,181
1738651335,191
1738651338,195
1738651340,184
1738651344,189
1738651346,190
1738651350,193
1738651353,187
1738651356,194
1738651360,185
1738651362,193
1738651365,193
1738651368,185
1738651368,None
1738651374,186
1738651377,189
1738651380,196
1738651383,186
1738651386,188
1738651389,180
1738651392,194
1738651395,193
1738651398,181
1738651401,186
1738651405,193
1738651407,184
1738651411,185
1738651414,189
1738651414,None
1738651420,191
1738651423,181
1738651423,None
1738651429,191
1738651432,180
1738651435,189
1738651439,191
1738651441,188
1738651444,189
1738651447,186
1738651451,190
1738651453,185
1738651453,None
1738651460,195
1738651463,180
1738651466,192
1738651469,187
1738651472,185
1738651475,190
1738651478,188
1738651481,185
1738651484,189
1738651487,186
1738651490,190
1738651493,186
1738651496,186
1738651499,193
1738651502,188
1738651506,186
1738651509,186
1738651511,188
1738651514,296
1738651517,570
1738651520,706
1738651524,705
1738651527,555
1738651530,445
1738651533,317
1738651536,189
1738651539,190
1738651542,186
1738651545,189
1738651548,184
1738651551,192
1738651554,191
1738651557,191
1738651560,191
1738651563,186
1738651566,183
1738651570,189
1738651572,190
1738651576,189
1738651578,187
1738651581,175
1738651585,198
1738651588,193
1738651591,188
1738651594,188
1738651597,182
1738651600,190
1738651603,189
1738651606,194
1738651609,186
1738651612,178
1738651615,196
1738651618,191
1738651621,188
1738651624,186
1738651627,191
1738651630,192
1738651634,185
1738651636,186
1738651636,None
1738651643,193
1738651646,180
1738651649,193
1738651652,186
1738651655,184
1738651658,189
1738651661,186
1738651661,None
1738651667,190
1738651667,None
1738651674,185
1738651676,193
1738651676,None
1738651676,None
1738651685,184
1738651688,190
1738651691,186
1738651695,186
1738651697,190
1738651700,186
1738651704,189
1738651707,188
1738651709,183
1738651713,194
1738651716,181
1738651719,190
1738651722,187
1738651725,189
1738651725,None
1738651731,187
1738651734,186
1738651737,193
1738651740,190
1738651743,198
1738651746,184
1738651750,193
1738651752,183
1738651755,192
1738651758,183
1738651761,187
1738651764,188
1738651768,188
1738651771,183
1738651774,192
1738651777,184
1738651780,191
1738651783,188
1738651787,185
1738651789,192
1738651792,187
1738651795,182
1738651798,188
1738651801,190
1738651804,188
1738651807,191
1738651811,186
1738651813,193
1738651816,182
1738651819,190
1738651823,186
1738651826,191
1738651828,192
1738651832,190
1738651835,191
1738651838,185
1738651841,189
1738651841,None
1738651847,193
1738651850,183
1738651853,193
1738651856,185
1738651859,190
1738651862,186
1738651865,190
1738651869,184
1738651871,187
1738651874,193
1738651878,182
1738651880,186
1738651884,189
1738651887,185
1738651890,185
1738651893,191
1738651896,184
1738651899,188
1738651902,184
1738651905,183
1738651908,190
1738651911,188
1738651914,185
1738651917,188
1738651920,180
1738651923,189
1738651926,180
1738651929,195
1738651932,186
1738651935,185
1738651938,187
1738651941,188
1738651944,185
1738651947,364
1738651951,458
1738651953,452
1738651957,440
1738651960,189
1738651963,192
1738651966,192
1738651969,187
1738651972,184
1738651974,192
1738651978,185
1738651981,172
1738651984,190
1738651987,196
1738651990,191
1738651993,244
1738651996,443
1738651999,443
1738652002,442
1738652005,292
1738652008,186
1738652008,None
1738652015,192
1738652018,181
1738652021,190
1738652024,182
1738652027,188
1738652030,191
1738652033,184
1738652036,185
1738652039,186
1738652042,179
1738652045,192
1738652048,185
1738652051,193
1738652054,182
1738652057,186
1738652060,187
1738652063,187
1738652066,180
1738652070,191
1738652073,182
1738652076,191
1738652079,185
1738652082,187
1738652085,181
1738652088,183
1738652091,187
1738652094,185
1738652097,188
1738652100,184
1738652103,190
1738652106,181
1738652109,191
1738652112,184
1738652115,193
1738652118,189
1738652122,191
1738652124,185
1738652128,184
1738652131,189
1738652133,191
1738652137,183
1738652139,198
1738652143,186
1738652146,187
1738652149,196
1738652152,186
1738652155,184
1738652158,190
1738652161,187
1738652164,168
1738652167,128
1738652170,127
1738652173,139
1738652176,128
1738652179,121
1738652182,131
1738652186,136
1738652189,131
1738652191,127
1738652194,133
1738652198,129
1738652200,129
1738652204,138
1738652207,134
1738652210,119
1738652213,132
1738652216,138
1738652219,128
1738652222,127
1738652225,132
1738652228,130
1738652231,139
1738652234,129
1738652237,127
1738652237,None
1738652244,132
1738652247,126
1738652249,137
1738652252,131
1738652256,133
1738652259,132
1738652262,136
1738652265,130
1738652268,129
1738652271,133
1738652274,124
1738652277,133
1738652280,122
1738652283,134
1738652286,125
1738652289,127
1738652292,131
1738652295,127
1738652298,130
1738652302,131
1738652304,127
1738652308,134
1738652311,127
1738652313,134
1738652317,126
1738652319,136
1738652319,None
1738652326,132
1738652329,131
1738652332,129
1738652335,135
1738652338,121
1738652341,134
1738652344,126
1738652347,133
1738652350,128
1738652353,124
1738652356,130
1738652359,190
1738652362,380
1738652362,None
1738652369,385
1738652372,319
1738652374,279
1738652378,398
1738652380,392
1738652384,325
1738652386,146
1738652389,127
1738652393,135
1738652396,128
1738652399,126
1738652402,139
1738652405,131
1738652408,133
1738652411,130
1738652414,129
1738652417,131
1738652421,129
1738652423,132
1738652427,128
1738652429,133
1738652432,120
1738652432,None
1738652438,123
1738652441,130
1738652444,123
1738652447,130
1738652450,127
1738652450,None
1738652457,131
1738652460,120
1738652463,120
1738652466,137
1738652470,130
1738652472,120
1738652475,137
1738652478,135
1738652481,123
1738652484,130
1738652487,127
1738652490,124
1738652493,126
1738652496,130
1738652499,124
1738652502,133
1738652506,134
1738652508,133
1738652511,131
1738652514,122
1738652518,135
1738652520,125
1738652523,134
1738652526,133
1738652530,138
1738652532,135
1738652536,138
1738652539,133
1738652542,126
1738652545,135
1738652548,129
1738652551,130
1738652554,128
1738652557,128
1738652560,130
1738652563,133
1738652566,125
1738652566,None
1738652572,125
1738652575,136
1738652578,127
1738652582,134
1738652584,127
1738652588,133
1738652588,None
1738652594,133
1738652596,131
1738652600,127
1738652603,128
1738652606,125
1738652609,136
1738652612,119
1738652615,130
1738652615,None
1738652621,126
1738652624,125
1738652627,130
1738652630,135
1738652633,134
1738652637,124
1738652639,121
1738652642,143
1738652645,136
1738652649,134
1738652651,127
1738652655,124
1738652658,129
1738652660,126
1738652664,134
1738652667,129
1738652670,132
1738652673,134
1738652676,131
1738652679,118
1738652682,136
1738652685,135
1738652685,None
1738652691,129
1738652694,129
1738652697,133
1738652701,126
1738652703,130
1738652706,125
1738652709,134
1738652713,136
1738652716,121
1738652719,131
1738652722,124
1738652725,122
1738652728,131
1738652731,124
1738652734,132
1738652737,124
1738652740,128
1738652743,134
1738652746,132
1738652749,129
1738652752,123
1738652755,129
1738652758,136
1738652761,344
1738652764,389
1738652768,382
1738652770,378
1738652773,380
1738652777,125
1738652779,115
1738652782,120
1738652786,126
1738652788,122
1738652792,120
1738652795,121
1738652798,120
1738652798,None
1738652805,120
1738652807,183
1738652810,385
1738652810,None
1738652816,388
1738652819,272
1738652822,120
1738652826,121
1738652828,119
1738652832,120
1738652835,123
1738652837,120
1738652841,122
1738652844,118
1738652847,124
1738652850,120
1738652853,118
1738652856,116
1738652859,122
1738652862,119
1738652865,121
1738652868,121
1738652872,119
1738652874,117
1738652877,123
1738652880,119
1738652883,117
1738652887,127
1738652890,119
1738652892,120
1738652895,128
1738652898,122
1738652902,127
1738652905,123
1738652907,113
1738652911,120
1738652914,124
1738652917,124
1738652920,112
1738652923,122
1738652926,128
1738652929,119
1738652932,119
1738652935,117
1738652938,121
1738652941,122
1738652944,124
1738652947,111
1738652950,125
1738652953,123
1738652956,112
1738652960,125
1738652962,122
1738652966,121
1738652968,119
1738652971,116
1738652975,124
1738652978,126
1738652981,117
1738652984,128
1738652987,115
1738652990,129
1738652993,124
1738652996,115
1738653000,126
1738653002,123
1738653005,119
1738653008,120
1738653011,125
1738653014,116
1738653017,125
1738653021,126
1738653024,113
1738653026,123
1738653029,123
1738653033,119
1738653035,118
1738653035,None
1738653042,117
1738653045,119
1738653048,124
1738653051,121
1738653054,115
1738653057,117
1738653061,130
1738653063,122
1738653066,111
1738653069,125
1738653072,126
1738653076,113
1738653078,120
1738653081,125
1738653085,122
1738653088,123
1738653091,119
1738653094,122
1738653096,121
1738653096,None
1738653103,129
1738653106,122
1738653109,115
1738653112,128
1738653115,122
1738653118,120
1738653121,120
1738653125,127
1738653127,120
1738653131,116
1738653133,124
1738653137,123
1738653139,111
1738653143,125
1738653146,127
1738653149,114
1738653149,None
1738653155,126
1738653158,123
1738653161,125
1738653164,116
1738653167,125
1738653170,121
1738653173,115
1738653176,123
1738653179,124
1738653182,120
1738653186,122
1738653188,121
1738653192,130
1738653194,119
1738653198,123
1738653201,128
1738653201,None
1738653201,None
1738653210,133
1738653213,141
1738653216,197
1738653219,226
1738653222,228
1738653225,225
1738653228,216
1738653228,None
1738653234,473
1738653238,460
1738653240,428
1738653243,469
1738653246,460
1738653249,447
1738653252,206
1738653255,199
1738653255,None
1738653261,191
1738653265,195
1738653268,189
1738653271,194
1738653274,191
1738653277,183
1738653280,196
1738653280,None
1738653286,181
1738653289,193
1738653292,187
1738653292,None
1738653299,184
1738653301,183
1738653304,186
1738653307,189
1738653310,189
1738653313,188
1738653317,191
1738653319,182
1738653323,188
1738653325,179
1738653329,193
1738653332,183
1738653335,188
1738653338,188
1738653338,None
1738653344,188
1738653347,189
1738653350,182
1738653353,191
1738653356,188
1738653356,None
1738653356,None
1738653365,186
1738653368,188
1738653371,183
1738653375,187
1738653377,187
1738653380,188
1738653383,191
1738653387,186
1738653389,185
1738653392,182
1738653396,194
1738653399,183
1738653402,183
1738653405,184
1738653407,179
1738653411,187
1738653414,184
1738653417,185
1738653420,185
1738653423,189
1738653426,191
1738653429,177
1738653432,193
1738653435,184
1738653438,184
1738653441,190
1738653444,183
1738653447,181
1738653450,188
1738653454,193
1738653456,182
1738653459,182
1738653459,None
1738653459,None
1738653468,188
1738653472,191
1738653475,186
1738653478,187
1738653481,189
1738653484,188
1738653488,182
1738653490,187
1738653493,190
1738653496,185
1738653499,174
1738653502,190
1738653505,185
1738653509,182
1738653511,180
1738653515,191
1738653518,190
1738653521,186
1738653524,180
1738653527,190
1738653531,186
1738653533,177
1738653536,189
1738653539,181
1738653542,180
1738653545,188
1738653548,190
1738653551,189
1738653554,185
1738653558,192
1738653560,183
1738653560,None
1738653567,194
1738653569,188
1738653572,322
1738653575,440
1738653579,440
1738653581,439
1738653584,388
1738653588,187
1738653588,None
1738653594,183
1738653597,172
1738653600,187
1738653603,192
1738653606,180
1738653609,182
1738653612,184
1738653615,189
1738653618,183
1738653621,187
1738653624,188
1738653627,182
1738653630,177
1738653630,None
1738653636,188
1738653639,183
1738653642,243
1738653645,452
1738653648,444
1738653651,447
1738653655,341
1738653658,195
1738653660,186
1738653664,188
1738653667,192
1738653667,None
1738653673,185
1738653676,188
1738653679,187
1738653682,191
1738653685,180
1738653688,188
1738653691,178
1738653691,None
1738653698,183
1738653700,186
1738653703,183
1738653706,186
1738653709,189
1738653712,180
1738653715,193
1738653718,181
1738653721,190
1738653724,188
1738653727,182
1738653731,192
1738653734,186
1738653737,186
1738653740,185
1738653743,184
1738653746,190
1738653749,182
1738653752,180
1738653755,195
1738653759,190
1738653761,182
1738653761,None
1738653767,191
1738653770,182
1738653773,191
1738653776,185
1738653779,180
1738653782,192
1738653786,186
1738653789,180
1738653791,191
1738653795,181
1738653798,190
1738653801,188
1738653804,186
1738653807,182
1738653810,180
1738653813,186
1738653816,182
1738653819,191
1738653822,188
1738653825,185
1738653828,185
1738653831,186
1738653834,191
1738653834,None
1738653840,184
1738653843,187
1738653847,185
1738653850,184
1738653853,190
1738653856,181
1738653859,192
1738653862,184
1738653865,195
1738653865,None
1738653871,192
1738653874,188
1738653877,189
1738653880,193
1738653883,192
1738653886,184
1738653889,194
1738653892,182
1738653895,191
1738653898,186
1738653901,191
1738653904,193
1738653907,187
1738653910,189
1738653913,182
1738653916,185
1738653919,183
1738653923,188
1738653925,188
1738653928,175
1738653932,187
1738653935,189
1738653938,179
1738653941,187
1738653944,186
1738653947,187
1738653950,192
1738653953,182
1738653956,188
1738653956,None
1738653962,179
1738653965,193
1738653968,191
1738653971,184
1738653975,183
1738653977,187
1738653977,None
1738653984,188
1738653987,177
1738653987,None
1738653993,191
1738653996,187
1738653999,181
1738654002,276
1738654005,439
1738654007,447
1738654011,438
1738654014,278
1738654017,186
1738654020,193
1738654023,189
1738654026,180
1738654029,185
1738654032,193
1738654035,186
1738654038,183
1738654041,189
1738654044,179
1738654048,190
1738654050,191
1738654054,224
1738654056,232
1738654059,231
1738654063,225
1738654065,233
1738654065,None
1738654072,228
1738654075,242
1738654078,491
1738654081,486
1738654084,489
1738654087,429
1738654090,227
1738654093,228
1738654096,217
1738654099,216
1738654102,210
1738654105,206
1738654108,203
1738654111,192
1738654114,195
1738654118,190
1738654121,188
1738654121,None
1738654126,183
1738654130,183
1738654132,174
1738654132,None
1738654139,176
1738654141,169
1738654145,177
1738654148,172
1738654151,176
1738654154,172
1738654157,177
1738654160,174
1738654163,177
1738654166,175
1738654169,170
1738654173,173
1738654175,172
1738654178,176
1738654181,174
1738654184,175
1738654188,179
1738654188,None
1738654194,175
1738654196,175
1738654200,173
1738654203,173
1738654206,179
1738654209,173
1738654212,174
1738654215,180
1738654218,180
1738654221,178
1738654224,179
1738654227,187
1738654230,177
1738654233,186
1738654237,187
1738654239,179
1738654243,186
1738654246,186
1738654249,193
1738654252,186
1738654255,181
1738654258,191
1738654261,192
1738654264,187
1738654267,193
1738654270,188
1738654273,186
1738654276,184
1738654279,190
1738654282,194
1738654285,181
1738654288,194
1738654291,191
1738654294,184
1738654297,193
1738654297,None
1738654303,183
1738654306,186
1738654306,None
1738654313,178
1738654315,181
1738654318,191
1738654322,185
1738654325,180
1738654328,186
1738654331,187
1738654334,182
1738654337,183
1738654341,183
1738654343,183
1738654346,187
1738654349,176
1738654352,190
1738654356,176
1738654359,184
1738654361,176
1738654365,184
1738654368,186
1738654371,183
1738654374,185
1738654377,177
1738654380,187
1738654383,180
1738654386,396
1738654389,438
1738654392,435
1738654395,413
1738654398,182
1738654401,179
1738654404,188
1738654407,186
1738654410,185
1738654413,174
1738654413,None
1738654419,185
1738654422,181
1738654425,181
1738654429,181
1738654431,187
1738654434,189
1738654437,192
1738654441,185
1738654444,176
1738654446,182
1738654450,193
1738654453,186
1738654456,182
1738654459,186
1738654462,183
1738654465,177
1738654468,186
1738654471,191
1738654474,186
1738654477,182
1738654480,185
1738654483,191
1738654487,182
1738654490,191
1738654493,178
1738654495,323
1738654498,450
1738654502,442
1738654504,441
1738654508,235
1738654511,177
1738654514,181
1738654517,184
1738654520,189
1738654523,180
1738654523,None
1738654529,190
1738654532,186
1738654535,177
1738654538,191
1738654541,184
1738654544,183
1738654547,181
1738654550,183
1738654553,190
1738654556,181
1738654559,181
1738654562,185
1738654565,175
1738654568,186
1738654571,183
1738654574,177
1738654578,186
1738654581,179
1738654584,182
1738654587,182
1738654590,183
1738654593,183
1738654596,178
1738654599,187
1738654602,189
1738654602,None
1738654608,175
1738654611,183
1738654614,181
1738654617,181
1738654620,182
1738654623,181
1738654626,188
1738654629,188
1738654632,181
1738654636,176
1738654638,189
1738654641,187
1738654644,183
1738654648,184
1738654650,190
1738654654,178
1738654657,177
1738654657,None
1738654663,187
1738654666,182
1738654669,172
1738654672,188
1738654675,186
1738654679,182
1738654681,185
1738654684,182
1738654687,181
1738654691,180
1738654694,178
1738654697,190
1738654697,None
1738654702,178
1738654706,187
1738654709,182
1738654712,184
1738654715,183
1738654718,180
1738654721,180
1738654724,184
1738654727,184
1738654730,188
1738654733,177
1738654733,None
1738654739,179
1738654742,188
1738654746,182
1738654746,None
1738654751,180
1738654754,262
1738654757,448
1738654761,437
1738654763,446
1738654766,393
1738654770,186
1738654773,184
1738654776,188
1738654779,184
1738654782,182
1738654785,183
1738654785,None
1738654791,179
1738654794,187
1738654797,188
1738654800,178
1738654804,190
1738654806,180
1738654809,176
1738654812,184
1738654815,178
1738654818,183
1738654822,174
1738654824,180
1738654827,180
1738654831,189
1738654833,184
1738654836,174
1738654840,180
1738654842,191
1738654845,183
1738654849,177
1738654852,182
1738654855,180
1738654858,185
1738654861,181
1738654864,193
1738654867,189
1738654870,195
1738654873,190
1738654876,187
1738654879,183
1738654882,197
1738654885,193
1738654888,183
1738654891,188
1738654894,187
1738654898,191
1738654901,196
1738654903,190
1738654907,181
1738654910,196
1738654913,191
1738654913,None
1738654919,193
1738654922,191
1738654925,267
1738654928,449
1738654931,453
1738654931,None
1738654931,None
1738654940,198
1738654943,189
1738654946,182
1738654950,196
1738654953,194
1738654955,193
1738654959,193
1738654961,190
1738654965,195
1738654968,188
1738654971,195
1738654974,188
1738654977,192
1738654980,193
1738654983,187
1738654986,194
1738654989,192
1738654992,188
1738654995,195
1738654998,188
1738655001,184
1738655001,None
1738655008,192
1738655010,189
1738655013,185
1738655017,190
1738655019,186
1738655022,190
1738655025,191
1738655028,186
1738655031,195
1738655035,195
1738655037,185
1738655041,197
1738655044,191
1738655047,185
1738655050,193
1738655053,190
1738655056,188
1738655059,188
1738655062,190
1738655062,None
1738655068,197
1738655071,186
1738655074,201
1738655077,190
1738655077,None
1738655083,191
1738655086,187
1738655089,188
1738655093,188
1738655095,184
1738655098,190
1738655101,191
1738655105,187
1738655107,196
1738655111,188
1738655114,190
1738655117,194
1738655120,190
1738655123,190
1738655126,189
1738655129,188
1738655132,198
1738655135,186
1738655138,199
1738655141,193
1738655145,195
1738655148,189
1738655150,187
1738655153,191
1738655153,None
1738655160,184
1738655160,None
1738655166,187
1738655166,None
1738655172,193
1738655175,191
1738655178,191
1738655181,189
1738655184,189
1738655184,None
1738655184,None
1738655193,440
1738655197,439
1738655199,259
1738655202,193
1738655205,187
1738655209,190
1738655211,189
1738655215,190
1738655218,189
1738655221,195
1738655223,186
1738655227,194
1738655230,193
1738655233,186
1738655236,193
1738655239,185
1738655239,None
1738655239,None
1738655248,189
1738655251,185
1738655254,191
1738655257,187
1738655260,193
1738655263,184
1738655267,188
1738655270,189
1738655272,192
1738655276,192
1738655279,185
1738655282,189
1738655285,186
1738655287,190
1738655291,192
1738655294,186
1738655297,195
1738655300,184
1738655303,193
1738655306,196
1738655306,None
1738655312,197
1738655315,193
1738655318,189
1738655321,193
1738655325,188
1738655328,189
1738655330,193
1738655334,187
1738655337,186
1738655340,184
1738655343,194
1738655346,184
1738655349,192
1738655352,186
1738655355,185
1738655355,None
1738655361,190
1738655361,None
1738655367,195
1738655370,183
1738655374,186
1738655376,195
1738655380,189
1738655383,186
1738655386,194
1738655389,190
1738655392,185
1738655395,184
1738655398,198
1738655401,187
1738655404,190
1738655407,258
1738655411,451
1738655413,450
1738655416,431
1738655419,194
1738655422,183
1738655426,185
1738655428,198
1738655431,188
1738655434,191
1738655438,186
1738655440,188
1738655443,191
1738655447,194
1738655450,197
1738655453,195
1738655456,188
1738655459,186
1738655462,182
1738655465,194
1738655468,195
1738655471,184
1738655475,186
1738655477,184
1738655480,185
1738655483,190
1738655486,193
1738655490,188
1738655493,181
1738655495,194
1738655498,227
1738655501,230
1738655504,237
1738655508,234
1738655510,230
1738655514,235
1738655517,233
1738655520,232
1738655523,237
1738655526,234
1738655529,232
1738655532,234
1738655535,229
1738655539,229
1738655541,222
1738655544,222
1738655547,216
1738655550,212
1738655553,209
1738655556,200
1738655560,203
1738655562,193
1738655565,196
1738655568,187
1738655571,186
1738655575,355
1738655575,None
1738655581,432
1738655584,439
1738655586,436
1738655590,261
1738655592,183
1738655596,180
1738655596,None
1738655602,181
1738655605,181
1738655608,184
1738655611,182
1738655611,None
1738655618,181
1738655620,181
1738655624,186
1738655626,181
1738655630,178
1738655632,185
1738655635,181
1738655638,180
1738655642,185
1738655644,181
1738655648,181
1738655651,185
1738655654,181
1738655657,183
1738655660,187
1738655662,179
1738655666,186
1738655669,186
1738655672,184
1738655675,184
1738655678,188
1738655678,None
1738655684,191
1738655688,191
1738655690,187
1738655694,196
1738655696,190
1738655699,194
1738655702,188
1738655705,192
1738655708,193
1738655711,192
1738655714,195
1738655717,191
1738655720,194
1738655723,188
1738655727,198
1738655730,189
1738655733,195
1738655735,189
1738655739,191
1738655742,194
1738655745,195
1738655748,195
1738655751,197
1738655754,195
1738655757,192
1738655760,195
1738655763,195
1738655766,194
1738655769,194
1738655772,198
1738655775,193
1738655779,199
1738655781,194
1738655781,None
1738655787,196
1738655790,206
1738655794,195
1738655797,200
1738655799,194
1738655803,194
1738655806,315
1738655809,399
1738655812,402
1738655815,398
1738655818,171
1738655821,140
1738655821,None
1738655827,139
1738655830,149
1738655830,None
1738655836,143
1738655839,144
1738655843,136
1738655845,143
1738655848,144
1738655851,142
1738655855,140
1738655857,136
1738655860,139
1738655863,148
1738655866,132
1738655866,None
1738655866,None
1738655876,141
1738655879,134
1738655882,141
1738655885,144
1738655888,135
1738655891,137
1738655894,136
1738655897,135
1738655900,138
1738655903,142
1738655906,146
1738655909,140
1738655912,131
1738655915,135
1738655918,143
1738655921,140
1738655924,140
1738655928,142
1738655928,None
1738655928,None
1738655936,146
1738655940,132
1738655942,144
1738655946,137
1738655949,142
1738655952,134
1738655955,139
1738655958,141
1738655961,138
1738655964,137
1738655967,140
1738655970,142
1738655973,137
1738655976,142
1738655980,137
1738655980,None
1738655985,139
1738655988,139
1738655991,142
1738655995,142
1738655997,141
1738656001,142
1738656004,138
1738656006,137
1738656010,139
1738656013,143
1738656016,136
1738656019,144
1738656022,134
1738656025,142
1738656028,133
1738656031,143
1738656034,130
1738656037,136
1738656040,140
1738656043,138
1738656046,138
1738656049,136
1738656052,134
1738656055,141
1738656059,138
1738656061,130
1738656064,144
1738656068,140
1738656070,182
1738656074,391
1738656077,393
1738656080,390
1738656083,391
1738656086,335
1738656089,139
1738656092,133
1738656095,132
1738656098,148
1738656101,140
1738656104,140
1738656107,140
1738656110,140
1738656113,143
1738656113,None
1738656119,137
1738656122,142
1738656125,134
1738656128,132
1738656132,141
1738656134,136
1738656137,136
1738656140,137
1738656143,139
1738656147,133
1738656147,None
1738656147,None
1738656156,132
1738656159,140
1738656162,142
1738656166,133
1738656168,144
1738656171,139
1738656174,134
1738656177,139
1738656180,138
1738656180,None
1738656186,140
1738656189,144
1738656192,131
1738656195,143
1738656199,141
1738656202,132
1738656205,148
1738656208,140
1738656211,140
1738656214,143
1738656217,141
1738656220,141
1738656223,136
1738656226,139
1738656229,302
1738656232,395
1738656232,None
1738656238,398
1738656241,140
1738656244,140
1738656247,139
1738656250,138
1738656253,138
1738656257,139
1738656259,134
1738656263,138
1738656265,131
1738656268,141
1738656272,134
1738656275,137
1738656277,141
1738656281,137
1738656284,138
1738656287,134
1738656290,136
1738656293,137
1738656296,140
1738656299,131
1738656302,139
1738656305,139
1738656308,136
1738656311,136
1738656314,137
1738656318,139
1738656321,139
1738656324,140
1738656326,136
1738656329,142
1738656332,139
1738656335,136
1738656338,140
1738656341,131
1738656345,143
1738656348,137
1738656350,132
1738656354,140
1738656356,138
1738656359,140
1738656363,138
1738656366,142
1738656369,133
1738656372,146
1738656375,139
1738656378,132
1738656381,146
1738656385,137
1738656387,134
1738656390,139
1738656393,141
1738656396,142
1738656399,136
1738656402,126
1738656402,None
1738656409,133
1738656411,122
1738656414,136
1738656417,131
1738656420,127
1738656423,125
1738656426,131
1738656430,128
1738656433,132
1738656436,125
1738656439,130
1738656442,135
1738656445,125
1738656448,120
1738656451,133
1738656455,133
1738656457,125
1738656460,130
1738656463,127
1738656466,132
1738656469,134
1738656472,125
1738656476,123
1738656478,139
1738656481,129
1738656485,123
1738656488,130
1738656491,133
1738656494,127
1738656497,130
1738656500,130
1738656503,133
1738656506,134
1738656509,119
1738656512,126
1738656515,133
1738656515,None
1738656521,128
1738656524,123
1738656527,133
1738656530,130
1738656533,128
1738656537,134
1738656540,126
1738656543,126
1738656546,140
1738656549,131
1738656552,131
1738656555,120
1738656558,138
1738656561,130
1738656564,129
1738656567,127
1738656570,129
1738656573,133
1738656576,376
1738656579,380
1738656582,383
1738656585,350
1738656588,132
1738656591,132
1738656594,125
1738656597,131
1738656601,129
1738656604,127
1738656606,131
1738656610,128
1738656613,131
1738656615,129
1738656619,126
1738656622,129
1738656625,135
1738656628,128
1738656631,128
1738656634,133
1738656637,127
1738656640,129
1738656643,130
1738656646,128
1738656649,127
1738656649,None
1738656656,131
1738656658,127
1738656661,134
1738656664,130
1738656668,118
1738656671,136
1738656674,129
1738656676,128
1738656680,126
1738656682,130
1738656686,133
1738656689,128
1738656692,135
1738656695,124
1738656698,264
1738656701,386
1738656704,386
1738656707,384
1738656710,163
1738656713,130
1738656716,125
1738656719,124
1738656722,131
1738656725,127
1738656728,125
1738656732,130
1738656734,136
1738656737,126
1738656741,130
1738656744,136
1738656747,126
1738656749,133
1738656753,120
1738656756,126
1738656759,128
1738656762,127
1738656765,132
1738656768,127
1738656771,131
1738656774,128
1738656777,130
1738656780,134
1738656783,125
1738656786,134
1738656790,126
1738656792,126
1738656796,131
1738656799,125
1738656802,130
1738656805,125
1738656808,126
1738656808,None
1738656814,126
1738656817,128
1738656820,129
1738656823,121
1738656826,133
1738656829,129
1738656832,126
1738656835,133
1738656838,128
1738656841,128
1738656844,131
1738656847,129
1738656850,132
1738656854,123
1738656856,131
1738656860,131
1738656862,122
1738656866,130
1738656869,132
1738656872,130
1738656875,132
1738656878,133
1738656878,None
1738656884,170
1738656887,211
1738656890,228
1738656893,239
1738656896,243
1738656899,225
1738656902,210
1738656905,221
1738656908,221
1738656911,219
1738656911,None
1738656918,215
1738656920,213
1738656924,209
1738656926,212
1738656930,216
1738656932,206
1738656936,198
1738656939,209
1738656942,198
1738656945,194
1738656948,207
1738656951,351
1738656954,453
1738656957,447
1738656960,449
1738656963,257
1738656966,194
1738656969,199
1738656969,None
1738656976,191
1738656979,194
1738656982,192
1738656982,None
1738656988,190
1738656991,197
1738656994,189
1738656997,194
1738657000,199
1738657003,189
1738657006,199
1738657009,195
1738657012,191
1738657015,200
1738657018,196
1738657021,198
1738657024,191
1738657027,196
1738657030,202
1738657033,188
1738657037,202
1738657040,196
1738657042,190
1738657046,195
1738657049,192
1738657052,192
1738657055,193
1738657058,195
1738657061,188
1738657064,194
1738657067,196
1738657070,187
1738657070,None
1738657077,196
1738657077,None
1738657082,197
1738657085,195
1738657088,196
1738657091,195
1738657095,324
1738657095,None
1738657100,456
1738657104,450
1738657107,335
1738657109,197
1738657113,186
1738657115,198
1738657118,191
1738657121,188
1738657124,197
1738657124,None
1738657131,194
1738657134,195
1738657137,199
1738657140,194
1738657143,200
1738657146,188
1738657149,197
1738657152,196
1738657156,193
1738657158,196
1738657161,194
1738657164,190
1738657167,194
1738657170,193
1738657173,190
1738657176,198
1738657180,191
1738657182,188
1738657186,194
1738657189,191
1738657189,None
1738657195,194
1738657198,192
1738657198,None
1738657204,189
1738657207,197
1738657210,195
1738657213,195
1738657216,195
1738657219,190
1738657222,195
1738657225,193
1738657229,195
1738657231,197
1738657231,None
1738657238,196
1738657241,193
1738657243,197
1738657247,195
1738657250,195
1738657253,190
1738657256,197
1738657259,197
1738657262,194
1738657265,199
1738657268,191
1738657271,197
1738657275,195
1738657277,188
1738657280,199
1738657283,196
1738657286,206
1738657290,200
1738657290,None
1738657296,200
1738657298,201
1738657298,None
1738657305,193
1738657307,205
1738657311,200
1738657314,194
1738657317,206
1738657319,202
1738657323,202
1738657326,201
1738657329,244
1738657332,457
1738657335,446
1738657339,462
1738657341,442
1738657344,197
1738657347,194
1738657351,196
1738657353,191
1738657357,186
1738657359,191
1738657363,192
1738657365,191
1738657369,183
1738657372,188
1738657375,201
1738657378,194
1738657381,194
1738657384,197
1738657387,196
1738657390,197
1738657393,184
1738657396,189
1738657399,199
1738657399,None
1738657405,188
1738657409,197
1738657412,197
1738657415,193
1738657417,189
1738657422,194
1738657424,198
1738657427,194
1738657431,194
1738657433,196
1738657436,189
1738657439,200
1738657442,195
1738657445,193
1738657449,199
1738657451,192
1738657455,191
1738657457,195
1738657460,191
1738657464,193
1738657467,198
1738657470,191
1738657473,199
1738657476,191
1738657479,191
1738657482,192
1738657485,188
1738657488,195
1738657491,193
1738657494,192
1738657497,195
1738657500,194
1738657503,186
1738657506,195
1738657510,186
1738657513,200
1738657515,193
1738657519,192
1738657521,194
1738657524,191
1738657527,189
1738657530,197
1738657533,197
1738657536,192
1738657539,186
1738657542,198
1738657546,194
1738657549,187
1738657551,197
1738657555,193
1738657558,198
1738657561,441
1738657561,None
1738657567,450
1738657570,321
1738657573,199
1738657576,192
1738657579,192
1738657582,197
1738657585,195
1738657588,196
1738657591,207
1738657594,200
1738657597,204
1738657601,198
1738657603,207
1738657606,201
1738657610,197
1738657612,206
1738657616,200
1738657619,199
1738657622,202
1738657625,201
1738657628,202
1738657631,200
1738657634,193
1738657637,200
1738657640,199
1738657643,193
1738657646,206
1738657649,202
1738657652,198
1738657655,199
1738657658,202
1738657661,202
1738657664,195
1738657667,201
1738657670,201
1738657673,194
1738657676,207
1738657679,201
1738657682,200
1738657686,198
1738657689,203
1738657692,202
1738657695,205
1738657698,193
1738657701,200
1738657704,206
1738657707,201
1738657710,188
1738657713,202
1738657716,198
1738657719,198
1738657722,198
1738657725,198
1738657728,204
1738657731,208
1738657734,197
1738657737,200
1738657741,207
1738657741,None
1738657747,194
1738657749,212
1738657753,200
1738657756,198
1738657759,199
1738657762,199
1738657765,198
1738657768,198
1738657771,198
1738657774,204
1738657777,201
1738657780,186
1738657783,194
1738657786,192
1738657789,188
1738657792,399
1738657795,442
1738657799,446
1738657802,437
1738657805,403
1738657808,202
1738657811,194
1738657814,202
1738657814,None
1738657821,199
1738657823,200
1738657826,190
1738657830,196
1738657832,195
1738657835,196
1738657838,197
1738657838,None
1738657844,201
1738657847,197
1738657850,196
1738657854,201
1738657857,192
1738657860,204
1738657863,195
1738657863,None
1738657870,193
1738657872,196
1738657875,193
1738657878,191
1738657881,187
1738657884,188
1738657887,186
1738657887,None
1738657893,188
1738657897,192
1738657899,188
1738657902,190
1738657906,186
1738657909,202
1738657912,208
1738657912,None
1738657917,210
1738657921,214
1738657924,211
1738657927,209
1738657930,215
1738657933,207
1738657936,215
1738657939,194
1738657942,199
1738657945,195
1738657948,198
1738657951,193
1738657954,200
1738657957,195
1738657960,191
1738657963,198
1738657966,192
1738657969,189
1738657973,187
1738657976,189
1738657979,432
1738657982,453
1738657985,453
1738657988,315
1738657991,206
1738657994,216
1738657997,230
1738658000,203
1738658003,210
1738658006,205
1738658009,206
1738658013,204
1738658016,202
1738658018,208
1738658022,205
1738658025,207
1738658028,212
1738658031,221
1738658034,229
1738658037,230
1738658040,222
1738658043,232
1738658046,215
1738658046,None
1738658052,228
1738658055,226
1738658058,225
1738658061,229
1738658064,230
1738658068,223
1738658070,232
1738658073,232
1738658077,222
1738658077,None
1738658083,228
1738658086,222
1738658089,224
1738658089,None
1738658095,227
1738658098,223
1738658101,229
1738658104,232
1738658107,218
1738658110,226
1738658113,217
1738658117,211
1738658120,223
1738658122,241
1738658125,213
1738658128,221
1738658131,229
1738658134,235
1738658134,None
1738658140,220
1738658144,221
1738658147,222
1738658149,221
1738658153,216
1738658156,209
1738658160,220
1738658162,218
1738658165,210
1738658168,221
1738658171,218
1738658174,216
1738658177,218
1738658180,216
1738658183,219
1738658187,248
1738658189,469
1738658193,474
1738658196,468
1738658198,456
1738658202,452
1738658205,197
1738658208,196
1738658212,204
1738658214,202
1738658217,200
1738658217,None
1738658223,202
1738658226,200
1738658226,None
1738658232,202
1738658235,201
1738658239,204
1738658242,200
1738658242,None
1738658248,203
1738658250,201
1738658254,206
1738658254,None
1738658260,199
1738658263,207
1738658266,201
1738658269,203
1738658272,206
1738658275,199
1738658278,201
1738658281,195
1738658284,191
1738658287,198
1738658290,193
1738658293,190
1738658297,195
1738658299,191
1738658302,189
1738658306,196
1738658308,191
1738658312,185
1738658315,188
1738658318,192
1738658321,188
1738658324,186
1738658327,189
1738658330,187
1738658333,187
1738658336,185
1738658339,192
1738658342,185
1738658345,184
1738658349,190
1738658351,185
1738658354,183
1738658357,188
1738658361,183
1738658361,None
1738658367,188
1738658370,183
1738658373,180
1738658376,185
1738658379,410
1738658382,447
1738658385,448
1738658388,412
1738658391,244
1738658394,185
1738658397,183
1738658400,189
1738658403,181
1738658407,191
1738658407,None
1738658413,208
1738658416,211
1738658418,212
1738658422,209
1738658425,209
1738658428,213
1738658431,211
1738658434,216
1738658437,211
1738658440,215
1738658443,209
1738658446,211
1738658449,219
1738658452,217
1738658456,213
1738658458,231
1738658461,223
1738658461,None
1738658467,215
1738658470,222
1738658473,204
1738658476,195
1738658479,198
1738658482,219
1738658485,218
1738658488,212
1738658491,213
1738658494,207
1738658498,200
1738658501,201
1738658504,205
1738658507,209
1738658509,210
1738658513,203
1738658516,207
1738658516,None
1738658522,208
1738658525,202
1738658528,216
1738658531,207
1738658534,200
1738658534,None
1738658540,201
1738658543,354
1738658546,460
1738658549,460
1738658553,464
1738658555,361
1738658559,198
1738658561,209
1738658565,191
1738658568,198
1738658570,198
1738658573,196
1738658577,197
1738658580,201
1738658583,196
1738658586,201
1738658589,205
1738658592,212
1738658595,216
1738658595,None
1738658601,217
1738658604,210
1738658607,210
1738658610,215
1738658614,213
1738658616,208
1738658620,210
1738658622,220
1738658626,207
1738658629,201
1738658632,218
1738658635,213
1738658637,210
1738658641,201
1738658644,219
1738658647,214
1738658650,211
1738658653,210
1738658656,212
1738658659,209
1738658662,208
1738658662,None
1738658668,213
1738658671,210
1738658674,209
1738658677,213
1738658680,198
1738658683,199
1738658687,202
1738658689,204
1738658692,208
1738658695,210
1738658698,208
1738658702,208
1738658705,213
1738658707,202
1738658711,215
1738658714,209
1738658717,207
1738658720,207
1738658723,207
1738658726,208
1738658729,207
1738658733,212
1738658735,202
1738658735,None
1738658741,214
1738658744,209
1738658747,204
1738658750,211
1738658753,206
1738658756,201
1738658759,209
1738658763,206
1738658766,209
1738658769,202
1738658772,209
1738658775,211
1738658778,206
1738658781,205
1738658784,198
1738658787,207
1738658790,211
1738658793,207
1738658796,447
1738658799,462
1738658802,467
1738658806,265
1738658808,200
1738658811,208
1738658814,209
1738658817,212
1738658820,209
1738658824,206
1738658827,209
1738658830,213
1738658832,216
1738658835,213
1738658838,210
1738658842,214
1738658845,217
1738658848,210
1738658851,216
1738658854,221
1738658854,None
1738658860,214
1738658863,220
1738658866,211
1738658869,217
1738658872,210
1738658875,218
1738658878,217
1738658882,213
1738658885,209
1738658887,278
1738658890,473
1738658890,None
1738658897,464
1738658899,458
1738658903,428
1738658906,215
1738658909,210
1738658912,202
1738658915,209
1738658918,220
1738658921,210
1738658924,213
1738658927,207
1738658930,206
1738658933,211
1738658936,215
1738658939,211
1738658943,200
1738658945,214
1738658948,217
1738658951,212
1738658954,212
1738658957,205
1738658961,213
1738658964,208
1738658967,215
1738658970,211
1738658973,201
1738658976,211
1738658979,221
1738658982,213
1738658985,212
1738658988,211
1738658991,211
1738658994,212
1738658997,216
1738659000,214
1738659004,218
1738659006,230
1738659009,224
1738659012,218
1738659015,216
1738659019,216
1738659021,221
1738659024,218
1738659027,223
1738659031,206
1738659033,203
1738659037,202
1738659040,212
1738659043,217
1738659045,216
1738659049,208
1738659052,213
1738659055,208
1738659058,206
1738659061,214
1738659064,219
1738659067,214
1738659070,209
1738659073,208
1738659076,216
1738659079,213
1738659082,215
1738659086,204
1738659086,None
1738659092,213
1738659095,212
1738659098,209
1738659101,204
1738659104,216
1738659107,210
1738659110,205
1738659113,208
1738659116,212
1738659119,214
1738659122,215
1738659125,208
1738659125,None
1738659132,200
1738659135,211
1738659137,208
1738659140,202
1738659144,206
1738659146,207
1738659149,206
1738659152,212
1738659155,219
1738659159,217
1738659162,213
1738659165,212
1738659168,211
1738659168,None
1738659174,204
1738659174,None
1738659180,212
1738659180,None
1738659186,222
1738659189,213
1738659192,213
1738659195,205
1738659198,208
1738659201,209
1738659204,213
1738659207,212
1738659211,220
1738659213,212
1738659213,None
1738659220,463
1738659223,463
1738659226,397
1738659229,211
1738659232,205
1738659235,215
1738659238,205
1738659241,204
1738659244,221
1738659247,211
1738659250,211
1738659253,210
1738659256,212
1738659259,214
1738659259,None
1738659265,203
1738659269,219
1738659272,209
1738659274,204
1738659277,219
1738659280,209
1738659284,210
1738659286,208
1738659290,212
1738659292,205
1738659296,202
1738659296,None
1738659302,209
1738659305,204
1738659308,199
1738659311,201
1738659314,209
1738659317,199
1738659320,206
1738659323,195
1738659326,202
1738659329,205
1738659332,201
1738659335,192
1738659339,203
1738659341,203
1738659344,200
1738659347,291
1738659351,449
1738659353,455
1738659356,455
1738659360,392
1738659362,219
1738659366,196
1738659369,209
1738659372,203
1738659375,198
1738659378,206
1738659381,204
1738659384,199
1738659387,204
1738659390,199
1738659393,199
1738659396,209
1738659399,206
1738659402,201
1738659406,217
1738659408,216
1738659411,210
1738659414,202
1738659418,214
1738659421,212
1738659424,206
1738659427,205
1738659430,208
1738659433,210
1738659436,217
1738659439,203
1738659441,209
1738659445,215
1738659448,206
1738659451,208
1738659454,216
1738659457,212
1738659460,207
1738659463,211
1738659466,212
1738659466,None
1738659472,208
1738659475,206
1738659478,210
1738659481,212
1738659485,205
1738659488,202
1738659490,217
1738659494,210
1738659496,204
1738659500,211
1738659503,209
1738659506,212
1738659509,205
1738659512,211
1738659515,211
1738659518,205
1738659521,205
1738659524,215
1738659527,206
1738659530,197
1738659533,215
1738659536,210
1738659539,206
1738659542,208
1738659545,215
1738659548,203
1738659551,214
1738659554,198
1738659557,201
1738659561,208
1738659563,202
1738659567,194
1738659569,209
1738659573,203
1738659576,196
1738659578,208
1738659582,199
1738659585,201
1738659588,211
1738659591,212
1738659595,203
1738659597,214
1738659600,212
1738659603,201
1738659606,216
1738659609,214
1738659612,209
1738659615,212
1738659619,215
1738659621,207
1738659625,210
1738659628,214
1738659630,206
1738659633,215
1738659637,204
1738659640,210
1738659642,200
1738659646,201
1738659649,202
1738659652,196
1738659655,199
1738659655,None
1738659661,205
1738659664,456
1738659667,451
1738659670,460
1738659673,376
1738659676,204
1738659679,203
1738659683,201
1738659685,205
1738659688,207
1738659692,207
1738659694,206
1738659698,209
1738659701,200
1738659704,215
1738659707,207
1738659710,203
1738659713,215
1738659716,207
1738659719,208
1738659722,208
1738659725,208
1738659728,204
1738659731,209
1738659734,211
1738659737,201
1738659740,206
1738659744,209
1738659746,286
1738659749,448
1738659752,461
1738659755,449
1738659755,None
1738659762,201
1738659765,200
1738659768,192
1738659771,195
1738659774,195
1738659777,195
1738659780,193
1738659783,201
1738659786,193
1738659789,201
1738659792,193
1738659795,196
1738659798,200
1738659801,197
1738659804,196
1738659807,204
1738659811,196
1738659813,199
1738659816,199
1738659820,204
1738659820,None
1738659826,195
1738659829,203
1738659832,198
1738659835,198
1738659839,207
1738659841,203
1738659845,210
1738659847,209
1738659850,202
1738659853,211
1738659856,199
1738659859,208
1738659863,200
1738659865,210
1738659868,202
1738659871,203
1738659874,205
1738659877,200
1738659881,200
1738659884,206
1738659887,201
1738659889,205
1738659893,203
1738659896,199
1738659899,200
1738659902,190
1738659902,None
1738659908,197
1738659911,198
1738659914,199
1738659917,197
1738659920,191
1738659923,198
1738659926,201
1738659930,192
1738659932,201
1738659936,195
1738659939,207
1738659941,205
1738659945,206
1738659948,208
1738659951,201
1738659954,205
1738659957,201
1738659960,210
1738659963,200
1738659966,215
1738659969,203
1738659972,205
1738659975,205
1738659978,207
1738659978,None
1738659984,205
1738659987,206
1738659991,201
1738659994,206
1738659996,210
1738659999,198
1738660003,208
1738660006,201
1738660009,210
1738660012,205
1738660012,None
1738660018,202
1738660018,None
1738660024,198
1738660027,195
1738660030,197
1738660033,196
1738660036,190
1738660039,200
1738660043,195
1738660046,195
1738660049,199
1738660051,203
1738660055,189
1738660058,453
1738660060,456
1738660064,458
1738660067,453
1738660070,197
1738660073,207
1738660076,201
1738660079,193
1738660082,211
1738660085,205
1738660088,199
1738660091,200
1738660094,205
1738660097,201
1738660101,208
1738660103,200
1738660106,200
1738660106,None
1738660106,None
1738660115,197
1738660118,209
1738660122,206
1738660124,198
1738660128,196
1738660131,198
1738660131,None
1738660137,452
1738660140,447
1738660143,409
1738660146,208
1738660149,199
1738660152,195
1738660155,195
1738660158,199
1738660161,205
1738660164,198
1738660167,203
1738660170,195
1738660173,198
1738660176,203
1738660179,195
1738660182,193
1738660185,203
1738660185,None
1738660185,None
1738660194,199
1738660198,198
1738660201,198
1738660204,195
1738660204,None
1738660210,195
1738660213,196
1738660216,206
1738660219,191
1738660222,191
1738660225,200
1738660228,196
1738660231,197
1738660234,193
1738660237,202
1738660240,202
1738660244,201
1738660247,209
1738660250,206
1738660253,205
1738660256,214
1738660259,213
1738660262,207
1738660265,215
1738660268,217
1738660271,206
1738660274,208
1738660278,220
1738660278,None
1738660283,207
1738660286,212
1738660289,217
1738660293,211
1738660296,216
1738660298,208
1738660302,213
1738660305,217
1738660308,212
1738660311,206
1738660314,220
1738660317,215
1738660320,213
1738660323,213
1738660327,216
1738660329,217
1738660332,210
1738660335,214
1738660338,219
1738660341,213
1738660344,210
1738660347,218
1738660350,213
1738660354,214
1738660357,217
1738660357,None
1738660363,217
1738660366,215
1738660369,213
1738660372,207
1738660375,215
1738660378,219
1738660381,208
1738660384,219
1738660387,212
1738660390,212
1738660393,215
1738660396,208
1738660396,None
1738660402,210
1738660406,212
1738660408,209
1738660411,215
1738660411,None
1738660418,211
1738660421,212
1738660424,207
1738660427,214
1738660430,210
1738660433,209
1738660436,206
1738660439,209
1738660442,207
1738660445,211
1738660448,200
1738660451,207
1738660454,214
1738660457,214
1738660460,206
1738660463,218
1738660466,215
1738660469,208
1738660472,214
1738660475,216
1738660475,None
1738660482,213
1738660484,209
1738660487,206
1738660491,328
1738660494,463
1738660497,461
1738660500,455
1738660503,258
1738660506,212
1738660509,206
1738660512,212
1738660515,208
1738660518,205
1738660518,None
1738660524,206
1738660527,203
1738660530,208
1738660533,206
1738660536,337
1738660539,468
1738660542,461
1738660545,460
1738660548,321
1738660552,213
1738660555,210
1738660557,212
1738660561,213
1738660563,209
1738660567,211
1738660570,213
1738660573,210
1738660576,217
1738660579,215
1738660582,210
1738660585,211
1738660588,215
1738660591,214
1738660594,220
1738660597,207
1738660600,203
1738660603,215
1738660607,206
1738660609,202
1738660612,200
1738660612,None
1738660619,207
1738660622,210
1738660622,None
1738660628,202
1738660631,207
1738660634,205
1738660637,201
1738660640,205
1738660643,208
1738660646,203
1738660649,210
1738660652,196
1738660655,203
1738660658,213
1738660661,210
1738660664,207
1738660667,201
1738660670,198
1738660673,202
1738660676,203
1738660680,202
1738660683,207
1738660685,221
1738660688,204
1738660692,215
1738660695,215
1738660698,207
1738660701,210
1738660704,217
1738660707,209
1738660710,218
1738660713,208
1738660713,None
1738660719,215
1738660722,218
1738660725,214
1738660728,207
1738660731,207
1738660735,214
1738660737,213
1738660740,213
1738660744,212
1738660746,214
1738660749,217
1738660753,208
1738660756,203
1738660759,216
1738660762,209
1738660765,205
1738660768,218
1738660768,None
1738660768,None
1738660777,210
1738660780,214
1738660783,218
1738660786,207
1738660790,221
1738660792,213
1738660796,210
1738660799,215
1738660801,214
1738660804,212
1738660808,213
1738660811,215
1738660814,211
1738660817,215
1738660820,216
1738660823,156
1738660826,160
1738660829,150
1738660829,None
1738660836,155
1738660838,155
1738660841,159
1738660845,158
1738660847,147
1738660851,149
1738660853,153
1738660856,139
1738660860,158
1738660863,146
1738660866,291
1738660869,400
1738660872,398
1738660875,275
1738660879,142
1738660881,149
1738660885,148
1738660888,141
1738660890,153
1738660893,145
1738660897,146
1738660899,150
1738660903,146
1738660905,150
1738660908,151
1738660911,154
1738660914,142
1738660917,143
1738660921,151
1738660924,146
1738660927,147
1738660930,145
1738660933,143
1738660936,142
1738660939,160
1738660942,149
1738660945,159
1738660948,157
1738660951,146
1738660954,159
1738660957,156
1738660960,154
1738660963,389
1738660967,409
1738660969,407
1738660972,356
1738660975,163
1738660979,154
1738660982,149
1738660985,159
1738660988,154
1738660988,None
1738660994,152
1738660997,153
1738661000,150
1738661003,147
1738661006,155
1738661009,145
1738661012,142
1738661015,150
1738661019,145
1738661022,144
1738661024,146
1738661027,145
1738661031,150
1738661034,139
1738661037,156
1738661039,146
1738661042,140
1738661046,151
1738661049,147
1738661052,145
1738661052,None
1738661058,147
1738661061,149
1738661064,143
1738661067,146
1738661070,149
1738661073,146
1738661076,148
1738661076,None
1738661082,151
1738661086,157
1738661089,146
1738661092,153
1738661095,163
1738661098,156
1738661101,148
1738661101,None
1738661107,156
1738661110,156
1738661113,154
1738661116,148
1738661119,154
1738661122,155
1738661126,156
1738661129,145
1738661131,156
1738661134,159
1738661137,151
1738661140,147
1738661143,145
1738661147,151
1738661147,None
1738661152,153
1738661156,155
1738661156,None
1738661161,155
1738661165,159
1738661168,148
1738661171,149
1738661174,162
1738661177,155
1738661180,150
1738661183,152
1738661186,153
1738661189,152
1738661192,157
1738661195,149
1738661198,295
1738661201,405
1738661204,396
1738661207,234
1738661210,146
1738661213,148
1738661217,144
1738661220,144
1738661222,145
1738661226,150
1738661229,149
1738661232,159
1738661235,142
1738661238,156
1738661241,148
1738661244,148
1738661247,147
1738661247,None
1738661253,145
1738661256,151
1738661260,142
1738661262,154
1738661265,148
1738661268,143
1738661272,149
1738661275,142
1738661278,149
1738661280,145
1738661284,144
1738661286,149
1738661290,145
1738661293,142
1738661296,150
1738661299,142
1738661302,149
1738661305,148
1738661308,145
1738661311,153
1738661314,144
1738661314,None
1738661320,151
1738661323,151
1738661326,146
1738661329,154
1738661332,142
1738661335,152
1738661338,146
1738661341,151
1738661345,147
1738661347,146
1738661350,146
1738661354,153
1738661357,144
1738661357,None
1738661363,131
1738661366,140
1738661369,140
1738661372,133
1738661375,145
1738661378,137
1738661381,297
1738661384,391
1738661387,396
1738661390,388
1738661393,207
1738661396,141
1738661399,146
1738661403,151
1738661405,150
1738661408,143
1738661411,149
1738661415,154
1738661417,143
1738661420,150
1738661424,149
1738661427,144
1738661429,143
1738661432,149
1738661436,145
1738661438,151
1738661442,142
1738661445,149
1738661445,None
1738661451,147
1738661454,143
1738661457,149
1738661460,140
1738661463,143
1738661466,147
1738661469,150
1738661472,139
1738661472,None
1738661478,148
1738661481,142
1738661485,148
1738661488,146
1738661490,146
1738661493,147
1738661496,311
1738661499,396
1738661502,400
1738661506,391
1738661509,198
1738661511,147
1738661515,154
1738661518,148
1738661521,149
1738661524,141
1738661527,141
1738661527,None
1738661533,141
1738661533,None
1738661539,143
1738661542,139
1738661545,135
1738661548,141
1738661551,137
1738661554,139
1738661557,137
1738661560,137
1738661563,131
1738661566,136
1738661569,135
1738661573,127
1738661575,126
1738661578,137
1738661582,131
1738661585,130
1738661588,128
1738661591,133
1738661594,135
1738661597,135
1738661600,124
1738661603,133
1738661606,140
1738661609,129
1738661609,None
1738661615,133
1738661619,130
1738661621,133
1738661625,132
1738661625,None
1738661630,127
1738661634,131
1738661636,138
1738661640,128
1738661643,134
1738661646,127
1738661649,133
1738661652,130
1738661655,130
1738661658,127
1738661661,134
1738661664,132
1738661667,123
1738661670,126
1738661673,132
1738661676,127
1738661679,130
1738661682,131
1738661685,131
1738661688,136
1738661692,125
1738661694,127
1738661697,138
1738661700,139
1738661703,133
1738661706,130
1738661710,133
1738661712,143
1738661715,135
1738661719,137
1738661719,None
1738661725,138
1738661728,142
1738661731,132
1738661734,144
1738661737,140
1738661740,136
1738661743,141
1738661746,141
1738661749,141
1738661752,132
1738661755,141
1738661755,None
1738661761,130
1738661764,145
1738661767,136
1738661770,133
1738661773,138
1738661777,132
1738661780,129
1738661783,130
1738661786,125
1738661790,133
1738661792,130
1738661795,137
1738661798,130
1738661802,125
1738661804,135
1738661808,135
1738661810,132
1738661814,137
1738661816,127
1738661819,134
1738661822,124
1738661826,134
1738661829,129
1738661832,137
1738661835,130
1738661838,150
1738661841,389
1738661844,385
1738661846,388
1738661850,258
1738661853,133
1738661856,123
1738661859,271
1738661862,377
1738661866,379
1738661868,390
1738661871,168
1738661875,137
1738661877,138
1738661880,143
1738661883,138
1738661886,130
1738661889,143
1738661892,141
1738661895,135
1738661898,148
1738661902,151
1738661905,215
1738661908,242
1738661911,245
1738661914,244
1738661917,239
1738661920,229
1738661923,233
1738661926,226
1738661929,223
1738661932,221
1738661935,216
1738661938,216
1738661941,211
1738661944,211
1738661947,211
1738661951,206
1738661953,200
1738661956,206
1738661959,195
1738661962,202
1738661966,196
1738661969,199
1738661969,None
1738661974,200
1738661978,195
1738661981,197
1738661984,197
1738661984,None
1738661990,198
1738661993,194
1738661996,197
1738661999,200
1738661999,None
1738662005,204
1738662008,206
1738662011,208
1738662014,208
1738662017,205
1738662020,198
1738662023,200
1738662026,193
1738662029,197
1738662033,197
1738662035,190
1738662038,199
1738662041,192
1738662041,None
1738662047,199
1738662051,195
1738662054,202
1738662057,193
1738662060,196
1738662063,194
1738662066,194
1738662069,199
1738662072,195
1738662075,193
1738662078,203
1738662081,205
1738662084,203
1738662087,207
1738662091,203
1738662093,203
1738662096,207
1738662100,196
1738662102,204
1738662105,205
1738662109,201
1738662111,201
1738662115,201
1738662117,200
1738662121,202
1738662124,208
1738662127,196
1738662130,211
1738662133,199
1738662136,197
1738662139,206
1738662142,202
1738662145,201
1738662148,202
1738662151,204
1738662154,201
1738662157,205
1738662160,202
1738662164,197
1738662166,204
1738662169,197
1738662173,194
1738662176,199
1738662178,198
1738662182,195
1738662185,200
1738662188,205
1738662190,197
1738662194,204
1738662194,None
1738662199,197
1738662203,204
1738662203,None
1738662209,207
1738662212,205
1738662215,200
1738662218,202
1738662221,205
1738662224,195
1738662227,205
1738662230,207
1738662234,197
1738662236,209
1738662240,204
1738662243,350
1738662245,453
1738662248,451
1738662252,451
1738662255,374
1738662258,403
1738662261,454
1738662264,446
1738662267,435
1738662270,196
1738662273,196
1738662276,193
1738662279,197
1738662282,197
1738662285,201
1738662289,187
1738662291,198
1738662295,189
1738662297,196
1738662300,197
1738662304,195
1738662307,198
1738662307,None
1738662312,197
1738662316,192
1738662319,199
1738662322,191
1738662325,198
1738662328,191
1738662331,194
1738662334,194
1738662337,196
1738662340,195
1738662343,196
1738662346,193
1738662349,201
1738662349,None
1738662355,201
1738662358,196
1738662361,199
1738662364,198
1738662367,195
1738662370,196
1738662373,193
1738662376,197
1738662379,194
1738662382,196
1738662386,198
1738662389,193
1738662392,200
1738662395,195
1738662398,192
1738662401,198
1738662404,198
1738662407,190
1738662410,196
1738662413,196
1738662416,189
1738662419,199
1738662422,195
1738662425,199
1738662425,None
1738662431,205
1738662434,202
1738662438,205
1738662441,199
1738662443,202
1738662447,205
1738662450,205
1738662453,207
1738662456,201
1738662459,208
1738662462,200
1738662465,206
1738662468,205
1738662471,196
1738662474,207
1738662477,195
1738662480,208
1738662483,201
1738662486,207
1738662489,200
1738662492,202
1738662495,203
1738662498,198
1738662502,204
1738662504,206
1738662507,197
1738662510,207
1738662513,198
1738662517,210
1738662519,200
1738662523,207
1738662526,200
1738662528,200
1738662532,207
1738662535,210
1738662538,197
1738662541,209
1738662544,197
1738662547,208
1738662550,205
1738662553,204
1738662556,202
1738662559,205
1738662562,202
1738662565,205
1738662569,203
1738662571,206
1738662574,200
1738662577,203
1738662581,198
1738662583,196
1738662583,None
1738662590,200
1738662592,205
1738662595,202
1738662599,199
1738662602,205
1738662605,210
1738662608,199
1738662611,210
1738662614,207
1738662617,201
1738662620,201
1738662623,204
1738662626,204
1738662629,201
1738662632,202
1738662636,203
1738662638,198
1738662641,210
1738662645,203
1738662647,198
1738662651,288
1738662654,447
1738662657,444
1738662660,447
1738662660,None
1738662666,232
1738662669,195
1738662672,189
1738662675,198
1738662678,420
1738662681,443
1738662684,444
1738662687,443
1738662690,199
1738662694,194
1738662697,196
1738662697,None
1738662703,195
1738662706,192
1738662708,193
1738662712,188
1738662715,192
1738662718,191
1738662721,191
1738662724,195
1738662727,188
1738662731,208
1738662733,202
1738662736,194
1738662739,201
1738662742,201
1738662746,199
1738662748,192
1738662751,200
1738662755,200
1738662758,197
1738662760,192
1738662764,205
1738662767,200
1738662770,197
1738662773,199
1738662776,197
1738662779,200
1738662782,203
1738662785,193
1738662785,None
1738662791,201
1738662794,199
1738662797,192
1738662800,195
1738662803,197
1738662806,203
1738662809,193
1738662813,195
1738662816,200
1738662818,197
1738662822,196
1738662825,200
1738662828,190
1738662831,190
1738662834,195
1738662837,196
1738662840,184
1738662840,None
1738662846,194
1738662849,184
1738662852,195
1738662856,193
1738662859,187
1738662861,195
1738662864,189
1738662867,188
1738662870,194
1738662874,194
1738662877,187
1738662877,None
1738662883,190
1738662886,189
1738662888,185
1738662892,193
1738662895,186
1738662895,None
1738662901,191
1738662904,192
1738662907,190
1738662910,188
1738662913,194
1738662916,190
1738662919,193
1738662922,188
1738662925,187
1738662928,195
1738662931,183
1738662934,194
1738662937,188
1738662940,189
1738662943,200
1738662946,199
1738662949,194
1738662952,197
1738662956,203
1738662959,191
1738662962,198
1738662965,203
1738662968,194
1738662970,195
1738662974,203
1738662977,190
1738662980,198
1738662983,191
1738662986,198
1738662989,200
1738662992,205
1738662995,195
1738662998,191
1738663001,200
1738663005,201
1738663007,199
1738663011,197
1738663014,197
1738663016,192
1738663019,194
1738663019,None
1738663025,192
1738663029,190
1738663031,189
1738663035,192
1738663037,191
1738663041,195
1738663044,185
1738663047,186
1738663050,195
1738663053,194
1738663056,189
1738663059,199
1738663062,199
1738663065,195
1738663068,195
1738663071,197
1738663074,195
1738663077,188
1738663080,196
1738663083,196
1738663086,190
1738663089,201
1738663093,197
1738663095,196
1738663098,198
1738663102,194
1738663105,197
1738663108,357
1738663111,442
1738663114,437
1738663116,430
1738663120,433
1738663120,None
1738663126,227
1738663129,442
1738663132,439
1738663135,437
1738663138,339
1738663141,188
1738663144,192
1738663147,193
1738663150,192
1738663153,193
1738663157,187
1738663159,193
1738663162,187
1738663166,189
1738663169,189
1738663171,191
1738663175,192
1738663178,187
1738663180,193
1738663184,184
1738663187,195
1738663189,192
1738663193,184
1738663196,193
1738663199,188
1738663202,189
1738663205,190
1738663208,191
1738663208,None
1738663214,194
1738663217,181
1738663220,196
1738663223,181
1738663226,189
1738663230,188
1738663232,186
1738663236,188
1738663238,189
1738663241,188
1738663245,188
1738663248,192
1738663250,188
1738663254,186
1738663256,186
1738663259,185
1738663263,193
1738663267,191
1738663270,189
1738663272,191
1738663275,187
1738663278,186
1738663281,186
1738663284,191
1738663287,200
1738663290,191
1738663290,None
1738663297,199
1738663299,193
1738663303,196
1738663305,200
1738663305,None
1738663312,196
1738663314,194
1738663317,192
1738663317,None
1738663324,193
1738663327,199
1738663330,194
1738663333,196
1738663336,195
1738663339,194
1738663342,189
1738663345,188
1738663348,185
1738663351,191
1738663354,185
1738663357,183
1738663360,197
1738663363,195
1738663367,198
1738663367,None
1738663373,192
1738663375,196
1738663379,190
1738663382,197
1738663385,198
1738663388,198
1738663391,207
1738663393,202
1738663397,203
1738663400,201
1738663403,201
1738663406,203
1738663406,None
1738663412,205
1738663415,199
1738663418,212
1738663421,197
1738663424,200
1738663427,212
1738663430,205
1738663433,202
1738663436,201
1738663439,205
1738663443,205
1738663446,208
1738663449,197
1738663452,204
1738663455,208
1738663458,197
1738663461,197
1738663461,None
1738663467,193
1738663470,199
1738663473,192
1738663477,208
1738663479,208
1738663479,None
1738663485,205
1738663488,205
1738663491,195
1738663494,201
1738663497,198
1738663500,205
1738663503,200
1738663506,205
1738663509,202
1738663512,196
1738663516,206
1738663518,202
1738663521,197
1738663525,205
1738663528,205
1738663530,202
1738663534,207
1738663537,199
1738663540,205
1738663543,337
1738663546,451
1738663549,443
1738663552,447
1738663552,None
1738663559,203
1738663561,207
1738663564,196
1738663567,205
1738663570,208
1738663573,201
1738663576,207
1738663579,339
1738663582,448
1738663585,448
1738663589,433
1738663592,202
1738663595,206
1738663598,196
1738663601,197
1738663604,206
1738663604,None
1738663610,205
1738663613,196
1738663616,201
1738663619,196
1738663622,199
1738663625,198
1738663628,198
1738663632,209
1738663635,207
1738663637,205
1738663640,200
1738663644,203
1738663647,207
1738663649,205
1738663653,206
1738663656,209
1738663656,None
1738663662,192
1738663662,None
1738663668,210
1738663671,198
1738663674,200
1738663677,200
1738663680,198
1738663683,203
1738663686,199
1738663689,201
1738663692,198
1738663695,187
1738663698,198
1738663701,202
1738663704,194
1738663704,None
1738663710,198
1738663713,191
1738663717,196
1738663717,None
1738663722,194
1738663726,189
1738663729,203
1738663732,195
1738663735,193
1738663738,195
1738663741,198
1738663744,201
1738663747,193
1738663750,194
1738663753,205
1738663756,198
1738663759,193
1738663762,203
1738663765,196
1738663768,196
1738663772,199
1738663775,190
1738663775,None
1738663781,199
1738663783,196
1738663787,187
1738663790,203
1738663793,195
1738663796,194
1738663799,192
1738663802,187
1738663805,199
1738663808,207
1738663811,201
1738663814,193
1738663817,199
1738663820,206
1738663823,199
1738663826,199
1738663829,200
1738663832,202
1738663835,204
1738663839,203
1738663842,200
1738663844,194
1738663847,213
1738663851,205
1738663853,203
1738663857,205
1738663860,207
1738663863,203
1738663866,202
1738663869,197
1738663872,204
1738663875,197
1738663878,191
1738663881,201
1738663884,198
1738663887,197
1738663890,194
1738663890,None
1738663896,199
1738663899,204
1738663899,None
1738663905,188
1738663909,242
1738663912,445
1738663915,444
1738663918,448
1738663921,393
1738663924,194
1738663927,243
1738663930,446
1738663933,439
1738663936,441
1738663939,441
1738663943,250
1738663945,194
1738663948,199
1738663951,192
1738663954,200
1738663957,195
1738663960,193
1738663964,198
1738663966,185
1738663970,196
1738663970,None
1738663976,201
1738663979,205
1738663982,198
1738663985,205
1738663989,201
1738663991,203
1738663994,206
1738663997,201
1738664000,204
1738664004,202
1738664006,197
1738664009,204
1738664013,198
1738664016,204
1738664019,197
1738664022,197
1738664025,208
1738664028,199
1738664031,202
1738664034,198
1738664037,187
1738664040,195
1738664043,198
1738664046,190
1738664049,197
1738664052,195
1738664055,192
1738664058,198
1738664062,191
1738664064,194
1738664068,194
1738664070,201
1738664074,191
1738664077,197
1738664080,199
1738664080,None
1738664086,209
1738664089,203
1738664092,203
1738664095,205
1738664098,201
1738664101,191
1738664104,190
1738664107,195
1738664110,200
1738664113,191
1738664116,196
1738664119,200
1738664119,None
1738664119,None
1738664128,195
1738664131,197
1738664134,192
1738664138,194
1738664140,183
1738664144,187
1738664147,200
1738664150,195
1738664153,192
1738664156,185
1738664159,197
1738664162,193
1738664165,193
1738664168,194
1738664171,194
1738664174,192
1738664177,190
1738664180,199
1738664183,191
1738664183,None
1738664189,191
1738664192,195
1738664192,None
1738664198,194
1738664201,200
1738664204,191
1738664207,182
1738664211,191
1738664214,199
1738664217,190
1738664220,183
1738664223,185
1738664226,191
1738664229,193
1738664229,None
1738664235,184
1738664238,195
1738664241,179
1738664244,142
1738664247,140
1738664250,137
1738664253,143
1738664256,143
1738664260,139
1738664262,144
1738664266,142
1738664268,145
1738664272,144
1738664275,139
1738664278,133
1738664281,146
1738664284,143
1738664287,137
1738664290,141
1738664293,140
1738664296,145
1738664299,134
1738664302,139
1738664305,144
1738664308,141
1738664311,132
1738664314,147
1738664317,140
1738664320,137
1738664323,135
1738664326,141
1738664330,140
1738664332,138
1738664336,134
1738664336,None
1738664342,139
1738664345,335
1738664348,388
1738664348,None
1738664354,385
1738664357,225
1738664360,342
1738664363,382
1738664366,384
1738664369,391
1738664372,161
1738664375,151
1738664379,145
1738664381,148
1738664384,151
1738664388,150
1738664391,144
1738664393,147
1738664397,148
1738664400,141
1738664403,153
1738664406,146
1738664409,139
1738664412,149
1738664415,151
1738664418,143
1738664421,148
1738664424,138
1738664427,147
1738664430,150
1738664433,154
1738664436,142
1738664440,135
1738664442,131
1738664446,136
1738664449,143
1738664452,142
1738664455,139
1738664458,146
1738664461,143
1738664464,138
1738664467,153
1738664470,151
1738664473,145
1738664476,140
1738664479,148
1738664482,147
1738664485,145
1738664488,143
1738664491,147
1738664494,147
1738664497,150
1738664500,140
1738664503,143
1738664506,153
1738664509,148
1738664512,139
1738664516,154
1738664518,146
1738664522,141
1738664525,145
1738664528,148
1738664531,146
1738664534,143
1738664537,150
1738664540,148
1738664543,143
1738664546,150
1738664549,149
1738664552,150
1738664555,153
1738664558,147
1738664561,144
1738664561,None
1738664567,146
1738664570,140
1738664573,151
1738664573,None
1738664579,129
1738664583,136
1738664585,141
1738664589,139
1738664591,142
1738664594,131
1738664598,139
1738664601,142
1738664604,135
1738664607,130
1738664610,143
1738664613,139
1738664616,132
1738664619,137
1738664622,138
1738664625,143
1738664628,143
1738664631,141
1738664634,137
1738664637,148
1738664640,139
1738664643,131
1738664643,None
1738664649,140
1738664652,143
1738664655,150
1738664659,144
1738664661,146
1738664664,148
1738664668,147
1738664671,140
1738664674,152
1738664677,145
1738664680,143
1738664683,148
1738664686,144
1738664690,245
1738664692,395
1738664695,390
1738664695,None
1738664701,395
1738664705,188
1738664707,151
1738664710,143
1738664713,144
1738664716,141
1738664719,139
1738664723,142
1738664726,137
1738664728,137
1738664731,139
1738664734,140
1738664738,138
1738664741,134
1738664744,150
1738664746,139
1738664750,142
1738664753,139
1738664756,139
1738664759,141
1738664762,143
1738664765,140
1738664768,134
1738664772,142
1738664774,137
1738664777,135
1738664780,147
1738664783,141
1738664787,141
1738664789,136
1738664792,217
1738664796,387
1738664798,392
1738664802,386
1738664805,296
1738664808,136
1738664811,141
1738664814,136
1738664817,137
1738664820,144
1738664823,135
1738664826,140
1738664829,146
1738664832,145
1738664835,147
1738664838,144
1738664841,149
1738664844,146
1738664847,147
1738664851,145
1738664851,None
1738664857,136
1738664859,139
1738664863,134
1738664865,139
1738664865,None
1738664872,137
1738664875,136
1738664878,136
1738664881,134
1738664884,135
1738664887,120
1738664891,123
1738664893,119
1738664896,123
1738664899,116
1738664899,None
1738664905,119
1738664908,123
1738664911,123
1738664914,128
1738664917,126
1738664920,122
1738664924,132
1738664927,127
1738664930,129
1738664933,128
1738664936,125
1738664939,129
1738664942,127
1738664945,125
1738664948,129
1738664951,131
1738664951,None
1738664957,130
1738664960,128
1738664963,125
1738664966,127
1738664970,120
1738664972,118
1738664975,120
1738664979,121
1738664981,123
1738664985,120
1738664988,115
1738664988,None
1738664988,None
1738664997,125
1738665000,127
1738665003,122
1738665006,130
1738665006,None
1738665012,137
1738665015,133
1738665018,131
1738665021,125
1738665024,146
1738665027,143
1738665030,133
1738665034,142
1738665036,139
1738665040,134
1738665042,141
1738665046,146
1738665048,149
1738665051,138
1738665055,129
1738665058,133
1738665061,142
1738665064,135
1738665067,135
1738665070,136
1738665070,None
1738665076,136
1738665079,128
1738665082,137
1738665082,None
1738665088,118
1738665088,None
1738665094,120
1738665098,122
1738665101,126
1738665103,127
1738665106,130
1738665109,121
1738665113,131
1738665116,128
1738665119,117
1738665122,134
1738665125,129
1738665128,124
1738665131,126
1738665134,159
1738665137,369
1738665140,377
1738665143,377
1738665146,370
1738665149,217
1738665152,133
1738665155,130
1738665158,117
1738665161,124
1738665164,132
1738665167,123
1738665170,124
1738665173,130
1738665176,126
1738665179,125
1738665183,115
1738665185,132
1738665188,132
1738665192,123
1738665195,128
1738665195,None
1738665201,121
1738665203,126
1738665207,122
1738665210,125
1738665213,132
1738665216,132
1738665219,116
1738665222,129
1738665225,352
1738665228,375
1738665231,378
1738665234,310
1738665237,135
1738665240,124
1738665243,113
1738665247,122
1738665249,125
1738665253,121
1738665256,116
1738665259,116
1738665262,121
1738665265,118
1738665268,123
1738665271,126
1738665274,121
1738665277,112
1738665280,116
1738665283,130
1738665286,126
1738665289,118
1738665292,118
1738665295,118
1738665298,120
1738665301,129
1738665305,124
1738665307,110
1738665310,125
1738665313,125
1738665317,120
1738665320,121
1738665323,126
1738665326,128
1738665329,168
1738665331,216
1738665335,232
1738665338,223
1738665341,229
1738665344,214
1738665347,210
1738665350,215
1738665353,212
1738665356,212
1738665359,216
1738665362,208
1738665365,214
1738665368,204
1738665371,212
1738665375,202
1738665377,210
1738665381,199
1738665383,200
1738665387,199
1738665390,196
1738665393,195
1738665396,196
1738665399,189
1738665402,203
1738665405,186
1738665408,202
1738665411,191
1738665414,198
1738665417,192
1738665420,195
1738665423,187
1738665427,185
1738665429,187
1738665429,None
1738665435,192
1738665439,178
1738665442,191
1738665445,180
1738665448,181
1738665451,190
1738665454,181
1738665454,None
1738665460,192
1738665463,192
1738665466,188
1738665469,204
1738665472,193
1738665475,185
1738665478,200
1738665481,194
1738665481,None
1738665488,197
1738665490,196
1738665494,200
1738665496,196
1738665499,200
1738665502,202
1738665505,195
1738665508,192
1738665512,202
1738665514,195
1738665518,190
1738665521,190
1738665524,198
1738665527,190
1738665530,198
1738665533,196
1738665536,186
1738665539,202
1738665539,None
1738665539,None
1738665548,191
1738665551,197
1738665554,190
1738665558,191
1738665561,190
1738665564,397
1738665566,443
1738665570,438
1738665573,326
1738665576,192
1738665579,190
1738665582,197
1738665585,190
1738665588,196
1738665591,190
1738665594,193
1738665597,200
1738665600,191
1738665603,195
1738665606,200
1738665609,188
1738665609,None
1738665615,198
1738665618,195
1738665622,199
1738665625,191
1738665628,181
1738665631,195
1738665634,203
1738665637,201
1738665640,199
1738665643,191
1738665646,206
1738665649,206
1738665652,435
1738665655,450
1738665658,461
1738665658,None
1738665665,298
1738665665,None
1738665671,209
1738665674,198
1738665677,200
1738665679,197
1738665682,204
1738665686,203
1738665686,None
1738665692,196
1738665695,206
1738665698,202
1738665701,202
1738665704,196
1738665707,199
1738665710,198
1738665713,195
1738665716,187
1738665719,187
1738665723,200
1738665725,195
1738665728,194
1738665732,199
1738665735,190
1738665737,198
1738665740,189
1738665743,187
1738665743,None
1738665749,205
1738665752,196
1738665755,208
1738665759,205
1738665762,200
1738665765,199
1738665768,204
1738665771,201
1738665774,206
1738665777,198
1738665780,190
1738665783,211
1738665786,209
1738665789,206
1738665792,196
1738665795,198
1738665798,208
1738665801,201
1738665804,211
1738665807,202
1738665810,198
1738665813,207
1738665816,205
1738665819,200
1738665823,207
1738665825,207
1738665829,198
1738665831,202
1738665834,206
1738665838,205
1738665841,196
1738665844,200
1738665847,208
1738665850,206
1738665853,182
1738665856,194
1738665859,201
1738665862,193
1738665865,191
1738665868,193
1738665868,None
1738665874,197
1738665877,198
1738665880,433
1738665884,453
1738665886,452
1738665889,370
1738665892,187
1738665896,196
1738665899,192
1738665902,196
1738665905,191
1738665908,197
1738665908,None
1738665908,None
1738665917,198
1738665920,189
1738665923,203
1738665923,None
1738665929,191
1738665932,196
1738665935,194
1738665938,193
1738665941,195
1738665944,196
1738665947,193
1738665950,204
1738665953,197
1738665956,203
1738665960,198
1738665962,192
1738665966,210
1738665968,201
1738665968,None
1738665975,197
1738665978,208
1738665980,205
1738665984,192
1738665986,207
1738665990,202
1738665993,197
1738665995,207
1738665999,203
1738666002,212
1738666002,None
1738666008,210
1738666011,205
1738666014,203
1738666017,212
1738666020,202
1738666023,209
1738666023,None
1738666029,206
1738666032,205
1738666036,204
1738666038,211
1738666041,206
1738666044,210
1738666048,214
1738666051,209
1738666054,201
1738666057,212
1738666060,209
1738666063,213
1738666066,204
1738666069,207
1738666072,214
1738666075,208
1738666078,204
1738666081,213
1738666084,211
1738666087,198
1738666090,214
1738666093,203
1738666093,None
1738666100,210
1738666103,206
1738666105,213
1738666105,None
1738666112,205
1738666115,216
1738666118,213
1738666121,196
1738666121,None
1738666127,214
1738666130,198
1738666133,217
1738666133,None
1738666139,208
1738666142,471
1738666142,None
1738666148,462
1738666151,288
1738666154,206
1738666157,193
1738666161,207
1738666164,202
1738666167,198
1738666167,None
1738666173,202
1738666176,199
1738666179,201
1738666182,204
1738666185,199
1738666188,212
1738666191,200
1738666194,197
1738666197,201
1738666200,192
1738666203,206
1738666206,201
1738666206,None
1738666212,201
1738666215,199
1738666219,200
1738666221,195
1738666225,202
1738666228,196
1738666231,196
1738666234,201
1738666237,193
1738666237,None
1738666243,195
1738666246,196
1738666249,199
1738666252,196
1738666255,202
1738666259,198
1738666262,205
1738666264,213
1738666267,203
1738666271,200
1738666274,210
1738666276,426
1738666279,460
1738666282,460
1738666285,459
1738666288,459
1738666291,199
1738666295,211
1738666299,227
1738666301,255
1738666304,246
1738666307,251
1738666310,247
1738666313,252
1738666316,247
1738666319,250
1738666322,247
1738666325,251
1738666328,247
1738666331,251
1738666334,247
1738666337,246
1738666340,241
1738666343,236
1738666347,248
1738666349,244
1738666353,246
1738666356,228
1738666356,None
1738666362,220
1738666365,217
1738666368,217
1738666371,215
1738666374,210
1738666377,205
1738666380,216
1738666383,213
1738666386,210
1738666389,215
1738666392,211
1738666395,216
1738666398,223
1738666401,220
1738666405,224
1738666408,218
1738666411,228
1738666413,219
1738666416,220
1738666420,223
1738666424,225
1738666424,None
1738666429,217
1738666432,223
1738666435,220
1738666438,219
1738666441,225
1738666444,224
1738666447,233
1738666450,227
1738666453,226
1738666457,282
1738666459,276
1738666462,276
1738666465,280
1738666468,278
1738666472,277
1738666475,279
1738666478,281
1738666480,277
1738666483,280
1738666486,273
1738666490,270
1738666492,260
1738666496,255
1738666499,253
1738666502,246
1738666505,409
1738666508,490
1738666511,494
1738666514,490
1738666517,490
1738666520,254
1738666523,227
1738666526,235
1738666530,226
1738666532,232
1738666535,230
1738666538,228
1738666542,243
1738666544,251
1738666548,226
1738666551,229
1738666554,220
1738666557,215
1738666560,219
1738666563,222
1738666566,221
1738666570,224
1738666572,226
1738666575,228
1738666575,None
1738666581,225
1738666584,218
1738666584,None
1738666590,223
1738666594,227
1738666597,223
1738666600,222
1738666603,230
1738666606,256
1738666609,255
1738666612,245
1738666615,257
1738666618,252
1738666621,249
1738666624,245
1738666627,249
1738666627,None
1738666633,247
1738666636,256
1738666639,253
1738666643,238
1738666645,229
1738666648,226
1738666652,222
1738666655,232
1738666658,231
1738666661,226
1738666664,232
1738666667,230
1738666670,226
1738666673,231
1738666676,231
1738666680,224
1738666682,227
1738666685,231
1738666688,228
1738666691,229
1738666694,227
1738666697,221
1738666701,226
1738666703,224
1738666707,219
1738666709,232
1738666713,230
1738666713,None
1738666719,234
1738666722,231
1738666725,226
1738666728,232
1738666731,231
1738666734,230
1738666737,445
1738666740,485
1738666740,None
1738666746,483
1738666749,487
1738666752,402
1738666755,230
1738666758,230
1738666761,228
1738666764,229
1738666768,227
1738666770,229
1738666773,219
1738666777,225
1738666779,224
1738666783,216
1738666786,232
1738666788,231
1738666792,227
1738666795,223
1738666798,230
1738666801,223
1738666804,224
1738666807,220
1738666810,220
1738666813,227
1738666816,224
1738666819,230
1738666822,257
1738666825,252
1738666828,250
1738666832,257
1738666834,261
1738666838,250
1738666840,248
1738666844,265
1738666847,259
1738666850,255
1738666850,None
1738666856,236
1738666859,227
1738666862,229
1738666865,234
1738666868,235
1738666871,231
1738666874,217
1738666878,235
1738666881,234
1738666883,233
1738666887,366
1738666889,488
1738666893,512
1738666896,1506
1738666899,1474
1738666902,1301
1738666905,1115
1738666908,1290
1738666911,1339
1738666914,1349
1738666917,1343
1738666920,1343
1738666920,None
1738666920,None
1738666920,None
1738666932,1362
1738666935,1364
1738666938,1353
1738666941,1355
1738666944,1366
1738666947,1364
1738666951,1346
1738666954,1359
1738666956,1360
1738666960,1354
1738666963,1351
1738666966,1364
1738666969,1359
1738666972,1365
1738666975,1366
1738666978,1363
1738666982,1366
1738666985,1358
1738666987,1360
1738666990,1368
1738666993,1345
1738666996,1356
1738666996,None
1738666996,None
1738667006,1360
1738667008,1346
1738667012,1326
1738667015,1333
1738667018,1333
1738667021,1333
1738667024,1333
1738667027,1330
1738667030,1340
1738667033,1332
1738667036,1343
1738667039,1339
1738667042,1330
1738667045,1347
1738667048,1338
1738667051,1338
1738667054,1331
1738667057,1334
1738667060,962
1738667063,1133
1738667066,936
1738667070,1108
1738667073,966
1738667075,1133
1738667079,958
1738667082,1116
1738667085,958
1738667088,1108
1738667091,963
1738667091,None
1738667097,959
1738667100,1107
1738667103,964
1738667106,1105
1738667109,960
1738667112,1109
1738667115,956
1738667118,1113
1738667121,956
1738667124,1107
1738667127,963
1738667130,1103
1738667134,1070
1738667137,999
1738667139,1065
1738667143,999
1738667146,1071
1738667148,996
1738667152,1069
1738667155,1003
1738667157,1066
1738667161,1008
1738667164,1064
1738667167,994
1738667170,1062
1738667173,998
1738667176,1063
1738667179,1063
1738667182,1038
1738667186,1035
1738667189,1041
1738667191,1032
1738667195,1042
1738667198,1037
1738667200,1030
1738667204,1043
1738667207,1032
1738667210,1035
1738667213,1042
1738667213,None
1738667219,1063
1738667222,1068
1738667225,1068
1738667228,1071
1738667231,1176
1738667234,1323
1738667238,1325
1738667240,1320
1738667243,1136
1738667243,None
1738667249,1069
1738667249,None
1738667255,1066
1738667259,1066
1738667261,1066
1738667264,1066
1738667267,1071
1738667270,1065
1738667274,1069
1738667277,1237
1738667280,1313
1738667283,1322
1738667286,1322
1738667289,1116
1738667292,1072
1738667295,1076
1738667295,None
1738667301,1073
1738667304,1067
1738667307,1061
1738667310,1051
1738667313,1043
1738667317,1056
1738667319,1050
1738667322,1048
1738667325,1058
1738667329,1045
1738667332,1050
1738667335,1047
1738667338,1049
1738667341,1050
1738667344,1040
1738667347,1050
1738667350,1047
1738667353,1047
1738667356,1046
1738667359,1042
1738667362,1029
1738667362,None
1738667368,405
1738667371,236
1738667374,241
1738667378,901
1738667380,1288
1738667383,679
1738667386,649
1738667389,655
1738667392,652
1738667396,657
1738667398,658
1738667402,653
1738667404,650
1738667407,650
1738667411,654
1738667414,651
1738667417,653
1738667420,653
1738667423,656
1738667426,655
1738667426,None
1738667432,681
1738667435,680
1738667438,680
1738667438,None
1738667445,651
1738667447,660
1738667451,659
1738667453,650
1738667457,667
1738667460,660
1738667463,659
1738667466,672
1738667469,667
1738667472,667
1738667475,666
1738667478,661
1738667481,662
1738667485,668
1738667487,667
1738667490,663
1738667493,656
1738667496,659
1738667499,685
1738667502,692
1738667506,616
1738667508,276
1738667512,254
1738667515,242
1738667517,256
1738667521,255
1738667521,None
1738667527,239
1738667530,251
1738667533,243
1738667536,247
1738667539,240
1738667542,243
1738667545,250
1738667548,246
1738667551,235
1738667554,276
1738667557,290
1738667560,296
1738667563,307
1738667566,316
1738667569,309
1738667572,310
1738667576,309
1738667578,313
1738667581,311
1738667584,306
1738667588,312
1738667591,301
1738667594,277
1738667597,280
1738667600,275
1738667603,272
1738667606,270
1738667609,269
1738667612,257
1738667615,281
1738667618,278
1738667621,240
1738667625,251
1738667627,243
1738667630,228
1738667634,237
1738667634,None
1738667639,229
1738667643,220
1738667645,230
1738667649,325
1738667651,481
1738667655,475
1738667658,486
1738667658,None
1738667664,224
1738667667,230
1738667670,229
1738667673,334
1738667676,486
1738667679,490
1738667682,488
1738667685,298
1738667688,233
1738667691,229
1738667694,232
1738667697,231
1738667700,232
1738667703,229
1738667706,235
1738667709,234
1738667712,229
1738667712,None
1738667712,None
1738667722,248
1738667725,242
1738667728,250
1738667731,245
1738667734,258
1738667737,251
1738667740,253
1738667743,245
1738667746,250
1738667749,261
1738667752,258
1738667755,253
1738667758,252
1738667761,257
1738667764,257
1738667768,263
1738667771,256
1738667774,250
1738667777,263
1738667780,262
1738667783,256
1738667786,255
1738667789,254
1738667792,257
1738667795,249
1738667798,260
1738667801,252
1738667804,244
1738667807,260
1738667810,251
1738667813,247
1738667816,254
1738667819,249
1738667822,254
1738667825,244
1738667829,251
1738667831,252
1738667835,250
1738667838,246
1738667841,253
1738667844,253
1738667847,308
1738667850,703
1738667853,1665
1738667857,1665
1738667859,1660
1738667862,1668
1738667865,1659
1738667868,1658
1738667871,1664
1738667874,1659
1738667877,1658
1738667880,1663
1738667880,None
1738667886,1656
1738667890,1665
1738667892,1667
1738667895,1126
1738667895,None
1738667902,254
1738667905,256
1738667908,258
1738667911,254
1738667913,261
1738667917,279
1738667920,253
1738667923,263
1738667926,249
1738667929,252
1738667932,246
1738667935,245
1738667938,315
1738667941,816
1738667944,1668
1738667947,1662
1738667951,1660
1738667953,1661
1738667956,1660
1738667960,1663
1738667962,1664
1738667966,1654
1738667969,1664
1738667969,None
1738667975,1650
1738667978,1655
1738667981,1661
1738667984,1648
1738667987,1664
1738667990,1614
1738667993,254
1738667996,249
1738667999,245
1738668002,251
1738668005,247
1738668009,245
1738668009,None
1738668009,None
1738668018,249
1738668021,252
1738668023,244
1738668027,252
1738668030,247
1738668033,250
1738668036,498
1738668039,500
1738668042,501
1738668045,502
1738668048,455
1738668051,249
1738668054,244
1738668057,246
1738668060,246
1738668063,344
1738668066,509
1738668069,498
1738668072,502
1738668075,339
1738668078,244
1738668081,249
1738668084,244
1738668088,251
1738668091,246
1738668094,251
1738668094,None
1738668094,None
1738668102,247
1738668106,244
1738668109,246
1738668112,246
1738668115,249
1738668118,258
1738668118,None
1738668124,256
1738668128,249
1738668130,255
1738668133,252
1738668136,255
1738668139,255
1738668143,252
1738668146,254
1738668148,257
1738668151,250
1738668155,255
1738668157,253
1738668161,255
1738668164,256
1738668167,249
1738668170,254
1738668173,247
1738668176,245
1738668176,None
1738668182,248
1738668185,243
1738668188,250
1738668191,243
1738668194,249
1738668194,None
1738668200,244
1738668203,248
1738668207,249
1738668210,243
1738668213,247
1738668216,239
1738668219,247
1738668222,243
1738668226,258
1738668228,253
1738668231,251
1738668234,255
1738668238,257
1738668240,250
1738668244,257
1738668247,245
1738668249,248
1738668252,253
1738668255,255
1738668259,252
1738668262,251
1738668265,250
1738668268,257
1738668271,248
1738668274,258
1738668277,253
1738668277,None
1738668283,258
1738668286,274
1738668289,251
1738668292,241
1738668292,None
1738668298,251
1738668301,246
1738668305,241
1738668305,None
1738668305,None
1738668313,251
1738668316,247
1738668319,241
1738668322,241
1738668326,246
1738668328,245
1738668328,None
1738668335,240
1738668337,235
1738668341,242
1738668344,247
1738668347,263
1738668349,267
1738668349,None
1738668356,265
1738668359,294
1738668362,290
1738668362,None
1738668368,287
1738668371,282
1738668374,274
1738668377,267
1738668380,246
1738668380,None
1738668386,237
1738668389,251
1738668392,276
1738668395,315
1738668398,317
1738668401,310
1738668404,315
1738668408,302
1738668410,295
1738668413,351
1738668413,None
1738668420,561
1738668423,557
1738668426,554
1738668429,316
1738668432,314
1738668435,316
1738668438,323
1738668441,311
1738668444,323
1738668447,410
1738668451,1556
1738668453,1746
1738668456,1742
1738668459,1743
1738668462,1737
1738668465,1747
1738668468,402
1738668471,314
1738668475,313
1738668477,296
1738668480,296
1738668483,300
1738668486,300
1738668489,292
1738668492,303
1738668496,302
1738668498,297
1738668502,307
1738668505,302
1738668508,302
1738668511,517
1738668514,558
1738668517,555
1738668520,552
1738668523,443
1738668526,307
1738668529,300
1738668532,307
1738668532,None
1738668532,None
1738668542,306
1738668544,304
1738668547,302
1738668551,297
1738668553,299
1738668557,302
1738668560,296
1738668562,293
1738668565,309
1738668569,300
1738668572,295
1738668575,308
1738668578,303
1738668581,297
1738668581,None
1738668587,297
1738668590,297
1738668590,None
1738668596,303
1738668599,297
1738668602,296
1738668605,296
1738668609,299
1738668611,298
1738668614,294
1738668617,287
1738668620,294
1738668623,296
1738668627,291
1738668630,295
1738668633,303
1738668636,297
1738668639,298
1738668642,299
1738668645,302
1738668648,307
1738668651,291
1738668654,295
1738668657,306
1738668660,293
1738668663,293
1738668666,303
1738668669,299
1738668672,297
1738668675,297
1738668675,None
1738668681,299
1738668684,280
1738668687,292
1738668691,291
1738668693,290
1738668696,292
1738668699,291
1738668703,288
1738668705,298
1738668708,294
1738668711,288
1738668715,299
1738668718,298
1738668721,293
1738668724,292
1738668727,295
1738668730,291
1738668733,292
1738668736,285
1738668739,470
1738668742,542
1738668745,545
1738668745,None
1738668752,343
1738668754,291
1738668757,287
1738668760,286
1738668763,292
1738668767,286
1738668770,292
1738668773,284
1738668776,294
1738668778,290
1738668782,289
1738668785,287
1738668788,288
1738668791,286
1738668794,288
1738668797,278
1738668800,287
1738668803,285
1738668806,282
1738668809,290
1738668812,283
1738668815,284
1738668818,290
1738668821,295
1738668824,288
1738668827,289
1738668830,297
1738668834,291
1738668834,None
1738668840,287
1738668842,294
1738668846,292
1738668849,289
1738668852,292
1738668855,287
1738668858,293
1738668861,293
1738668864,283
1738668867,300
1738668870,292
1738668873,290
1738668876,286
1738668879,293
1738668882,289
1738668885,289
1738668888,294
1738668891,289
1738668894,295
1738668898,287
1738668901,293
1738668904,288
1738668907,290
1738668910,284
1738668913,281
1738668916,276
1738668919,285
1738668922,281
1738668925,275
1738668928,284
1738668931,281
1738668934,284
1738668937,344
1738668940,536
1738668944,531
1738668946,540
1738668949,534
1738668953,289
1738668956,283
1738668959,282
1738668962,287
1738668965,283
1738668967,284
1738668971,293
1738668974,287
1738668977,295
1738668980,284
1738668983,292
1738668986,287
1738668989,289
1738668993,289
1738668995,287
1738668998,289
1738669001,281
1738669004,277
1738669007,279
1738669011,283
1738669013,283
1738669017,279
1738669020,282
1738669023,279
1738669026,284
1738669029,280
1738669032,281
1738669035,274
1738669038,276
1738669038,None
1738669044,277
1738669047,273
1738669050,272
1738669053,275
1738669056,269
1738669059,275
1738669062,271
1738669065,273
1738669068,271
1738669071,271
1738669071,None
1738669071,None
1738669080,275
1738669084,270
1738669087,274
1738669090,272
1738669093,308
1738669096,535
1738669099,537
1738669102,536
1738669105,466
1738669108,281
1738669112,285
1738669114,284
1738669117,281
1738669120,281
1738669123,281
1738669126,283
1738669129,277
1738669132,284
1738669135,281
1738669138,282
1738669141,278
1738669145,281
1738669148,277
1738669151,281
1738669154,280
1738669157,279
1738669160,280
1738669163,277
1738669166,282
1738669169,277
1738669172,281
1738669175,278
1738669178,282
1738669178,None
1738669184,277
1738669187,281
1738669190,280
1738669194,279
1738669196,279
1738669199,281
1738669203,277
1738669206,286
1738669209,277
1738669212,281
1738669215,282
1738669215,None
1738669221,463
1738669224,529
1738669227,709
1738669230,654
1738669230,None
1738669236,614
1738669239,591
1738669242,581
1738669245,629
1738669248,630
1738669251,618
1738669254,595
1738669257,595
1738669261,617
1738669263,632
1738669266,642
1738669270,382
1738669273,346
1738669276,321
1738669278,315
1738669282,315
1738669285,321
1738669288,313
1738669292,311
1738669294,323
1738669297,312
1738669297,None
1738669303,315
1738669306,366
1738669309,416
1738669313,450
1738669315,450
1738669318,593
1738669321,583
1738669321,None
1738669327,550
1738669331,434
1738669333,427
1738669336,432
1738669340,431
1738669343,450
1738669346,683
1738669349,600
1738669352,552
1738669355,546
1738669355,None
1738669355,None
1738669364,446
1738669367,446
1738669367,None
1738669373,442
1738669376,439
1738669379,439
1738669382,445
1738669385,434
1738669388,444
1738669391,435
1738669391,None
1738669397,443
1738669400,432
1738669404,435
1738669406,442
1738669410,440
1738669412,434
1738669416,437
1738669419,443
1738669422,433
1738669425,353
1738669428,311
1738669431,305
1738669434,303
1738669437,357
1738669440,453
1738669443,449
1738669446,446
1738669449,449
1738669452,681
1738669455,699
1738669455,None
1738669461,697
1738669465,442
1738669468,444
1738669471,441
1738669474,446
1738669477,435
1738669480,445
1738669483,434
1738669486,440
1738669489,435
1738669492,350
1738669495,310
1738669498,309
1738669501,302
1738669504,312
1738669508,454
1738669511,457
1738669514,457
1738669516,448
1738669516,None
1738669522,457
1738669526,453
1738669529,458
1738669532,452
1738669535,453
1738669538,455
1738669540,447
1738669544,460
1738669547,451
1738669550,453
1738669553,322
1738669556,320
1738669559,317
1738669562,323
1738669565,371
1738669568,419
1738669571,320
1738669574,425
1738669577,467
1738669581,459
1738669584,452
1738669584,None
1738669589,361
1738669593,458
1738669596,455
1738669598,456
1738669602,402
1738669605,318
1738669608,310
1738669611,418
1738669614,460
1738669617,455
1738669620,452
1738669624,455
1738669626,453
1738669629,323
1738669632,310
1738669635,373
1738669639,457
1738669641,465
1738669644,407
1738669648,459
1738669650,459
1738669653,457
1738669656,452
1738669659,450
1738669662,449
1738669666,453
1738669668,311
1738669671,323
1738669675,320
1738669675,None
1738669681,322
1738669684,312
1738669687,374
1738669690,475
1738669693,470
1738669696,460
1738669699,454
1738669702,465
1738669706,453
1738669708,451
1738669711,451
1738669715,455
1738669718,449
1738669721,323
1738669723,310
1738669726,318
1738669730,472
1738669733,367
1738669735,305
1738669739,372
1738669742,472
1738669745,462
1738669748,456
1738669751,459
1738669754,463
1738669757,453
1738669760,456
1738669763,659
1738669766,613
1738669769,575
1738669772,709
1738669775,465
1738669778,457
1738669781,458
1738669784,449
1738669788,322
1738669790,312
1738669794,318
1738669797,314
1738669800,316
1738669803,465
1738669806,459
1738669809,458
1738669812,447
1738669812,None
1738669818,445
1738669821,360
1738669824,307
1738669828,305
1738669830,309
1738669833,311
1738669837,466
1738669839,458
1738669842,462
1738669846,456
1738669846,None
1738669851,458
1738669851,None
1738669858,448
1738669861,442
1738669864,441
1738669867,640
1738669870,563
1738669873,565
1738669876,554
1738669879,303
1738669882,356
1738669885,455
1738669888,450
1738669892,441
1738669894,443
1738669897,437
1738669900,442
1738669904,307
1738669907,296
1738669910,452
1738669913,447
1738669913,None
1738669919,306
1738669922,353
1738669925,459
1738669928,453
1738669931,444
1738669934,400
1738669937,303
1738669940,452
1738669943,448
1738669946,445
1738669949,350
1738669953,303
1738669953,None
1738669959,450
1738669962,443
1738669965,443
1738669967,397
1738669970,302
1738669974,310
1738669976,304
1738669980,409
1738669980,None
1738669986,463
1738669989,462
1738669992,461
1738669996,452
1738669999,440
1738670001,389
1738670004,294
1738670007,310
1738670011,356
1738670013,453
1738670013,None
1738670019,444
1738670019,None
1738670025,405
1738670028,438
1738670032,444
1738670035,305
1738670038,299
1738670038,None
1738670044,453
1738670047,443
1738670050,441
1738670053,445
1738670056,438
1738670059,393
1738670063,302
1738670065,301
1738670068,448
1738670071,453
1738670075,346
1738670077,300
1738670080,304
1738670083,452
1738670087,440
1738670089,306
1738670093,357
1738670095,449
1738670099,455
1738670102,443
1738670105,525
1738670108,606
1738670111,559
1738670114,656
1738670117,701
1738670120,486
1738670123,304
1738670126,353
1738670129,453
1738670132,451
1738670135,445
1738670138,445
1738670141,442
1738670145,441
1738670147,397
1738670150,302
1738670154,306
1738670157,299
1738670160,307
1738670163,406
1738670165,459
1738670168,449
1738670172,443
1738670175,444
1738670178,396
1738670181,299
1738670184,355
1738670187,445
1738670190,452
1738670193,302
1738670196,315
1738670199,459
1738670202,452
1738670205,453
1738670208,358
1738670208,None
1738670214,465
1738670217,465
1738670221,402
1738670223,318
1738670226,465
1738670230,455
1738670232,459
1738670236,360
1738670239,313
1738670239,None
1738670245,459
1738670245,None
1738670251,404
1738670254,460
1738670257,448
1738670260,446
1738670263,447
1738670266,441
1738670269,442
1738670272,445
1738670275,437
1738670278,443
1738670281,431
1738670284,445
1738670288,395
1738670288,None
1738670293,308
1738670297,309
1738670297,None
1738670297,None
1738670305,566
1738670309,627
1738670312,688
1738670315,464
1738670318,458
1738670321,461
1738670324,454
1738670327,452
1738670330,451
1738670330,None
1738670336,451
1738670339,439
1738670343,451
1738670345,441
1738670345,None
1738670351,395
1738670355,311
1738670358,305
1738670360,310
1738670363,313
1738670367,298
1738670367,None
1738670373,310
1738670376,457
1738670379,463
1738670382,452
1738670385,446
1738670388,446
1738670391,460
1738670394,465
1738670397,465
1738670400,494
1738670400,None
1738670407,481
1738670409,490
1738670413,485
1738670415,467
1738670419,464
1738670422,369
1738670422,None
1738670428,321
1738670431,326
1738670431,None
1738670437,320
1738670440,328
1738670443,436
1738670446,472
1738670449,481
1738670452,469
1738670455,461
1738670458,464
1738670461,460
1738670464,460
1738670464,None
1738670471,453
1738670473,459
1738670477,457
1738670479,448
1738670482,456
1738670486,363
1738670489,324
1738670492,367
1738670495,588
1738670498,1741
1738670501,1736
1738670504,1730
1738670507,1844
1738670510,1873
1738670513,1880
1738670516,1870
1738670519,1867
1738670519,None
1738670525,1866
1738670528,1868
1738670531,1867
1738670534,1867
1738670538,1859
1738670540,1554
1738670543,456
1738670547,443
1738670550,452
1738670553,317
1738670556,318
1738670559,504
1738670562,576
1738670565,573
1738670568,580
1738670572,375
1738670574,483
1738670577,489
1738670580,469
1738670583,469
1738670586,470
1738670586,None
1738670592,457
1738670595,461
1738670598,459
1738670601,455
1738670605,460
1738670608,457
1738670611,449
1738670614,461
1738670617,455
1738670620,366
1738670623,327
1738670626,325
1738670629,321
1738670632,327
1738670635,326
1738670638,324
1738670641,487
1738670644,470
1738670647,478
1738670650,469
1738670653,470
1738670657,460
1738670659,461
1738670663,465
1738670666,452
1738670669,461
1738670672,453
1738670675,459
1738670678,449
1738670681,461
1738670684,447
1738670687,411
1738670690,317
1738670693,322
1738670696,319
1738670699,544
1738670702,578
1738670706,577
1738670708,625
1738670712,528
1738670715,464
1738670718,460
1738670721,465
1738670723,459
1738670727,454
1738670730,458
1738670733,452
1738670736,456
1738670739,445
1738670742,450
1738670745,458
1738670748,452
1738670751,449
1738670754,323
1738670757,315
1738670761,316
1738670763,317
1738670766,317
1738670769,371
1738670773,465
1738670776,464
1738670779,455
1738670782,458
1738670785,454
1738670788,448
1738670791,457
1738670791,None
1738670797,452
1738670800,456
1738670803,451
1738670806,452
1738670809,445
1738670812,320
1738670815,321
1738670818,316
1738670821,330
1738670824,322
1738670827,320
1738670831,376
1738670833,469
1738670836,464
1738670840,461
1738670843,461
1738670846,452
1738670849,466
1738670852,453
1738670855,451
1738670858,458
1738670861,449
1738670864,456
1738670867,451
1738670870,449
1738670873,451
1738670876,411
1738670880,318
1738670882,326
1738670885,310
1738670889,324
1738670891,317
1738670895,328
1738670898,473
1738670901,471
1738670904,466
1738670907,462
1738670910,455
1738670913,457
1738670916,458
1738670919,459
1738670922,451
1738670925,457
1738670928,458
1738670931,447
1738670934,453
1738670937,363
1738670940,314
1738670943,367
1738670946,572
1738670950,576
1738670952,680
1738670956,602
1738670959,468
1738670962,456
1738670965,463
1738670968,466
1738670971,462
1738670973,455
1738670977,457
1738670980,459
1738670983,457
1738670986,453
1738670989,453
1738670992,449
1738670995,315
1738670998,321
1738671001,311
1738671004,311
1738671007,314
1738671010,312
1738671013,427
1738671016,463
1738671019,466
1738671023,455
1738671026,457
1738671029,457
1738671032,452
1738671035,454
1738671038,448
1738671041,453
1738671044,444
1738671047,454
1738671050,446
1738671050,None
1738671056,315
1738671059,318
1738671062,314
1738671065,319
1738671068,372
1738671071,466
1738671074,463
1738671078,458
1738671080,461
1738671084,462
1738671087,451
1738671090,466
1738671093,462
1738671096,457
1738671099,462
1738671102,461
1738671105,454
1738671108,463
1738671111,373
1738671115,333
1738671117,323
1738671120,327
1738671123,330
1738671126,336
1738671129,480
1738671133,466
1738671135,477
1738671139,481
1738671142,474
1738671145,468
1738671148,469
1738671150,464
1738671153,563
1738671157,722
1738671160,726
1738671163,710
1738671166,704
1738671169,544
1738671172,331
1738671175,322
1738671178,319
1738671181,322
1738671184,323
1738671187,323
1738671190,487
1738671194,479
1738671196,476
1738671199,469
1738671202,470
1738671206,461
1738671208,472
1738671212,464
1738671215,463
1738671218,463
1738671221,453
1738671224,468
1738671226,463
1738671230,460
1738671233,462
1738671236,325
1738671239,330
1738671242,330
1738671245,324
1738671248,326
1738671251,318
1738671254,485
1738671258,473
1738671260,467
1738671264,470
1738671267,458
1738671269,464
1738671273,461
1738671276,461
1738671279,461
1738671282,461
1738671285,450
1738671288,459
1738671291,457
1738671294,403
1738671294,None
1738671300,415
1738671303,579
1738671306,572
1738671310,579
1738671312,525
1738671315,468
1738671318,465
1738671321,461
1738671324,461
1738671327,460
1738671331,456
1738671333,456
1738671336,460
1738671340,458
1738671343,446
1738671343,None
1738671349,454
1738671352,362
1738671355,319
1738671358,320
1738671361,323
1738671364,323
1738671367,317
1738671367,None
1738671373,467
1738671376,473
1738671379,474
1738671382,460
1738671385,462
1738671388,459
1738671391,459
1738671394,462
1738671397,460
1738671400,463
1738671404,460
1738671404,None
1738671409,450
1738671412,422
1738671415,330
1738671419,330
1738671422,328
1738671425,329
1738671428,329
1738671431,326
1738671434,393
1738671437,476
1738671440,476
1738671443,479
1738671446,469
1738671449,471
1738671452,471
1738671455,470
1738671455,None
1738671461,474
1738671464,466
1738671464,None
1738671471,470
1738671474,460
1738671476,460
1738671479,461
1738671483,406
1738671486,320
1738671489,328
1738671492,322
1738671496,318
1738671498,329
1738671501,329
1738671504,473
1738671507,484
1738671510,471
1738671513,464
1738671516,469
1738671520,468
1738671522,469
1738671525,461
1738671528,463
1738671532,468
1738671535,452
1738671537,468
1738671541,456
1738671543,458
1738671547,458
1738671550,328
1738671553,325
1738671556,326
1738671559,323
1738671562,331
1738671565,320
1738671568,432
1738671571,476
1738671574,465
1738671577,469
1738671580,464
1738671583,464
1738671587,466
1738671590,459
1738671592,464
1738671596,458
1738671599,463
1738671602,457
1738671605,457
1738671607,452
1738671610,364
1738671614,322
1738671614,None
1738671620,318
1738671623,325
1738671626,370
1738671629,484
1738671632,472
1738671635,475
1738671638,468
1738671641,467
1738671645,471
1738671647,554
1738671650,729
1738671653,734
1738671656,721
1738671656,None
1738671662,464
1738671665,472
1738671668,461
1738671672,403
1738671675,593
1738671677,584
1738671681,592
1738671683,581
1738671686,378
1738671690,482
1738671693,478
1738671696,475
1738671699,466
1738671702,467
1738671705,465
1738671708,467
1738671711,457
1738671714,466
1738671717,460
1738671720,460
1738671723,465
1738671726,458
1738671729,415
1738671732,326
1738671736,329
1738671738,320
1738671742,327
1738671745,385
1738671748,474
1738671748,None
1738671754,473
1738671757,467
1738671760,466
1738671760,None
1738671767,463
1738671769,465
1738671772,458
1738671775,451
1738671778,466
1738671781,460
1738671784,457
1738671787,421
1738671791,332
1738671794,332
1738671796,328
1738671800,330
1738671803,328
1738671806,382
1738671809,487
1738671812,473
1738671815,476
1738671818,469
1738671818,None
1738671824,471
1738671827,467
1738671831,466
1738671833,462
1738671836,470
1738671839,463
1738671842,468
1738671845,462
1738671848,368
1738671851,323
1738671855,318
1738671857,317
1738671861,322
1738671864,373
1738671867,477
1738671870,467
1738671870,None
1738671876,461
1738671879,449
1738671882,465
1738671885,456
1738671888,455
1738671891,460
1738671894,452
1738671897,451
1738671901,454
1738671903,452
1738671903,None
1738671909,325
1738671913,314
1738671916,319
1738671919,315
1738671922,325
1738671922,None
1738671928,473
1738671931,466
1738671934,468
1738671937,461
1738671940,466
1738671943,460
1738671946,457
1738671946,None
1738671953,462
1738671955,457
1738671955,None
1738671961,462
1738671964,448
1738671967,418
1738671971,319
1738671974,320
1738671976,321
1738671980,321
1738671983,423
1738671986,475
1738671989,469
1738671992,464
1738671995,461
1738671998,455
1738672001,460
1738672004,458
1738672007,450
1738672010,458
1738672013,462
1738672013,None
1738672020,459
1738672022,313
1738672026,314
1738672029,318
1738672032,316
1738672035,319
1738672038,471
1738672041,461
1738672044,465
1738672047,455
1738672050,455
1738672053,450
1738672056,461
1738672059,456
1738672062,453
1738672065,457
1738672065,None
1738672071,459
1738672071,None
1738672077,726
1738672081,631
1738672083,558
1738672083,None
1738672090,327
1738672093,325
1738672096,330
1738672098,480
1738672101,476
1738672105,472
1738672107,470
1738672111,470
1738672114,465
1738672117,461
1738672120,463
1738672123,712
1738672126,717
1738672129,720
1738672132,711
1738672135,507
1738672138,452
1738672141,455
1738672141,None
1738672147,318
1738672147,None
1738672154,315
1738672157,307
1738672159,319
1738672163,417
1738672166,472
1738672166,None
1738672172,456
1738672175,452
1738672178,457
1738672178,None
1738672184,450
1738672187,452
1738672190,459
1738672193,449
1738672196,449
1738672199,462
1738672203,456
1738672205,455
1738672208,362
1738672212,325
1738672215,326
1738672218,321
1738672221,326
1738672224,442
1738672227,471
1738672230,468
1738672233,474
1738672236,470
1738672239,461
1738672242,465
1738672246,463
1738672249,468
1738672251,458
1738672254,465
1738672257,465
1738672257,None
1738672264,463
1738672266,330
1738672270,315
1738672272,315
1738672276,319
1738672279,317
1738672282,417
1738672285,468
1738672288,468
1738672291,461
1738672294,469
1738672297,466
1738672300,458
1738672303,462
1738672306,466
1738672306,None
1738672313,458
1738672315,462
1738672318,460
1738672321,466
1738672325,456
1738672328,368
1738672331,330
1738672334,324
1738672336,323
1738672340,327
1738672343,322
1738672346,383
1738672349,490
1738672352,489
1738672355,476
1738672358,478
1738672361,530
1738672364,615
1738672368,509
1738672370,469
1738672370,None
1738672376,463
1738672379,465
1738672382,469
1738672385,374
1738672385,None
1738672392,337
1738672394,335
1738672398,329
1738672401,337
1738672404,445
1738672407,487
1738672410,478
1738672413,478
1738672416,482
1738672419,473
1738672422,476
1738672425,479
1738672429,472
1738672431,472
1738672434,471
1738672437,492
1738672440,503
1738672443,497
1738672446,500
1738672450,500
1738672452,449
1738672455,362
1738672459,356
1738672461,356
1738672464,371
1738672467,406
1738672470,733
1738672473,772
1738672476,766
1738672480,733
1738672483,503
1738672486,494
1738672489,498
1738672492,492
1738672495,490
1738672498,497
1738672501,486
1738672505,492
1738672507,495
1738672510,488
1738672513,486
1738672516,358
1738672519,350
1738672522,357
1738672522,None
1738672528,348
1738672532,690
1738672535,760
1738672539,756
1738672541,753
1738672544,747
1738672547,502
1738672550,488
1738672553,493
1738672556,493
1738672559,485
1738672562,492
1738672565,487
1738672569,493
1738672571,482
1738672575,483
1738672575,None
1738672575,None
1738672583,352
1738672587,356
1738672589,350
1738672592,356
1738672596,510
1738672599,501
1738672602,511
1738672605,508
1738672607,507
1738672611,496
1738672614,500
1738672617,501
1738672620,498
1738672623,485
1738672627,504
1738672627,None
1738672632,497
1738672635,490
1738672638,499
1738672642,446
1738672644,365
1738672647,354
1738672651,351
1738672654,355
1738672657,365
1738672659,462
1738672663,503
1738672666,495
1738672669,495
1738672671,493
1738672675,502
1738672678,500
1738672678,None
1738672684,504
1738672687,498
1738672690,491
1738672690,None
1738672690,None
1738672699,493
1738672702,494
1738672705,364
1738672708,357
1738672711,367
1738672714,365
1738672718,422
1738672721,517
1738672724,511
1738672727,510
1738672730,508
1738672733,487
1738672736,487
1738672739,478
1738672742,519
1738672745,522
1738672748,516
1738672751,526
1738672754,518
1738672757,523
1738672760,512
1738672763,473
1738672767,388
1738672769,384
1738672772,390
1738672775,375
1738672779,381
1738672782,485
1738672784,529
1738672788,517
1738672790,515
1738672793,516
1738672797,517
1738672800,510
1738672803,511
1738672806,514
1738672809,502
1738672812,516
1738672815,508
1738672818,508
1738672821,527
1738672824,514
1738672827,514
1738672830,375
1738672833,340
1738672836,345
1738672839,340
1738672843,345
1738672846,332
1738672848,487
1738672852,494
1738672855,482
1738672858,479
1738672861,472
1738672864,473
1738672867,469
1738672870,469
1738672873,465
1738672873,None
1738672873,None
1738672882,467
1738672885,461
1738672888,380
1738672892,327
1738672894,331
1738672897,332
1738672901,329
1738672903,490
1738672907,479
1738672910,477
1738672913,478
1738672916,474
1738672919,468
1738672922,471
1738672925,470
1738672928,459
1738672931,519
1738672934,734
1738672937,740
1738672940,731
1738672943,468
1738672946,338
1738672949,346
1738672952,337
1738672955,339
1738672958,339
1738672962,343
1738672965,449
1738672967,483
1738672971,465
1738672974,472
1738672977,462
1738672980,471
1738672983,517
1738672986,553
1738672989,466
1738672992,465
1738672995,467
1738672998,516
1738673002,722
1738673004,730
1738673007,632
1738673010,595
1738673013,486
1738673017,1546
1738673017,None
1738673023,1745
1738673026,1844
1738673029,1901
1738673032,1890
1738673035,1890
1738673039,1880
1738673042,1882
1738673044,1885
1738673047,1883
1738673050,1875
1738673054,1886
1738673056,1877
1738673060,1873
1738673060,None
1738673066,452
1738673068,457
1738673072,417
1738673075,329
1738673078,327
1738673081,330
1738673084,325
1738673087,328
1738673090,428
1738673093,477
1738673093,None
1738673093,None
1738673102,469
1738673105,460
1738673108,463
1738673111,463
1738673115,468
1738673118,463
1738673120,542
1738673124,1160
1738673127,1883
1738673130,1900
1738673133,1886
1738673133,None
1738673139,1741
1738673142,1731
1738673145,1738
1738673145,None
1738673151,318
1738673154,489
1738673157,468
1738673160,471
1738673163,472
1738673166,465
1738673169,457
1738673172,472
1738673175,456
1738673178,461
1738673181,458
1738673184,456
1738673188,459
1738673188,None
1738673194,459
1738673196,462
1738673200,363
1738673203,328
1738673206,323
1738673209,345
1738673212,366
1738673215,395
1738673218,492
1738673221,533
1738673224,532
1738673227,487
1738673230,480
1738673233,485
1738673237,471
1738673239,479
1738673242,473
1738673245,476
1738673248,473
1738673251,467
1738673255,476
1738673257,489
1738673261,408
1738673264,362
1738673267,347
1738673270,333
1738673273,342
1738673276,441
1738673279,495
1738673282,479
1738673285,485
1738673288,476
1738673292,481
1738673294,473
1738673297,474
1738673301,473
1738673304,469
1738673306,467
1738673310,459
1738673313,467
1738673313,None
1738673319,457
1738673322,380
1738673325,335
1738673327,335
1738673331,366
1738673334,356
1738673337,361
1738673340,511
1738673343,494
1738673346,490
1738673349,482
1738673352,468
1738673356,482
1738673358,468
1738673361,465
1738673364,497
1738673367,503
1738673370,497
1738673374,572
1738673376,759
1738673380,758
1738673380,None
1738673386,564
1738673389,393
1738673392,369
1738673395,378
1738673395,None
1738673401,518
1738673404,510
1738673407,515
1738673410,513
1738673413,488
1738673416,480
1738673419,480
1738673422,476
1738673425,477
1738673428,472
1738673431,478
1738673434,485
1738673437,476
1738673437,None
1738673443,840
1738673446,1755
1738673449,2027
1738673453,2007
1738673456,1836
1738673459,1757
1738673462,1811
1738673465,1908
1738673468,1902
1738673471,1598
1738673471,None
1738673477,476
1738673480,482
1738673483,470
1738673486,480
1738673489,471
1738673492,478
1738673495,479
1738673498,476
1738673502,480
1738673504,478
1738673507,492
1738673510,407
1738673514,353
1738673517,343
1738673520,343
1738673523,355
1738673526,417
1738673529,513
1738673532,508
1738673535,505
1738673538,498
1738673541,499
1738673544,476
1738673547,475
1738673550,482
1738673553,471
1738673553,None
1738673559,463
1738673563,475
1738673565,472
1738673568,468
1738673572,470
1738673575,340
1738673577,330
1738673581,336
1738673584,337
1738673587,331
1738673590,343
1738673593,495
1738673596,475
1738673599,485
1738673602,479
1738673605,476
1738673608,471
1738673611,471
1738673614,475
1738673617,484
1738673622,478
1738673624,476
1738673627,470
1738673630,478
1738673634,479
1738673636,342
1738673639,346
1738673642,335
1738673642,None
1738673648,348
1738673651,450
1738673655,488
1738673658,490
1738673660,484
1738673663,483
1738673663,None
1738673670,482
1738673673,472
1738673673,None
1738673679,478
1738673679,None
1738673685,505
1738673688,500
1738673691,494
1738673694,447
1738673697,354
1738673700,351
1738673703,344
1738673706,328
1738673710,356
1738673713,533
1738673716,529
1738673718,522
1738673722,524
1738673725,506
1738673727,467
1738673731,472
1738673734,469
1738673737,470
1738673740,468
1738673743,469
1738673746,467
1738673749,468
1738673752,464
1738673755,479
1738673758,397
1738673762,359
1738673765,353
1738673767,352
1738673770,357
1738673770,None
1738673776,387
1738673779,494
1738673783,470
1738673786,483
1738673789,473
1738673792,467
1738673795,469
1738673798,472
1738673801,468
1738673804,471
1738673807,461
1738673810,500
1738673813,500
1738673813,None
1738673819,596
1738673822,618
1738673826,611
1738673828,617
1738673832,499
1738673834,352
1738673837,518
1738673841,495
1738673844,490
1738673847,503
1738673850,492
1738673853,490
1738673856,489
1738673859,485
1738673862,490
1738673865,490
1738673865,None
1738673871,483
1738673874,485
1738673877,617
1738673880,605
1738673883,609
1738673886,608
1738673889,614
1738673893,568
1738673896,402
1738673899,517
1738673902,504
1738673904,495
1738673904,None
1738673911,498
1738673914,490
1738673917,498
1738673920,494
1738673920,None
1738673926,494
1738673929,492
1738673932,486
1738673935,485
1738673938,482
1738673942,350
1738673944,355
1738673948,354
1738673951,357
1738673954,350
1738673956,509
1738673960,510
1738673963,500
1738673966,489
1738673969,492
1738673972,496
1738673975,491
1738673978,496
1738673981,483
1738673984,486
1738673987,495
1738673990,489
1738673993,483
1738673996,404
1738673999,347
1738674002,348
1738674005,355
1738674008,350
1738674011,356
1738674015,504
1738674017,502
1738674020,501
1738674024,493
1738674026,500
1738674030,489
1738674033,497
1738674036,488
1738674038,492
1738674042,492
1738674045,489
1738674048,486
1738674051,487
1738674054,493
1738674057,452
1738674060,358
1738674063,355
1738674066,352
1738674066,None
1738674072,354
1738674075,361
1738674078,516
1738674082,487
1738674084,473
1738674088,479
1738674091,468
1738674094,483
1738674097,478
1738674099,475
1738674103,479
1738674106,484
1738674109,475
1738674112,478
1738674115,483
1738674118,476
1738674121,474
1738674124,391
1738674127,345
1738674130,344
1738674133,343
1738674136,338
1738674139,343
1738674142,448
1738674145,501
1738674148,488
1738674151,476
1738674155,474
1738674157,477
1738674161,460
1738674164,465
1738674167,466
1738674170,458
1738674172,466
1738674176,468
1738674179,461
1738674179,None
1738674185,455
1738674188,330
1738674191,324
1738674194,319
1738674197,325
1738674197,None
1738674203,322
1738674206,378
1738674209,470
1738674212,471
1738674215,458
1738674219,465
1738674222,457
1738674225,465
1738674228,461
1738674232,457
1738674234,462
1738674237,462
1738674240,465
1738674243,465
1738674246,461
1738674249,464
1738674252,609
1738674255,583
1738674258,594
1738674262,587
1738674264,327
1738674264,None
1738674270,332
1738674273,327
1738674277,486
1738674280,471
1738674283,476
1738674286,473
1738674289,468
1738674292,462
1738674296,444
1738674298,461
1738674301,461
1738674304,482
1738674307,491
1738674310,494
1738674313,479
1738674313,None
1738674319,348
1738674322,342
1738674325,349
1738674328,349
1738674331,337
1738674335,404
1738674338,498
1738674341,489
1738674343,489
1738674347,485
1738674350,481
1738674353,480
1738674353,None
1738674359,476
1738674362,476
1738674365,470
1738674368,477
1738674371,466
1738674375,418
1738674377,327
1738674380,331
1738674383,324
1738674386,333
1738674390,349
1738674392,365
1738674396,505
1738674399,808
1738674402,818
1738674404,817
1738674407,664
1738674411,554
1738674411,None
1738674417,556
1738674420,551
1738674423,557
1738674426,553
1738674429,549
1738674432,556
1738674435,548
1738674438,540
1738674441,453
1738674444,406
1738674447,407
1738674450,402
1738674453,404
1738674457,387
1738674459,385
1738674463,504
1738674466,540
1738674469,531
1738674472,521
1738674475,525
1738674478,526
1738674481,522
1738674484,524
1738674487,514
1738674490,517
1738674490,None
1738674496,516
1738674499,515
1738674502,377
1738674505,385
1738674508,377
1738674511,383
1738674514,379
1738674517,383
1738674520,378
1738674523,382
1738674526,378
1738674526,None
1738674533,605
1738674533,None
1738674539,583
1738674542,573
1738674545,683
1738674548,630
1738674551,610
1738674551,None
1738674551,None
1738674551,None
1738674563,418
1738674566,345
1738674570,337
1738674572,340
1738674576,340
1738674578,342
1738674581,344
1738674584,337
1738674587,412
1738674591,507
1738674594,499
1738674597,494
1738674600,504
1738674603,500
1738674606,491
1738674609,489
1738674612,497
1738674615,484
1738674618,482
1738674618,None
1738674624,500
1738674627,489
1738674630,395
1738674633,355
1738674636,353
1738674640,358
1738674640,None
1738674645,355
1738674649,349
1738674652,517
1738674655,503
1738674658,491
1738674661,770
1738674664,780
1738674667,777
1738674670,572
1738674673,508
1738674676,502
1738674679,501
1738674682,504
1738674685,521
1738674688,516
1738674691,480
1738674695,422
1738674697,423
1738674700,428
1738674704,419
1738674706,426
1738674710,434
1738674713,437
1738674715,540
1738674719,593
1738674722,590
1738674725,586
1738674728,589
1738674731,578
1738674734,578
1738674737,580
1738674740,575
1738674743,438
1738674746,441
1738674749,451
1738674752,439
1738674752,None
1738674758,558
1738674761,596
1738674764,588
1738674768,579
1738674771,587
1738674773,584
1738674777,578
1738674780,624
1738674783,784
1738674786,691
1738674789,696
1738674792,651
1738674795,578
1738674795,None
1738674801,442
1738674804,434
1738674807,445
1738674810,584
1738674814,583
1738674816,576
1738674819,573
1738674822,483
1738674826,576
1738674828,522
1738674832,432
1738674835,431
1738674838,439
1738674840,434
1738674844,586
1738674847,582
1738674850,576
1738674853,573
1738674856,569
1738674859,479
1738674862,436
1738674865,430
1738674868,585
1738674871,578
1738674874,569
1738674878,532
1738674880,431
1738674883,425
1738674886,436
1738674889,428
1738674889,None
1738674896,483
1738674896,None
1738674902,574
1738674905,567
1738674908,568
1738674911,563
1738674914,565
1738674917,551
1738674921,545
1738674923,503
1738674926,412
1738674929,416
1738674932,409
1738674935,410
1738674938,415
1738674941,519
1738674944,567
1738674947,560
1738674950,559
1738674953,557
1738674956,559
1738674959,553
1738674962,422
1738674965,420
1738674968,420
1738674971,420
1738674975,422
1738674977,421
1738674981,529
1738674984,575
1738674987,569
1738674990,566
1738674993,571
1738674996,558
1738674999,559
1738675002,567
1738675005,524
1738675008,429
1738675011,430
1738675014,426
1738675017,428
1738675020,486
1738675023,587
1738675026,578
1738675029,572
1738675032,577
1738675036,578
1738675039,433
1738675042,426
1738675042,None
1738675048,435
1738675051,492
1738675054,588
1738675057,734
1738675060,834
1738675063,836
1738675066,785
1738675066,None
1738675072,425
1738675076,426
1738675078,425
1738675081,474
1738675084,586
1738675088,570
1738675090,577
1738675093,570
1738675097,569
1738675099,528
1738675103,425
1738675106,531
1738675109,528
1738675112,425
1738675112,None
1738675118,430
1738675121,426
1738675124,543
1738675127,581
1738675130,745
1738675133,679
1738675136,682
1738675139,832
1738675142,797
1738675145,539
1738675148,444
1738675151,451
1738675154,445
1738675157,448
1738675160,547
1738675163,605
1738675167,590
1738675170,594
1738675173,583
1738675176,589
1738675179,441
1738675182,441
1738675185,449
1738675188,440
1738675191,442
1738675194,446
1738675197,598
1738675200,595
1738675203,592
1738675206,548
1738675209,501
1738675212,399
1738675216,544
1738675219,493
1738675222,401
1738675225,403
1738675228,406
1738675231,543
1738675234,526
1738675237,371
1738675240,369
1738675243,360
1738675246,451
1738675249,494
1738675252,485
1738675255,439
1738675255,None
1738675261,452
1738675264,487
1738675268,348
1738675268,None
1738675274,341
1738675276,463
1738675280,499
1738675283,494
1738675286,447
1738675289,352
1738675292,344
1738675295,497
1738675298,389
1738675301,347
1738675304,345
1738675307,390
1738675310,493
1738675313,480
1738675316,343
1738675319,336
1738675322,491
1738675325,482
1738675328,385
1738675331,340
1738675335,335
1738675338,495
1738675338,None
1738675344,391
1738675347,330
1738675350,341
1738675352,385
1738675356,492
1738675359,479
1738675362,472
1738675365,427
1738675365,None
1738675371,328
1738675374,337
1738675377,337
1738675380,328
1738675384,445
1738675386,487
1738675389,482
1738675392,480
1738675396,473
1738675398,336
1738675402,335
1738675402,None
1738675407,330
1738675411,338
1738675414,325
1738675417,339
1738675420,390
1738675420,None
1738675426,480
1738675429,475
1738675432,426
1738675435,332
1738675438,332
1738675441,481
1738675444,424
1738675447,338
1738675447,None
1738675453,333
1738675456,327
1738675459,336
1738675462,486
1738675465,483
1738675465,None
1738675465,None
1738675474,476
1738675477,372
1738675481,328
1738675484,323
1738675487,333
1738675490,324
1738675493,384
1738675493,None
1738675499,584
1738675502,584
1738675505,383
1738675508,431
1738675511,480
1738675514,473
1738675517,461
1738675520,337
1738675523,335
1738675527,476
1738675529,381
1738675533,334
1738675536,333
1738675539,335
1738675542,332
1738675545,432
1738675548,477
1738675551,481
1738675554,479
1738675557,473
1738675560,333
1738675563,330
1738675566,335
1738675569,335
1738675572,338
1738675576,556
1738675578,571
1738675581,689
1738675581,None
1738675587,509
1738675591,466
1738675594,459
1738675594,None
1738675600,328
1738675603,329
1738675606,333
1738675609,323
1738675609,None
1738675615,326
1738675618,328
1738675621,486
1738675624,473
1738675627,470
1738675630,426
1738675633,462
1738675636,369
1738675639,327
1738675643,324
1738675646,323
1738675649,326
1738675652,317
1738675655,327
1738675658,324
1738675661,319
1738675664,384
1738675667,478
1738675670,470
1738675673,464
1738675676,469
1738675679,331
1738675682,325
1738675686,319
1738675688,333
1738675691,325
1738675691,None
1738675698,328
1738675700,486
1738675703,474
1738675706,467
1738675709,468
1738675712,468
1738675716,318
1738675719,320
1738675721,328
1738675725,331
1738675728,325
1738675731,326
1738675734,324
1738675737,320
1738675740,327
1738675743,440
1738675746,479
1738675749,477
1738675752,475
1738675755,374
1738675758,313
1738675761,321
1738675764,337
1738675767,328
1738675770,327
1738675773,324
1738675776,482
1738675776,None
1738675783,472
1738675786,470
1738675789,318
1738675792,329
1738675795,338
1738675798,334
1738675801,332
1738675804,332
1738675807,394
1738675810,489
1738675813,477
1738675816,381
1738675819,475
1738675822,469
1738675825,381
1738675828,335
1738675831,326
1738675834,333
1738675837,332
1738675841,324
1738675843,335
1738675847,329
1738675850,385
1738675853,484
1738675856,474
1738675859,468
1738675862,461
1738675865,332
1738675868,324
1738675871,330
1738675874,325
1738675877,324
1738675880,328
1738675883,322
1738675886,382
1738675889,480
1738675892,469
1738675896,461
1738675898,466
1738675902,419
1738675905,335
1738675908,332
1738675911,329
1738675914,582
1738675917,580
1738675920,584
1738675923,571
1738675926,331
1738675929,385
1738675932,487
1738675935,470
1738675938,477
1738675941,378
1738675941,None
1738675947,434
1738675950,333
1738675953,330
1738675956,335
1738675959,520
1738675962,576
1738675965,578
1738675968,630
1738675971,574
1738675971,None
1738675978,477
1738675980,469
1738675983,335
1738675987,334
1738675990,328
1738675993,344
1738675996,344
1738675999,341
1738676002,443
1738676005,488
1738676009,492
1738676011,481
1738676014,474
1738676017,343
1738676020,338
1738676024,345
1738676026,344
1738676026,None
1738676032,332
1738676035,339
1738676039,336
1738676042,333
1738676045,447
1738676048,488
1738676051,483
1738676054,432
1738676057,341
1738676060,383
1738676063,483
1738676066,433
1738676069,330
1738676072,337
1738676075,335
1738676078,333
1738676082,334
1738676084,336
1738676087,337
1738676091,380
1738676091,None
1738676096,479
1738676100,474
1738676103,482
1738676106,466
1738676106,None
1738676112,333
1738676115,334
1738676118,335
1738676121,338
1738676124,328
1738676127,330
1738676130,338
1738676130,None
1738676136,491
1738676139,480
1738676143,475
1738676145,471
1738676148,379
1738676152,340
1738676154,333
1738676158,341
1738676160,337
1738676163,337
1738676166,340
1738676170,383
1738676173,500
1738676176,487
1738676179,488
1738676182,485
1738676185,441
1738676188,346
1738676191,348
1738676194,374
1738676197,378
1738676200,378
1738676203,382
1738676206,378
1738676206,None
1738676212,437
1738676216,532
1738676218,523
1738676222,519
1738676225,435
1738676228,386
1738676231,380
1738676234,376
1738676237,387
1738676240,437
1738676243,527
1738676246,520
1738676249,509
1738676252,418
1738676255,377
1738676258,380
1738676258,None
1738676264,374
1738676267,367
1738676270,436
1738676273,527
1738676276,517
1738676280,513
1738676282,379
1738676286,376
1738676286,None
1738676291,377
1738676295,366
1738676298,348
1738676298,None
1738676304,403
1738676307,498
1738676307,None
1738676313,487
1738676316,484
1738676319,437
1738676322,379
1738676325,605
1738676328,603
1738676331,602
1738676334,491
1738676337,346
1738676340,469
1738676343,529
1738676346,521
1738676350,520
1738676353,375
1738676356,371
1738676359,584
1738676362,629
1738676365,623
1738676368,674
1738676371,578
1738676374,530
1738676377,521
1738676380,479
1738676383,388
1738676386,391
1738676389,387
1738676392,394
1738676395,380
1738676398,373
1738676401,377
1738676404,485
1738676408,525
1738676411,507
1738676414,500
1738676417,438
1738676420,329
1738676423,338
1738676425,393
1738676429,484
1738676432,481
1738676435,378
1738676438,345
1738676441,351
1738676444,338
1738676447,335
1738676450,340
1738676453,335
1738676457,340
1738676460,330
1738676460,None
1738676466,490
1738676469,480
1738676472,473
1738676475,341
1738676478,332
1738676481,329
1738676484,483
1738676486,329
1738676490,315
1738676492,386
1738676496,479
1738676499,470
1738676502,464
1738676505,379
1738676508,331
1738676511,330
1738676514,325
1738676517,333
1738676520,333
1738676523,332
1738676526,433
1738676529,481
1738676532,480
1738676535,472
1738676538,425
1738676538,None
1738676544,363
1738676548,359
1738676550,354
1738676553,355
1738676557,353
1738676559,413
1738676563,508
1738676566,506
1738676566,None
1738676572,454
1738676575,358
1738676578,355
1738676581,357
1738676584,405
1738676587,508
1738676590,504
1738676590,None
1738676596,652
1738676599,602
1738676602,606
1738676606,593
1738676608,572
1738676611,581
1738676614,579
1738676617,628
1738676620,740
1738676624,727
1738676626,724
1738676630,712
1738676633,671
1738676635,577
1738676639,580
1738676642,579
1738676644,574
1738676648,579
1738676651,580
1738676654,574
1738676657,635
1738676661,727
1738676663,720
1738676663,None
1738676669,579
1738676672,581
1738676675,639
1738676678,725
1738676681,724
1738676681,None
1738676687,580
1738676690,587
1738676693,586
1738676697,589
1738676700,593
1738676703,585
1738676706,590
1738676709,585
1738676712,743
1738676715,732
1738676718,728
1738676721,731
1738676724,634
1738676727,598
1738676730,618
1738676733,624
1738676736,628
1738676739,632
1738676742,629
1738676745,731
1738676748,782
1738676751,773
1738676754,771
1738676758,722
1738676760,757
1738676764,876
1738676767,878
1738676770,876
1738676773,758
1738676776,682
1738676779,776
1738676782,773
1738676782,None
1738676788,723
1738676791,632
1738676794,629
1738676797,624
1738676800,637
1738676803,640
1738676806,685
1738676809,783
1738676813,786
1738676815,691
1738676818,374
1738676822,477
1738676825,683
1738676828,725
1738676831,634
1738676834,633
1738676837,636
1738676840,632
1738676843,632
1738676846,625
1738676849,626
1738676852,740
1738676852,None
1738676858,776
1738676861,764
1738676864,721
1738676867,631
1738676870,634
1738676873,626
1738676876,631
1738676879,630
1738676883,626
1738676886,682
1738676889,781
1738676892,770
1738676894,762
1738676898,770
1738676901,763
1738676904,628
1738676907,624
1738676910,634
1738676913,632
1738676916,631
1738676919,624
1738676922,633
1738676925,632
1738676928,781
1738676931,785
1738676935,698
1738676937,515
1738676940,467
1738676943,386
1738676946,381
1738676950,372
1738676950,None
1738676956,379
1738676959,372
1738676962,482
1738676965,681
1738676968,801
1738676971,793
1738676974,658
1738676977,657
1738676980,676
1738676983,664
1738676986,660
1738676989,656
1738676992,759
1738676995,792
1738676999,784
1738677001,767
1738677005,728
1738677007,636
1738677010,635
1738677014,635
1738677017,636
1738677020,640
1738677022,640
1738677026,617
1738677029,541
1738677032,483
1738677035,481
1738677038,383
1738677041,534
1738677044,530
1738677047,430
1738677050,389
1738677053,384
1738677057,386
1738677059,383
1738677062,389
1738677065,381
1738677068,394
1738677071,544
1738677074,532
1738677078,529
1738677080,529
1738677083,473
1738677087,385
1738677090,390
1738677093,386
1738677096,381
1738677099,368
1738677102,377
1738677106,373
1738677108,424
1738677111,523
1738677114,516
1738677117,513
1738677120,503
1738677123,414
1738677127,376
1738677129,371
1738677132,530
1738677136,618
1738677138,625
1738677142,739
1738677144,517
1738677147,509
1738677150,464
1738677154,370
1738677156,367
1738677160,366
1738677163,360
1738677163,None
1738677168,475
1738677172,521
1738677175,513
1738677178,517
1738677181,374
1738677184,372
1738677187,380
1738677190,375
1738677193,379
1738677197,426
1738677199,530
1738677202,516
1738677205,519
1738677208,515
1738677211,424
1738677214,375
1738677218,376
1738677221,374
1738677224,379
1738677227,377
1738677227,None
1738677233,376
1738677236,528
1738677239,517
1738677242,515
1738677245,509
1738677248,577
1738677251,628
1738677254,631
1738677257,633
1738677257,None
1738677263,615
1738677266,387
1738677269,356
1738677272,472
1738677275,511
1738677278,509
1738677282,500
1738677282,None
1738677282,None
1738677291,359
1738677294,359
1738677294,None
1738677300,361
1738677303,358
1738677306,360
1738677309,365
1738677312,357
1738677315,516
1738677318,508
1738677321,502
1738677324,493
1738677327,401
1738677330,349
1738677333,358
1738677336,360
1738677339,366
1738677342,361
1738677345,360
1738677348,407
1738677352,507
1738677354,513
1738677357,508
1738677361,497
1738677364,405
1738677366,361
1738677370,361
1738677373,363
1738677375,363
1738677378,407
1738677382,515
1738677385,504
1738677388,499
1738677391,501
1738677394,406
1738677397,358
1738677400,361
1738677403,359
1738677406,362
1738677409,353
1738677413,365
1738677415,353
1738677418,360
1738677422,469
1738677424,515
1738677427,515
1738677430,519
1738677433,521
1738677433,None
1738677433,None
1738677442,376
1738677445,374
1738677449,376
1738677452,374
1738677454,373
1738677458,374
1738677461,530
1738677464,490
1738677467,481
1738677470,341
1738677473,581
1738677476,643
1738677479,737
1738677479,None
1738677485,480
1738677489,388
1738677491,337
1738677494,343
1738677497,342
1738677501,337
1738677503,345
1738677507,342
1738677509,340
1738677513,450
1738677516,507
1738677519,492
1738677522,438
1738677525,481
1738677528,432
1738677531,342
1738677534,345
1738677537,344
1738677540,334
1738677544,368
1738677546,366
1738677549,412
1738677552,515
1738677555,512
1738677559,501
1738677561,502
1738677561,None
1738677568,362
1738677571,363
1738677573,358
1738677577,370
1738677580,359
1738677583,395
1738677583,None
1738677589,521
1738677592,565
1738677595,553
1738677598,554
1738677601,403
1738677604,416
1738677607,410
1738677610,399
1738677613,409
1738677617,459
1738677619,556
1738677622,545
1738677626,548
1738677628,543
1738677632,455
1738677634,397
1738677638,407
1738677641,404
1738677644,397
1738677646,407
1738677650,404
1738677653,695
1738677656,726
1738677659,829
1738677662,864
1738677665,844
1738677668,603
1738677671,372
1738677674,373
1738677677,457
1738677680,406
1738677680,None
1738677686,357
1738677689,510
1738677693,507
1738677696,497
1738677699,410
1738677701,360
1738677705,364
1738677707,358
1738677711,360
1738677711,None
1738677716,359
1738677720,515
1738677723,513
1738677726,500
1738677729,505
1738677732,493
1738677735,359
1738677738,355
1738677741,361
1738677744,357
1738677747,357
1738677750,360
1738677753,355
1738677756,364
1738677759,419
1738677762,506
1738677765,508
1738677769,504
1738677772,495
1738677775,413
1738677778,351
1738677781,356
1738677784,365
1738677787,365
1738677790,356
1738677790,None
1738677796,510
1738677799,504
1738677802,496
1738677805,494
1738677808,361
1738677811,353
1738677814,362
1738677817,363
1738677820,361
1738677824,351
1738677826,511
1738677829,611
1738677833,708
1738677836,760
1738677839,634
1738677842,502
1738677845,494
1738677848,495
1738677851,355
1738677851,None
1738677857,358
1738677860,352
1738677863,359
1738677866,352
1738677869,358
1738677872,371
1738677875,396
1738677875,None
1738677882,595
1738677885,587
1738677888,592
1738677888,None
1738677894,443
1738677897,447
1738677900,452
1738677903,453
1738677906,449
1738677909,448
1738677912,609
1738677915,603
1738677919,597
1738677921,588
1738677924,510
1738677928,457
1738677931,453
1738677933,450
1738677937,452
1738677940,444
1738677943,449
1738677945,506
1738677945,None
1738677952,590
1738677955,589
1738677958,585
1738677961,534
1738677964,440
1738677967,440
1738677970,431
1738677973,440
1738677976,420
1738677979,427
1738677982,424
1738677985,589
1738677988,570
1738677991,571
1738677994,571
1738677997,563
1738678000,425
1738678003,427
1738678007,424
1738678010,425
1738678012,425
1738678012,None
1738678019,424
1738678022,423
1738678025,431
1738678028,587
1738678031,573
1738678034,536
1738678037,496
1738678040,633
1738678043,614
1738678046,616
1738678049,613
1738678052,600
1738678056,363
1738678058,354
1738678062,409
1738678065,420
1738678067,510
1738678070,497
1738678074,941
1738678077,1487
1738678080,1532
1738678083,1622
1738678086,1571
1738678089,1486
1738678092,1477
1738678095,1471
1738678098,1481
1738678101,1476
1738678104,1477
1738678107,1635
1738678110,1629
1738678113,1633
1738678117,1522
1738678120,1480
1738678122,1481
1738678125,1475
1738678129,1481
1738678131,1481
1738678131,None
1738678138,1635
1738678141,1625
1738678143,1622
1738678147,1529
1738678150,1480
1738678153,1474
1738678156,1485
1738678159,1474
1738678162,1479
1738678165,1586
1738678168,1632
1738678171,1627
1738678174,1618
1738678177,1580
1738678180,1479
1738678184,1485
1738678187,1481
1738678190,1483
1738678193,1485
1738678196,1485
1738678199,1483
1738678202,1644
1738678205,1628
1738678208,1633
1738678212,1620
1738678214,1614
1738678217,1568
1738678220,1475
1738678223,1481
1738678226,1535
1738678229,1733
1738678233,1729
1738678235,1740
1738678238,1740
1738678242,1648
1738678245,1477
1738678247,1637
1738678251,1627
1738678254,1626
1738678257,1616
1738678260,1525
1738678263,1470
1738678266,1199
1738678269,413
1738678272,410
1738678275,414
1738678278,410
1738678281,512
1738678284,561
1738678287,546
1738678290,554
1738678293,545
1738678296,456
1738678299,410
1738678303,922
1738678305,1498
1738678308,1489
1738678312,1480
1738678315,1495
1738678318,1484
1738678321,1483
1738678324,1545
1738678327,1650
1738678330,1640
1738678333,1631
1738678336,1573
1738678339,1641
1738678342,1537
1738678345,1479
1738678348,1492
1738678351,1491
1738678354,1481
1738678357,1489
1738678361,1488
1738678364,1490
1738678367,1638
1738678370,1379
1738678373,819
1738678376,420
1738678379,386
1738678382,377
1738678385,386
1738678388,385
1738678391,383
1738678394,537
1738678397,531
1738678400,527
1738678403,432
1738678406,534
1738678410,438
1738678412,388
1738678415,399
1738678418,390
1738678422,395
1738678425,489
1738678427,491
1738678431,546
1738678434,756
1738678437,792
1738678440,736
1738678443,627
1738678446,457
1738678449,384
1738678452,393
1738678455,385
1738678458,385
1738678461,453
1738678465,549
1738678467,533
1738678470,539
1738678473,534
1738678477,486
1738678479,385
1738678483,390
1738678486,388
1738678488,387
1738678492,393
1738678495,389
1738678498,389
1738678501,449
1738678504,547
1738678507,538
1738678510,488
1738678513,387
1738678516,391
1738678519,943
1738678522,1312
1738678525,1309
1738678525,None
1738678531,1206
1738678535,1351
1738678538,1346
1738678541,1342
1738678544,1242
1738678546,1246
1738678550,1250
1738678553,1256
1738678556,1250
1738678559,1242
1738678562,1147
1738678565,599
1738678568,575
1738678571,576
1738678574,479
1738678577,438
1738678580,442
1738678584,436
1738678586,438
1738678589,448
1738678593,444
1738678596,492
1738678599,584
1738678602,563
1738678605,561
1738678608,553
1738678611,558
1738678614,423
1738678617,413
1738678620,421
1738678623,418
1738678626,418
1738678629,414
1738678632,416
1738678635,419
1738678638,403
1738678641,462
1738678644,571
1738678648,559
1738678650,541
1738678653,546
1738678656,498
1738678659,412
1738678659,None
1738678666,398
1738678669,386
1738678672,382
1738678675,389
1738678678,458
1738678681,550
1738678684,540
1738678687,541
1738678690,406
1738678693,456
1738678697,555
1738678697,None
1738678702,413
1738678706,406
1738678709,406
1738678712,404
1738678715,556
1738678718,661
1738678721,806
1738678724,808
1738678727,571
1738678730,544
1738678733,502
1738678736,405
1738678739,405
1738678742,403
1738678745,395
1738678748,387
1738678751,391
1738678754,542
1738678757,527
1738678760,526
1738678764,532
1738678766,432
1738678769,381
1738678772,387
1738678775,389
1738678779,382
1738678782,391
1738678785,395
1738678788,545
1738678791,534
1738678794,531
1738678798,522
1738678800,394
1738678800,None
1738678806,390
1738678809,391
1738678812,389
1738678815,389
1738678819,387
1738678821,436
1738678824,549
1738678827,534
1738678830,529
1738678834,532
1738678837,393
1738678839,390
1738678843,393
1738678845,392
1738678849,387
1738678852,448
1738678855,542
1738678858,540
1738678861,534
1738678864,390
1738678867,387
1738678870,390
1738678873,385
1738678876,393
1738678879,392
1738678882,382
1738678885,458
1738678888,550
1738678891,536
1738678895,540
1738678897,539
1738678900,720
1738678904,735
1738678906,649
1738678909,625
1738678913,387
1738678916,387
1738678919,389
1738678922,385
1738678925,385
1738678925,None
1738678931,540
1738678934,533
1738678937,528
1738678940,442
1738678943,390
1738678946,382
1738678946,None
1738678953,386
1738678955,392
1738678959,388
1738678961,393
1738678964,451
1738678967,545
1738678970,531
1738678974,537
1738678976,448
1738678979,394
1738678982,384
1738678986,396
1738678989,492
1738678992,546
1738678995,539
1738678998,537
1738678998,None
1738679004,382
1738679007,382
1738679010,395
1738679013,396
1738679016,390
1738679019,443
1738679023,529
1738679025,526
1738679028,528
1738679032,471
1738679034,390
1738679037,384
1738679037,None
1738679044,385
1738679047,384
1738679050,379
1738679053,438
1738679056,537
1738679059,525
1738679062,529
1738679065,469
1738679068,385
1738679071,376
1738679075,384
1738679077,380
1738679080,380
1738679083,489
1738679086,539
1738679089,533
1738679092,524
1738679095,399
1738679099,649
1738679101,641
1738679104,645
1738679108,642
1738679111,515
1738679114,388
1738679117,383
1738679120,387
1738679123,500
1738679126,525
1738679129,525
1738679132,523
1738679135,523
1738679138,382
1738679141,383
1738679144,384
1738679147,376
1738679147,None
1738679154,411
1738679156,561
1738679160,549
1738679163,529
1738679165,401
1738679168,407
1738679171,409
1738679175,411
1738679178,418
1738679181,462
1738679184,565
1738679187,568
1738679190,556
1738679193,461
1738679196,415
1738679199,462
1738679199,None
1738679205,499
1738679208,401
1738679211,395
1738679214,386
1738679217,391
1738679221,380
1738679224,379
1738679226,436
1738679229,536
1738679232,525
1738679236,527
1738679238,521
1738679241,510
1738679245,387
1738679248,372
1738679251,384
1738679254,381
1738679257,381
1738679260,379
1738679263,379
1738679263,None
1738679269,543
1738679269,None
1738679275,781
1738679278,771
1738679281,773
1738679284,385
1738679287,381
1738679290,381
1738679294,381
1738679296,383
1738679300,382
1738679300,None
1738679305,386
1738679309,481
1738679312,535
1738679315,528
1738679317,520
1738679321,520
1738679324,514
1738679327,372
1738679330,375
1738679333,371
1738679336,368
1738679339,373
1738679342,371
1738679345,373
1738679349,368
1738679352,428
1738679354,527
1738679357,526
1738679361,516
1738679364,511
1738679366,469
1738679370,373
1738679373,368
1738679376,371
1738679379,375
1738679381,374
1738679385,404
1738679388,448
1738679391,552
1738679394,550
1738679397,543
1738679400,401
1738679403,396
1738679406,400
1738679409,401
1738679412,399
1738679415,376
1738679415,None
1738679421,435
1738679425,531
1738679427,518
1738679431,516
1738679433,426
1738679437,373
1738679440,349
1738679442,342
1738679445,442
1738679449,488
1738679451,481
1738679455,482
1738679458,335
1738679461,344
1738679464,337
1738679467,336
1738679470,341
1738679470,None
1738679476,342
1738679479,500
1738679482,486
1738679485,487
1738679488,474
1738679491,482
1738679495,341
1738679498,339
1738679501,344
1738679504,343
1738679507,337
1738679510,338
1738679513,340
1738679516,389
1738679519,498
1738679523,475
1738679525,545
1738679528,722
1738679531,677
1738679535,586
1738679538,505
1738679541,341
1738679543,333
1738679547,339
1738679550,344
1738679552,329
1738679556,333
1738679558,339
1738679561,488
1738679565,485
1738679568,479
1738679568,None
1738679574,337
1738679577,338
1738679580,437
1738679583,329
1738679586,337
1738679589,392
1738679593,481
1738679595,471
1738679598,470
1738679601,336
1738679604,336
1738679607,337
1738679611,343
1738679614,342
1738679617,341
1738679620,455
1738679623,483
1738679626,486
1738679629,485
1738679632,388
1738679635,335
1738679638,351
1738679638,None
1738679644,339
1738679647,345
1738679651,347
1738679653,499
1738679656,488
1738679659,484
1738679663,481
1738679665,531
1738679668,593
1738679671,593
1738679675,591
1738679677,464
1738679681,333
1738679684,336
1738679687,394
1738679690,491
1738679693,483
1738679696,477
1738679696,None
1738679702,335
1738679705,336
1738679708,335
1738679711,333
1738679711,None
1738679711,None
1738679720,334
1738679723,329
1738679726,493
1738679726,None
1738679732,476
1738679735,382
1738679739,386
1738679742,468
1738679745,335
1738679748,337
1738679751,329
1738679754,490
1738679757,475
1738679760,382
1738679763,334
1738679766,327
1738679769,338
1738679772,328
1738679775,337
1738679778,486
1738679781,477
1738679784,479
1738679784,None
1738679784,None
1738679793,336
1738679797,332
1738679799,335
1738679799,None
1738679806,331
1738679809,334
1738679812,444
1738679815,491
1738679818,481
1738679821,473
1738679824,429
1738679828,334
1738679830,316
1738679833,315
1738679837,319
1738679839,365
1738679843,465
1738679846,458
1738679848,412
1738679852,413
1738679855,313
1738679858,318
1738679861,310
1738679864,318
1738679867,310
1738679870,317
1738679870,None
1738679876,460
1738679879,464
1738679882,457
1738679885,361
1738679888,320
1738679891,316
1738679894,314
1738679898,311
1738679901,317
1738679903,235
1738679907,497
1738679910,554
1738679912,562
1738679916,553
1738679919,437
1738679922,158
1738679925,166
1738679928,161
1738679928,None
1738679934,161
1738679937,160
1738679940,158
1738679940,None
1738679947,317
1738679949,311
1738679952,317
1738679955,307
1738679958,252
1738679962,158
1738679964,166
1738679968,158
1738679970,483
1738679974,1500
1738679977,1489
1738679979,1475
1738679983,1387
1738679985,1327
1738679989,1333
1738679992,1340
1738679995,1335
1738679998,1336
1738680001,1333
1738680004,1328
1738680007,1391
1738680010,1495
1738680013,1487
1738680016,1480
1738680019,1480
1738680022,1476
1738680025,1381
1738680028,1337
1738680031,1331
1738680035,1332
1738680038,1326
1738680040,1334
1738680044,1335
1738680047,1328
1738680047,None
1738680053,1505
1738680056,1484
1738680059,1478
1738680062,1480
1738680065,1385
1738680068,1333
1738680071,1331
1738680074,1333
1738680077,1335
1738680080,1490
1738680083,1478
1738680086,1388
1738680090,1330
1738680092,1320
1738680095,1446
1738680099,1481
1738680102,1669
1738680104,1643
1738680108,1593
1738680111,1589
1738680113,1401
1738680117,1325
1738680120,1326
1738680123,1330
1738680126,1384
1738680129,1480
1738680132,1469
1738680132,None
1738680138,1476
1738680141,1335
1738680141,None
1738680147,1328
1738680150,1339
1738680153,1337
1738680153,None
1738680160,1448
1738680163,1478
1738680165,1481
1738680169,1484
1738680172,1470
1738680175,1320
1738680178,1332
1738680181,1333
1738680184,1333
1738680187,746
1738680190,216
1738680193,161
1738680196,225
1738680199,327
1738680199,None
1738680205,514
1738680208,510
1738680211,454
1738680214,332
1738680217,320
1738680221,292
1738680223,290
1738680226,294
1738680230,294
1738680233,296
1738680235,402
1738680239,447
1738680239,None
1738680245,437
1738680248,426
1738680251,294
1738680254,285
1738680257,297
1738680261,286
1738680263,292
1738680266,290
1738680266,None
1738680273,443
1738680276,434
1738680279,389
1738680281,294
1738680285,346
1738680287,448
1738680291,376
1738680294,344
1738680297,370
1738680300,355
1738680303,353
1738680306,367
1738680309,469
1738680312,520
1738680315,525
1738680315,None
1738680321,373
1738680324,378
1738680324,None
1738680330,371
1738680333,369
1738680337,373
1738680339,486
1738680343,517
1738680346,521
1738680349,584
1738680352,679
1738680355,634
1738680358,629
1738680361,585
1738680364,373
1738680367,377
1738680370,370
1738680373,374
1738680376,478
1738680379,534
1738680382,517
1738680385,518
1738680388,517
1738680391,376
1738680394,363
1738680397,372
1738680401,359
1738680403,370
1738680406,355
1738680410,367
1738680413,470
1738680413,None
1738680419,511
1738680421,511
1738680424,503
1738680428,452
1738680431,362
1738680433,364
1738680437,352
1738680440,362
1738680443,355
1738680446,345
1738680449,362
1738680452,409
1738680455,512
1738680458,514
1738680461,501
1738680464,492
1738680468,356
1738680468,None
1738680473,347
1738680476,356
1738680479,347
1738680483,351
1738680485,457
1738680488,493
1738680492,495
1738680494,488
1738680497,481
1738680501,389
1738680501,None
1738680507,344
1738680510,347
1738680513,342
1738680515,348
1738680519,340
1738680522,343
1738680525,340
1738680528,500
1738680531,498
1738680534,491
1738680537,485
1738680537,None
1738680543,339
1738680546,441
1738680549,442
1738680552,341
1738680556,541
1738680558,604
1738680562,746
1738680564,745
1738680564,None
1738680571,386
1738680574,342
1738680576,345
1738680580,337
1738680583,346
1738680586,345
1738680589,342
1738680592,500
1738680595,493
1738680598,483
1738680601,432
1738680604,393
1738680607,397
1738680611,331
1738680613,345
1738680616,345
1738680619,337
1738680622,442
1738680625,495
1738680628,487
1738680631,428
1738680635,346
1738680638,482
1738680641,475
1738680644,344
1738680647,351
1738680650,341
1738680653,338
1738680656,342
1738680659,348
1738680662,349
1738680662,None
1738680668,483
1738680671,483
1738680674,481
1738680677,476
1738680680,334
1738680680,None
1738680686,331
1738680689,339
1738680692,346
1738680695,332
1738680698,335
1738680702,436
1738680702,None
1738680708,475
1738680711,474
1738680714,473
1738680717,331
1738680720,332
1738680723,332
1738680726,334
1738680729,327
1738680732,332
1738680735,386
1738680738,485
1738680741,482
1738680744,476
1738680747,466
1738680750,331
1738680754,339
1738680757,333
1738680759,320
1738680763,338
1738680765,553
1738680768,588
1738680772,741
1738680772,None
1738680778,561
1738680781,471
1738680781,None
1738680787,344
1738680790,341
1738680793,337
1738680796,335
1738680799,337
1738680799,None
1738680805,493
1738680805,None
1738680812,468
1738680815,385
1738680818,341
1738680822,330
1738680824,331
1738680827,497
1738680830,486
1738680833,541
1738680836,620
1738680839,1351
1738680842,1335
1738680845,1341
1738680849,1344
1738680852,1323
1738680855,1303
1738680857,1299
1738680861,1310
1738680863,1352
1738680866,1446
1738680870,1419
1738680873,1422
1738680876,1411
1738680879,1319
1738680882,1269
1738680885,1274
1738680889,1289
1738680891,1292
1738680894,1286
1738680897,1294
1738680900,1291
1738680900,None
1738680906,1450
1738680909,1443
1738680912,1435
1738680915,1435
1738680918,1333
1738680921,1297
1738680924,1283
1738680927,1295
1738680931,1288
1738680934,1297
1738680937,1403
1738680940,1439
1738680943,1435
1738680943,None
1738680949,1307
1738680952,1317
1738680955,1297
1738680955,None
1738680961,1312
1738680964,1372
1738680967,1580
1738680971,1576
1738680973,1038
1738680977,573
1738680980,580
1738680983,573
1738680985,577
1738680988,353
1738680988,None
1738680995,290
1738680998,281
1738681001,321
1738681004,663
1738681007,1233
1738681010,1297
1738681013,1293
1738681016,1287
1738681019,1293
1738681022,1290
1738681022,None
1738681028,1282
1738681031,942
1738681034,286
1738681037,284
1738681040,286
1738681044,279
1738681046,288
1738681046,None
1738681053,284
1738681055,280
1738681059,287
1738681062,288
1738681065,279
1738681068,288
1738681071,284
1738681074,289
1738681077,285
1738681080,280
1738681083,285
1738681086,281
1738681089,287
1738681092,280
1738681095,289
1738681098,280
1738681101,286
1738681104,281
1738681108,285
1738681111,285
1738681114,278
1738681117,286
1738681120,283
1738681123,278
1738681126,277
1738681129,273
1738681132,274
1738681135,271
1738681138,270
1738681141,272
1738681145,279
1738681147,276
1738681150,274
1738681153,463
1738681156,544
1738681159,526
1738681159,None
1738681165,344
1738681168,269
1738681171,277
1738681174,273
1738681177,273
1738681177,None
1738681184,261
1738681186,267
1738681190,264
1738681193,264
1738681196,267
1738681199,260
