1738854002,673
1738854006,674
1738854008,442
1738854012,420
1738854015,423
1738854018,415
1738854021,421
1738854024,421
1738854027,418
1738854030,425
1738854033,417
1738854036,420
1738854039,364
1738854042,282
1738854046,279
1738854048,294
1738854051,306
1738854051,None
1738854057,337
1738854061,332
1738854063,336
1738854067,330
1738854070,335
1738854073,332
1738854076,334
1738854079,334
1738854082,331
1738854085,327
1738854088,329
1738854091,518
1738854094,576
1738854094,None
1738854100,558
1738854103,341
1738854106,289
1738854109,278
1738854109,None
1738854115,278
1738854118,273
1738854121,275
1738854125,275
1738854128,275
1738854130,275
1738854134,276
1738854137,276
1738854140,277
1738854143,276
1738854146,274
1738854149,274
1738854152,276
1738854155,272
1738854158,272
1738854161,273
1738854165,273
1738854167,269
1738854170,273
1738854173,271
1738854176,276
1738854179,280
1738854182,279
1738854186,286
1738854189,286
1738854192,291
1738854195,288
1738854198,285
1738854198,None
1738854204,315
1738854207,313
1738854210,313
1738854213,310
1738854216,315
1738854219,309
1738854222,312
1738854225,304
1738854228,302
1738854231,272
1738854235,276
1738854238,271
1738854241,271
1738854244,285
1738854247,282
1738854250,280
1738854253,288
1738854256,282
1738854259,279
1738854262,284
1738854265,289
1738854268,276
1738854271,269
1738854274,279
1738854277,271
1738854280,269
1738854283,271
1738854286,271
1738854289,281
1738854292,279
1738854296,274
1738854298,276
1738854302,281
1738854304,274
1738854308,273
1738854308,None
1738854314,398
1738854317,530
1738854320,530
1738854320,None
1738854326,437
1738854329,274
1738854332,280
1738854335,276
1738854338,275
1738854341,277
1738854344,276
1738854347,279
1738854351,279
1738854351,None
1738854351,None
1738854351,None
1738854362,283
1738854366,278
1738854369,284
1738854371,278
1738854375,275
1738854378,266
1738854381,275
1738854384,268
1738854387,269
1738854390,274
1738854393,271
1738854396,269
1738854399,289
1738854402,294
1738854405,291
1738854408,301
1738854412,293
1738854414,303
1738854417,297
1738854420,294
1738854424,301
1738854424,None
1738854430,301
1738854433,301
1738854433,None
1738854433,None
1738854442,297
1738854445,302
1738854448,297
1738854448,None
1738854454,299
1738854454,None
1738854460,293
1738854463,308
1738854466,297
1738854469,301
1738854473,297
1738854475,297
1738854479,300
1738854482,297
1738854485,302
1738854488,287
1738854491,303
1738854494,293
1738854497,283
1738854500,290
1738854503,467
1738854506,548
1738854509,546
1738854512,551
1738854515,386
1738854518,283
1738854522,298
1738854525,297
1738854528,289
1738854531,289
1738854534,291
1738854537,292
1738854540,287
1738854543,291
1738854546,294
1738854549,282
1738854552,292
1738854555,284
1738854558,312
1738854561,321
1738854564,319
1738854567,439
1738854571,571
1738854573,568
1738854576,579
1738854580,581
1738854582,555
1738854585,331
1738854588,323
1738854591,327
1738854594,328
1738854598,318
1738854600,320
1738854600,None
1738854607,316
1738854610,323
1738854613,309
1738854616,310
1738854619,319
1738854622,325
1738854625,319
1738854625,None
1738854631,323
1738854634,314
1738854634,None
1738854640,315
1738854643,313
1738854647,320
1738854649,318
1738854653,313
1738854655,321
1738854659,319
1738854661,313
1738854664,322
1738854667,311
1738854671,317
1738854674,315
1738854676,312
1738854680,314
1738854682,312
1738854686,309
1738854689,312
1738854692,293
1738854695,279
1738854698,292
1738854701,280
1738854704,283
1738854707,291
1738854710,285
1738854713,285
1738854716,283
1738854719,292
1738854722,284
1738854726,280
1738854726,None
1738854731,282
1738854735,284
1738854738,284
1738854741,281
1738854743,284
1738854747,291
1738854749,288
1738854749,None
1738854756,288
1738854756,None
1738854762,290
1738854765,294
1738854769,293
1738854771,292
1738854774,295
1738854777,289
1738854780,293
1738854783,290
1738854786,282
1738854789,297
1738854793,301
1738854795,299
1738854799,302
1738854801,304
1738854805,295
1738854807,305
1738854811,286
1738854814,289
1738854817,293
1738854820,303
1738854823,307
1738854826,311
1738854829,304
1738854832,301
1738854835,300
1738854838,302
1738854841,299
1738854844,298
1738854847,298
1738854850,298
1738854850,None
1738854856,309
1738854859,313
1738854862,309
1738854866,311
1738854868,308
1738854871,313
1738854875,308
1738854878,313
1738854881,308
1738854884,307
1738854887,310
1738854887,None
1738854894,315
1738854896,303
1738854899,317
1738854902,310
1738854905,310
1738854908,452
1738854908,None
1738854908,None
1738854908,None
1738854922,331
1738854924,309
1738854927,302
1738854930,314
1738854933,306
1738854936,307
1738854939,311
1738854942,309
1738854945,308
1738854948,304
1738854951,316
1738854954,310
1738854957,305
1738854960,305
1738854963,304
1738854966,315
1738854969,486
1738854973,567
1738854975,567
1738854979,557
1738854982,490
1738854984,324
1738854987,304
1738854991,310
1738854994,301
1738854997,305
1738855000,300
1738855003,298
1738855006,294
1738855009,295
1738855012,297
1738855015,305
1738855018,311
1738855021,315
1738855025,315
1738855027,311
1738855030,307
1738855033,311
1738855036,308
1738855040,303
1738855043,303
1738855046,312
1738855048,308
1738855052,317
1738855055,309
1738855058,318
1738855061,313
1738855064,307
1738855067,319
1738855070,319
1738855073,313
1738855076,315
1738855079,318
1738855083,316
1738855085,313
1738855088,310
1738855091,320
1738855095,315
1738855098,312
1738855100,317
1738855104,308
1738855107,317
1738855110,314
1738855113,315
1738855116,316
1738855119,312
1738855122,318
1738855125,308
1738855128,318
1738855131,310
1738855134,316
1738855137,311
1738855140,314
1738855143,314
1738855146,308
1738855149,318
1738855149,None
1738855155,315
1738855159,308
1738855162,316
1738855164,307
1738855168,317
1738855170,313
1738855174,308
1738855177,310
1738855180,303
1738855182,309
1738855185,310
1738855189,301
1738855192,313
1738855195,308
1738855198,306
1738855201,310
1738855204,309
1738855207,304
1738855210,310
1738855213,314
1738855216,308
1738855219,305
1738855222,310
1738855226,311
1738855228,307
1738855231,311
1738855234,299
1738855237,314
1738855241,311
1738855244,312
1738855246,310
1738855250,318
1738855250,None
1738855255,313
1738855259,321
1738855262,314
1738855265,309
1738855268,312
1738855271,344
1738855274,571
1738855277,566
1738855280,568
1738855280,None
1738855286,316
1738855289,314
1738855292,321
1738855296,317
1738855298,305
1738855301,312
1738855304,314
1738855307,305
1738855310,309
1738855313,297
1738855316,303
1738855319,313
1738855322,303
1738855325,306
1738855328,304
1738855331,295
1738855335,298
1738855337,330
1738855341,552
1738855344,555
1738855346,552
1738855350,550
1738855353,304
1738855356,294
1738855359,292
1738855362,296
1738855365,291
1738855368,296
1738855371,301
1738855374,285
1738855374,None
1738855380,292
1738855380,None
1738855386,291
1738855389,296
1738855393,300
1738855395,298
1738855398,286
1738855398,None
1738855404,295
1738855408,292
1738855411,291
1738855414,294
1738855417,301
1738855420,354
1738855423,374
1738855426,381
1738855429,376
1738855432,393
1738855435,395
1738855438,387
1738855438,None
1738855444,385
1738855447,391
1738855450,376
1738855450,None
1738855457,396
1738855459,383
1738855462,382
1738855466,389
1738855469,383
1738855471,381
1738855475,378
1738855478,381
1738855481,381
1738855484,370
1738855487,383
1738855490,375
1738855490,None
1738855490,None
1738855499,378
1738855502,370
1738855505,380
1738855508,368
1738855511,376
1738855514,373
1738855518,373
1738855520,374
1738855524,369
1738855526,366
1738855529,373
1738855533,366
1738855536,359
1738855539,374
1738855542,368
1738855545,365
1738855548,368
1738855551,368
1738855555,369
1738855557,362
1738855560,373
1738855563,370
1738855566,361
1738855569,370
1738855572,364
1738855575,361
1738855578,363
1738855578,None
1738855584,364
1738855587,367
1738855590,369
1738855593,355
1738855596,363
1738855600,363
1738855603,300
1738855606,296
1738855609,298
1738855612,294
1738855615,294
1738855618,283
1738855621,286
1738855624,304
1738855627,298
1738855630,290
1738855633,288
1738855636,293
1738855640,297
1738855642,294
1738855645,293
1738855648,285
1738855652,285
1738855654,301
1738855658,298
1738855661,295
1738855664,283
1738855667,288
1738855670,295
1738855673,291
1738855673,None
1738855679,301
1738855682,293
1738855685,294
1738855688,296
1738855692,295
1738855694,295
1738855697,526
1738855700,562
1738855703,552
1738855706,556
1738855710,319
1738855713,297
1738855715,295
1738855718,299
1738855722,288
1738855725,511
1738855728,552
1738855731,551
1738855734,558
1738855737,451
1738855740,297
1738855743,297
1738855746,303
1738855749,301
1738855752,294
1738855756,301
1738855758,298
1738855761,302
1738855764,292
1738855767,299
1738855770,301
1738855774,304
1738855777,294
1738855779,295
1738855782,291
1738855785,294
1738855789,292
1738855791,294
1738855794,298
1738855799,303
1738855801,312
1738855804,305
1738855804,None
1738855810,301
1738855810,None
1738855816,302
1738855819,297
1738855822,293
1738855825,300
1738855829,305
1738855831,298
1738855834,294
1738855838,293
1738855838,None
1738855843,289
1738855846,290
1738855850,286
1738855852,291
1738855855,297
1738855859,292
1738855861,282
1738855865,292
1738855868,292
1738855871,290
1738855874,289
1738855876,291
1738855880,297
1738855883,288
1738855886,290
1738855889,296
1738855892,287
1738855895,285
1738855898,292
1738855901,296
1738855904,290
1738855907,293
1738855910,299
1738855913,289
1738855916,301
1738855919,297
1738855922,289
1738855926,300
1738855929,292
1738855932,293
1738855935,289
1738855938,297
1738855941,292
1738855944,283
1738855947,299
1738855950,294
1738855953,292
1738855956,291
1738855959,290
1738855962,293
1738855965,284
1738855968,298
1738855971,290
1738855974,284
1738855974,None
1738855981,290
1738855983,290
1738855987,294
1738855990,297
1738855993,288
1738855996,296
1738855999,290
1738856002,300
1738856005,290
1738856008,293
1738856012,299
1738856014,296
1738856017,291
1738856020,296
1738856023,299
1738856026,286
1738856030,299
1738856032,293
1738856036,292
1738856039,289
1738856042,293
1738856045,294
1738856048,284
1738856051,294
1738856054,297
1738856057,301
1738856060,556
1738856063,556
1738856066,548
1738856069,410
1738856072,294
1738856075,292
1738856078,287
1738856081,302
1738856085,292
1738856087,292
1738856090,297
1738856093,294
1738856097,297
1738856100,517
1738856103,555
1738856106,549
1738856109,545
1738856112,359
1738856115,294
1738856118,296
1738856121,285
1738856124,294
1738856127,296
1738856131,293
1738856133,285
1738856136,299
1738856136,None
1738856136,None
1738856145,289
1738856145,None
1738856151,296
1738856154,293
1738856158,284
1738856161,291
1738856164,292
1738856167,292
1738856170,290
1738856173,287
1738856176,297
1738856179,288
1738856182,288
1738856185,298
1738856188,291
1738856191,291
1738856194,288
1738856197,287
1738856201,289
1738856204,294
1738856207,283
1738856210,293
1738856213,288
1738856216,288
1738856219,291
1738856222,291
1738856225,283
1738856228,291
1738856231,289
1738856234,286
1738856237,281
1738856240,293
1738856243,282
1738856246,292
1738856249,279
1738856252,279
1738856255,292
1738856258,284
1738856261,280
1738856264,276
1738856267,285
1738856270,282
1738856273,284
1738856273,None
1738856280,282
1738856283,283
1738856283,None
1738856289,276
1738856292,284
1738856295,278
1738856298,278
1738856301,271
1738856304,285
1738856307,283
1738856310,274
1738856313,290
1738856316,284
1738856319,278
1738856322,284
1738856325,282
1738856328,282
1738856328,None
1738856334,286
1738856337,278
1738856340,275
1738856343,287
1738856347,279
1738856350,276
1738856353,282
1738856356,287
1738856359,272
1738856361,279
1738856365,280
1738856368,274
1738856371,283
1738856374,278
1738856377,277
1738856380,275
1738856383,278
1738856386,276
1738856389,270
1738856392,282
1738856395,282
1738856398,274
1738856401,274
1738856401,None
1738856407,280
1738856410,274
1738856410,None
1738856417,284
1738856420,280
1738856420,None
1738856426,279
1738856428,288
1738856432,270
1738856434,283
1738856438,271
1738856441,276
1738856444,286
1738856447,453
1738856450,530
1738856453,539
1738856456,524
1738856459,273
1738856462,268
1738856465,270
1738856468,277
1738856471,277
1738856474,268
1738856478,268
1738856480,279
1738856484,269
1738856486,282
1738856490,274
1738856493,277
1738856496,284
1738856499,344
1738856501,520
1738856505,530
1738856505,None
1738856511,535
1738856514,377
1738856517,286
1738856520,270
1738856523,275
1738856526,289
1738856529,274
1738856532,271
1738856535,278
1738856535,None
1738856542,280
1738856545,268
1738856547,272
1738856551,280
1738856551,None
1738856557,273
1738856560,275
1738856563,266
1738856566,268
1738856569,271
1738856572,267
1738856575,267
1738856578,263
1738856581,274
1738856584,276
1738856587,265
1738856590,274
1738856593,286
1738856597,277
1738856600,280
1738856602,279
1738856606,270
1738856609,275
1738856612,288
1738856615,276
1738856618,277
1738856621,276
1738856624,285
1738856627,280
1738856630,281
1738856633,274
1738856636,278
1738856639,281
1738856642,274
1738856645,285
1738856648,306
1738856651,313
1738856654,322
1738856657,312
1738856660,307
1738856663,303
1738856667,304
1738856669,303
1738856673,305
1738856676,302
1738856679,302
1738856682,302
1738856685,304
1738856685,None
1738856691,309
1738856694,305
1738856697,299
1738856700,293
1738856703,274
1738856706,286
1738856709,278
1738856712,279
1738856716,275
1738856718,280
1738856721,281
1738856724,276
1738856727,280
1738856730,312
1738856734,308
1738856737,315
1738856740,301
1738856743,292
1738856746,302
1738856749,316
1738856752,312
1738856755,315
1738856758,319
1738856761,315
1738856764,310
1738856767,294
1738856770,304
1738856773,280
1738856776,277
1738856780,278
1738856783,279
1738856785,281
1738856788,276
1738856792,276
1738856794,279
1738856797,270
1738856800,282
1738856804,279
1738856807,272
1738856810,279
1738856813,277
1738856816,278
1738856819,280
1738856822,284
1738856825,277
1738856828,283
1738856832,303
1738856834,313
1738856837,311
1738856840,305
1738856843,312
1738856846,397
1738856849,572
1738856853,567
1738856855,574
1738856859,460
1738856862,302
1738856865,305
1738856868,291
1738856868,None
1738856874,278
1738856877,282
1738856880,276
1738856883,281
1738856886,523
1738856889,534
1738856892,525
1738856895,456
1738856898,306
1738856901,305
1738856904,303
1738856908,304
1738856908,None
1738856908,None
1738856916,313
1738856920,320
1738856923,308
1738856926,320
1738856929,312
1738856932,320
1738856935,306
1738856938,299
1738856941,298
1738856944,297
1738856947,283
1738856951,275
1738856953,282
1738856956,271
1738856960,283
1738856962,273
1738856965,281
1738856968,276
1738856971,275
1738856974,279
1738856977,278
1738856981,281
1738856984,269
1738856987,274
1738856989,280
1738856993,282
1738856995,275
1738856998,265
1738856998,None
1738857005,279
1738857008,283
1738857011,276
1738857014,284
1738857017,279
1738857020,271
1738857023,274
1738857023,None
1738857029,286
1738857032,285
1738857035,278
1738857038,287
1738857042,282
1738857044,271
1738857048,280
1738857048,None
1738857054,281
1738857057,274
1738857057,None
1738857063,284
1738857066,275
1738857069,281
1738857072,269
1738857072,None
1738857078,282
1738857081,276
1738857084,273
1738857087,280
1738857090,277
1738857093,275
1738857096,276
1738857099,276
1738857102,283
1738857106,273
1738857109,278
1738857111,276
1738857115,270
1738857118,281
1738857121,273
1738857124,278
1738857127,278
1738857130,277
1738857133,279
1738857136,277
1738857139,272
1738857142,283
1738857145,273
1738857148,280
1738857151,273
1738857154,278
1738857157,275
1738857160,279
1738857163,277
1738857166,271
1738857170,286
1738857170,None
1738857175,265
1738857175,None
1738857182,257
1738857185,268
1738857188,259
1738857191,260
1738857194,263
1738857197,257
1738857200,261
1738857203,263
1738857206,265
1738857209,265
1738857212,251
1738857216,264
1738857219,261
1738857223,423
1738857225,509
1738857228,517
1738857231,516
1738857234,397
1738857236,254
1738857240,268
1738857243,254
1738857246,255
1738857249,255
1738857252,257
1738857254,254
1738857258,259
1738857261,248
1738857264,373
1738857267,519
1738857270,512
1738857273,506
1738857276,359
1738857279,260
1738857282,255
1738857285,255
1738857288,257
1738857291,261
1738857295,257
1738857298,254
1738857300,269
1738857304,262
1738857306,256
1738857309,261
1738857313,276
1738857315,275
1738857318,275
1738857322,277
1738857325,232
1738857328,179
1738857331,188
1738857334,183
1738857337,179
1738857340,182
1738857343,182
1738857347,183
1738857349,180
1738857353,182
1738857355,177
1738857355,None
1738857362,189
1738857365,182
1738857368,177
1738857371,186
1738857374,180
1738857377,178
1738857380,181
1738857383,184
1738857386,174
1738857389,179
1738857389,None
1738857395,176
1738857395,None
1738857402,181
1738857405,175
1738857408,176
1738857411,175
1738857414,177
1738857417,179
1738857420,177
1738857423,177
1738857426,181
1738857429,180
1738857432,182
1738857435,176
1738857438,177
1738857441,183
1738857444,181
1738857447,178
1738857450,179
1738857454,174
1738857456,178
1738857459,168
1738857462,179
1738857466,175
1738857468,180
1738857472,175
1738857475,181
1738857478,177
1738857481,166
1738857484,181
1738857487,172
1738857490,172
1738857494,177
1738857496,182
1738857496,None
1738857502,172
1738857506,173
1738857508,180
1738857511,179
1738857514,174
1738857517,170
1738857521,182
1738857523,176
1738857527,178
1738857530,172
1738857532,177
1738857535,181
1738857539,173
1738857542,181
1738857545,214
1738857548,203
1738857552,202
1738857554,200
1738857557,198
1738857560,426
1738857563,437
1738857566,435
1738857569,373
1738857573,176
1738857573,None
1738857578,177
1738857582,173
1738857585,179
1738857587,172
1738857591,175
1738857594,177
1738857597,173
1738857600,177
1738857604,168
1738857606,179
1738857609,175
1738857612,179
1738857615,179
1738857618,175
1738857621,177
1738857626,178
1738857627,182
1738857630,171
1738857634,187
1738857636,187
1738857639,179
1738857643,174
1738857646,186
1738857646,None
1738857652,180
1738857655,173
1738857658,179
1738857661,187
1738857661,None
1738857667,449
1738857670,439
1738857673,432
1738857676,240
1738857679,182
1738857682,177
1738857685,183
1738857688,173
1738857691,181
1738857694,173
1738857697,183
1738857701,172
1738857704,180
1738857707,174
1738857710,179
1738857713,177
1738857716,174
1738857718,178
1738857722,170
1738857725,175
1738857728,168
1738857731,183
1738857734,174
1738857737,179
1738857740,177
1738857743,180
1738857746,176
1738857749,174
1738857752,177
1738857755,172
1738857758,178
1738857761,166
1738857765,184
1738857768,169
1738857771,171
1738857774,172
1738857774,None
1738857780,169
1738857783,172
1738857786,168
1738857789,174
1738857792,168
1738857795,178
1738857799,179
1738857801,670
1738857804,1292
1738857807,1297
1738857807,None
1738857813,1291
1738857818,1292
1738857818,None
1738857822,1284
1738857825,1290
1738857829,1294
1738857831,1304
1738857831,None
1738857838,1289
1738857841,1285
1738857843,1302
1738857847,1302
1738857850,1296
1738857853,1296
1738857855,1289
1738857859,1298
1738857862,1302
1738857865,1299
1738857868,1297
1738857871,1310
1738857874,1302
1738857878,1302
1738857880,1311
1738857884,1305
1738857886,1303
1738857889,1307
1738857893,1302
1738857895,1306
1738857898,1293
1738857902,1298
1738857905,1295
1738857905,None
1738857911,1296
1738857914,1294
1738857914,None
1738857920,1296
1738857924,1301
1738857924,None
1738857929,1302
1738857932,1304
1738857935,1298
1738857938,1460
1738857941,1562
1738857944,1569
1738857947,1564
1738857950,1436
1738857953,552
1738857957,227
1738857960,217
1738857963,201
1738857965,173
1738857968,170
1738857971,173
1738857974,166
1738857977,171
1738857981,169
1738857984,176
1738857987,177
1738857987,None
1738857993,176
1738857996,196
1738857999,213
1738858002,216
1738858005,214
1738858008,212
1738858011,218
1738858014,219
1738858017,212
1738858020,215
1738858024,221
1738858026,215
1738858030,215
1738858033,214
1738858036,204
1738858039,205
1738858041,206
1738858045,203
1738858048,195
1738858051,236
1738858054,405
1738858057,432
1738858060,445
1738858063,443
1738858066,167
1738858069,172
1738858073,162
1738858075,162
1738858075,None
1738858082,167
1738858082,None
1738858088,165
1738858090,179
1738858094,189
1738858097,185
1738858100,184
1738858103,187
1738858106,189
1738858109,187
1738858112,184
1738858115,183
1738858118,163
1738858122,158
1738858124,166
1738858127,162
1738858131,163
1738858133,164
1738858136,159
1738858140,166
1738858142,164
1738858146,165
1738858148,169
1738858151,162
1738858155,164
1738858158,159
1738858161,145
1738858164,152
1738858168,160
1738858170,149
1738858173,157
1738858176,155
1738858179,160
1738858182,155
1738858185,150
1738858189,162
1738858191,154
1738858194,160
1738858198,157
1738858200,169
1738858203,158
1738858206,165
1738858209,158
1738858213,155
1738858215,161
1738858218,158
1738858222,162
1738858225,151
1738858228,154
1738858231,158
1738858234,160
1738858237,156
1738858240,150
1738858243,151
1738858246,149
1738858249,145
1738858252,153
1738858255,142
1738858258,149
1738858261,147
1738858265,142
1738858267,146
1738858270,147
1738858273,140
1738858277,160
1738858280,162
1738858283,173
1738858286,161
1738858289,167
1738858292,156
1738858292,None
1738858298,176
1738858301,177
1738858304,180
1738858307,172
1738858310,175
1738858313,185
1738858316,179
1738858320,173
1738858322,321
1738858325,436
1738858328,431
1738858331,419
1738858334,239
1738858337,143
1738858340,159
1738858340,None
1738858347,153
1738858350,151
1738858353,158
1738858356,147
1738858359,154
1738858362,156
1738858364,158
1738858368,155
1738858371,141
1738858374,161
1738858377,157
1738858380,154
1738858380,None
1738858386,148
1738858389,154
1738858392,154
1738858395,150
1738858398,141
1738858401,156
1738858405,150
1738858405,None
1738858410,339
1738858413,410
1738858416,407
1738858419,406
1738858423,274
1738858425,141
1738858428,152
1738858432,144
1738858435,157
1738858438,145
1738858441,147
1738858444,152
1738858447,145
1738858450,145
1738858453,154
1738858456,146
1738858459,156
1738858462,147
1738858465,149
1738858468,153
1738858471,151
1738858474,140
1738858478,142
1738858480,145
1738858484,139
1738858487,148
1738858490,139
1738858493,138
1738858496,142
1738858499,142
1738858502,136
1738858505,147
1738858508,153
1738858511,147
1738858511,None
1738858517,243
1738858520,244
1738858523,247
1738858526,237
1738858530,236
1738858532,235
1738858535,240
1738858538,239
1738858541,225
1738858544,230
1738858548,231
1738858550,224
1738858553,220
1738858556,221
1738858556,None
1738858562,211
1738858566,213
1738858569,211
1738858572,215
1738858575,212
1738858578,206
1738858581,202
1738858584,209
1738858587,211
1738858590,205
1738858594,212
1738858596,201
1738858599,201
1738858602,211
1738858605,200
1738858609,197
1738858612,203
1738858614,201
1738858617,202
1738858621,197
1738858624,203
1738858627,204
1738858627,None
1738858633,206
1738858636,202
1738858639,210
1738858642,201
1738858645,197
1738858648,208
1738858652,202
1738858654,204
1738858657,204
1738858660,213
1738858664,203
1738858666,203
1738858669,214
1738858672,203
1738858675,205
1738858678,209
1738858682,207
1738858684,207
1738858688,202
1738858691,191
1738858691,None
1738858696,707
1738858700,700
1738858703,694
1738858706,579
1738858709,196
1738858709,None
1738858715,204
1738858718,189
1738858721,196
1738858724,203
1738858727,202
1738858730,197
1738858733,195
1738858736,188
1738858739,197
1738858742,205
1738858745,194
1738858749,206
1738858752,198
1738858754,200
1738858757,207
1738858761,206
1738858764,196
1738858767,205
1738858770,200
1738858773,198
1738858776,202
1738858779,202
1738858782,195
1738858785,204
1738858788,200
1738858791,194
1738858794,203
1738858797,194
1738858800,203
1738858803,197
1738858806,199
1738858809,195
1738858812,202
1738858815,191
1738858819,206
1738858822,199
1738858824,190
1738858828,200
1738858831,197
1738858834,201
1738858834,None
1738858840,204
1738858843,198
1738858846,198
1738858849,205
1738858852,198
1738858855,197
1738858859,199
1738858861,197
1738858864,202
1738858867,201
1738858867,None
1738858873,205
1738858877,200
1738858879,192
1738858882,198
1738858886,207
1738858889,195
1738858892,199
1738858895,192
1738858898,199
1738858901,202
1738858904,201
1738858907,194
1738858910,187
1738858913,203
1738858916,201
1738858919,193
1738858922,200
1738858925,196
1738858929,196
1738858931,198
1738858934,203
1738858938,193
1738858941,200
1738858943,208
1738858947,200
1738858949,195
1738858952,203
1738858956,199
1738858959,199
1738858962,203
1738858965,200
1738858968,193
1738858971,204
1738858971,None
1738858977,197
1738858980,194
1738858983,193
1738858986,197
1738858989,200
1738858993,197
1738858995,203
1738858999,194
1738859001,201
1738859004,196
1738859008,192
1738859011,198
1738859014,198
1738859017,197
1738859020,208
1738859023,194
1738859026,205
1738859029,200
1738859032,199
1738859035,207
1738859038,201
1738859041,312
1738859044,461
1738859047,460
1738859050,463
1738859053,348
1738859056,196
1738859059,429
1738859063,453
1738859065,461
1738859068,323
1738859072,203
1738859074,205
1738859078,207
1738859081,199
1738859084,206
1738859087,200
1738859090,206
1738859093,205
1738859096,191
1738859099,207
1738859102,206
1738859105,205
1738859108,202
1738859111,210
1738859114,205
1738859117,214
1738859120,219
1738859123,205
1738859126,205
1738859129,210
1738859133,208
1738859136,213
1738859138,203
1738859141,213
1738859145,215
1738859147,207
1738859150,217
1738859154,212
1738859154,None
1738859160,214
1738859163,211
1738859166,209
1738859169,197
1738859172,205
1738859176,205
1738859176,None
1738859181,211
1738859184,206
1738859187,206
1738859190,206
1738859194,202
1738859196,205
1738859199,200
1738859203,208
1738859205,209
1738859209,206
1738859212,201
1738859215,210
1738859218,203
1738859221,206
1738859224,203
1738859227,209
1738859230,206
1738859233,206
1738859236,195
1738859239,208
1738859242,205
1738859245,200
1738859248,201
1738859252,208
1738859254,202
1738859254,None
1738859261,205
1738859264,197
1738859267,206
1738859270,205
1738859272,207
1738859275,201
1738859279,202
1738859282,203
1738859285,203
1738859288,206
1738859288,None
1738859294,200
1738859297,213
1738859297,None
1738859303,201
1738859306,209
1738859309,200
1738859312,213
1738859315,206
1738859319,207
1738859322,207
1738859322,None
1738859328,207
1738859330,212
1738859334,200
1738859336,204
1738859340,202
1738859343,210
1738859346,204
1738859349,208
1738859352,203
1738859355,200
1738859358,210
1738859361,407
1738859364,453
1738859367,462
1738859370,453
1738859373,352
1738859376,206
1738859380,198
1738859382,202
1738859385,206
1738859388,197
1738859392,204
1738859395,201
1738859398,207
1738859401,207
1738859404,199
1738859407,208
1738859407,None
1738859413,203
1738859416,255
1738859419,434
1738859422,462
1738859425,471
1738859428,462
1738859431,362
1738859434,205
1738859437,198
1738859441,200
1738859444,207
1738859446,205
1738859450,200
1738859452,211
1738859456,200
1738859458,206
1738859462,209
1738859465,200
1738859468,208
1738859471,205
1738859474,201
1738859477,204
1738859480,200
1738859483,202
1738859486,205
1738859489,202
1738859492,208
1738859495,204
1738859498,200
1738859502,204
1738859505,206
1738859507,200
1738859510,205
1738859513,199
1738859516,206
1738859516,None
1738859522,198
1738859526,204
1738859529,201
1738859532,203
1738859534,202
1738859538,205
1738859541,208
1738859541,None
1738859547,203
1738859550,210
1738859553,207
1738859553,None
1738859560,206
1738859563,205
1738859565,203
1738859568,204
1738859571,205
1738859574,196
1738859577,197
1738859580,214
1738859583,206
1738859586,203
1738859590,204
1738859593,203
1738859596,200
1738859599,201
1738859602,205
1738859605,207
1738859608,197
1738859611,197
1738859614,208
1738859617,201
1738859620,204
1738859623,194
1738859626,204
1738859629,208
1738859632,195
1738859635,210
1738859639,206
1738859641,201
1738859645,204
1738859645,None
1738859651,204
1738859653,206
1738859657,201
1738859660,201
1738859660,None
1738859666,202
1738859669,207
1738859672,200
1738859675,200
1738859675,None
1738859681,194
1738859684,194
1738859687,201
1738859690,195
1738859693,199
1738859696,196
1738859699,198
1738859702,198
1738859706,205
1738859708,198
1738859711,201
1738859715,201
1738859717,192
1738859720,204
1738859724,392
1738859727,456
1738859727,None
1738859733,454
1738859736,286
1738859739,202
1738859742,198
1738859745,196
1738859748,200
1738859751,192
1738859754,199
1738859757,200
1738859760,206
1738859764,203
1738859766,199
1738859770,204
1738859773,198
1738859776,207
1738859779,201
1738859782,205
1738859785,199
1738859788,202
1738859791,201
1738859794,199
1738859797,199
1738859800,204
1738859803,195
1738859806,200
1738859809,198
1738859812,204
1738859815,193
1738859818,201
1738859821,327
1738859824,460
1738859828,461
1738859830,460
1738859833,273
1738859836,205
1738859840,186
1738859843,201
1738859846,203
1738859849,196
1738859852,193
1738859855,198
1738859858,200
1738859858,None
1738859864,192
1738859867,204
1738859870,201
1738859873,195
1738859876,204
1738859880,198
1738859882,207
1738859885,203
1738859889,207
1738859892,207
1738859894,206
1738859898,207
1738859901,207
1738859904,201
1738859907,202
1738859907,None
1738859913,201
1738859915,201
1738859919,213
1738859919,None
1738859925,214
1738859928,206
1738859931,204
1738859934,205
1738859937,210
1738859940,208
1738859943,201
1738859946,210
1738859950,208
1738859953,195
1738859956,209
1738859959,201
1738859962,201
1738859965,205
1738859965,None
1738859971,204
1738859974,206
1738859977,200
1738859980,205
1738859983,203
1738859986,205
1738859989,201
1738859992,201
1738859995,206
1738859998,199
1738860001,208
1738860004,198
1738860007,208
1738860010,203
1738860013,204
1738860017,199
1738860019,202
1738860023,202
1738860025,205
1738860029,204
1738860032,205
1738860035,205
1738860038,201
1738860038,None
1738860044,208
1738860047,201
1738860050,203
1738860050,None
1738860056,198
1738860059,201
1738860063,211
1738860066,203
1738860068,201
1738860071,204
1738860074,201
1738860077,193
1738860081,199
1738860084,201
1738860086,211
1738860090,208
1738860093,203
1738860096,200
1738860099,202
1738860102,206
1738860105,327
1738860108,456
1738860111,450
1738860114,460
1738860117,295
1738860117,None
1738860123,203
1738860126,206
1738860129,201
1738860132,199
1738860135,206
1738860138,208
1738860142,205
1738860144,202
1738860147,195
1738860150,210
1738860154,206
1738860157,206
1738860160,202
1738860160,None
1738860166,208
1738860169,197
1738860172,206
1738860172,None
1738860172,None
1738860172,None
1738860184,203
1738860187,199
1738860187,None
1738860193,198
1738860196,212
1738860199,195
1738860202,212
1738860205,203
1738860209,210
1738860212,225
1738860215,468
1738860218,472
1738860221,470
1738860221,None
1738860227,225
1738860230,195
1738860233,212
1738860236,194
1738860239,203
1738860242,202
1738860245,208
1738860248,206
1738860251,199
1738860254,206
1738860257,201
1738860260,205
1738860264,203
1738860266,198
1738860269,216
1738860273,208
1738860276,207
1738860279,211
1738860282,213
1738860285,208
1738860288,217
1738860291,214
1738860294,209
1738860297,216
1738860300,207
1738860303,215
1738860306,211
1738860309,208
1738860313,213
1738860315,210
1738860318,211
1738860321,214
1738860324,211
1738860328,204
1738860331,214
1738860334,213
1738860337,210
1738860340,206
1738860343,207
1738860346,210
1738860349,207
1738860352,217
1738860355,202
1738860358,204
1738860361,217
1738860361,None
1738860367,209
1738860370,205
1738860373,215
1738860376,208
1738860379,208
1738860382,217
1738860385,207
1738860388,210
1738860392,216
1738860394,208
1738860397,205
1738860401,222
1738860404,210
1738860404,None
1738860410,212
1738860413,218
1738860416,210
1738860418,208
1738860422,212
1738860425,218
1738860429,202
1738860431,214
1738860434,214
1738860437,216
1738860440,212
1738860443,207
1738860446,216
1738860449,210
1738860452,215
1738860455,209
1738860459,212
1738860461,214
1738860464,205
1738860468,209
1738860470,216
1738860474,208
1738860477,205
1738860480,233
1738860482,472
1738860486,464
1738860489,472
1738860492,469
1738860495,238
1738860498,217
1738860502,218
1738860504,209
1738860507,208
1738860510,211
1738860514,211
1738860516,206
1738860519,210
1738860522,203
1738860525,212
1738860529,214
1738860532,204
1738860535,216
1738860538,210
1738860541,204
1738860541,None
1738860547,211
1738860550,208
1738860553,213
1738860556,214
1738860559,211
1738860562,222
1738860565,207
1738860568,213
1738860571,211
1738860574,209
1738860577,207
1738860581,211
1738860584,216
1738860586,209
1738860590,202
1738860593,214
1738860596,220
1738860599,209
1738860602,205
1738860605,218
1738860608,202
1738860611,212
1738860614,206
1738860614,None
1738860620,212
1738860624,209
1738860624,None
1738860629,216
1738860632,209
1738860635,209
1738860639,214
1738860641,206
1738860645,208
1738860648,445
1738860650,474
1738860654,464
1738860657,333
1738860660,208
1738860663,206
1738860666,214
1738860669,208
1738860669,None
1738860675,207
1738860678,207
1738860681,210
1738860684,211
1738860687,214
1738860691,204
1738860693,213
1738860696,207
1738860700,212
1738860702,213
1738860705,211
1738860709,215
1738860711,203
1738860714,217
1738860718,205
1738860721,217
1738860724,211
1738860727,213
1738860730,211
1738860733,212
1738860736,211
1738860739,215
1738860742,208
1738860745,205
1738860748,218
1738860751,207
1738860754,204
1738860757,207
1738860760,214
1738860763,211
1738860766,212
1738860769,209
1738860772,207
1738860775,203
1738860778,196
1738860782,207
1738860784,209
1738860787,211
1738860791,212
1738860794,209
1738860797,216
1738860800,211
1738860803,210
1738860806,206
1738860809,205
1738860812,206
1738860815,211
1738860818,210
1738860821,214
1738860824,215
1738860827,214
1738860830,199
1738860834,216
1738860834,None
1738860840,212
1738860842,205
1738860846,211
1738860849,215
1738860849,None
1738860855,212
1738860858,213
1738860861,207
1738860864,212
1738860867,395
1738860870,470
1738860874,466
1738860874,None
1738860879,321
1738860882,213
1738860885,209
1738860888,204
1738860891,213
1738860895,208
1738860898,211
1738860901,210
1738860904,206
1738860907,214
1738860910,202
1738860913,211
1738860916,213
1738860916,None
1738860922,211
1738860925,211
1738860928,208
1738860928,None
1738860934,203
1738860937,208
1738860940,217
1738860943,208
1738860946,208
1738860949,201
1738860952,209
1738860956,208
1738860959,208
1738860961,207
1738860965,209
1738860965,None
1738860971,212
1738860974,210
1738860974,None
1738860980,476
1738860980,None
1738860986,469
1738860989,219
1738860992,208
1738860995,210
1738860998,216
1738861001,208
1738861004,209
1738861007,215
1738861010,206
1738861014,216
1738861016,209
1738861019,209
1738861022,213
1738861026,213
1738861029,204
1738861031,215
1738861035,211
1738861038,207
1738861041,214
1738861044,208
1738861047,207
1738861050,207
1738861050,None
1738861050,None
1738861059,215
1738861062,214
1738861065,203
1738861068,208
1738861071,210
1738861074,212
1738861074,None
1738861080,211
1738861083,211
1738861086,197
1738861089,216
1738861093,213
1738861096,207
1738861098,210
1738861102,204
1738861105,211
1738861108,214
1738861111,215
1738861114,207
1738861117,204
1738861120,217
1738861123,215
1738861126,206
1738861126,None
1738861126,None
1738861135,202
1738861138,210
1738861141,219
1738861145,212
1738861147,208
1738861150,206
1738861153,210
1738861156,218
1738861160,212
1738861162,213
1738861165,208
1738861169,201
1738861172,217
1738861172,None
1738861178,204
1738861178,None
1738861184,213
1738861187,213
1738861190,209
1738861193,204
1738861196,217
1738861196,None
1738861202,217
1738861205,211
1738861209,212
1738861211,212
1738861214,213
1738861214,None
1738861221,218
1738861224,206
1738861227,213
1738861227,None
1738861233,207
1738861236,218
1738861239,186
1738861242,157
1738861242,None
1738861248,188
1738861251,405
1738861254,420
1738861257,415
1738861260,323
1738861263,166
1738861266,154
1738861269,156
1738861272,159
1738861276,156
1738861278,153
1738861282,153
1738861285,162
1738861288,155
1738861291,153
1738861294,162
1738861297,154
1738861300,157
1738861303,152
1738861306,156
1738861309,158
1738861312,159
1738861315,145
1738861318,151
1738861321,162
1738861324,161
1738861327,151
1738861331,159
1738861333,154
1738861337,148
1738861340,153
1738861340,None
1738861346,153
1738861349,150
1738861352,145
1738861355,160
1738861358,156
1738861361,154
1738861364,152
1738861368,156
1738861370,154
1738861374,157
1738861376,317
1738861380,422
1738861383,421
1738861386,367
1738861389,150
1738861392,151
1738861395,150
1738861398,145
1738861401,148
1738861404,150
1738861407,143
1738861410,154
1738861413,140
1738861416,151
1738861419,146
1738861422,149
1738861425,149
1738861428,145
1738861431,149
1738861435,148
1738861437,148
1738861437,None
1738861444,145
1738861447,155
1738861450,147
1738861453,151
1738861456,146
1738861459,147
1738861462,149
1738861465,153
1738861468,142
1738861471,158
1738861474,147
1738861474,None
1738861480,158
1738861484,146
1738861486,148
1738861490,147
1738861493,149
1738861496,146
1738861499,146
1738861502,158
1738861504,147
1738861508,141
1738861511,153
1738861514,144
1738861517,146
1738861520,144
1738861523,151
1738861526,153
1738861526,None
1738861532,144
1738861535,157
1738861538,148
1738861541,137
1738861544,156
1738861547,150
1738861547,None
1738861553,148
1738861556,156
1738861559,152
1738861563,145
1738861565,144
1738861568,156
1738861571,152
1738861575,147
1738861577,143
1738861581,153
1738861584,151
1738861587,146
1738861590,146
1738861593,143
1738861596,152
1738861599,153
1738861602,145
1738861605,149
1738861605,None
1738861611,148
1738861614,269
1738861618,411
1738861620,412
1738861624,327
1738861627,147
1738861630,150
1738861632,154
1738861636,147
1738861639,150
1738861641,147
1738861645,154
1738861648,148
1738861651,142
1738861654,149
1738861657,140
1738861660,150
1738861663,144
1738861666,152
1738861669,146
1738861672,150
1738861675,146
1738861678,144
1738861681,151
1738861685,148
1738861687,155
1738861691,144
1738861693,147
1738861697,145
1738861700,145
1738861703,151
1738861706,147
1738861708,148
1738861712,149
1738861715,152
1738861718,144
1738861721,152
1738861724,149
1738861727,152
1738861730,158
1738861733,160
1738861733,None
1738861739,155
1738861742,154
1738861745,159
1738861748,157
1738861751,162
1738861754,159
1738861757,149
1738861757,None
1738861763,163
1738861763,None
1738861770,158
1738861772,149
1738861776,167
1738861779,424
1738861782,418
1738861785,424
1738861788,384
1738861791,156
1738861795,147
1738861798,146
1738861800,150
1738861804,153
1738861806,144
1738861809,147
1738861813,145
1738861816,150
1738861819,147
1738861822,142
1738861825,157
1738861828,150
1738861831,151
1738861834,144
1738861837,151
1738861840,149
1738861843,140
1738861846,162
1738861849,147
1738861852,148
1738861855,145
1738861858,151
1738861861,147
1738861864,147
1738861867,142
1738861871,153
1738861873,149
1738861877,146
1738861880,143
1738861882,152
1738861886,139
1738861889,141
1738861892,138
1738861895,132
1738861898,143
1738861901,140
1738861905,132
1738861907,129
1738861911,144
1738861914,138
1738861916,137
1738861916,None
1738861922,134
1738861926,145
1738861929,139
1738861932,139
1738861935,210
1738861938,393
1738861940,392
1738861944,397
1738861947,394
1738861950,314
1738861953,143
1738861956,144
1738861959,145
1738861962,139
1738861965,144
1738861965,None
1738861971,150
1738861975,152
1738861977,154
1738861981,146
1738861984,163
1738861986,154
1738861989,148
1738861993,150
1738861996,149
1738861996,None
1738862002,146
1738862004,154
1738862009,143
1738862010,143
1738862014,151
1738862017,141
1738862020,149
1738862023,147
1738862026,145
1738862029,145
1738862029,None
1738862029,None
1738862038,149
1738862041,146
1738862044,142
1738862047,151
1738862051,148
1738862054,143
1738862056,147
1738862059,152
1738862063,144
1738862066,145
1738862066,None
1738862072,148
1738862075,145
1738862078,155
1738862081,149
1738862084,151
1738862087,144
1738862090,154
1738862093,152
1738862096,140
1738862099,146
1738862102,149
1738862105,145
1738862108,143
1738862111,147
1738862115,147
1738862118,149
1738862121,147
1738862121,None
1738862127,142
1738862130,153
1738862132,153
1738862136,145
1738862139,142
1738862142,146
1738862144,151
1738862149,145
1738862151,151
1738862154,148
1738862157,142
1738862160,148
1738862160,None
1738862166,146
1738862169,143
1738862172,157
1738862175,144
1738862175,None
1738862181,142
1738862184,149
1738862187,145
1738862190,149
1738862194,201
1738862196,377
1738862199,414
1738862202,406
1738862206,358
1738862208,177
1738862212,143
1738862215,150
1738862218,143
1738862221,150
1738862224,147
1738862227,150
1738862230,147
1738862233,150
1738862236,146
1738862239,149
1738862242,149
1738862245,142
1738862248,151
1738862251,148
1738862254,145
1738862257,150
1738862260,147
1738862263,145
1738862266,144
1738862270,151
1738862272,144
1738862276,150
1738862278,142
1738862281,151
1738862285,145
1738862288,145
1738862291,148
1738862294,152
1738862297,139
1738862300,148
1738862303,152
1738862306,144
1738862309,151
1738862312,195
1738862315,230
1738862318,251
1738862322,258
1738862324,258
1738862327,249
1738862327,None
1738862334,240
1738862336,237
1738862339,245
1738862343,244
1738862346,238
1738862349,238
1738862352,229
1738862355,235
1738862358,236
1738862361,230
1738862364,222
1738862367,235
1738862370,220
1738862373,217
1738862376,211
1738862379,215
1738862382,205
1738862382,None
1738862388,465
1738862391,462
1738862395,467
1738862398,454
1738862401,218
1738862401,None
1738862406,214
1738862410,207
1738862413,213
1738862416,207
1738862419,210
1738862421,220
1738862425,208
1738862428,206
1738862431,218
1738862434,210
1738862437,214
1738862440,207
1738862443,209
1738862446,210
1738862449,206
1738862452,211
1738862455,209
1738862458,206
1738862461,209
1738862464,212
1738862467,216
1738862470,212
1738862473,213
1738862476,215
1738862479,210
1738862482,215
1738862486,209
1738862488,210
1738862491,212
1738862495,215
1738862498,204
1738862500,219
1738862504,210
1738862507,210
1738862510,210
1738862513,208
1738862516,208
1738862519,210
1738862522,209
1738862525,206
1738862528,215
1738862531,206
1738862534,207
1738862537,211
1738862540,211
1738862543,209
1738862546,209
1738862549,212
1738862552,203
1738862555,212
1738862558,208
1738862558,None
1738862564,212
1738862568,208
1738862571,200
1738862574,210
1738862577,208
1738862580,207
1738862583,214
1738862586,396
1738862589,477
1738862592,480
1738862595,478
1738862598,242
1738862601,221
1738862604,215
1738862607,222
1738862610,214
1738862613,216
1738862616,219
1738862619,219
1738862623,215
1738862626,221
1738862628,215
1738862632,222
1738862634,218
1738862638,213
1738862638,None
1738862644,218
1738862647,214
1738862647,None
1738862653,225
1738862656,217
1738862656,None
1738862656,None
1738862665,215
1738862668,219
1738862671,206
1738862674,217
1738862677,220
1738862680,211
1738862683,210
1738862686,216
1738862690,213
1738862692,219
1738862696,213
1738862699,222
1738862699,None
1738862705,209
1738862708,218
1738862711,215
1738862714,220
1738862717,212
1738862717,None
1738862724,223
1738862724,None
1738862724,None
1738862732,218
1738862735,218
1738862739,210
1738862742,218
1738862745,206
1738862748,222
1738862750,224
1738862750,None
1738862757,214
1738862760,220
1738862762,215
1738862766,221
1738862769,210
1738862772,215
1738862772,None
1738862772,None
1738862781,212
1738862784,212
1738862787,217
1738862790,215
1738862793,219
1738862793,None
1738862800,208
1738862803,223
1738862805,226
1738862808,213
1738862811,215
1738862816,216
1738862817,204
1738862821,212
1738862824,223
1738862827,217
1738862830,214
1738862833,214
1738862836,214
1738862839,213
1738862839,None
1738862845,217
1738862848,210
1738862851,207
1738862854,224
1738862858,331
1738862860,466
1738862864,463
1738862867,468
1738862870,365
1738862873,221
1738862876,211
1738862879,221
1738862882,211
1738862885,219
1738862888,212
1738862891,222
1738862894,218
1738862897,210
1738862900,221
1738862903,215
1738862906,218
1738862909,218
1738862912,207
1738862915,219
1738862918,214
1738862921,211
1738862924,212
1738862927,220
1738862931,216
1738862933,206
1738862937,217
1738862940,216
1738862943,212
1738862946,218
1738862949,206
1738862952,216
1738862955,220
1738862958,215
1738862961,213
1738862964,213
1738862964,None
1738862970,223
1738862973,218
1738862976,221
1738862979,213
1738862982,216
1738862985,292
1738862988,471
1738862991,470
1738862994,473
1738862997,329
1738863001,215
1738863004,219
1738863006,221
1738863011,216
1738863013,218
1738863016,210
1738863019,221
1738863022,210
1738863025,216
1738863028,214
1738863031,216
1738863034,210
1738863037,215
1738863040,220
1738863043,216
1738863046,210
1738863049,217
1738863052,217
1738863055,216
1738863058,211
1738863062,213
1738863065,214
1738863068,218
1738863071,221
1738863074,211
1738863077,210
1738863080,208
1738863083,211
1738863087,210
1738863089,211
1738863092,211
1738863092,None
1738863098,214
1738863101,212
1738863104,210
1738863107,203
1738863110,219
1738863113,213
1738863117,215
1738863119,217
1738863122,215
1738863126,215
1738863129,209
1738863131,212
1738863135,213
1738863138,213
1738863141,218
1738863144,207
1738863147,217
1738863150,210
1738863153,211
1738863156,213
1738863159,209
1738863162,208
1738863165,217
1738863168,210
1738863171,213
1738863174,212
1738863177,209
1738863180,212
1738863184,212
1738863186,218
1738863189,203
1738863193,217
1738863195,214
1738863199,203
1738863202,217
1738863204,209
1738863208,208
1738863211,207
1738863211,None
1738863217,218
1738863220,210
1738863223,213
1738863226,454
1738863229,462
1738863232,464
1738863235,422
1738863238,214
1738863238,None
1738863245,203
1738863248,218
1738863250,207
1738863254,207
1738863257,210
1738863259,207
1738863263,211
1738863263,None
1738863269,209
1738863272,201
1738863275,216
1738863278,210
1738863281,207
1738863281,None
1738863281,None
1738863290,210
1738863293,216
1738863296,201
1738863299,213
1738863302,207
1738863305,207
1738863308,212
1738863311,211
1738863314,208
1738863317,215
1738863317,None
1738863323,214
1738863327,211
1738863330,212
1738863333,207
1738863336,212
1738863339,211
1738863342,208
1738863345,210
1738863345,None
1738863351,211
1738863354,205
1738863357,209
1738863360,209
1738863363,209
1738863366,201
1738863369,349
1738863369,None
1738863376,452
1738863378,466
1738863381,316
1738863384,210
1738863387,208
1738863391,209
1738863394,218
1738863397,203
1738863400,198
1738863403,201
1738863406,199
1738863409,200
1738863412,196
1738863412,None
1738863418,199
1738863421,196
1738863421,None
1738863427,198
1738863430,196
1738863433,202
1738863436,200
1738863436,None
1738863436,None
1738863446,197
1738863449,198
1738863451,201
1738863454,198
1738863457,203
1738863461,201
1738863464,200
1738863467,200
1738863470,201
1738863473,206
1738863473,None
1738863479,199
1738863482,201
1738863485,205
1738863488,200
1738863491,202
1738863494,196
1738863497,201
1738863500,195
1738863500,None
1738863507,198
1738863510,200
1738863512,196
1738863516,202
1738863518,197
1738863522,202
1738863525,199
1738863528,196
1738863531,202
1738863534,198
1738863537,201
1738863540,197
1738863544,195
1738863546,201
1738863549,197
1738863549,None
1738863555,203
1738863559,197
1738863562,197
1738863565,197
1738863567,196
1738863571,200
1738863574,198
1738863577,300
1738863577,None
1738863583,452
1738863583,None
1738863589,442
1738863592,224
1738863595,209
1738863598,210
1738863601,199
1738863604,209
1738863608,207
1738863610,202
1738863613,195
1738863616,212
1738863620,211
1738863623,204
1738863626,204
1738863628,207
1738863632,205
1738863635,213
1738863638,215
1738863641,206
1738863644,202
1738863647,216
1738863650,206
1738863653,207
1738863656,210
1738863659,211
1738863662,198
1738863662,None
1738863668,205
1738863671,205
1738863674,210
1738863677,211
1738863681,211
1738863684,208
1738863686,212
1738863690,205
1738863693,209
1738863696,214
1738863699,201
1738863702,211
1738863705,209
1738863708,200
1738863711,203
1738863714,209
1738863717,207
1738863720,205
1738863723,198
1738863726,196
1738863726,None
1738863732,208
1738863736,205
1738863739,201
1738863742,206
1738863744,199
1738863747,196
1738863750,206
1738863754,206
1738863756,202
1738863756,None
1738863763,255
1738863766,457
1738863769,455
1738863772,457
1738863775,253
1738863778,200
1738863781,206
1738863784,197
1738863787,207
1738863790,206
1738863793,199
1738863796,199
1738863800,201
1738863802,195
1738863805,204
1738863808,190
1738863812,206
1738863812,None
1738863817,197
1738863821,201
1738863824,201
1738863827,196
1738863830,203
1738863833,202
1738863836,198
1738863839,198
1738863842,193
1738863845,198
1738863848,198
1738863848,None
1738863854,199
1738863857,209
1738863860,213
1738863863,209
1738863866,198
1738863870,210
1738863872,208
1738863875,200
1738863878,213
1738863882,206
1738863885,200
1738863888,207
1738863891,213
1738863894,208
1738863897,203
1738863897,None
1738863903,207
1738863906,209
1738863909,201
1738863912,214
1738863916,205
1738863918,204
1738863921,210
1738863924,206
1738863928,201
1738863930,206
1738863934,208
1738863937,211
1738863940,214
1738863943,202
1738863946,215
1738863948,208
1738863952,207
1738863955,214
1738863958,209
1738863961,199
1738863964,210
1738863967,212
1738863971,203
1738863973,210
1738863976,218
1738863979,459
1738863982,458
1738863986,460
1738863988,390
1738863991,209
1738863995,210
1738863998,203
1738864001,208
1738864004,212
1738864007,208
1738864009,201
1738864012,203
1738864016,210
1738864019,208
1738864022,203
1738864025,204
1738864028,203
1738864031,205
1738864034,205
1738864034,None
1738864040,199
1738864043,198
1738864046,214
1738864049,202
1738864052,206
1738864055,208
1738864055,None
1738864061,214
1738864064,199
1738864068,212
1738864071,203
1738864074,210
1738864077,203
1738864077,None
1738864084,207
1738864086,205
1738864089,207
1738864092,205
1738864095,207
1738864098,211
1738864101,212
1738864104,203
1738864107,206
1738864110,205
1738864113,211
1738864116,205
1738864119,211
1738864122,207
1738864125,204
1738864128,213
1738864131,208
1738864134,203
1738864137,207
1738864140,209
1738864140,None
1738864140,None
1738864150,457
1738864152,462
1738864155,298
1738864159,202
1738864162,201
1738864165,201
1738864168,205
1738864171,211
1738864174,207
1738864177,212
1738864180,201
1738864180,None
1738864186,218
1738864189,215
1738864193,205
1738864196,201
1738864198,203
1738864201,209
1738864205,207
1738864208,204
1738864211,207
1738864214,207
1738864217,202
1738864220,203
1738864223,215
1738864226,207
1738864229,208
1738864232,205
1738864235,210
1738864238,201
1738864241,210
1738864244,207
1738864247,204
1738864250,216
1738864253,207
1738864256,204
1738864260,208
1738864263,210
1738864263,None
1738864269,204
1738864272,208
1738864275,205
1738864275,None
1738864281,205
1738864284,205
1738864287,200
1738864290,206
1738864293,202
1738864296,206
1738864299,209
1738864302,203
1738864305,275
1738864309,460
1738864311,455
1738864314,458
1738864318,340
1738864320,201
1738864323,212
1738864327,205
1738864327,None
1738864333,208
1738864336,209
1738864339,211
1738864342,209
1738864345,213
1738864348,218
1738864351,204
1738864355,209
1738864357,208
1738864360,199
1738864363,210
1738864366,208
1738864366,None
1738864372,211
1738864375,205
1738864378,204
1738864382,206
1738864384,207
1738864387,202
1738864390,210
1738864394,203
1738864397,204
1738864399,208
1738864403,203
1738864406,203
1738864409,205
1738864412,203
1738864415,209
1738864418,202
1738864422,210
1738864424,205
1738864427,203
1738864430,207
1738864433,205
1738864436,202
1738864439,212
1738864442,203
1738864445,209
1738864448,210
1738864451,202
1738864454,210
1738864458,207
1738864461,205
1738864463,207
1738864467,213
1738864470,197
1738864472,212
1738864476,209
1738864479,203
1738864482,213
1738864485,207
1738864488,211
1738864491,461
1738864494,465
1738864497,457
1738864500,357
1738864504,210
1738864506,202
1738864509,208
1738864513,208
1738864515,208
1738864518,202
1738864522,206
1738864525,210
1738864527,199
1738864531,209
1738864534,208
1738864537,198
1738864540,204
1738864542,204
1738864546,202
1738864549,205
1738864552,212
1738864555,202
1738864558,212
1738864561,205
1738864564,208
1738864567,205
1738864570,204
1738864573,203
1738864577,204
1738864580,206
1738864582,204
1738864585,211
1738864588,201
1738864592,210
1738864595,205
1738864598,207
1738864601,206
1738864604,206
1738864606,201
1738864610,208
1738864613,199
1738864616,214
1738864619,204
1738864622,207
1738864625,208
1738864628,207
1738864632,206
1738864634,209
1738864637,205
1738864640,198
1738864643,211
1738864647,257
1738864649,450
1738864652,447
1738864656,440
1738864658,265
1738864662,186
1738864665,181
1738864667,183
1738864671,186
1738864674,180
1738864677,181
1738864680,183
1738864683,174
1738864686,182
1738864689,180
1738864692,178
1738864695,178
1738864698,177
1738864701,174
1738864704,181
1738864707,174
1738864710,183
1738864713,179
1738864717,172
1738864719,178
1738864722,179
1738864726,178
1738864728,182
1738864731,176
1738864735,181
1738864738,181
1738864741,178
1738864744,180
1738864747,181
1738864750,176
1738864753,182
1738864756,178
1738864759,182
1738864762,183
1738864766,177
1738864768,182
1738864771,182
1738864774,179
1738864777,186
1738864781,175
1738864783,191
1738864786,193
1738864790,191
1738864790,None
1738864796,202
1738864799,198
1738864802,205
1738864805,198
1738864808,210
1738864811,206
1738864814,209
1738864817,210
1738864820,213
1738864823,211
1738864826,215
1738864826,None
1738864832,201
1738864835,220
1738864839,211
1738864841,205
1738864845,210
1738864847,199
1738864850,207
1738864854,202
1738864857,204
1738864860,267
1738864863,434
1738864866,448
1738864869,453
1738864872,421
1738864875,158
1738864878,145
1738864881,149
1738864884,141
1738864887,141
1738864890,132
1738864893,135
1738864896,145
1738864899,143
1738864902,142
1738864905,139
1738864908,142
1738864911,136
1738864914,130
1738864918,145
1738864920,145
1738864924,134
1738864927,137
1738864929,138
1738864933,138
1738864935,139
1738864939,127
1738864942,140
1738864945,139
1738864947,130
1738864951,143
1738864954,154
1738864957,390
1738864960,391
1738864963,390
1738864966,235
1738864969,138
1738864973,139
1738864975,137
1738864979,136
1738864981,139
1738864984,139
1738864988,143
1738864991,142
1738864993,139
1738864996,145
1738865000,140
1738865003,137
1738865006,137
1738865006,None
1738865012,146
1738865015,137
1738865015,None
1738865021,140
1738865024,137
1738865027,148
1738865027,None
1738865033,143
1738865036,144
1738865039,142
1738865042,134
1738865045,136
1738865045,None
1738865051,141
1738865054,134
1738865057,140
1738865060,140
1738865063,141
1738865067,140
1738865070,140
1738865073,144
1738865075,135
1738865079,144
1738865082,139
1738865085,138
1738865088,136
1738865091,143
1738865094,141
1738865097,143
1738865100,132
1738865104,141
1738865106,147
1738865110,138
1738865113,135
1738865116,141
1738865118,144
1738865121,144
1738865124,137
1738865128,143
1738865131,134
1738865134,137
1738865137,146
1738865140,134
1738865143,139
1738865146,144
1738865149,138
1738865152,146
1738865156,139
1738865158,137
1738865161,141
1738865164,141
1738865168,142
1738865171,135
1738865174,146
1738865177,138
1738865180,144
1738865180,None
1738865186,144
1738865189,135
1738865192,137
1738865195,146
1738865198,132
1738865201,142
1738865204,133
1738865207,143
1738865211,135
1738865213,136
1738865216,138
1738865219,138
1738865222,139
1738865225,142
1738865228,137
1738865232,147
1738865235,140
1738865237,134
1738865241,138
1738865244,138
1738865247,138
1738865249,135
1738865253,146
1738865256,400
1738865259,397
1738865262,387
1738865265,322
1738865268,136
1738865271,136
1738865274,142
1738865277,142
1738865277,None
1738865283,134
1738865287,148
1738865289,141
1738865292,134
1738865296,144
1738865299,139
1738865301,142
1738865304,234
1738865308,394
1738865311,386
1738865314,397
1738865317,328
1738865320,141
1738865323,143
1738865326,137
1738865329,145
1738865332,141
1738865332,None
1738865338,141
1738865341,140
1738865344,139
1738865347,141
1738865350,135
1738865354,143
1738865357,139
1738865359,136
1738865362,143
1738865366,135
1738865368,134
1738865371,139
1738865374,144
1738865378,132
1738865381,139
1738865384,140
1738865387,130
1738865390,144
1738865393,134
1738865396,142
1738865399,133
1738865402,141
1738865405,142
1738865408,138
1738865411,129
1738865414,145
1738865417,145
1738865420,140
1738865423,144
1738865426,136
1738865429,138
1738865432,147
1738865435,140
1738865439,136
1738865442,147
1738865445,138
1738865447,134
1738865451,143
1738865454,141
1738865457,141
1738865460,144
1738865463,138
1738865466,142
1738865469,145
1738865472,139
1738865475,130
1738865479,145
1738865481,144
1738865484,138
1738865487,142
1738865487,None
1738865493,130
1738865496,138
1738865499,136
1738865503,123
1738865505,123
1738865509,135
1738865512,130
1738865515,131
1738865517,124
1738865521,133
1738865524,135
1738865527,126
1738865529,132
1738865533,132
1738865536,126
1738865536,None
1738865542,135
1738865545,129
1738865548,134
1738865551,129
1738865554,131
1738865557,131
1738865560,131
1738865564,131
1738865566,130
1738865569,128
1738865573,136
1738865575,133
1738865578,128
1738865582,135
1738865584,127
1738865588,135
1738865590,130
1738865593,128
1738865597,130
1738865600,128
1738865603,134
1738865606,131
1738865609,132
1738865612,131
1738865615,128
1738865615,None
1738865621,133
1738865624,128
1738865628,128
1738865630,133
1738865633,127
1738865637,124
1738865639,137
1738865643,129
1738865643,None
1738865649,128
1738865652,133
1738865654,130
1738865658,130
1738865661,128
1738865664,268
1738865667,380
1738865670,392
1738865673,386
1738865676,212
1738865680,137
1738865683,138
1738865685,130
1738865688,127
1738865692,130
1738865695,132
1738865698,148
1738865701,376
1738865704,389
1738865707,385
1738865710,234
1738865713,133
1738865716,135
1738865719,139
1738865722,129
1738865725,138
1738865728,139
1738865731,133
1738865734,132
1738865737,140
1738865740,135
1738865743,135
1738865746,130
1738865749,130
1738865753,139
1738865756,140
1738865759,134
1738865762,124
1738865765,137
1738865768,136
1738865771,134
1738865774,136
1738865777,127
1738865780,130
1738865783,141
1738865786,137
1738865789,133
1738865789,None
1738865795,133
1738865798,133
1738865801,139
1738865804,130
1738865807,134
1738865811,132
1738865814,129
1738865814,None
1738865820,134
1738865823,129
1738865826,136
1738865829,140
1738865829,None
1738865835,135
1738865835,None
1738865841,130
1738865844,142
1738865847,131
1738865850,139
1738865853,135
1738865856,133
1738865859,131
1738865862,134
1738865866,131
1738865868,137
1738865871,132
1738865874,130
1738865878,134
1738865881,132
1738865884,125
1738865887,129
1738865890,140
1738865893,134
1738865896,121
1738865899,141
1738865902,138
1738865905,136
1738865908,128
1738865911,137
1738865914,142
1738865917,131
1738865920,144
1738865923,132
1738865927,131
1738865929,140
1738865933,134
1738865936,130
1738865939,132
1738865942,133
1738865945,138
1738865945,None
1738865951,133
1738865954,137
1738865957,131
1738865960,135
1738865963,135
1738865966,133
1738865969,134
1738865972,129
1738865975,142
1738865978,133
1738865981,129
1738865985,143
1738865987,170
1738865990,202
1738865993,227
1738865996,242
1738865999,232
1738866003,232
1738866003,None
1738866009,470
1738866012,478
1738866015,470
1738866018,295
1738866021,212
1738866024,216
1738866027,217
1738866030,211
1738866033,199
1738866037,212
1738866039,301
1738866043,461
1738866045,460
1738866048,456
1738866052,327
1738866054,203
1738866058,206
1738866060,202
1738866064,202
1738866066,188
1738866070,205
1738866073,198
1738866076,195
1738866079,197
1738866082,204
1738866085,204
1738866088,199
1738866091,199
1738866094,204
1738866097,189
1738866100,202
1738866103,198
1738866106,201
1738866109,198
1738866112,196
1738866115,200
1738866118,200
1738866118,None
1738866124,196
1738866127,203
1738866130,195
1738866133,201
1738866136,196
1738866139,202
1738866143,196
1738866146,195
1738866149,199
1738866152,199
1738866155,202
1738866155,None
1738866161,202
1738866164,196
1738866167,200
1738866170,201
1738866173,206
1738866176,204
1738866179,198
1738866182,210
1738866186,212
1738866188,204
1738866188,None
1738866194,201
1738866198,213
1738866198,None
1738866204,205
1738866204,None
1738866210,206
1738866213,207
1738866216,210
1738866219,205
1738866223,198
1738866225,195
1738866228,206
1738866232,201
1738866234,198
1738866237,196
1738866241,196
1738866243,192
1738866246,200
1738866249,198
1738866253,203
1738866256,191
1738866259,195
1738866262,203
1738866265,190
1738866268,199
1738866271,199
1738866274,200
1738866277,199
1738866280,196
1738866283,197
1738866286,201
1738866289,195
1738866292,203
1738866295,195
1738866298,204
1738866298,None
1738866304,199
1738866308,194
1738866310,194
1738866314,204
1738866316,195
1738866319,200
1738866322,199
1738866325,193
1738866328,203
1738866332,197
1738866335,295
1738866338,455
1738866341,453
1738866344,453
1738866347,349
1738866350,204
1738866353,193
1738866356,193
1738866356,None
1738866356,None
1738866356,None
1738866368,196
1738866371,200
1738866374,194
1738866377,194
1738866380,194
1738866380,None
1738866380,None
1738866390,191
1738866393,191
1738866396,205
1738866399,198
1738866402,197
1738866405,192
1738866408,198
1738866411,198
1738866411,None
1738866411,None
1738866421,205
1738866423,211
1738866426,215
1738866429,255
1738866432,251
1738866435,257
1738866438,250
1738866441,389
1738866444,507
1738866447,505
1738866450,507
1738866454,502
1738866457,265
1738866459,248
1738866463,237
1738866466,240
1738866469,226
1738866472,222
1738866475,209
1738866478,207
1738866478,None
1738866484,203
1738866487,199
1738866490,199
1738866493,201
1738866496,205
1738866499,198
1738866502,186
1738866505,214
1738866508,211
1738866511,212
1738866515,212
1738866518,208
1738866520,215
1738866524,211
1738866526,192
1738866530,193
1738866533,193
1738866535,191
1738866539,186
1738866542,194
1738866542,None
1738866548,184
1738866551,194
1738866554,192
1738866557,190
1738866561,187
1738866563,191
1738866567,196
1738866569,192
1738866572,187
1738866575,192
1738866578,190
1738866582,192
1738866584,182
1738866587,191
1738866591,193
1738866594,192
1738866597,189
1738866599,184
1738866603,194
1738866606,193
1738866609,192
1738866612,185
1738866615,182
1738866618,189
1738866621,188
1738866624,187
1738866627,181
1738866630,189
1738866634,188
1738866636,187
1738866639,190
1738866642,188
1738866645,188
1738866648,188
1738866652,185
1738866655,190
1738866658,184
1738866660,188
1738866664,183
1738866667,189
1738866670,186
1738866673,190
1738866676,183
1738866679,186
1738866682,185
1738866685,187
1738866688,187
1738866692,182
1738866694,409
1738866697,439
1738866700,440
1738866704,443
1738866706,316
1738866710,189
1738866713,188
1738866715,185
1738866718,183
1738866722,188
1738866722,None
1738866728,185
1738866731,392
1738866734,454
1738866737,446
1738866740,448
1738866743,346
1738866746,193
1738866749,197
1738866752,198
1738866756,191
1738866759,203
1738866759,None
1738866765,196
1738866767,208
1738866771,204
1738866773,201
1738866776,204
1738866780,206
1738866783,197
1738866783,None
1738866789,200
1738866792,204
1738866795,200
1738866798,198
1738866801,205
1738866804,206
1738866807,197
1738866811,203
1738866813,201
1738866817,201
1738866819,197
1738866823,198
1738866826,198
1738866829,195
1738866832,195
1738866835,193
1738866838,200
1738866841,196
1738866841,None
1738866847,191
1738866850,185
1738866853,197
1738866853,None
1738866859,190
1738866862,192
1738866865,188
1738866868,195
1738866871,190
1738866874,184
1738866877,192
1738866880,187
1738866883,190
1738866886,187
1738866890,186
1738866890,None
1738866895,190
1738866899,190
1738866902,193
1738866905,181
1738866908,194
1738866911,184
1738866911,None
1738866917,187
1738866920,193
1738866923,190
1738866926,193
1738866929,194
1738866929,None
1738866935,195
1738866938,186
1738866941,192
1738866944,190
1738866947,192
1738866950,192
1738866953,194
1738866956,192
1738866959,190
1738866962,197
1738866965,188
1738866968,197
1738866968,None
1738866975,189
1738866978,195
1738866980,190
1738866984,184
1738866987,193
1738866990,194
1738866993,185
1738866996,193
1738867000,192
1738867002,186
1738867005,199
1738867008,192
1738867011,192
1738867014,188
1738867017,197
1738867020,185
1738867023,195
1738867027,192
1738867029,189
1738867033,188
1738867035,191
1738867039,192
1738867042,190
1738867042,None
1738867048,196
1738867051,185
1738867054,191
1738867057,192
1738867060,188
1738867063,193
1738867066,190
1738867069,189
1738867072,191
1738867072,None
1738867078,192
1738867081,185
1738867081,None
1738867087,253
1738867091,443
1738867094,439
1738867096,438
1738867100,239
1738867102,194
1738867105,182
1738867108,223
1738867112,439
1738867115,441
1738867118,444
1738867121,392
1738867124,190
1738867127,190
1738867130,198
1738867133,190
1738867136,181
1738867139,197
1738867142,190
1738867145,194
1738867148,187
1738867151,194
1738867154,191
1738867157,184
1738867160,191
1738867163,187
1738867166,188
1738867169,187
1738867173,195
1738867176,196
1738867176,None
1738867182,182
1738867184,197
1738867188,190
1738867188,None
1738867194,195
1738867197,189
1738867200,187
1738867203,193
1738867207,199
1738867209,182
1738867212,192
1738867215,193
1738867218,190
1738867221,194
1738867224,196
1738867228,189
1738867230,190
1738867233,190
1738867236,192
1738867240,188
1738867242,182
1738867246,197
1738867249,186
1738867252,188
1738867255,192
1738867258,190
1738867258,None
1738867264,184
1738867267,191
1738867270,196
1738867273,184
1738867276,184
1738867280,191
1738867283,189
1738867285,190
1738867288,184
1738867288,None
1738867294,191
1738867298,181
1738867300,190
1738867304,191
1738867306,187
1738867310,192
1738867312,190
1738867312,None
1738867319,186
1738867322,188
1738867325,198
1738867328,191
1738867331,186
1738867334,193
1738867337,192
1738867340,187
1738867343,186
1738867346,187
1738867349,196
1738867353,189
1738867356,183
1738867358,190
1738867361,189
1738867365,190
1738867368,189
1738867370,187
1738867370,None
1738867376,183
1738867380,194
1738867383,188
1738867385,189
1738867389,190
1738867392,187
1738867395,190
1738867395,None
1738867401,194
1738867401,None
1738867407,190
1738867410,321
1738867414,422
1738867416,430
1738867419,439
1738867422,294
1738867426,184
1738867428,188
1738867431,191
1738867431,None
1738867438,189
1738867441,185
1738867444,193
1738867447,197
1738867450,188
1738867453,184
1738867456,196
1738867459,192
1738867462,190
1738867465,193
1738867468,182
1738867471,190
1738867474,193
1738867477,214
1738867480,442
1738867483,444
1738867486,443
1738867489,400
1738867492,184
1738867495,190
1738867499,192
1738867501,196
1738867504,187
1738867507,192
1738867511,189
1738867513,188
1738867517,190
1738867520,191
1738867523,197
1738867526,194
1738867529,207
1738867532,197
1738867535,204
1738867538,208
1738867541,207
1738867544,209
1738867547,208
1738867550,201
1738867553,208
1738867557,204
1738867559,200
1738867562,210
1738867565,202
1738867569,202
1738867572,204
1738867575,205
1738867578,198
1738867581,203
1738867584,202
1738867587,197
1738867590,212
1738867593,200
1738867596,204
1738867599,203
1738867602,205
1738867605,201
1738867608,207
1738867611,199
1738867614,206
1738867617,203
1738867620,200
1738867624,205
1738867627,206
1738867630,205
1738867633,202
1738867636,203
1738867639,204
1738867642,203
1738867645,206
1738867648,206
1738867651,203
1738867654,209
1738867657,202
1738867660,202
1738867663,207
1738867666,207
1738867670,199
1738867673,205
1738867676,207
1738867678,199
1738867682,210
1738867684,207
1738867687,199
1738867691,202
1738867694,206
1738867697,196
1738867700,203
1738867703,203
1738867707,198
1738867709,212
1738867712,202
1738867715,201
1738867718,205
1738867718,None
1738867724,202
1738867727,208
1738867730,203
1738867733,206
1738867736,200
1738867739,204
1738867739,None
1738867745,201
1738867748,200
1738867752,205
1738867755,203
1738867758,209
1738867761,201
1738867764,223
1738867767,449
1738867770,458
1738867773,452
1738867776,386
1738867779,199
1738867782,199
1738867785,203
1738867785,None
1738867791,203
1738867794,208
1738867797,196
1738867800,207
1738867803,203
1738867803,None
1738867810,202
1738867813,203
1738867816,205
1738867819,203
1738867822,204
1738867822,None
1738867822,None
1738867831,207
1738867831,None
1738867837,203
1738867840,375
1738867843,457
1738867846,455
1738867850,354
1738867852,205
1738867855,203
1738867858,206
1738867861,199
1738867864,210
1738867867,201
1738867867,None
1738867874,208
1738867876,206
1738867880,210
1738867883,207
1738867886,205
1738867889,209
1738867892,204
1738867895,209
1738867895,None
1738867901,201
1738867904,211
1738867904,None
1738867910,208
1738867913,202
1738867916,203
1738867919,209
1738867923,204
1738867925,202
1738867925,None
1738867932,206
1738867935,205
1738867938,201
1738867941,209
1738867944,205
1738867947,207
1738867950,207
1738867953,204
1738867956,204
1738867959,207
1738867962,209
1738867965,199
1738867968,207
1738867971,197
1738867974,206
1738867977,202
1738867980,204
1738867983,201
1738867986,199
1738867989,204
1738867993,210
1738867996,197
1738867996,None
1738868002,207
1738868005,203
1738868005,None
1738868011,204
1738868014,199
1738868017,194
1738868020,197
1738868023,204
1738868026,194
1738868029,209
1738868032,196
1738868035,198
1738868038,201
1738868042,200
1738868044,204
1738868048,202
1738868048,None
1738868054,207
1738868057,197
1738868060,207
1738868063,198
1738868066,206
1738868069,195
1738868072,197
1738868075,200
1738868078,201
1738868081,196
1738868084,198
1738868087,220
1738868090,446
1738868093,442
1738868096,453
1738868099,443
1738868099,None
1738868105,198
1738868108,200
1738868111,199
1738868114,198
1738868118,204
1738868120,195
1738868123,202
1738868123,None
1738868123,None
1738868133,202
1738868133,None
1738868138,205
1738868142,193
1738868145,200
1738868148,204
1738868148,None
1738868154,194
1738868157,200
1738868160,203
1738868164,199
1738868166,202
1738868169,192
1738868173,201
1738868175,205
1738868179,196
1738868182,189
1738868184,204
1738868188,200
1738868191,198
1738868193,299
1738868196,454
1738868200,449
1738868202,455
1738868205,385
1738868209,201
1738868212,207
1738868215,198
1738868218,197
1738868221,199
1738868224,199
1738868227,195
1738868230,202
1738868233,197
1738868233,None
1738868239,201
1738868243,199
1738868245,200
1738868248,203
1738868251,206
1738868254,204
1738868257,204
1738868261,191
1738868264,199
1738868267,208
1738868270,200
1738868273,191
1738868276,207
1738868279,205
1738868282,200
1738868284,204
1738868288,194
1738868291,198
1738868294,187
1738868297,145
1738868297,None
1738868303,142
1738868306,149
1738868306,None
1738868312,149
1738868315,147
1738868318,151
1738868321,160
1738868324,149
1738868327,147
1738868330,152
1738868333,149
1738868336,145
1738868339,154
1738868343,157
1738868345,150
1738868349,156
1738868352,155
1738868355,147
1738868358,153
1738868358,None
1738868364,150
1738868367,150
1738868370,154
1738868373,155
1738868376,143
1738868379,141
1738868382,148
1738868385,143
1738868388,139
1738868391,146
1738868391,None
1738868397,144
1738868401,132
1738868403,134
1738868407,146
1738868410,141
1738868413,132
1738868416,139
1738868419,140
1738868422,143
1738868425,139
1738868425,None
1738868431,143
1738868434,137
1738868434,None
1738868440,136
1738868443,146
1738868446,148
1738868449,139
1738868449,None
1738868455,147
1738868458,130
1738868461,134
1738868461,None
1738868467,137
1738868470,140
1738868474,138
1738868477,141
1738868480,140
1738868483,135
1738868485,143
1738868489,141
1738868492,135
1738868495,141
1738868498,134
1738868501,144
1738868504,139
1738868507,138
1738868510,139
1738868513,140
1738868516,222
1738868516,None
1738868522,383
1738868525,390
1738868528,289
1738868532,141
1738868534,140
1738868537,139
1738868540,136
1738868543,140
1738868547,135
1738868550,127
1738868553,148
1738868556,143
1738868559,280
1738868562,391
1738868565,389
1738868568,386
1738868571,155
1738868574,130
1738868578,144
1738868580,144
1738868583,139
1738868586,135
1738868589,141
1738868593,140
1738868596,134
1738868599,145
1738868601,139
1738868605,131
1738868608,142
1738868611,144
1738868611,None
1738868617,139
1738868620,142
1738868623,132
1738868626,138
1738868629,144
1738868632,141
1738868635,129
1738868638,145
1738868641,140
1738868644,137
1738868644,None
1738868650,139
1738868653,143
1738868657,133
1738868657,None
1738868663,139
1738868666,128
1738868669,144
1738868672,141
1738868675,138
1738868678,134
1738868681,134
1738868684,143
1738868687,137
1738868690,133
1738868693,143
1738868696,135
1738868699,136
1738868703,145
1738868705,140
1738868708,144
1738868711,139
1738868715,137
1738868715,None
1738868721,147
1738868724,142
1738868727,146
1738868730,150
1738868733,142
1738868736,139
1738868739,145
1738868742,146
1738868745,152
1738868748,157
1738868751,149
1738868754,146
1738868758,143
1738868760,147
1738868764,142
1738868767,144
1738868769,142
1738868772,152
1738868776,145
1738868779,137
1738868781,147
1738868785,151
1738868788,143
1738868791,150
1738868794,145
1738868797,147
1738868800,151
1738868803,136
1738868806,149
1738868809,147
1738868812,140
1738868815,152
1738868818,148
1738868821,150
1738868824,144
1738868827,147
1738868830,148
1738868833,139
1738868836,149
1738868840,145
1738868840,None
1738868846,150
1738868849,279
1738868852,400
1738868855,399
1738868858,344
1738868861,143
1738868864,151
1738868867,148
1738868870,146
1738868874,141
1738868877,144
1738868879,137
1738868882,141
1738868886,143
1738868888,148
1738868891,156
1738868895,272
1738868898,403
1738868901,401
1738868904,404
1738868907,266
1738868910,148
1738868913,148
1738868916,142
1738868919,153
1738868922,144
1738868925,148
1738868928,150
1738868931,144
1738868934,151
1738868937,147
1738868940,148
1738868943,152
1738868946,150
1738868950,139
1738868953,153
1738868955,147
1738868959,143
1738868962,147
1738868965,141
1738868968,145
1738868971,151
1738868974,140
1738868977,150
1738868980,146
1738868983,144
1738868986,147
1738868989,134
1738868992,137
1738868995,140
1738868998,131
1738868998,None
1738869004,137
1738869007,137
1738869010,138
1738869014,132
1738869016,136
1738869020,136
1738869023,140
1738869026,132
1738869029,141
1738869032,139
1738869036,129
1738869038,142
1738869041,137
1738869044,133
1738869047,140
1738869050,138
1738869050,None
1738869056,137
1738869059,139
1738869062,137
1738869065,128
1738869068,145
1738869068,None
1738869074,131
1738869077,138
1738869077,None
1738869083,136
1738869087,231
1738869087,None
1738869093,327
1738869096,311
1738869098,313
1738869102,302
1738869105,317
1738869108,318
1738869111,310
1738869114,322
1738869118,314
1738869120,313
1738869120,None
1738869126,313
1738869129,318
1738869133,305
1738869135,342
1738869139,563
1738869141,549
1738869141,None
1738869147,317
1738869151,295
1738869153,296
1738869157,288
1738869160,299
1738869163,285
1738869163,None
1738869169,301
1738869172,291
1738869175,286
1738869178,302
1738869181,295
1738869184,293
1738869187,298
1738869190,296
1738869193,289
1738869196,299
1738869199,293
1738869202,295
1738869202,None
1738869209,285
1738869212,293
1738869215,287
1738869218,296
1738869221,295
1738869224,292
1738869227,291
1738869230,294
1738869233,292
1738869236,296
1738869239,288
1738869242,300
1738869245,292
1738869248,287
1738869251,300
1738869254,291
1738869257,291
1738869260,297
1738869264,295
1738869266,288
1738869269,364
1738869272,555
1738869276,550
1738869280,550
1738869282,506
1738869284,289
1738869288,293
1738869291,294
1738869294,293
1738869297,295
1738869300,288
1738869303,299
1738869306,296
1738869309,284
1738869312,284
1738869315,298
1738869319,293
1738869321,290
1738869324,291
1738869328,292
1738869328,None
1738869334,290
1738869334,None
1738869340,299
1738869343,292
1738869346,285
1738869349,297
1738869352,291
1738869355,296
1738869355,None
1738869361,290
1738869364,297
1738869367,288
1738869370,291
1738869373,294
1738869376,292
1738869380,289
1738869382,292
1738869385,286
1738869388,296
1738869392,282
1738869394,288
1738869397,294
1738869400,291
1738869403,284
1738869407,298
1738869410,291
1738869413,301
1738869416,316
1738869419,369
1738869419,None
1738869425,387
1738869428,403
1738869431,385
1738869434,373
1738869437,376
1738869440,628
1738869443,630
1738869447,628
1738869449,625
1738869452,418
1738869456,372
1738869458,364
1738869461,370
1738869464,364
1738869468,358
1738869471,355
1738869474,358
1738869477,362
1738869480,348
1738869483,353
1738869486,361
1738869489,351
1738869492,348
1738869495,362
1738869498,350
1738869501,352
1738869504,352
1738869504,None
1738869510,357
1738869513,346
1738869516,350
1738869519,360
1738869522,352
1738869526,344
1738869529,353
1738869532,356
1738869534,350
1738869537,352
1738869541,347
1738869544,352
1738869547,357
1738869550,361
1738869553,351
1738869556,344
1738869559,341
1738869562,350
1738869565,349
1738869568,351
1738869571,349
1738869574,353
1738869578,351
1738869581,354
1738869584,341
1738869587,339
1738869589,354
1738869592,354
1738869595,350
1738869595,None
1738869602,350
1738869602,None
1738869608,352
1738869610,346
1738869610,None
1738869617,346
1738869620,357
1738869623,350
1738869623,None
1738869629,348
1738869632,353
1738869636,350
1738869639,354
1738869641,344
1738869645,358
1738869647,351
1738869650,347
1738869654,352
1738869656,343
1738869660,354
1738869663,353
1738869666,355
1738869666,None
1738869672,354
1738869675,349
1738869678,412
1738869678,None
1738869684,604
1738869687,618
1738869690,457
1738869693,352
1738869696,354
1738869696,None
1738869702,347
1738869705,355
1738869709,354
1738869712,348
1738869715,354
1738869718,347
1738869718,None
1738869724,351
1738869727,347
1738869730,347
1738869733,352
1738869736,349
1738869739,344
1738869742,356
1738869745,345
1738869748,355
1738869751,353
1738869754,344
1738869754,None
1738869760,353
1738869763,352
1738869766,352
1738869769,348
1738869772,345
1738869776,357
1738869779,353
1738869782,354
1738869782,None
1738869782,None
1738869791,352
1738869794,348
1738869794,None
1738869800,352
1738869803,347
1738869807,355
1738869809,352
1738869813,340
1738869815,350
1738869818,506
1738869822,603
1738869825,603
1738869827,600
1738869827,None
1738869834,351
1738869837,350
1738869840,352
1738869843,353
1738869846,351
1738869849,352
1738869853,349
1738869855,346
1738869855,None
1738869861,350
1738869864,347
1738869867,348
1738869870,349
1738869873,352
1738869876,346
1738869879,352
1738869882,349
1738869885,348
1738869888,351
1738869891,353
1738869895,346
1738869897,348
1738869900,353
1738869904,346
1738869907,348
1738869907,None
1738869913,349
1738869916,351
1738869916,None
1738869923,352
1738869925,353
1738869928,349
1738869928,None
1738869934,357
1738869937,354
1738869941,343
1738869943,357
1738869946,354
1738869949,348
1738869952,351
1738869956,357
1738869958,348
1738869962,351
1738869965,353
1738869967,359
1738869971,348
1738869974,351
1738869977,354
1738869980,347
1738869983,353
1738869986,345
1738869989,356
1738869992,351
1738869995,345
1738869998,349
1738870001,345
1738870004,347
1738870008,354
1738870010,348
1738870013,356
1738870016,342
1738870019,353
1738870022,347
1738870026,349
1738870029,349
1738870031,346
1738870035,351
1738870038,346
1738870038,None
1738870044,353
1738870047,345
1738870050,355
1738870053,349
1738870056,356
1738870059,347
1738870059,None
1738870065,350
1738870068,350
1738870071,352
1738870074,346
1738870077,354
1738870080,346
1738870083,346
1738870086,350
1738870089,345
1738870093,355
1738870096,401
1738870098,607
1738870102,603
1738870102,None
1738870108,397
1738870111,340
1738870114,349
1738870117,353
1738870120,342
1738870123,345
1738870126,351
1738870129,346
1738870132,349
1738870135,346
1738870138,353
1738870142,358
1738870144,353
1738870147,363
1738870150,360
1738870153,354
1738870157,361
1738870160,357
1738870162,356
1738870166,350
1738870169,355
1738870171,359
1738870171,None
1738870178,463
1738870181,607
1738870184,604
1738870187,611
1738870190,499
1738870193,358
1738870196,348
1738870199,351
1738870202,352
1738870205,342
1738870209,351
1738870211,345
1738870214,342
1738870217,346
1738870220,348
1738870223,343
1738870226,345
1738870229,354
1738870233,341
1738870236,354
1738870239,344
1738870242,352
1738870245,352
1738870248,359
1738870251,357
1738870254,312
1738870257,203
1738870257,None
1738870257,None
1738870266,196
1738870270,207
1738870273,198
1738870275,204
1738870278,201
1738870281,204
1738870284,202
1738870287,196
1738870290,198
1738870294,202
1738870297,192
1738870299,201
1738870302,193
1738870306,193
1738870309,187
1738870312,191
1738870315,194
1738870318,194
1738870321,186
1738870324,196
1738870327,194
1738870331,186
1738870333,199
1738870337,193
1738870339,192
1738870342,194
1738870346,189
1738870348,195
1738870351,190
1738870354,195
1738870358,194
1738870361,188
1738870364,188
1738870367,185
1738870370,195
1738870373,190
1738870376,187
1738870379,190
1738870382,192
1738870385,193
1738870388,196
1738870391,187
1738870394,196
1738870397,189
1738870400,193
1738870403,206
1738870406,450
1738870409,451
1738870412,450
1738870415,424
1738870419,189
1738870422,194
1738870425,187
1738870425,None
1738870431,187
1738870434,190
1738870437,192
1738870440,190
1738870443,197
1738870446,189
1738870449,195
1738870449,None
1738870455,189
1738870458,190
1738870461,191
1738870464,193
1738870467,186
1738870470,193
1738870473,193
1738870477,185
1738870479,195
1738870482,191
1738870486,192
1738870489,194
1738870492,194
1738870495,188
1738870498,195
1738870500,195
1738870504,191
1738870507,193
1738870510,191
1738870513,196
1738870516,192
1738870519,193
1738870519,None
1738870525,191
1738870528,195
1738870531,190
1738870535,187
1738870538,191
1738870540,190
1738870544,191
1738870546,190
1738870549,281
1738870553,436
1738870556,447
1738870559,436
1738870562,350
1738870562,None
1738870562,None
1738870562,None
1738870574,187
1738870577,191
1738870580,181
1738870583,189
1738870586,193
1738870589,178
1738870592,192
1738870595,189
1738870599,189
1738870601,185
1738870601,None
1738870608,193
1738870610,187
1738870613,193
1738870617,189
1738870620,183
1738870620,None
1738870626,186
1738870629,189
1738870632,192
1738870635,192
1738870638,183
1738870641,194
1738870641,None
1738870647,194
1738870650,187
1738870654,194
1738870657,189
1738870660,186
1738870663,193
1738870665,187
1738870669,187
1738870672,190
1738870675,190
1738870675,None
1738870681,185
1738870684,186
1738870687,187
1738870690,191
1738870693,185
1738870696,197
1738870699,192
1738870699,None
1738870705,192
1738870708,189
1738870711,188
1738870714,189
1738870717,191
1738870720,190
1738870723,185
1738870727,191
1738870730,186
1738870733,186
1738870736,190
1738870738,185
1738870742,178
1738870745,188
1738870748,188
1738870751,178
1738870754,186
1738870757,181
1738870760,182
1738870763,184
1738870766,181
1738870769,185
1738870772,185
1738870776,180
1738870778,172
1738870782,185
1738870784,181
1738870788,181
1738870790,178
1738870793,187
1738870797,175
1738870797,None
1738870803,191
1738870806,187
1738870809,361
1738870812,448
1738870812,None
1738870818,444
1738870821,194
1738870824,181
1738870824,None
1738870830,195
1738870833,186
1738870836,182
1738870839,181
1738870842,183
1738870842,None
1738870848,184
1738870852,187
1738870855,181
1738870857,173
1738870860,183
1738870864,187
1738870867,184
1738870870,186
1738870873,178
1738870876,185
1738870879,187
1738870882,188
1738870885,180
1738870888,185
1738870892,189
1738870894,185
1738870897,184
1738870901,190
1738870903,189
1738870906,187
1738870910,191
1738870912,194
1738870916,185
1738870919,191
1738870922,188
1738870924,188
1738870928,187
1738870931,424
1738870934,441
1738870937,444
1738870940,439
1738870943,253
1738870947,186
1738870949,192
1738870952,182
1738870955,188
1738870958,192
1738870958,None
1738870964,179
1738870968,192
1738870970,184
1738870973,176
1738870977,189
1738870979,187
1738870983,191
1738870986,187
1738870989,195
1738870989,None
1738870996,190
1738870998,191
1738871002,204
1738871004,196
1738871007,195
1738871007,None
1738871013,200
1738871016,199
1738871019,203
1738871023,195
1738871025,187
1738871029,208
1738871031,203
1738871035,192
1738871038,198
1738871041,197
1738871044,193
1738871047,198
1738871050,208
1738871053,198
1738871056,194
1738871059,195
1738871062,199
1738871062,None
1738871069,201
1738871071,186
1738871075,196
1738871077,203
1738871077,None
1738871083,181
1738871086,204
1738871090,196
1738871093,197
1738871096,194
1738871099,197
1738871101,202
1738871105,199
1738871108,212
1738871111,200
1738871114,203
1738871114,None
1738871120,202
1738871123,205
1738871126,205
1738871126,None
1738871132,200
1738871135,206
1738871138,204
1738871141,199
1738871141,None
1738871148,202
1738871151,208
1738871154,206
1738871157,204
1738871157,None
1738871162,209
1738871166,196
1738871169,208
1738871172,203
1738871175,202
1738871178,204
1738871181,202
1738871184,200
1738871187,201
1738871190,207
1738871193,198
1738871196,207
1738871199,459
1738871202,464
1738871205,462
1738871208,457
1738871212,201
1738871214,206
1738871214,None
1738871221,192
1738871224,205
1738871227,198
1738871230,189
1738871233,194
1738871233,None
1738871233,None
1738871241,197
1738871245,193
1738871248,197
1738871251,194
1738871254,186
1738871257,202
1738871260,194
1738871263,191
1738871266,199
1738871269,197
1738871272,195
1738871276,198
1738871276,None
1738871282,191
1738871284,199
1738871288,197
1738871291,194
1738871294,204
1738871297,200
1738871300,199
1738871303,202
1738871306,291
1738871306,None
1738871312,462
1738871315,453
1738871318,302
1738871321,199
1738871324,196
1738871327,198
1738871330,202
1738871334,193
1738871334,None
1738871339,195
1738871343,197
1738871346,199
1738871349,191
1738871352,199
1738871354,196
1738871354,None
1738871361,201
1738871364,204
1738871367,193
1738871370,200
1738871373,200
1738871377,209
1738871379,205
1738871382,196
1738871386,206
1738871388,202
1738871391,201
1738871394,207
1738871397,207
1738871400,196
1738871404,212
1738871407,198
1738871409,197
1738871412,205
1738871416,199
1738871418,201
1738871422,201
1738871425,198
1738871425,None
1738871431,200
1738871431,None
1738871437,207
1738871437,None
1738871437,None
1738871446,211
1738871449,210
1738871453,205
1738871455,209
1738871458,206
1738871462,210
1738871464,199
1738871467,206
1738871470,203
1738871473,203
1738871476,200
1738871479,213
1738871483,204
1738871486,203
1738871488,203
1738871492,200
1738871495,191
1738871498,195
1738871501,198
1738871504,194
1738871507,203
1738871510,194
1738871510,None
1738871516,195
1738871519,193
1738871522,202
1738871525,194
1738871528,197
1738871531,198
1738871534,202
1738871538,192
1738871541,200
1738871544,195
1738871547,190
1738871550,199
1738871553,191
1738871556,193
1738871559,195
1738871559,None
1738871565,193
1738871568,200
1738871571,207
1738871574,194
1738871577,196
1738871580,203
1738871583,195
1738871586,201
1738871589,206
1738871592,445
1738871595,460
1738871598,461
1738871601,458
1738871604,250
1738871607,192
1738871611,205
1738871613,201
1738871617,169
1738871619,138
1738871619,None
1738871626,145
1738871629,152
1738871632,149
1738871635,149
1738871638,154
1738871641,157
1738871644,158
1738871647,143
1738871650,149
1738871653,223
1738871653,None
1738871660,412
1738871660,None
1738871665,347
1738871668,156
1738871671,143
1738871675,155
1738871678,151
1738871681,144
1738871684,154
1738871687,141
1738871690,141
1738871693,144
1738871696,141
1738871699,138
1738871702,143
1738871705,135
1738871708,148
1738871711,137
1738871714,146
1738871717,140
1738871720,147
1738871724,145
1738871726,143
1738871730,146
1738871732,144
1738871735,135
1738871739,146
1738871742,145
1738871745,147
1738871748,132
1738871748,None
1738871754,142
1738871757,139
1738871760,140
1738871763,135
1738871766,139
1738871770,141
1738871772,139
1738871775,142
1738871778,135
1738871778,None
1738871784,141
1738871788,133
1738871791,139
1738871793,142
1738871797,131
1738871800,144
1738871803,139
1738871806,136
1738871809,147
1738871812,139
1738871815,136
1738871818,139
1738871821,132
1738871824,143
1738871827,139
1738871827,None
1738871833,139
1738871836,130
1738871839,133
1738871842,149
1738871845,139
1738871848,136
1738871851,142
1738871854,138
1738871857,136
1738871861,146
1738871863,145
1738871866,138
1738871869,139
1738871873,140
1738871876,140
1738871876,None
1738871882,140
1738871885,141
1738871888,133
1738871891,136
1738871894,141
1738871897,136
1738871900,140
1738871903,143
1738871903,None
1738871909,134
1738871912,141
1738871915,145
1738871918,136
1738871921,141
1738871925,142
1738871927,139
1738871931,137
1738871934,143
1738871936,143
1738871940,142
1738871943,131
1738871946,145
1738871949,138
1738871952,131
1738871952,None
1738871958,137
1738871961,135
1738871964,135
1738871967,134
1738871970,138
1738871973,142
1738871976,135
1738871979,133
1738871983,134
1738871986,137
1738871988,140
1738871992,135
1738871995,143
1738871998,136
1738872001,130
1738872004,136
1738872007,384
1738872010,385
1738872013,383
1738872016,339
1738872020,136
1738872023,150
1738872026,320
1738872029,387
1738872031,400
1738872035,387
1738872035,None
1738872041,144
1738872043,286
1738872046,296
1738872050,297
1738872053,293
1738872056,301
1738872059,286
1738872062,299
1738872065,289
1738872068,290
1738872071,293
1738872074,288
1738872077,288
1738872080,285
1738872083,288
1738872086,288
1738872089,282
1738872092,291
1738872095,286
1738872098,288
1738872101,290
1738872104,285
1738872107,290
1738872111,296
1738872114,284
1738872117,295
1738872120,288
1738872120,None
1738872125,293
1738872128,291
1738872132,289
1738872135,293
1738872138,282
1738872141,294
1738872144,292
1738872148,283
1738872150,291
1738872153,287
1738872156,293
1738872159,282
1738872162,290
1738872165,294
1738872168,288
1738872171,283
1738872174,294
1738872177,290
1738872180,290
1738872183,292
1738872187,289
1738872190,298
1738872193,296
1738872196,285
1738872199,297
1738872201,291
1738872205,291
1738872208,289
1738872211,292
1738872214,295
1738872217,281
1738872217,None
1738872223,297
1738872226,288
1738872229,287
1738872229,None
1738872235,289
1738872238,291
1738872238,None
1738872244,282
1738872247,291
1738872251,286
1738872254,283
1738872257,288
1738872260,285
1738872263,282
1738872266,282
1738872269,285
1738872272,294
1738872272,None
1738872278,284
1738872281,289
1738872284,284
1738872287,286
1738872290,289
1738872294,293
1738872296,288
1738872300,282
1738872303,291
1738872306,284
1738872309,282
1738872312,291
1738872315,286
1738872315,None
1738872321,286
1738872324,288
1738872327,282
1738872327,None
1738872333,289
1738872336,280
1738872339,279
1738872339,None
1738872339,None
1738872348,389
1738872351,523
1738872354,530
1738872357,526
1738872360,431
1738872363,284
1738872367,279
1738872367,None
1738872373,280
1738872376,277
1738872379,277
1738872382,279
1738872385,269
1738872388,287
1738872391,273
1738872395,280
1738872398,277
1738872400,278
1738872404,282
1738872406,280
1738872409,271
1738872413,281
1738872416,272
1738872419,285
1738872422,459
1738872425,530
1738872428,527
1738872428,None
1738872434,276
1738872437,277
1738872440,272
1738872443,281
1738872443,None
1738872449,284
1738872452,281
1738872456,279
1738872458,280
1738872461,272
1738872465,285
1738872468,279
1738872470,275
1738872474,281
1738872477,278
1738872479,282
1738872482,282
1738872482,None
1738872489,271
1738872492,287
1738872496,283
1738872496,None
1738872501,276
1738872504,278
1738872507,273
1738872510,278
1738872513,273
1738872516,281
1738872519,277
1738872522,276
1738872525,281
1738872525,None
1738872531,275
1738872535,276
1738872537,276
1738872541,276
1738872541,None
1738872541,None
1738872541,None
1738872552,276
1738872556,281
1738872559,280
1738872562,272
1738872565,282
1738872568,275
1738872571,278
1738872574,282
1738872577,275
1738872580,278
1738872583,276
1738872586,279
1738872589,283
1738872592,277
1738872595,281
1738872598,274
1738872602,280
1738872604,276
1738872607,275
1738872611,279
1738872611,None
1738872617,275
1738872620,284
1738872623,280
1738872626,270
1738872629,284
1738872632,279
1738872635,276
1738872638,275
1738872641,275
1738872645,273
1738872647,271
1738872651,282
1738872651,None
1738872657,281
1738872657,None
1738872662,275
1738872665,274
1738872668,279
1738872672,276
1738872674,278
1738872677,289
1738872680,282
1738872684,281
1738872687,283
1738872690,280
1738872693,282
1738872696,284
1738872699,284
1738872699,None
1738872705,525
1738872708,534
1738872711,423
1738872714,276
1738872717,277
1738872720,277
1738872723,282
1738872726,284
1738872729,295
1738872733,332
1738872735,352
1738872738,381
1738872742,385
1738872745,505
1738872748,630
1738872750,630
1738872754,628
1738872757,494
1738872760,375
1738872763,370
1738872766,367
1738872769,367
1738872772,362
1738872772,None
1738872772,None
1738872772,None
1738872772,None
1738872787,347
1738872790,356
1738872794,343
1738872796,348
1738872800,348
1738872803,349
1738872805,345
1738872809,353
1738872812,345
1738872815,354
1738872818,345
1738872821,346
1738872823,345
1738872826,341
1738872829,353
1738872832,347
1738872836,350
1738872839,342
1738872842,351
1738872845,345
1738872847,348
1738872851,347
1738872854,345
1738872857,347
1738872857,None
1738872857,None
1738872866,353
1738872869,347
1738872872,349
1738872875,349
1738872879,348
1738872882,341
1738872884,347
1738872888,351
1738872890,343
1738872894,340
1738872897,352
1738872900,343
1738872903,340
1738872906,342
1738872909,350
1738872912,344
1738872915,353
1738872918,344
1738872921,343
1738872924,353
1738872927,346
1738872930,338
1738872933,343
1738872936,348
1738872939,343
1738872943,347
1738872943,None
1738872948,346
1738872952,346
1738872954,503
1738872957,596
1738872960,595
1738872963,589
1738872966,362
1738872970,345
1738872973,351
1738872976,342
1738872979,351
1738872982,347
1738872985,345
1738872988,343
1738872991,348
1738872994,347
1738872997,347
1738873000,336
1738873003,347
1738873006,351
1738873009,349
1738873012,342
1738873016,349
1738873018,346
1738873021,349
1738873025,339
1738873028,349
1738873031,351
1738873034,347
1738873037,340
1738873040,354
1738873043,351
1738873046,347
1738873049,352
1738873049,None
1738873055,346
1738873055,None
1738873061,350
1738873064,342
1738873068,350
1738873070,354
1738873073,346
1738873076,342
1738873076,None
1738873083,351
1738873086,349
1738873088,342
1738873092,348
1738873095,347
1738873095,None
1738873101,353
1738873104,345
1738873107,352
1738873110,358
1738873113,352
1738873116,351
1738873116,None
1738873122,348
1738873122,None
1738873128,350
1738873131,348
1738873135,358
1738873137,345
1738873141,462
1738873143,606
1738873147,608
1738873150,605
1738873153,473
1738873156,356
1738873156,None
1738873162,359
1738873165,350
1738873168,347
1738873172,347
1738873172,None
1738873177,350
1738873180,345
1738873183,346
1738873187,346
1738873190,350
1738873193,339
1738873196,345
1738873198,351
1738873201,340
1738873205,348
1738873208,346
1738873211,346
1738873214,344
1738873217,348
1738873220,340
1738873223,345
1738873226,353
1738873229,342
1738873232,312
1738873235,194
1738873238,196
1738873241,199
1738873245,193
1738873247,195
1738873250,198
1738873253,187
1738873256,202
1738873260,193
1738873263,198
1738873266,194
1738873269,198
1738873272,195
1738873275,195
1738873278,196
1738873281,193
1738873284,367
1738873287,443
1738873287,None
1738873293,445
1738873293,None
1738873299,192
1738873303,191
1738873305,191
1738873308,194
1738873311,195
1738873315,198
1738873318,190
1738873320,188
1738873323,203
1738873327,195
1738873330,193
1738873333,198
1738873336,194
1738873339,196
1738873342,193
1738873345,192
1738873348,202
1738873351,192
1738873355,186
1738873357,201
1738873360,194
1738873363,192
1738873363,None
1738873370,195
1738873372,192
1738873376,193
1738873378,186
1738873382,198
1738873384,198
1738873388,189
1738873391,201
1738873394,193
1738873397,192
1738873400,192
1738873403,193
1738873406,202
1738873409,190
1738873412,190
1738873415,198
1738873418,195
1738873422,190
1738873424,197
1738873427,192
1738873431,188
1738873434,189
1738873436,188
1738873440,188
1738873443,192
1738873445,194
1738873449,188
1738873452,194
1738873455,189
1738873458,187
1738873461,192
1738873464,194
1738873467,192
1738873470,196
1738873473,193
1738873476,192
1738873479,196
1738873482,186
1738873485,197
1738873488,195
1738873492,194
1738873494,193
1738873498,193
1738873500,194
1738873504,202
1738873507,194
1738873510,199
1738873513,190
1738873516,200
1738873519,199
1738873522,189
1738873525,205
1738873528,195
1738873531,195
1738873535,197
1738873537,194
1738873540,196
1738873543,197
1738873547,197
1738873550,194
1738873553,206
1738873555,200
1738873559,302
1738873561,457
1738873565,457
1738873567,457
1738873570,380
1738873574,199
1738873577,205
1738873580,202
1738873583,201
1738873586,205
1738873589,195
1738873592,204
1738873595,203
1738873598,198
1738873601,206
1738873604,201
1738873608,204
1738873610,197
1738873613,193
1738873617,190
1738873619,187
1738873622,198
1738873626,191
1738873629,199
1738873629,None
1738873635,190
1738873638,197
1738873641,193
1738873644,199
1738873647,188
1738873650,195
1738873653,198
1738873656,189
1738873660,200
1738873662,201
1738873665,196
1738873668,358
1738873671,445
1738873675,444
1738873677,445
1738873677,None
1738873684,189
1738873684,None
1738873684,None
1738873684,None
1738873696,193
1738873699,190
1738873702,196
1738873705,192
1738873708,196
1738873711,188
1738873714,195
1738873717,193
1738873720,193
1738873723,197
1738873726,193
1738873729,196
1738873732,196
1738873735,189
1738873738,197
1738873741,190
1738873744,200
1738873747,189
1738873750,194
1738873754,190
1738873757,195
1738873760,194
1738873760,None
1738873766,194
1738873769,188
1738873772,194
1738873775,197
1738873778,181
1738873781,196
1738873784,191
1738873787,192
1738873790,190
1738873793,191
1738873796,197
1738873799,191
1738873802,185
1738873806,197
1738873809,192
1738873812,194
1738873814,193
1738873818,192
1738873821,194
1738873824,192
1738873827,198
1738873830,192
1738873833,192
1738873836,187
1738873839,193
1738873842,200
1738873845,199
1738873848,193
1738873851,193
1738873854,195
1738873857,201
1738873860,200
1738873863,195
1738873867,193
1738873870,189
1738873872,188
1738873876,194
1738873879,189
1738873882,197
1738873885,194
1738873888,198
1738873891,198
1738873894,194
1738873894,None
1738873900,189
1738873900,None
1738873906,198
1738873909,193
1738873913,310
1738873915,453
1738873918,463
1738873921,454
1738873924,388
1738873924,None
1738873931,192
1738873933,201
1738873936,191
1738873939,194
1738873942,198
1738873946,194
1738873949,197
1738873952,193
1738873955,198
1738873958,193
1738873961,192
1738873964,197
1738873967,198
1738873970,200
1738873973,193
1738873976,196
1738873976,None
1738873982,196
1738873985,191
1738873985,None
1738873992,196
1738873994,197
1738873997,196
1738874001,194
1738874003,197
1738874007,193
1738874010,193
1738874013,197
1738874016,195
1738874019,191
1738874022,193
1738874025,194
1738874025,None
1738874031,190
1738874034,197
1738874037,195
1738874040,189
1738874043,197
1738874043,None
1738874049,318
1738874052,441
1738874052,None
1738874059,398
1738874059,None
1738874059,None
1738874068,198
1738874071,193
1738874071,None
1738874077,190
1738874080,196
1738874080,None
1738874086,191
1738874086,None
1738874093,188
1738874096,199
1738874098,193
1738874101,196
1738874101,None
1738874107,196
1738874110,199
1738874113,185
1738874117,201
1738874119,198
1738874122,192
1738874126,194
1738874129,187
1738874132,192
1738874135,192
1738874138,200
1738874141,193
1738874144,193
1738874147,189
1738874150,191
1738874153,197
1738874156,197
1738874159,197
1738874162,209
1738874165,198
1738874168,196
1738874172,214
1738874175,204
1738874177,204
1738874181,197
1738874183,202
1738874187,200
1738874189,201
1738874192,197
1738874196,204
1738874198,196
1738874202,206
1738874205,194
1738874208,206
1738874211,202
1738874215,205
1738874217,199
1738874220,203
1738874223,199
1738874226,204
1738874229,195
1738874232,201
1738874235,201
1738874239,198
1738874241,203
1738874244,199
1738874247,199
1738874247,None
1738874253,203
1738874257,201
1738874260,198
1738874263,205
1738874266,197
1738874269,198
1738874272,203
1738874275,201
1738874275,None
1738874281,208
1738874284,209
1738874287,209
1738874290,213
1738874294,205
1738874296,207
1738874299,213
1738874299,None
1738874306,208
1738874308,212
1738874311,203
1738874311,None
1738874318,285
1738874320,468
1738874323,465
1738874326,470
1738874330,276
1738874332,210
1738874336,207
1738874340,205
1738874340,None
1738874345,194
1738874348,200
1738874351,204
1738874354,193
1738874357,200
1738874361,199
1738874363,201
1738874367,201
1738874369,401
1738874372,450
1738874376,455
1738874379,423
1738874382,195
1738874385,201
1738874387,203
1738874391,198
1738874394,202
1738874397,207
1738874400,192
1738874403,209
1738874406,200
1738874409,194
1738874412,201
1738874415,201
1738874418,199
1738874421,202
1738874424,202
1738874427,193
1738874430,204
1738874433,199
1738874436,197
1738874439,201
1738874443,198
1738874445,203
1738874449,193
1738874451,211
1738874454,201
1738874458,195
1738874461,204
1738874464,197
1738874467,200
1738874470,199
1738874473,200
1738874476,202
1738874479,199
1738874482,196
1738874485,203
1738874488,202
1738874492,200
1738874494,195
1738874497,201
1738874501,204
1738874503,197
1738874506,195
1738874510,199
1738874512,203
1738874516,200
1738874519,193
1738874522,190
1738874525,206
1738874527,196
1738874530,197
1738874534,197
1738874537,198
1738874540,202
1738874543,189
1738874543,None
1738874549,196
1738874552,190
1738874555,202
1738874558,197
1738874561,195
1738874561,None
1738874567,200
1738874570,194
1738874573,200
1738874576,196
1738874579,191
1738874583,197
1738874585,197
1738874589,198
1738874589,None
1738874595,191
1738874597,200
1738874601,194
1738874604,202
1738874607,191
1738874610,200
1738874613,197
1738874613,None
1738874613,None
1738874622,196
1738874625,202
1738874628,195
1738874631,196
1738874634,199
1738874637,195
1738874640,194
1738874643,199
1738874643,None
1738874649,201
1738874652,191
1738874655,200
1738874659,195
1738874662,197
1738874665,200
1738874668,195
1738874670,203
1738874673,450
1738874677,450
1738874680,452
1738874683,470
1738874686,439
1738874689,452
1738874692,454
1738874695,397
1738874698,193
1738874702,196
1738874704,198
1738874707,201
1738874710,196
1738874713,189
1738874716,204
1738874719,198
1738874722,197
1738874725,195
1738874728,194
1738874732,199
1738874735,191
1738874738,192
1738874741,200
1738874744,195
1738874744,None
1738874750,196
1738874753,199
1738874755,192
1738874759,198
1738874762,199
1738874765,190
1738874768,206
1738874771,192
1738874774,195
1738874777,196
1738874780,198
1738874783,194
1738874786,195
1738874789,192
1738874792,184
1738874796,200
1738874799,191
1738874801,199
1738874804,196
1738874808,195
1738874811,196
1738874814,203
1738874817,195
1738874817,None
1738874823,206
1738874826,196
1738874829,204
1738874832,208
1738874835,208
1738874838,208
1738874841,213
1738874844,149
1738874847,142
1738874851,154
1738874853,153
1738874856,150
1738874860,149
1738874863,154
1738874866,144
1738874869,144
1738874869,None
1738874874,150
1738874878,148
1738874878,None
1738874884,151
1738874887,150
1738874887,None
1738874893,136
1738874896,149
1738874899,141
1738874902,134
1738874905,143
1738874908,138
1738874911,136
1738874915,135
1738874918,142
1738874920,144
1738874923,139
1738874926,140
1738874929,131
1738874932,146
1738874935,145
1738874938,140
1738874942,143
1738874945,142
1738874945,None
1738874951,142
1738874954,144
1738874957,138
1738874960,138
1738874963,133
1738874966,142
1738874969,142
1738874972,138
1738874975,128
1738874978,134
1738874982,145
1738874984,137
1738874987,126
1738874991,141
1738874994,137
1738874997,140
1738874999,137
1738875003,141
1738875006,136
1738875009,141
1738875012,143
1738875015,136
1738875018,137
1738875021,284
1738875024,290
1738875027,295
1738875030,282
1738875033,287
1738875036,297
1738875039,297
1738875043,292
1738875046,405
1738875049,541
1738875052,546
1738875055,750
1738875055,None
1738875061,530
1738875064,536
1738875064,None
1738875070,351
1738875073,293
1738875076,291
1738875079,294
1738875082,288
1738875085,290
1738875089,293
1738875089,None
1738875094,291
1738875097,285
1738875100,300
1738875104,294
1738875107,293
1738875107,None
1738875113,292
1738875116,291
1738875119,290
1738875122,298
1738875125,293
1738875128,294
1738875131,293
1738875134,295
1738875137,294
1738875140,293
1738875143,292
1738875146,293
1738875149,296
1738875153,290
1738875156,295
1738875159,296
1738875161,292
1738875164,288
1738875168,294
1738875170,291
1738875173,295
1738875176,288
1738875179,286
1738875182,300
1738875186,290
1738875189,288
1738875192,289
1738875195,292
1738875198,284
1738875200,288
1738875204,292
1738875204,None
1738875211,298
1738875213,294
1738875216,291
1738875219,289
1738875223,289
1738875225,286
1738875228,289
1738875232,295
1738875234,295
1738875238,297
1738875241,291
1738875244,285
1738875247,308
1738875250,301
1738875253,301
1738875256,301
1738875259,300
1738875262,303
1738875265,293
1738875268,300
1738875271,304
1738875274,298
1738875277,293
1738875280,306
1738875283,300
1738875286,303
1738875289,298
1738875293,301
1738875295,305
1738875299,301
1738875302,288
1738875304,302
1738875308,319
1738875311,316
1738875314,315
1738875317,311
1738875320,316
1738875323,328
1738875326,343
1738875329,327
1738875332,323
1738875335,340
1738875338,329
1738875341,331
1738875344,330
1738875347,330
1738875351,331
1738875354,326
1738875356,338
1738875359,328
1738875363,324
1738875363,None
1738875369,329
1738875372,329
1738875375,329
1738875378,326
1738875381,330
1738875384,319
1738875387,332
1738875390,320
1738875393,323
1738875396,327
1738875399,327
1738875402,327
1738875405,329
1738875408,325
1738875411,330
1738875414,334
1738875417,329
1738875421,323
1738875424,423
1738875427,573
1738875430,584
1738875433,584
1738875436,403
1738875439,327
1738875442,332
1738875442,None
1738875448,320
1738875451,318
1738875454,331
1738875457,323
1738875460,318
1738875460,None
1738875466,316
1738875469,318
1738875472,324
1738875476,323
1738875478,314
1738875481,323
1738875485,320
1738875488,316
1738875491,552
1738875494,565
1738875497,560
1738875500,567
1738875503,557
1738875506,322
1738875510,318
1738875512,320
1738875516,321
1738875518,320
1738875521,316
1738875524,323
1738875527,320
1738875530,328
1738875533,323
1738875537,332
1738875540,323
1738875540,None
1738875546,330
1738875548,330
1738875552,328
1738875555,327
1738875558,325
1738875561,324
1738875564,331
1738875567,322
1738875570,323
1738875573,324
1738875576,324
1738875579,324
1738875582,324
1738875585,327
1738875589,324
1738875592,326
1738875595,323
1738875598,312
1738875600,320
1738875604,324
1738875606,322
1738875610,319
1738875613,321
1738875615,326
1738875619,313
1738875622,320
1738875624,329
1738875628,321
1738875631,308
1738875631,None
1738875637,326
1738875640,316
1738875643,325
1738875646,318
1738875649,313
1738875652,318
1738875655,313
1738875658,305
1738875661,319
1738875664,312
1738875668,314
1738875670,311
1738875673,317
1738875676,316
1738875679,313
1738875683,309
1738875685,326
1738875689,309
1738875692,307
1738875695,312
1738875698,312
1738875701,310
1738875704,311
1738875707,312
1738875710,317
1738875713,312
1738875716,298
1738875719,317
1738875722,313
1738875725,310
1738875728,312
1738875728,None
1738875734,306
1738875737,313
1738875740,316
1738875743,309
1738875747,303
1738875749,314
1738875752,312
1738875756,310
1738875759,307
1738875761,301
1738875765,286
1738875768,277
1738875771,396
1738875774,537
1738875777,540
1738875780,537
1738875783,323
1738875786,284
1738875789,284
1738875792,282
1738875795,281
1738875799,288
1738875801,281
1738875804,279
1738875807,293
1738875810,288
1738875813,291
1738875816,293
1738875820,296
1738875822,290
1738875826,290
1738875826,None
1738875832,288
1738875835,293
1738875838,288
1738875841,286
1738875844,291
1738875844,None
1738875850,291
1738875853,289
1738875856,289
1738875859,294
1738875862,287
1738875865,283
1738875868,298
1738875871,290
1738875874,285
1738875878,290
1738875881,284
1738875884,291
1738875887,291
1738875889,299
1738875893,292
1738875896,290
1738875899,511
1738875901,527
1738875901,None
1738875908,527
1738875911,290
1738875914,286
1738875917,292
1738875920,281
1738875923,273
1738875926,282
1738875929,286
1738875932,281
1738875935,286
1738875938,292
1738875938,None
1738875944,292
1738875947,285
1738875950,292
1738875953,288
1738875956,286
1738875959,295
1738875962,285
1738875965,288
1738875969,291
1738875971,289
1738875974,288
1738875978,290
1738875980,288
1738875983,285
1738875987,293
1738875990,287
1738875993,285
1738875996,302
1738875999,330
1738876002,359
1738876005,394
1738876008,390
1738876011,391
1738876014,389
1738876017,382
1738876020,375
1738876023,369
1738876026,373
1738876029,382
1738876032,381
1738876036,374
1738876038,371
1738876042,367
1738876045,353
1738876048,356
1738876051,362
1738876053,355
1738876057,347
1738876060,354
1738876063,354
1738876065,351
1738876069,348
1738876072,352
1738876075,351
1738876078,352
1738876081,350
1738876084,346
1738876087,351
1738876090,347
1738876094,346
1738876096,345
1738876099,349
1738876102,346
1738876105,347
1738876108,350
1738876111,339
1738876115,350
1738876117,347
1738876121,343
1738876124,349
1738876126,346
1738876130,349
1738876133,348
1738876136,344
1738876139,347
1738876142,344
1738876145,352
1738876148,443
1738876151,600
1738876154,595
1738876157,603
1738876157,None
1738876163,345
1738876167,343
1738876170,347
1738876172,350
1738876176,350
1738876179,340
1738876182,349
1738876184,344
1738876188,340
1738876191,346
1738876194,345
1738876197,345
1738876197,None
1738876204,343
1738876204,None
1738876210,281
1738876212,194
1738876215,203
1738876219,195
1738876222,400
1738876225,444
1738876225,None
1738876230,440
1738876234,216
1738876234,None
1738876240,200
1738876243,197
1738876246,187
1738876249,204
1738876252,195
1738876252,None
1738876258,195
1738876261,199
1738876264,195
1738876267,196
1738876270,195
1738876270,None
1738876276,209
1738876279,198
1738876283,205
1738876285,204
1738876289,206
1738876291,204
1738876295,207
1738876298,198
1738876301,205
1738876303,201
1738876307,212
1738876310,206
1738876310,None
1738876316,203
1738876319,205
1738876319,None
1738876319,None
1738876328,202
1738876331,207
1738876334,198
1738876337,198
1738876341,194
1738876343,194
1738876346,194
1738876349,194
1738876352,195
1738876356,200
1738876358,189
1738876361,201
1738876365,190
1738876368,197
1738876370,192
1738876374,197
1738876377,193
1738876380,194
1738876383,193
1738876386,193
1738876389,195
1738876392,194
1738876395,188
1738876398,199
1738876401,193
1738876404,194
1738876407,196
1738876410,191
1738876413,197
1738876416,198
1738876419,190
1738876422,195
1738876426,202
1738876429,193
1738876429,None
1738876435,196
1738876438,194
1738876441,201
1738876444,195
1738876447,203
1738876450,210
1738876453,200
1738876456,199
1738876460,209
1738876462,201
1738876465,204
1738876465,None
1738876465,None
1738876475,203
1738876478,205
1738876481,193
1738876484,204
1738876487,199
1738876490,203
1738876493,201
1738876496,200
1738876499,201
1738876502,199
1738876502,None
1738876508,449
1738876511,456
1738876514,442
1738876517,211
1738876520,195
1738876523,204
1738876526,201
1738876529,198
1738876532,195
1738876535,192
1738876538,192
1738876542,186
1738876545,196
1738876548,186
1738876551,198
1738876554,188
1738876557,192
1738876560,193
1738876563,196
1738876566,186
1738876569,195
1738876572,196
1738876575,187
1738876578,201
1738876581,191
1738876584,191
1738876588,188
1738876590,195
1738876593,194
1738876597,220
1738876600,434
1738876603,439
1738876607,453
1738876609,441
1738876612,323
1738876615,192
1738876618,196
1738876618,None
1738876624,193
1738876627,196
1738876630,189
1738876633,196
1738876636,195
1738876639,185
1738876643,199
1738876646,192
1738876649,189
1738876652,195
1738876655,194
1738876658,189
1738876661,193
1738876664,192
1738876667,200
1738876670,195
1738876673,192
1738876676,201
1738876679,195
1738876682,194
1738876682,None
1738876688,195
1738876691,192
1738876695,197
1738876697,190
1738876700,199
1738876703,194
1738876706,194
1738876710,193
1738876713,195
1738876716,189
1738876718,190
1738876721,192
1738876724,192
1738876728,190
1738876731,196
1738876734,191
1738876737,196
1738876740,193
1738876743,193
1738876746,195
1738876749,196
1738876749,None
1738876755,193
1738876758,195
1738876761,188
1738876764,192
1738876767,198
1738876770,193
1738876773,192
1738876777,190
1738876779,188
1738876779,None
1738876786,194
1738876789,192
1738876792,184
1738876795,184
1738876798,191
1738876801,181
1738876804,185
1738876807,183
1738876810,186
1738876813,189
1738876816,182
1738876819,184
1738876822,187
1738876825,182
1738876828,183
1738876832,181
1738876835,181
1738876837,185
1738876841,178
1738876844,187
1738876847,184
1738876850,180
1738876853,186
1738876856,186
1738876859,189
1738876862,181
1738876862,None
1738876868,194
1738876871,183
1738876874,194
1738876877,186
1738876880,193
1738876883,189
1738876887,187
1738876890,191
1738876892,191
1738876895,186
1738876899,230
1738876902,486
1738876905,483
1738876908,482
1738876911,450
1738876913,282
1738876917,229
1738876920,229
1738876923,231
1738876926,230
1738876929,235
1738876932,229
1738876935,229
1738876939,224
1738876941,222
1738876945,217
1738876947,219
1738876950,212
1738876953,206
1738876957,203
1738876960,196
1738876960,None
1738876966,195
1738876969,187
1738876972,191
1738876975,189
1738876975,None
1738876981,185
1738876984,180
1738876987,183
1738876990,179
1738876993,189
1738876996,185
1738876999,186
1738877003,183
1738877005,182
1738877009,181
1738877012,186
1738877015,409
1738877018,428
1738877022,431
1738877024,429
1738877027,306
1738877027,None
1738877033,181
1738877036,181
1738877039,178
1738877043,190
1738877045,198
1738877045,None
1738877045,None
1738877054,188
1738877057,185
1738877060,184
1738877064,192
1738877067,195
1738877070,190
1738877073,201
1738877076,185
1738877079,187
1738877082,205
1738877085,190
1738877088,193
1738877091,192
1738877094,199
1738877094,None
1738877100,196
1738877104,192
1738877106,201
1738877110,193
1738877112,193
1738877115,200
1738877118,191
1738877122,196
1738877125,197
1738877128,191
1738877128,None
1738877134,193
1738877137,192
1738877140,199
1738877143,189
1738877146,197
1738877150,191
1738877152,196
1738877155,189
1738877158,195
1738877161,183
1738877164,196
1738877167,187
1738877170,186
1738877174,191
1738877176,189
1738877179,186
1738877182,191
1738877185,189
1738877188,182
1738877191,193
1738877195,185
1738877197,185
1738877201,194
1738877204,188
1738877207,194
1738877207,None
1738877213,189
1738877216,196
1738877219,190
1738877223,185
1738877225,193
1738877228,190
1738877231,191
1738877234,186
1738877238,191
1738877240,194
1738877243,189
1738877247,185
1738877250,194
1738877253,190
1738877256,190
1738877259,190
1738877262,191
1738877262,None
1738877268,192
1738877271,422
1738877271,None
1738877277,431
1738877281,430
1738877283,429
1738877286,339
1738877289,186
1738877292,188
1738877295,191
1738877298,193
1738877301,189
1738877305,186
1738877307,182
1738877310,181
1738877314,422
1738877317,439
1738877319,433
1738877323,440
1738877325,298
1738877329,182
1738877332,191
1738877335,192
1738877338,187
1738877341,189
1738877344,190
1738877347,188
1738877350,195
1738877353,187
1738877356,198
1738877359,188
1738877363,194
1738877366,192
1738877368,184
1738877371,193
1738877375,190
1738877375,None
1738877381,186
1738877384,185
1738877387,189
1738877390,186
1738877393,193
1738877396,190
1738877399,188
1738877402,189
1738877406,194
1738877408,183
1738877411,193
1738877414,186
1738877417,187
1738877420,191
1738877420,None
1738877426,195
1738877429,191
1738877432,193
1738877436,181
1738877439,188
1738877442,197
1738877445,202
1738877448,190
1738877451,202
1738877454,202
1738877457,197
1738877460,192
1738877463,196
1738877466,197
1738877470,196
1738877472,201
1738877475,191
1738877478,200
1738877481,195
1738877484,198
1738877487,199
1738877490,195
1738877493,198
1738877497,197
1738877500,197
1738877503,197
1738877506,194
1738877508,199
1738877512,193
1738877515,199
1738877518,196
1738877521,192
1738877524,195
1738877527,195
1738877530,187
1738877533,192
1738877536,198
1738877539,188
1738877542,201
1738877545,190
1738877548,195
1738877548,None
1738877554,192
1738877557,192
1738877560,192
1738877563,197
1738877567,186
1738877570,192
1738877573,195
1738877576,194
1738877576,None
1738877582,194
1738877585,198
1738877588,199
1738877591,194
1738877594,203
1738877597,191
1738877600,190
1738877603,182
1738877606,186
1738877609,200
1738877609,None
1738877615,201
1738877618,192
1738877621,193
1738877625,202
1738877627,193
1738877627,None
1738877634,209
1738877636,201
1738877640,197
1738877642,201
1738877646,201
1738877649,292
1738877652,445
1738877655,455
1738877658,452
1738877661,442
1738877664,216
1738877667,209
1738877670,199
1738877673,194
1738877676,194
1738877679,202
1738877679,None
1738877685,197
1738877688,204
1738877691,193
1738877694,192
1738877697,442
1738877700,462
1738877703,449
1738877706,431
1738877710,194
1738877713,202
1738877716,201
1738877716,None
1738877722,192
1738877725,202
1738877728,195
1738877731,191
1738877734,204
1738877737,199
1738877740,197
1738877743,195
1738877746,200
1738877749,198
1738877752,195
1738877755,192
1738877758,203
1738877761,198
1738877764,195
1738877767,204
1738877770,200
1738877773,201
1738877776,194
1738877780,197
1738877783,202
1738877783,None
1738877789,194
1738877791,207
1738877795,198
1738877798,198
1738877801,199
1738877804,205
1738877807,195
1738877810,203
1738877814,195
1738877816,191
1738877819,200
1738877822,206
1738877825,200
1738877828,193
1738877831,196
1738877835,196
1738877838,199
1738877840,191
1738877840,None
1738877847,190
1738877850,196
1738877853,207
1738877855,195
1738877859,187
1738877862,201
1738877865,195
1738877868,193
1738877868,None
1738877875,201
1738877877,192
1738877880,198
1738877883,204
1738877883,None
1738877889,205
1738877893,197
1738877896,194
1738877898,196
1738877901,196
1738877904,193
1738877908,197
1738877911,197
1738877914,192
1738877916,191
1738877920,209
1738877923,197
1738877926,191
1738877929,197
1738877931,202
1738877935,196
1738877938,199
1738877941,196
1738877945,200
1738877947,207
1738877950,190
1738877953,195
1738877956,209
1738877959,200
1738877962,194
1738877965,194
1738877968,197
1738877971,197
1738877974,201
1738877978,197
1738877981,196
1738877984,188
1738877987,201
1738877990,195
1738877993,195
1738877996,228
1738877999,349
1738878002,348
1738878005,345
1738878009,348
1738878011,351
1738878015,340
1738878015,None
1738878021,345
1738878023,343
1738878027,344
1738878029,343
1738878033,507
1738878036,592
1738878039,595
1738878042,598
1738878045,436
1738878048,342
1738878051,336
1738878054,351
1738878057,347
1738878060,343
1738878064,350
1738878066,342
1738878069,340
1738878072,351
1738878072,None
1738878078,598
1738878081,595
1738878084,603
1738878087,453
1738878090,348
1738878093,345
1738878096,352
1738878100,355
1738878102,345
1738878105,299
1738878109,296
1738878111,290
1738878115,299
1738878118,293
1738878121,297
1738878124,289
1738878127,294
1738878130,296
1738878130,None
1738878136,296
1738878136,None
1738878142,290
1738878145,296
1738878148,287
1738878151,290
1738878154,339
1738878157,334
1738878160,331
1738878163,333
1738878166,331
1738878169,330
1738878172,328
1738878176,321
1738878179,326
1738878182,333
1738878185,333
1738878188,331
1738878191,332
1738878194,327
1738878197,324
1738878200,326
1738878203,318
1738878206,317
1738878209,304
1738878212,311
1738878215,305
1738878218,300
1738878218,None
1738878224,293
1738878227,286
1738878230,283
1738878234,287
1738878237,277
1738878240,282
1738878243,276
1738878246,275
1738878249,276
1738878252,272
1738878256,279
1738878258,280
1738878261,276
1738878265,274
1738878267,281
1738878270,276
1738878274,276
1738878276,272
1738878280,276
1738878282,278
1738878285,282
1738878289,273
1738878292,268
1738878295,281
1738878298,291
1738878301,286
1738878304,279
1738878307,286
1738878307,None
1738878307,None
1738878316,294
1738878319,285
1738878322,288
1738878322,None
1738878328,282
1738878332,300
1738878334,294
1738878337,291
1738878337,None
1738878344,292
1738878347,293
1738878350,415
1738878353,545
1738878356,538
1738878359,546
1738878362,448
1738878365,297
1738878368,294
1738878371,294
1738878374,295
1738878377,298
1738878377,None
1738878383,297
1738878383,None
1738878390,292
1738878392,299
1738878395,292
1738878398,292
1738878401,293
1738878404,291
1738878408,290
1738878411,286
1738878414,282
1738878417,295
1738878420,289
1738878423,288
1738878426,284
1738878429,287
1738878432,287
1738878435,290
1738878438,281
1738878438,None
1738878444,286
1738878447,283
1738878451,290
1738878453,294
1738878456,287
1738878459,284
1738878462,292
1738878466,283
1738878469,534
1738878472,537
1738878474,543
1738878477,526
1738878481,291
1738878484,291
1738878487,291
1738878489,293
1738878493,290
1738878496,294
1738878498,290
1738878502,295
1738878505,293
1738878507,295
1738878511,295
1738878514,291
1738878517,296
1738878520,296
1738878523,296
1738878526,298
1738878529,287
1738878532,294
1738878536,287
1738878536,None
1738878541,288
1738878544,296
1738878548,287
1738878550,280
1738878550,None
1738878557,293
1738878560,285
1738878563,291
1738878566,285
1738878569,289
1738878572,293
1738878575,286
1738878575,None
1738878582,291
1738878584,286
1738878587,284
1738878590,283
1738878593,288
1738878593,None
1738878599,287
1738878603,290
1738878606,287
1738878609,280
1738878612,293
1738878614,291
1738878618,287
1738878621,287
1738878624,295
1738878627,289
1738878627,None
1738878633,289
1738878636,294
1738878639,282
1738878642,297
1738878645,287
1738878648,291
1738878651,291
1738878654,290
1738878657,291
1738878660,284
1738878663,292
1738878667,281
1738878670,289
1738878673,360
1738878676,537
1738878679,528
1738878681,526
1738878685,446
1738878688,288
1738878690,279
1738878694,286
1738878697,277
1738878699,291
1738878703,283
1738878706,281
1738878706,None
1738878712,283
1738878715,277
1738878715,None
1738878721,277
1738878724,276
1738878727,291
1738878727,None
1738878734,289
1738878736,291
1738878739,284
1738878742,286
1738878745,286
1738878748,286
1738878752,285
1738878752,None
1738878757,292
1738878760,289
1738878764,303
1738878767,292
1738878770,298
1738878773,308
1738878776,297
1738878779,300
1738878782,294
1738878785,304
1738878788,303
1738878791,297
1738878794,303
1738878798,295
1738878801,296
1738878804,298
1738878807,297
1738878810,300
1738878813,292
1738878816,300
1738878816,None
1738878822,293
1738878825,299
1738878828,294
1738878831,290
1738878834,299
1738878837,293
1738878840,288
1738878843,295
1738878846,299
1738878849,290
1738878849,None
1738878856,555
1738878856,None
1738878862,507
1738878865,295
1738878868,289
1738878871,296
1738878874,290
1738878877,291
1738878880,299
1738878883,290
1738878886,289
1738878889,293
1738878892,292
1738878892,None
1738878898,286
1738878901,291
1738878905,286
1738878907,279
1738878910,294
1738878910,None
1738878916,290
1738878919,289
1738878923,288
1738878925,289
1738878928,285
1738878932,288
1738878934,283
1738878937,295
1738878941,288
1738878944,284
1738878947,292
1738878950,285
1738878953,283
1738878953,None
1738878959,287
1738878962,285
1738878965,292
1738878968,286
1738878971,283
1738878974,292
1738878977,282
1738878980,282
1738878983,291
1738878987,285
1738878989,287
1738878993,277
1738878996,287
1738878998,283
1738879002,280
1738879005,285
1738879005,None
1738879011,283
1738879011,None
1738879018,287
1738879020,285
1738879023,414
1738879026,551
1738879029,550
1738879032,547
1738879036,548
1738879038,326
1738879041,293
1738879044,292
1738879048,290
1738879048,None
1738879054,288
1738879054,None
1738879060,289
1738879063,293
1738879066,287
1738879069,295
1738879072,286
1738879075,295
1738879078,287
1738879081,289
1738879084,288
1738879087,292
1738879090,291
1738879093,290
1738879096,288
1738879099,294
1738879102,278
1738879105,291
1738879109,284
1738879112,283
1738879112,None
1738879117,286
1738879120,286
1738879124,284
1738879127,278
1738879130,291
1738879133,288
1738879136,279
1738879139,289
1738879142,292
1738879145,291
1738879148,281
1738879152,288
1738879154,292
1738879157,284
1738879160,286
1738879163,290
1738879167,286
1738879169,290
1738879172,285
1738879176,292
1738879179,294
1738879182,288
1738879182,None
1738879188,257
1738879191,139
1738879194,129
1738879197,137
1738879200,135
1738879203,135
1738879206,130
1738879209,134
1738879212,134
1738879215,135
1738879218,131
1738879221,135
1738879224,131
1738879227,129
1738879230,135
1738879233,135
1738879236,389
1738879239,400
1738879243,395
1738879246,294
1738879249,130
1738879249,None
1738879255,129
1738879258,138
1738879261,125
1738879264,132
1738879267,136
1738879270,135
1738879273,132
1738879276,134
1738879279,186
1738879282,224
1738879285,228
1738879288,240
1738879291,233
1738879294,224
1738879297,211
1738879300,217
1738879303,229
1738879306,223
1738879309,216
1738879313,218
1738879316,214
1738879319,206
1738879322,210
1738879325,220
1738879328,203
1738879331,204
1738879334,203
1738879337,205
1738879341,206
1738879343,196
1738879346,196
1738879349,203
1738879352,196
1738879355,200
1738879359,199
1738879362,193
1738879365,196
1738879368,199
1738879371,190
1738879374,197
1738879377,191
1738879380,199
1738879383,197
1738879386,192
1738879389,198
1738879392,198
1738879395,185
1738879398,199
1738879401,189
1738879404,190
1738879407,200
1738879410,190
1738879414,271
1738879416,448
1738879420,444
1738879422,447
1738879425,418
1738879428,201
1738879432,197
1738879435,191
1738879438,194
1738879441,200
1738879444,185
1738879444,None
1738879450,189
1738879453,201
1738879456,205
1738879459,191
1738879459,None
1738879465,190
1738879468,195
1738879471,197
1738879474,189
1738879477,184
1738879480,195
1738879483,194
1738879487,189
1738879489,189
1738879492,198
1738879495,192
1738879498,190
1738879501,191
1738879505,192
1738879508,197
1738879511,194
1738879514,187
1738879517,197
1738879520,191
1738879523,188
1738879526,192
1738879529,198
1738879532,189
1738879536,202
1738879538,199
1738879541,189
1738879544,189
1738879548,193
1738879550,190
1738879553,198
1738879556,190
1738879560,187
1738879563,202
1738879566,196
1738879568,187
1738879572,193
1738879575,194
1738879578,197
1738879580,191
1738879584,199
1738879587,193
1738879590,191
1738879590,None
1738879596,189
1738879599,188
1738879602,190
1738879605,189
1738879608,190
1738879612,191
1738879615,190
1738879617,201
1738879621,197
1738879623,196
1738879627,191
1738879629,190
1738879633,459
1738879636,460
1738879638,459
1738879642,441
1738879645,189
1738879648,200
1738879651,194
1738879654,187
1738879657,201
1738879660,200
1738879663,195
1738879666,197
1738879669,196
1738879672,198
1738879675,186
1738879678,198
1738879681,192
1738879685,202
1738879687,190
1738879691,200
1738879693,196
1738879697,189
1738879700,198
1738879703,193
1738879705,196
1738879709,197
1738879712,188
1738879712,None
1738879718,191
1738879721,192
1738879721,None
1738879727,199
1738879730,189
1738879733,199
1738879736,196
1738879739,189
1738879742,205
1738879745,195
1738879749,195
1738879751,198
1738879755,431
1738879755,None
1738879761,454
1738879764,424
1738879767,191
1738879767,None
1738879773,192
1738879775,200
1738879779,195
1738879782,195
1738879785,201
1738879788,196
1738879791,199
1738879794,199
1738879797,197
1738879800,200
1738879803,197
1738879806,200
1738879806,None
1738879812,195
1738879815,196
1738879818,189
1738879821,195
1738879824,200
1738879824,None
1738879831,203
1738879834,195
1738879837,192
1738879840,198
1738879843,195
1738879846,191
1738879849,199
1738879852,199
1738879855,187
1738879858,197
1738879861,202
1738879865,195
1738879867,190
1738879870,197
1738879873,199
1738879876,198
1738879879,203
1738879879,None
1738879886,193
1738879888,205
1738879891,202
1738879895,195
1738879898,206
1738879901,196
1738879904,195
1738879907,194
1738879910,193
1738879913,200
1738879916,195
1738879919,196
1738879922,196
1738879925,198
1738879928,195
1738879931,195
1738879931,None
1738879937,193
1738879940,200
1738879943,193
1738879946,201
1738879949,194
1738879953,193
1738879955,192
1738879958,198
1738879961,198
1738879965,200
1738879968,197
1738879970,192
1738879974,204
1738879977,195
1738879980,192
1738879983,198
1738879986,192
1738879989,196
1738879992,191
1738879995,187
1738879998,192
1738880001,198
1738880004,188
1738880007,199
1738880010,194
1738880010,None
1738880016,199
1738880019,196
1738880023,188
1738880025,196
1738880028,182
1738880032,191
1738880035,193
1738880038,199
1738880041,199
1738880044,193
1738880047,189
1738880050,187
1738880053,196
1738880056,196
1738880059,324
1738880062,453
1738880066,454
1738880069,412
1738880071,195
1738880075,183
1738880077,198
1738880080,198
1738880083,192
1738880086,191
1738880090,190
1738880093,261
1738880096,446
1738880099,449
1738880102,438
1738880105,387
1738880108,199
1738880111,190
1738880114,193
1738880117,194
1738880120,192
1738880123,194
1738880126,196
1738880129,197
1738880129,None
1738880136,191
1738880138,190
1738880142,190
1738880144,192
1738880148,194
1738880151,192
1738880154,189
1738880157,190
1738880161,187
1738880163,188
1738880166,193
1738880169,186
1738880172,194
1738880176,190
1738880178,182
1738880181,181
1738880184,192
1738880187,187
1738880191,193
1738880194,185
1738880197,190
1738880199,191
1738880203,186
1738880205,184
1738880209,200
1738880211,191
1738880215,188
1738880218,189
1738880221,196
1738880224,193
1738880227,199
1738880230,197
1738880233,191
1738880236,201
1738880239,195
1738880242,187
1738880245,190
1738880249,195
1738880251,185
1738880251,None
1738880257,187
1738880260,191
1738880263,188
1738880266,184
1738880270,197
1738880272,189
1738880272,None
1738880279,192
1738880282,190
1738880285,185
1738880288,193
1738880291,195
1738880294,184
1738880297,196
1738880300,182
1738880303,189
1738880306,187
1738880309,191
1738880312,189
1738880315,192
1738880318,187
1738880322,191
1738880324,187
1738880324,None
1738880330,191
1738880334,192
1738880336,187
1738880340,187
1738880342,192
1738880345,190
1738880349,180
1738880352,195
1738880352,None
1738880358,190
1738880361,181
1738880364,197
1738880367,188
1738880370,189
1738880373,187
1738880376,188
1738880379,191
1738880382,187
1738880385,191
1738880388,192
1738880391,194
1738880394,190
1738880394,None
1738880400,192
1738880403,190
1738880406,187
1738880410,189
1738880413,194
1738880416,190
1738880418,181
1738880422,195
1738880422,None
1738880428,438
1738880431,451
1738880434,447
1738880437,410
1738880440,182
1738880443,190
1738880446,193
1738880450,181
1738880452,344
1738880455,444
1738880458,441
1738880461,447
1738880464,201
1738880467,187
1738880470,194
1738880473,187
1738880477,191
1738880479,190
1738880483,185
1738880485,191
1738880489,185
1738880492,192
1738880492,None
1738880498,194
1738880501,186
1738880504,191
1738880507,189
1738880510,195
1738880513,186
1738880516,190
1738880519,184
1738880522,182
1738880525,196
1738880528,185
1738880532,182
1738880534,181
1738880538,190
1738880540,185
1738880540,None
1738880547,183
1738880550,179
1738880553,183
1738880556,190
1738880559,189
1738880562,187
1738880565,184
1738880568,185
1738880571,195
1738880574,184
1738880574,None
1738880580,190
1738880583,190
1738880586,185
1738880589,189
1738880592,194
1738880595,186
1738880599,193
1738880601,185
1738880604,191
1738880608,184
1738880611,192
1738880614,185
1738880617,189
1738880620,191
1738880624,188
1738880626,192
1738880629,185
1738880632,187
1738880635,187
1738880639,185
1738880641,190
1738880644,191
1738880647,195
1738880647,None
1738880654,196
1738880656,194
1738880660,197
1738880663,197
1738880666,199
1738880669,190
1738880672,198
1738880675,194
1738880678,196
1738880681,196
1738880684,190
1738880687,197
1738880690,194
1738880693,191
1738880696,191
1738880699,202
1738880702,195
1738880705,185
1738880708,203
1738880712,197
1738880715,192
1738880717,194
1738880721,194
1738880723,195
1738880727,192
1738880730,195
1738880733,203
1738880736,194
1738880739,201
1738880742,194
1738880745,198
1738880748,195
1738880751,193
1738880754,202
1738880757,196
1738880761,195
1738880763,196
1738880767,201
1738880770,196
1738880773,201
1738880776,197
1738880778,194
1738880782,193
1738880785,201
1738880788,451
1738880792,452
1738880794,453
1738880797,267
1738880800,196
1738880803,192
1738880806,195
1738880809,198
1738880809,None
1738880815,199
1738880819,331
1738880821,460
1738880824,458
1738880828,466
1738880831,401
1738880834,198
1738880837,197
1738880840,195
1738880843,200
1738880846,194
1738880849,206
1738880852,197
1738880855,199
1738880858,196
1738880861,196
1738880861,None
1738880867,198
1738880870,194
1738880873,202
1738880876,196
1738880880,201
1738880882,196
1738880886,198
1738880888,199
1738880891,199
1738880895,200
1738880898,195
1738880901,194
1738880901,None
1738880907,197
1738880910,200
1738880912,191
1738880912,None
1738880912,None
1738880912,None
1738880925,194
1738880928,201
1738880931,199
1738880934,199
1738880937,199
1738880940,200
1738880943,196
1738880946,203
1738880950,193
1738880952,203
1738880956,198
1738880958,194
1738880962,197
1738880964,200
1738880968,194
1738880970,197
1738880974,197
1738880977,188
1738880980,192
1738880983,205
1738880986,204
1738880986,None
1738880986,None
1738880995,194
1738880998,193
1738881001,184
1738881004,194
1738881007,201
1738881010,198
1738881010,None
1738881016,193
1738881020,189
1738881020,None
1738881026,200
1738881029,198
1738881032,195
1738881035,203
1738881038,201
1738881041,192
1738881044,186
1738881047,204
1738881050,199
1738881053,195
1738881056,195
1738881059,198
1738881062,200
1738881065,192
1738881068,204
1738881072,189
1738881074,229
1738881078,448
1738881080,457
1738881083,450
1738881087,389
1738881090,199
1738881090,None
1738881096,196
1738881099,198
1738881102,194
1738881105,201
1738881108,197
1738881111,198
1738881114,201
1738881117,195
1738881120,195
1738881123,193
1738881126,201
1738881129,194
1738881132,205
1738881136,200
1738881136,None
1738881141,199
1738881145,203
1738881147,194
1738881150,190
1738881154,201
1738881156,194
1738881160,200
1738881163,197
1738881163,None
1738881169,202
1738881172,192
1738881175,187
1738881178,203
1738881181,193
1738881184,196
1738881187,192
1738881190,198
1738881194,199
1738881197,190
1738881199,194
1738881203,202
1738881206,195
1738881209,196
1738881212,197
1738881215,193
1738881218,195
1738881221,197
1738881224,190
1738881227,201
1738881230,203
1738881233,198
1738881236,197
1738881240,197
1738881243,200
1738881245,203
1738881249,192
1738881251,199
1738881255,207
1738881258,194
1738881261,205
1738881264,197
1738881267,197
1738881267,None
1738881273,464
1738881276,455
1738881279,418
1738881279,None
1738881285,197
1738881288,204
1738881291,198
1738881294,198
1738881297,201
1738881297,None
1738881303,149
1738881307,140
1738881309,147
1738881312,144
1738881315,142
1738881319,143
1738881322,140
1738881325,146
1738881327,145
1738881331,134
1738881334,146
1738881337,141
1738881340,140
1738881343,156
1738881346,142
1738881349,144
1738881352,145
1738881355,143
1738881358,135
1738881361,147
1738881364,137
1738881367,143
1738881370,139
1738881374,141
1738881377,138
1738881379,139
1738881382,145
1738881386,141
1738881389,143
1738881392,138
1738881395,144
1738881398,139
1738881401,144
1738881404,138
1738881407,140
1738881410,144
1738881413,136
1738881416,145
1738881419,140
1738881419,None
1738881425,143
1738881428,140
1738881431,141
1738881434,141
1738881437,296
1738881440,399
1738881440,None
1738881447,399
1738881449,391
1738881452,221
1738881455,137
1738881458,142
1738881462,144
1738881464,135
1738881467,137
1738881471,146
1738881474,139
1738881477,132
1738881480,151
1738881483,140
1738881483,None
1738881489,137
1738881492,138
1738881495,144
1738881498,129
1738881501,132
1738881504,149
1738881508,138
1738881511,132
1738881513,141
1738881517,136
1738881520,138
1738881523,140
1738881526,143
1738881529,130
1738881532,149
1738881535,134
1738881538,138
1738881541,142
1738881544,138
1738881547,139
1738881550,144
1738881553,147
1738881556,139
1738881559,150
1738881563,142
1738881565,143
1738881569,147
1738881571,141
1738881574,148
1738881574,None
1738881581,147
1738881583,138
1738881587,142
1738881590,140
1738881593,137
1738881593,None
1738881599,142
1738881602,140
1738881602,None
1738881608,199
1738881611,395
1738881614,402
1738881617,393
1738881621,340
1738881623,136
1738881626,140
1738881629,140
1738881632,142
1738881635,139
1738881638,139
1738881642,141
1738881644,137
1738881648,139
1738881651,144
1738881654,137
1738881657,139
1738881660,141
1738881663,133
1738881666,145
1738881669,137
1738881672,136
1738881675,141
1738881675,None
1738881682,138
1738881685,141
1738881688,141
1738881688,None
1738881694,138
1738881697,127
1738881700,147
1738881703,140
1738881706,136
1738881709,144
1738881712,136
1738881715,142
1738881718,137
1738881721,133
1738881724,148
1738881727,135
1738881730,139
1738881733,137
1738881736,142
1738881739,142
1738881742,139
1738881746,139
1738881748,139
1738881751,139
1738881755,141
1738881757,142
1738881761,136
1738881763,142
1738881767,141
1738881770,133
1738881773,142
1738881776,136
1738881776,None
1738881782,145
1738881785,136
1738881788,140
1738881791,144
1738881794,141
1738881797,140
1738881800,144
1738881804,140
1738881807,133
1738881809,142
1738881812,144
1738881816,137
1738881818,138
1738881822,140
1738881824,144
1738881828,141
1738881830,279
1738881834,401
1738881834,None
1738881840,403
1738881843,267
1738881846,141
1738881849,141
1738881852,136
1738881855,142
1738881858,133
1738881861,143
1738881864,136
1738881867,138
1738881870,142
1738881873,138
1738881877,144
1738881880,134
1738881883,147
1738881885,133
1738881889,144
1738881892,138
1738881894,142
1738881898,136
1738881901,138
1738881904,138
1738881904,None
1738881910,134
1738881913,143
1738881917,129
1738881920,144
1738881922,138
1738881922,None
1738881928,134
1738881932,142
1738881934,140
1738881937,135
1738881941,144
1738881944,143
1738881947,136
1738881947,None
1738881952,138
1738881955,138
1738881959,145
1738881962,141
1738881965,143
1738881969,134
1738881971,139
1738881974,139
1738881977,140
1738881980,139
1738881983,146
1738881987,138
1738881989,143
1738881993,135
1738881995,141
1738881998,139
1738882002,136
1738882005,145
1738882005,None
1738882011,135
1738882014,275
1738882016,399
1738882019,402
1738882023,397
1738882026,250
1738882029,146
1738882032,135
1738882035,142
1738882038,138
1738882041,135
1738882044,142
1738882047,142
1738882050,145
1738882054,137
1738882056,145
1738882059,144
1738882063,132
1738882065,139
1738882068,143
1738882071,136
1738882074,144
1738882078,133
1738882081,138
1738882084,145
1738882087,139
1738882090,132
1738882093,150
1738882096,140
1738882096,None
1738882102,132
1738882105,137
1738882108,134
1738882111,126
1738882114,125
1738882117,136
1738882121,130
1738882124,130
1738882127,131
1738882129,131
1738882132,129
1738882135,133
1738882139,125
1738882141,136
1738882141,None
1738882141,None
1738882151,130
1738882154,135
1738882157,141
1738882160,144
1738882160,None
1738882166,133
1738882169,132
1738882172,133
1738882175,128
1738882178,136
1738882181,128
1738882184,135
1738882187,195
1738882190,389
1738882193,385
1738882197,393
1738882200,327
1738882202,131
1738882206,141
1738882209,146
1738882212,139
1738882215,151
1738882218,148
1738882221,145
1738882224,142
1738882227,144
1738882230,145
1738882234,141
1738882236,231
1738882239,395
1738882242,400
1738882245,399
1738882248,395
1738882251,399
1738882254,397
1738882257,396
1738882261,397
1738882263,396
1738882267,396
1738882270,399
1738882272,397
1738882276,396
1738882279,399
1738882282,398
1738882282,None
1738882288,397
1738882291,398
1738882294,394
1738882297,409
1738882300,401
1738882303,391
1738882306,397
1738882309,400
1738882312,397
1738882316,395
1738882318,394
1738882321,401
1738882321,None
1738882327,393
1738882330,400
1738882334,401
1738882337,396
1738882340,389
1738882343,401
1738882346,397
1738882349,394
1738882352,391
1738882355,400
1738882355,None
1738882361,396
1738882365,399
1738882367,397
1738882370,396
1738882373,396
1738882377,393
1738882379,410
1738882383,403
1738882386,388
1738882388,397
1738882392,394
1738882395,384
1738882398,386
1738882401,385
1738882404,392
1738882407,393
1738882411,394
1738882413,389
1738882416,383
1738882419,384
1738882422,397
1738882425,386
1738882428,378
1738882431,387
1738882431,None
1738882438,408
1738882440,407
1738882443,424
1738882447,418
1738882449,407
1738882453,302
1738882456,150
1738882459,158
1738882462,164
1738882465,175
1738882468,178
1738882471,178
1738882474,181
1738882477,186
1738882480,204
1738882483,195
1738882486,212
1738882489,264
1738882492,281
1738882496,295
1738882498,284
1738882502,280
1738882505,276
1738882505,None
1738882511,270
1738882514,271
1738882514,None
1738882520,270
1738882523,255
1738882526,250
1738882529,250
1738882532,245
1738882535,231
1738882538,233
1738882541,229
1738882544,227
1738882544,None
1738882550,218
1738882550,None
1738882557,478
1738882559,486
1738882563,472
1738882566,230
1738882569,257
1738882572,300
1738882575,350
1738882578,410
1738882581,308
1738882584,303
1738882587,350
1738882587,None
1738882593,478
1738882596,558
1738882599,643
1738882602,682
1738882605,716
1738882609,733
1738882609,None
1738882614,778
1738882617,784
1738882621,803
1738882623,822
1738882626,849
1738882630,1121
1738882633,1148
1738882635,1157
1738882638,1163
1738882641,1144
1738882644,901
1738882644,None
1738882651,926
1738882654,922
1738882657,933
1738882660,935
1738882663,946
1738882666,946
1738882669,957
1738882672,956
1738882675,973
1738882678,979
1738882681,983
1738882685,990
1738882687,991
1738882690,1008
1738882694,1087
1738882697,1214
1738882697,None
1738882703,1304
1738882706,1320
1738882709,1339
1738882712,1345
1738882715,1363
1738882718,1371
1738882721,1388
1738882724,1401
1738882727,1419
1738882730,1421
1738882733,1447
1738882737,1451
1738882740,1473
1738882743,1481
1738882746,1494
1738882748,1493
1738882752,1496
1738882755,1509
1738882758,1515
1738882761,1526
1738882764,1520
1738882767,1539
1738882770,1538
1738882773,1534
1738882776,1531
1738882779,1526
1738882782,1533
1738882785,1536
1738882788,1549
1738882791,1544
1738882795,1555
1738882797,1566
1738882797,None
1738882803,1564
1738882807,1583
1738882809,1587
1738882813,1740
1738882816,1789
1738882819,1797
1738882822,1806
1738882825,1801
1738882828,1815
1738882831,1816
1738882834,1822
1738882837,1823
1738882839,1838
1738882843,1910
1738882843,None
1738882849,1894
1738882852,1915
1738882855,1941
1738882858,1935
1738882861,1940
1738882864,1939
1738882868,1951
1738882870,1952
1738882873,1928
1738882876,2194
1738882879,2214
1738882882,2219
1738882885,2235
1738882888,2202
1738882891,1974
1738882894,1978
1738882898,1979
1738882901,1989
1738882904,1994
1738882907,1985
1738882910,1999
1738882910,None
1738882916,2002
1738882919,2009
1738882922,2011
1738882925,2015
1738882925,None
1738882931,2018
1738882934,2038
1738882937,2039
1738882940,2034
1738882943,2050
1738882947,2055
1738882949,2056
1738882953,2057
1738882956,2063
1738882959,2065
1738882962,2064
1738882962,None
1738882968,2092
1738882971,2078
1738882974,2415
1738882977,2593
1738882980,2614
1738882983,2610
1738882986,2608
1738882989,2610
1738882992,2627
1738882995,2617
1738882998,2521
1738883001,2507
1738883004,2505
1738883008,2516
1738883010,2506
1738883014,2706
1738883017,2776
1738883020,2774
1738883023,2769
1738883026,2573
1738883029,2509
1738883032,2501
1738883035,2485
1738883038,2498
1738883041,2486
1738883044,2476
1738883048,2490
1738883050,2504
1738883054,2499
1738883057,2482
1738883059,2300
1738883062,1968
1738883066,1970
1738883068,1989
1738883072,1969
1738883075,1974
1738883078,2458
1738883081,2465
1738883084,2459
1738883087,2468
1738883090,2457
1738883093,1981
1738883096,1973
1738883099,1978
1738883102,1979
1738883105,1999
1738883108,2148
1738883111,2489
1738883114,2515
1738883117,2494
1738883120,2516
1738883123,2325
1738883126,2013
1738883129,1997
1738883133,2001
1738883135,1976
1738883138,1968
1738883141,1979
1738883145,2325
1738883145,None
1738883151,2487
1738883154,2483
1738883157,2328
1738883160,1996
1738883163,1995
1738883166,1985
1738883169,1990
1738883172,1984
1738883175,1985
1738883178,2124
1738883181,2505
1738883184,2537
1738883187,2557
1738883190,2547
1738883193,2064
1738883197,2070
1738883200,2120
1738883202,2120
1738883206,2120
1738883209,2107
1738883212,2105
1738883215,2686
1738883218,3156
1738883221,3133
1738883221,None
1738883227,3174
1738883230,3184
1738883233,3186
1738883237,3179
1738883239,3199
1738883242,3195
1738883245,3205
1738883248,3188
1738883251,3194
1738883254,3197
1738883257,3202
1738883261,3202
1738883263,3202
1738883267,3212
1738883267,None
1738883273,3089
1738883276,3079
1738883279,3080
1738883282,3085
1738883285,2722
1738883288,2828
1738883291,2998
1738883294,3029
1738883297,3073
1738883300,3037
1738883300,None
1738883306,2821
1738883306,None
1738883313,2764
1738883315,2806
1738883318,2809
1738883322,2746
1738883325,2801
1738883327,2870
1738883331,2826
1738883333,2853
1738883337,2844
1738883340,2835
1738883343,2838
1738883346,2837
1738883349,2835
1738883352,2858
1738883355,2874
1738883358,2867
1738883361,2871
1738883364,3071
1738883367,3106
1738883370,3134
1738883373,3107
1738883377,3011
1738883379,2843
1738883382,2786
1738883386,2748
1738883388,2748
1738883392,2740
1738883395,2816
1738883398,2896
1738883401,2894
1738883404,2889
1738883407,2827
1738883410,2832
1738883413,2869
1738883416,2869
1738883419,2860
1738883422,2870
1738883425,2856
1738883428,2886
1738883431,2845
1738883434,2881
1738883437,2840
1738883440,2878
1738883443,2837
1738883446,2880
1738883450,2833
1738883452,2882
1738883456,2897
1738883459,2895
1738883461,2825
1738883465,2833
1738883468,2825
1738883468,None
1738883474,2843
1738883478,2827
1738883480,2830
1738883483,2815
1738883486,2819
1738883489,2794
1738883492,2781
1738883495,2681
1738883498,2680
1738883501,2669
1738883504,2696
1738883504,None
1738883504,None
1738883514,2768
1738883517,2765
1738883519,2778
1738883522,2743
1738883525,2775
1738883529,2767
1738883532,2741
1738883535,2712
1738883538,2652
1738883541,2747
1738883544,2789
1738883547,2779
1738883550,2813
1738883554,2793
1738883556,2825
1738883559,2782
1738883563,2795
1738883565,2798
1738883569,2793
1738883569,None
1738883575,2805
1738883578,2800
1738883580,2770
1738883584,2806
1738883584,None
1738883590,2787
1738883593,2785
1738883596,2807
1738883599,2750
1738883602,2713
1738883605,2717
1738883608,2726
1738883611,2711
1738883614,2716
1738883617,2722
1738883620,2710
1738883623,2727
1738883626,2727
1738883629,2716
1738883632,2707
1738883632,None
1738883638,2727
1738883641,2721
1738883641,None
1738883647,2723
1738883651,2701
1738883653,2711
1738883657,2699
1738883660,2704
1738883663,2766
1738883666,2775
1738883669,2778
1738883672,2766
1738883675,2813
1738883678,2836
1738883681,2823
1738883684,2831
1738883687,2809
1738883690,2815
1738883693,2792
1738883696,2929
1738883700,3091
1738883700,None
1738883706,3057
1738883708,2803
1738883712,2710
1738883714,2746
1738883718,2746
1738883721,2310
1738883724,2057
1738883727,2724
1738883729,2815
1738883729,None
1738883736,2347
1738883739,2000
1738883742,2607
1738883742,None
1738883748,2981
1738883751,2588
1738883754,2388
1738883757,3043
1738883757,None
1738883763,2948
1738883766,2503
1738883769,2167
1738883773,2757
1738883775,2875
1738883778,2862
1738883782,2469
1738883785,2302
1738883787,2801
1738883791,2941
1738883794,2945
1738883797,2286
1738883797,None
1738883803,2961
1738883806,2965
1738883809,2971
1738883813,2307
1738883815,2337
1738883818,2966
1738883821,2969
1738883825,2968
1738883828,2242
1738883831,2355
1738883834,2974
1738883837,2972
1738883840,2852
1738883842,2166
1738883846,2461
1738883849,2839
1738883852,2739
1738883855,2574
1738883859,2723
1738883861,2648
1738883864,1976
1738883867,2409
1738883870,2865
1738883873,2037
1738883876,2122
1738883879,2881
1738883882,2370
1738883885,1968
1738883888,2702
1738883892,2641
1738883894,1970
1738883897,2396
1738883897,None
1738883904,2047
1738883907,2376
1738883910,2845
1738883913,2335
1738883916,2071
1738883919,2833
1738883922,2343
1738883925,1947
1738883928,2655
1738883932,2633
1738883934,1942
1738883937,2366
1738883940,2833
1738883944,1950
1738883946,2071
1738883950,2857
1738883952,2365
1738883955,1977
1738883959,2672
1738883962,2344
1738883965,1942
1738883968,2346
1738883971,2652
1738883974,1946
1738883977,2063
1738883980,2827
1738883983,1977
1738883986,1930
1738883989,2713
1738883989,None
1738883995,2629
1738883998,2971
1738884001,3103
1738884005,2258
1738884007,2125
1738884010,2083
1738884013,2865
1738884016,2863
1738884019,2333
1738884023,1871
1738884026,1981
1738884029,2867
1738884032,2883
1738884035,2358
1738884038,1886
1738884038,None
1738884044,2647
1738884047,2877
1738884050,2682
1738884053,1891
1738884056,1899
1738884059,1888
1738884062,1895
1738884065,1913
1738884068,1907
1738884072,1898
1738884072,None
1738884078,1877
1738884081,1869
1738884084,1854
1738884087,1896
1738884090,1923
1738884093,1988
1738884093,None
1738884099,2017
1738884102,2019
1738884105,2044
1738884108,2065
1738884111,2040
1738884114,2063
1738884117,2012
1738884120,2003
1738884123,1995
1738884126,1988
1738884130,2062
1738884132,2111
1738884135,2314
1738884139,2336
1738884141,2337
1738884145,2314
1738884147,2082
1738884150,2074
1738884154,2103
1738884157,2093
1738884160,2083
1738884163,2077
1738884166,2071
1738884169,2083
1738884172,2702
1738884175,2697
1738884178,2079
1738884181,2096
1738884184,2053
1738884187,2074
1738884190,2071
1738884193,2051
1738884197,2090
1738884199,2056
1738884203,2073
1738884206,2074
1738884208,2049
1738884208,None
1738884215,2074
1738884218,2067
1738884222,2062
1738884224,2051
1738884227,2077
1738884231,2074
1738884233,2059
1738884236,2434
1738884239,2868
1738884242,2192
1738884245,2074
1738884248,2057
1738884251,2062
1738884254,2085
1738884257,2058
1738884260,2092
1738884260,None
1738884266,2083
1738884269,2109
1738884273,2086
1738884275,2082
1738884279,2045
1738884282,2028
1738884285,2091
1738884288,2119
1738884291,2105
1738884294,2123
1738884297,2124
1738884300,2173
1738884303,2923
1738884306,2513
1738884309,2122
1738884312,2120
1738884315,2078
1738884318,2070
1738884321,2057
1738884325,2076
1738884328,2059
1738884330,2058
1738884334,2312
1738884337,2310
1738884340,2316
1738884343,2369
1738884346,2083
1738884349,2043
1738884352,2045
1738884355,2071
1738884358,2048
1738884361,2036
1738884364,2045
1738884367,2011
1738884371,1993
1738884374,1982
1738884377,2016
1738884380,2009
1738884382,1960
1738884385,1876
1738884388,1885
1738884391,1894
1738884395,1867
1738884398,1919
1738884401,1956
1738884404,2000
1738884407,1973
1738884410,1960
1738884413,1922
1738884416,1952
1738884419,1946
1738884422,1909
1738884422,None
1738884428,1963
1738884431,2019
1738884434,1964
1738884437,1943
1738884440,1944
1738884444,1952
1738884446,1988
1738884449,2122
1738884452,2154
1738884456,2156
1738884458,2173
1738884462,2157
1738884464,2124
1738884468,2090
1738884471,2082
1738884474,2084
1738884474,None
1738884480,2067
1738884483,2060
1738884486,2084
1738884489,2048
1738884492,2017
1738884495,2006
1738884498,2019
1738884501,2005
1738884504,2092
1738884507,2113
1738884510,2121
1738884513,2110
1738884516,2115
1738884519,2119
1738884522,2247
1738884526,2387
1738884528,2388
1738884532,2367
1738884535,2345
1738884538,2125
1738884541,2138
1738884544,2130
1738884547,2124
1738884550,2090
1738884553,2087
1738884556,2072
1738884559,2059
1738884563,2049
1738884565,1977
1738884569,1984
1738884571,1981
1738884575,1982
1738884575,None
1738884581,1967
1738884583,1956
1738884586,1960
1738884586,None
1738884593,1926
1738884596,1930
1738884599,1937
1738884602,1930
1738884605,1923
1738884608,1924
1738884611,1939
1738884614,1937
1738884617,1913
1738884620,1930
1738884623,1951
1738884626,1949
1738884629,1928
1738884632,1932
1738884635,1943
1738884638,1931
1738884641,1916
1738884645,1911
1738884647,1933
1738884651,1918
1738884654,1902
1738884656,1903
1738884660,1924
1738884663,1919
1738884666,1910
1738884669,1907
1738884672,1933
1738884675,1979
1738884678,2215
1738884681,2218
1738884684,2341
1738884687,2178
1738884690,2097
1738884693,2071
1738884696,2082
1738884700,2062
1738884702,2059
1738884706,2052
1738884709,2079
1738884712,2071
1738884715,2048
1738884718,2071
1738884721,2084
1738884724,2077
1738884727,2111
1738884730,2123
1738884733,2145
1738884736,2135
1738884739,2129
1738884743,2092
1738884745,2113
1738884749,2084
1738884751,2101
1738884754,2157
1738884757,2161
1738884760,2029
1738884763,1983
1738884763,None
1738884769,1974
1738884772,1961
1738884775,1988
1738884779,2026
1738884782,2002
1738884785,1983
1738884788,1974
1738884791,1999
1738884794,1981
1738884796,1966
1738884799,1952
1738884803,2009
1738884806,2003
1738884809,1995
1738884809,None
1738884815,2036
1738884818,2011
1738884821,1994
1738884824,1896
1738884827,1942
1738884827,None
1738884833,1875
1738884837,1898
1738884839,1907
1738884842,1926
1738884846,1917
1738884846,None
1738884851,1795
1738884855,1791
1738884858,1728
1738884861,1681
1738884864,1693
1738884866,1686
1738884870,1617
1738884873,1604
1738884876,1596
1738884879,1563
1738884882,1529
1738884885,1534
1738884888,1505
1738884891,1495
1738884894,1461
1738884897,1450
1738884900,1382
1738884903,1376
1738884906,1353
1738884909,1314
1738884912,1367
1738884915,1321
1738884918,1318
1738884922,1285
1738884924,1290
1738884927,1492
1738884930,1407
1738884933,1377
1738884936,1389
1738884939,1165
1738884943,1055
1738884945,1019
1738884949,1000
1738884952,929
1738884955,921
1738884958,930
1738884961,950
1738884964,968
1738884967,951
1738884970,925
1738884973,921
1738884976,904
1738884979,897
1738884982,904
1738884986,910
1738884988,891
1738884992,885
1738884994,896
1738884997,896
1738885000,891
1738885003,876
1738885007,899
1738885009,899
1738885013,882
1738885016,888
1738885019,899
1738885022,981
1738885025,1146
1738885028,1137
1738885031,1161
1738885034,1156
1738885037,981
1738885040,918
1738885043,940
1738885046,953
1738885049,928
1738885052,927
1738885055,904
1738885059,886
1738885062,877
1738885065,937
1738885067,974
1738885071,958
1738885074,960
1738885077,950
1738885080,928
1738885083,920
1738885086,898
1738885089,909
1738885092,964
1738885095,951
1738885098,917
1738885101,892
1738885104,900
1738885107,902
1738885110,892
1738885113,892
1738885117,895
1738885119,892
1738885119,None
1738885125,889
1738885129,894
1738885132,887
1738885135,878
1738885138,882
1738885141,898
1738885144,878
1738885147,874
1738885150,872
1738885153,900
1738885156,873
1738885159,874
1738885162,905
1738885165,979
1738885168,981
1738885172,1003
1738885174,1006
1738885177,1020
1738885180,997
1738885183,976
1738885186,953
1738885189,971
1738885192,950
1738885196,940
1738885198,945
1738885202,955
1738885204,1059
1738885207,1246
1738885210,1251
1738885214,1261
1738885217,1231
1738885220,1179
1738885220,None
1738885226,1202
1738885229,1222
1738885232,1199
1738885235,1199
1738885238,1205
1738885241,1184
1738885244,1179
1738885247,1185
1738885250,1197
1738885253,1175
1738885256,1172
1738885259,1182
1738885259,None
1738885265,1236
1738885268,1244
1738885271,1267
1738885274,1272
1738885277,1268
1738885281,1259
1738885283,1273
1738885286,1282
1738885290,1268
1738885293,1324
1738885295,1337
1738885299,1334
1738885302,1332
1738885305,1333
1738885305,None
1738885311,1310
1738885314,1459
1738885317,1570
1738885320,1784
1738885323,1732
1738885326,1706
1738885329,1674
1738885332,1661
1738885335,1624
1738885338,1654
1738885341,1658
1738885344,1662
1738885347,1653
1738885350,1626
1738885354,1638
1738885357,1717
1738885360,1600
1738885363,1398
1738885366,1366
1738885369,1378
1738885372,1365
1738885375,1365
1738885378,1153
1738885378,None
1738885384,490
1738885387,330
1738885390,221
1738885393,241
1738885396,273
1738885399,365
1738885402,407
1738885405,433
1738885408,450
1738885411,551
1738885415,545
1738885418,491
1738885420,407
1738885424,390
1738885427,641
1738885430,671
1738885433,626
1738885435,576
1738885439,602
1738885442,625
1738885445,599
1738885448,514
1738885451,300
1738885454,184
1738885458,158
1738885460,204
1738885463,328
1738885466,327
1738885466,None
1738885473,303
1738885475,314
1738885479,314
1738885482,296
1738885485,301
1738885488,315
1738885491,309
1738885494,328
1738885497,346
1738885500,366
1738885504,354
1738885506,352
1738885509,317
1738885512,323
1738885516,235
1738885519,203
1738885521,220
1738885524,292
1738885528,373
1738885531,362
1738885533,333
1738885536,326
1738885540,312
1738885543,308
1738885546,355
1738885549,362
1738885552,355
1738885555,319
1738885558,299
1738885561,324
1738885564,305
1738885567,294
1738885571,263
1738885573,189
1738885576,183
1738885579,162
1738885582,183
1738885585,183
1738885589,319
1738885592,312
1738885595,323
1738885598,344
1738885601,306
1738885604,312
1738885606,312
1738885610,331
1738885613,306
1738885616,302
1738885619,323
1738885622,324
1738885625,307
1738885628,305
1738885631,274
1738885634,195
1738885637,160
1738885640,310
1738885640,None
1738885646,332
1738885649,311
1738885652,218
1738885656,277
1738885658,319
1738885661,309
1738885665,316
1738885668,377
1738885671,354
1738885674,349
1738885677,349
1738885680,351
1738885683,194
1738885686,164
1738885689,188
1738885692,224
1738885695,231
1738885698,308
1738885701,365
1738885701,None
1738885707,320
1738885710,315
1738885714,318
1738885716,408
1738885719,396
1738885723,371
1738885726,403
1738885729,441
1738885732,326
1738885735,255
1738885738,261
1738885741,420
1738885744,411
1738885747,400
1738885750,403
1738885754,406
1738885756,394
1738885759,381
1738885762,418
1738885765,1653
1738885768,2040
1738885771,1890
1738885775,1660
1738885777,1762
1738885781,1837
1738885781,None
1738885787,2014
1738885790,1882
1738885793,1723
1738885796,1717
1738885799,1779
1738885802,1778
1738885805,1763
1738885805,None
1738885811,1765
1738885814,1735
1738885817,1710
1738885820,1713
1738885823,1752
1738885826,1690
1738885829,1621
1738885832,1615
1738885835,1634
1738885839,1597
1738885839,None
1738885845,1683
1738885848,1792
1738885851,1891
1738885853,3005
1738885856,3106
1738885860,3116
1738885863,3113
1738885866,3101
1738885869,3100
1738885872,3110
1738885875,3118
1738885878,3115
1738885881,3096
1738885884,3110
1738885887,3036
1738885890,2979
1738885893,2957
1738885896,2967
1738885899,2978
1738885903,2979
1738885906,3118
1738885909,2321
1738885912,1834
1738885915,1281
1738885918,393
1738885921,383
1738885924,409
1738885927,430
1738885930,424
1738885933,418
1738885936,424
1738885939,383
1738885943,375
1738885945,384
1738885945,None
1738885952,261
1738885955,236
1738885957,267
1738885961,330
1738885964,316
1738885967,411
1738885970,469
1738885973,441
1738885973,None
1738885979,412
1738885982,420
1738885982,None
1738885988,400
1738885991,388
1738885994,398
1738885997,408
1738886000,396
1738886003,395
1738886006,389
1738886009,404
1738886013,250
1738886015,232
1738886018,250
1738886022,253
1738886024,233
1738886027,262
1738886031,287
1738886034,462
1738886037,457
1738886040,436
1738886043,443
1738886043,None
1738886049,420
1738886052,405
1738886055,443
1738886058,480
1738886061,460
1738886064,423
1738886067,420
1738886070,438
1738886073,410
1738886076,426
1738886079,380
1738886079,None
1738886085,316
1738886088,522
1738886091,551
1738886094,564
1738886097,574
1738886101,445
1738886103,508
1738886106,496
1738886109,414
1738886113,424
1738886116,651
1738886119,658
1738886122,660
1738886125,713
1738886128,527
1738886131,479
1738886134,438
1738886137,463
1738886140,479
1738886140,None
1738886140,None
1738886149,339
1738886152,370
1738886156,1386
1738886158,1740
1738886162,1769
1738886165,1778
1738886168,1899
1738886171,1914
1738886174,1873
1738886177,1884
1738886180,1816
1738886183,1808
1738886186,1796
1738886189,1801
1738886192,1794
1738886195,1585
1738886195,None
1738886201,1573
1738886204,1584
1738886208,1364
1738886210,1231
1738886214,1424
1738886216,1401
1738886219,1421
1738886223,1534
1738886225,1593
1738886229,1565
1738886232,1617
1738886235,1573
1738886238,1595
1738886241,1597
1738886244,1558
1738886244,None
1738886250,1595
1738886253,1563
1738886256,1594
1738886259,1570
1738886262,1555
1738886265,1553
1738886268,1440
1738886271,1434
1738886274,1431
1738886277,1471
1738886280,1430
1738886283,1433
1738886286,1567
1738886290,1622
1738886293,1569
1738886296,1612
1738886299,1516
1738886302,1523
1738886305,1516
1738886308,1538
1738886311,1571
1738886314,1599
1738886317,1558
1738886321,1602
1738886321,None
1738886326,1556
1738886326,None
1738886333,1522
1738886335,1462
1738886339,1357
1738886342,1361
1738886345,1418
1738886348,1439
1738886348,None
1738886348,None
1738886357,1577
1738886360,1627
1738886363,1589
1738886366,1581
1738886369,1599
1738886372,1580
1738886375,1587
1738886378,1590
1738886382,1573
1738886384,1554
1738886387,1595
1738886390,1574
1738886393,1577
1738886396,1553
1738886399,1560
1738886403,1374
1738886406,1354
1738886408,1348
1738886411,1352
1738886415,1351
1738886418,1344
1738886422,1496
1738886424,1524
1738886427,1535
1738886430,1514
1738886433,1509
1738886436,1496
1738886439,1512
1738886442,1498
1738886445,1492
1738886449,1485
1738886452,1475
1738886454,1481
1738886458,1491
1738886461,1482
1738886464,1445
1738886467,1337
1738886471,1358
1738886472,1617
1738886476,1669
1738886479,1745
1738886482,1851
1738886485,1799
1738886488,1768
1738886491,1758
1738886494,1532
1738886497,1515
1738886500,1542
1738886503,1516
1738886506,1505
1738886509,1500
1738886512,1507
1738886515,1506
1738886518,1504
1738886521,1522
1738886524,1576
1738886527,1480
1738886531,1406
1738886534,1401
1738886537,1392
1738886540,1383
1738886543,1465
1738886546,1489
1738886549,1605
1738886552,1679
1738886555,1645
1738886558,1633
1738886561,1619
1738886564,1604
1738886567,1603
1738886570,1604
1738886574,1611
1738886576,1614
1738886579,1613
1738886583,1616
1738886585,1619
1738886589,1627
1738886592,1547
1738886594,1505
1738886597,1504
1738886601,1506
1738886604,1491
1738886607,1522
1738886610,1621
1738886613,1623
1738886616,1611
1738886619,1618
1738886623,1602
1738886625,1606
1738886628,1544
1738886631,1506
1738886634,1489
1738886637,1493
1738886640,1520
1738886643,1529
1738886646,1501
1738886646,None
1738886653,1362
1738886656,1367
1738886659,1368
1738886662,1372
1738886665,1366
1738886668,1364
1738886671,1496
1738886674,453
1738886677,401
1738886680,413
1738886683,401
1738886686,406
1738886689,405
1738886692,398
1738886695,400
1738886699,399
1738886701,400
1738886705,394
1738886707,389
1738886711,375
1738886713,290
1738886717,300
1738886717,None
1738886723,287
1738886726,284
1738886729,334
1738886732,446
1738886735,432
1738886738,444
1738886741,429
1738886744,427
1738886747,429
1738886750,423
1738886753,424
1738886753,None
1738886760,423
1738886762,415
1738886765,414
1738886769,339
1738886772,281
1738886775,276
1738886778,287
1738886781,282
1738886781,None
1738886787,382
1738886790,435
1738886793,426
1738886796,425
1738886799,425
1738886802,418
1738886802,None
1738886802,None
1738886811,416
1738886814,421
1738886817,424
1738886820,406
1738886823,399
1738886826,450
1738886830,592
1738886832,563
1738886835,592
1738886839,503
1738886842,314
1738886845,302
1738886848,408
1738886851,456
1738886854,440
1738886857,434
1738886860,416
1738886863,420
1738886866,422
1738886869,423
1738886872,471
1738886875,480
1738886878,641
1738886881,727
1738886884,708
1738886887,546
1738886890,438
1738886893,325
1738886896,323
1738886899,308
1738886903,325
1738886905,301
1738886908,312
1738886912,300
1738886915,407
1738886918,462
1738886921,472
1738886924,461
1738886927,452
1738886930,459
1738886933,449
1738886936,466
1738886939,442
1738886942,456
1738886945,431
1738886948,453
1738886951,428
1738886954,434
1738886957,430
1738886960,302
1738886963,307
1738886967,304
1738886969,307
1738886973,297
1738886975,459
1738886979,451
1738886982,452
1738886985,448
1738886988,443
1738886991,452
1738886994,433
1738886997,451
1738887000,435
1738887003,455
1738887006,434
1738887009,436
1738887012,432
1738887015,411
1738887015,None
1738887021,277
1738887024,263
1738887028,323
1738887031,329
1738887033,312
1738887036,365
1738887039,474
1738887043,465
1738887046,466
1738887049,460
1738887052,452
1738887055,444
1738887058,406
1738887061,405
1738887064,406
1738887067,402
1738887070,411
1738887073,402
1738887076,398
1738887080,397
1738887082,426
1738887086,339
1738887089,273
1738887092,264
1738887092,None
1738887098,294
1738887101,266
1738887104,266
1738887107,410
1738887110,412
1738887113,412
1738887116,406
1738887119,412
1738887122,403
1738887126,405
1738887129,404
1738887131,400
1738887134,409
1738887137,423
1738887141,465
1738887143,447
1738887147,599
1738887150,652
1738887153,575
1738887156,560
1738887159,411
1738887162,270
1738887165,355
1738887168,364
1738887171,412
1738887174,461
1738887177,474
1738887180,448
1738887183,491
1738887187,538
1738887189,553
1738887193,564
1738887195,560
1738887199,534
1738887202,534
1738887205,525
1738887208,648
1738887211,772
1738887214,778
1738887217,668
1738887220,622
1738887223,394
1738887226,405
1738887229,377
1738887232,377
1738887232,None
1738887239,538
1738887241,531
1738887244,517
1738887248,525
1738887251,522
1738887254,508
1738887257,516
1738887260,554
1738887263,616
1738887266,603
1738887269,587
1738887271,577
1738887275,584
1738887278,451
1738887278,None
1738887284,434
1738887287,445
1738887291,431
1738887293,435
1738887296,571
1738887299,582
1738887302,575
1738887305,597
1738887308,587
1738887312,578
1738887315,576
1738887317,572
1738887320,573
1738887323,579
1738887327,575
1738887330,578
1738887333,622
1738887336,552
1738887339,459
1738887342,428
1738887345,426
1738887348,476
1738887351,478
1738887354,475
1738887357,599
1738887360,626
1738887364,588
1738887367,588
1738887367,None
1738887373,572
1738887375,583
1738887378,582
1738887378,None
1738887385,577
1738887388,586
1738887391,579
1738887394,571
1738887397,587
1738887400,542
1738887403,445
1738887406,449
1738887409,448
1738887412,458
1738887415,463
1738887418,501
1738887421,634
1738887424,633
1738887427,612
1738887431,594
1738887434,593
1738887437,599
1738887437,None
1738887443,596
1738887445,588
1738887449,587
1738887452,599
1738887455,616
1738887458,604
1738887461,473
1738887461,None
1738887467,460
1738887467,None
1738887473,463
1738887476,555
1738887479,612
1738887482,612
1738887485,625
1738887488,621
1738887491,619
1738887494,614
1738887498,467
1738887500,461
1738887504,451
1738887507,451
1738887510,501
1738887513,474
1738887516,473
1738887519,342
1738887522,336
1738887525,324
1738887528,426
1738887531,598
1738887534,591
1738887537,687
1738887537,None
1738887543,504
1738887546,494
1738887546,None
1738887546,None
1738887555,486
1738887558,484
1738887561,477
1738887564,489
1738887568,489
1738887570,481
1738887574,470
1738887577,511
1738887580,494
1738887583,372
1738887586,354
1738887589,365
1738887592,355
1738887595,341
1738887595,None
1738887601,448
1738887604,488
1738887607,502
1738887610,478
1738887613,489
1738887616,478
1738887616,None
1738887622,470
1738887625,461
1738887628,466
1738887631,459
1738887635,462
1738887637,457
1738887640,460
1738887644,487
1738887646,398
1738887650,422
1738887653,585
1738887656,595
1738887659,586
1738887662,503
1738887665,426
1738887668,483
1738887671,477
1738887674,478
1738887677,467
1738887680,477
1738887680,None
1738887686,474
1738887689,464
1738887692,460
1738887695,462
1738887695,None
1738887701,459
1738887704,462
1738887707,456
1738887711,340
1738887714,316
1738887717,331
1738887719,316
1738887723,317
1738887726,323
1738887729,364
1738887732,477
1738887735,470
1738887738,469
1738887741,465
1738887745,464
1738887747,457
1738887750,446
1738887753,458
1738887756,454
1738887759,452
1738887762,451
1738887765,454
1738887769,445
1738887772,324
1738887772,None
1738887772,None
1738887781,316
1738887784,318
1738887784,None
1738887790,459
1738887793,478
1738887796,466
1738887799,451
1738887802,462
1738887806,482
1738887808,530
1738887812,552
1738887814,551
1738887817,550
1738887822,541
1738887824,547
1738887827,562
1738887830,419
1738887833,404
1738887836,417
1738887839,402
1738887842,414
1738887845,411
1738887848,506
1738887851,575
1738887855,559
1738887857,555
1738887857,None
1738887864,520
1738887867,507
1738887870,485
1738887873,487
1738887876,488
1738887878,469
1738887882,471
1738887885,469
1738887888,466
1738887891,400
1738887894,589
1738887897,592
1738887900,600
1738887903,600
1738887906,573
1738887909,332
1738887912,478
1738887915,470
1738887918,468
1738887921,461
1738887924,449
1738887927,455
1738887930,449
1738887933,452
1738887936,448
1738887939,450
1738887942,440
1738887946,449
1738887949,440
1738887952,445
1738887955,307
1738887958,308
1738887961,317
1738887964,302
1738887967,308
1738887970,313
1738887973,350
1738887976,464
1738887979,467
1738887982,453
1738887985,458
1738887988,445
1738887991,449
1738887994,448
1738887997,436
1738888001,447
1738888004,439
1738888007,436
1738888010,444
1738888013,404
1738888016,305
1738888019,307
1738888022,308
1738888025,314
1738888028,300
1738888031,417
1738888034,459
1738888037,460
1738888040,486
1738888043,469
1738888047,508
1738888049,683
1738888052,720
1738888052,None
1738888052,None
1738888061,1297
1738888064,1290
1738888067,1289
1738888070,1269
1738888070,None
1738888077,1160
1738888079,1167
1738888083,1162
1738888083,None
1738888089,1164
1738888092,1322
1738888095,1314
1738888098,1313
1738888098,None
1738888104,1307
1738888107,1301
1738888110,1305
1738888113,1292
1738888116,1300
1738888119,1295
1738888123,1296
1738888125,1293
1738888129,1291
1738888132,1255
1738888134,1153
1738888138,1156
1738888141,1163
1738888143,1155
1738888147,1155
1738888150,646
1738888153,456
1738888156,492
1738888159,511
1738888162,495
1738888162,None
1738888168,1328
1738888172,1337
1738888174,1325
1738888178,1328
1738888180,1313
1738888183,1320
1738888186,1332
1738888190,1303
1738888192,1297
1738888196,1213
1738888199,1153
1738888201,678
1738888205,1103
1738888208,1152
1738888210,1138
1738888214,1087
1738888217,1190
1738888220,1253
1738888223,1248
1738888226,1238
1738888229,1223
1738888232,1231
1738888236,1241
1738888238,1233
1738888242,1230
1738888244,1233
1738888247,1228
1738888247,None
1738888253,1225
1738888256,1228
1738888260,1146
1738888263,1088
1738888266,1087
1738888269,1099
1738888272,1093
1738888275,1095
1738888278,1095
1738888281,1083
1738888284,1245
1738888287,1240
1738888290,1237
1738888294,1232
1738888296,1228
1738888299,1221
1738888302,1226
1738888305,1234
1738888308,1233
1738888308,None
1738888315,1224
1738888317,1225
1738888320,1225
1738888323,1213
1738888327,1137
1738888330,1289
1738888333,1335
1738888336,1344
1738888339,1273
1738888342,1086
1738888345,1258
1738888348,1262
1738888348,None
1738888354,1247
1738888357,547
1738888360,434
1738888363,426
1738888366,423
1738888369,432
1738888372,425
1738888372,None
1738888379,424
1738888381,301
1738888384,299
1738888388,284
1738888390,300
1738888394,290
1738888397,327
1738888400,455
1738888402,436
1738888406,434
1738888409,438
1738888409,None
1738888415,437
1738888418,426
1738888421,433
1738888424,431
1738888427,431
1738888430,408
1738888433,402
1738888436,405
1738888439,324
1738888442,261
1738888445,272
1738888448,276
1738888451,272
1738888454,264
1738888457,272
1738888461,359
1738888464,636
1738888466,674
1738888470,673
1738888473,664
1738888476,566
1738888479,399
1738888479,None
1738888485,410
1738888488,401
1738888491,399
1738888494,403
1738888497,402
1738888501,406
1738888503,366
1738888506,266
1738888506,None
1738888512,271
1738888515,270
1738888518,264
1738888522,320
1738888525,421
1738888528,417
1738888531,422
1738888534,405
1738888534,None
1738888540,410
1738888543,409
1738888546,411
1738888549,383
1738888552,388
1738888555,377
1738888555,None
1738888561,384
1738888564,359
1738888567,247
1738888570,253
1738888573,246
1738888577,253
1738888577,None
1738888582,256
1738888585,360
1738888589,405
1738888591,404
1738888595,391
1738888595,None
1738888601,393
1738888604,384
1738888607,390
1738888610,385
1738888612,384
1738888616,384
1738888619,382
1738888622,382
1738888625,280
1738888628,503
1738888631,481
1738888634,477
1738888637,490
1738888640,348
1738888643,236
1738888646,233
1738888650,380
1738888652,393
1738888655,383
1738888659,376
1738888662,380
1738888665,381
1738888668,373
1738888671,367
1738888673,370
1738888677,371
1738888680,362
1738888683,368
1738888686,369
1738888689,366
1738888692,359
1738888695,362
1738888698,281
1738888701,233
1738888704,229
1738888707,237
1738888707,None
1738888713,227
1738888717,234
1738888719,336
1738888722,383
1738888725,370
1738888729,381
1738888732,373
1738888734,362
1738888734,None
1738888741,371
1738888744,363
1738888747,361
1738888747,None
1738888753,365
1738888756,355
1738888759,236
1738888762,218
1738888765,230
1738888768,230
1738888771,228
1738888774,227
1738888777,372
1738888781,382
1738888781,None
1738888787,371
1738888789,366
1738888793,362
1738888796,368
1738888799,367
1738888802,362
1738888805,369
1738888808,361
1738888808,None
1738888814,334
1738888817,226
1738888817,None
1738888823,230
1738888826,219
1738888830,221
1738888832,217
1738888835,221
1738888839,218
1738888839,None
1738888845,371
1738888848,372
1738888850,368
1738888854,367
1738888857,362
1738888859,361
1738888863,460
1738888866,614
1738888869,621
1738888872,484
1738888875,483
1738888878,229
1738888881,220
1738888884,224
1738888887,370
1738888890,375
1738888894,366
1738888896,358
1738888899,362
1738888902,361
1738888906,287
1738888909,227
1738888911,240
1738888914,240
1738888918,244
1738888921,285
1738888923,382
1738888927,374
1738888929,364
1738888932,357
1738888936,351
1738888939,360
1738888942,358
1738888942,None
1738888948,216
1738888948,None
1738888954,217
1738888957,214
1738888960,318
1738888963,373
1738888966,369
1738888969,372
1738888972,363
1738888976,372
1738888978,328
1738888982,230
1738888985,276
1738888987,273
1738888990,224
1738888994,233
1738888994,None
1738889000,390
1738889003,383
1738889006,376
1738889009,373
1738889012,374
1738889015,378
1738889018,379
1738889021,371
1738889024,374
1738889027,504
1738889031,479
1738889034,481
1738889036,466
1738889039,301
1738889042,352
1738889045,409
1738889048,392
1738889051,393
1738889054,384
1738889058,354
1738889061,241
1738889064,238
1738889067,238
1738889070,239
1738889073,236
1738889076,232
1738889079,391
1738889082,389
1738889085,385
1738889088,384
1738889091,361
1738889095,360
1738889097,355
1738889100,343
1738889103,268
1738889106,208
1738889109,215
1738889112,213
1738889115,213
1738889118,212
1738889122,207
1738889125,313
1738889128,373
1738889131,359
1738889134,361
1738889137,357
1738889140,348
1738889143,358
1738889146,349
1738889149,323
1738889152,212
1738889155,218
1738889158,214
1738889161,216
1738889164,218
1738889167,216
1738889170,367
1738889170,None
1738889176,364
1738889176,None
1738889183,266
1738889185,519
1738889189,533
1738889192,472
1738889195,481
1738889198,435
1738889198,None
1738889204,361
1738889208,359
1738889210,268
1738889213,210
1738889216,307
1738889219,360
1738889222,358
1738889225,348
1738889229,214
1738889229,None
1738889234,203
1738889237,215
1738889241,204
1738889244,365
1738889247,361
1738889250,360
1738889250,None
1738889250,None
1738889259,350
1738889262,344
1738889265,1218
1738889268,1365
1738889271,1359
1738889274,1371
1738889277,1359
1738889280,1425
1738889284,1604
1738889287,1610
1738889289,1607
1738889292,1605
1738889295,1521
1738889299,1452
1738889302,1464
1738889305,1561
1738889308,1610
1738889311,1619
1738889314,1484
1738889317,1474
1738889320,1542
1738889323,1673
1738889326,1730
1738889329,1719
1738889332,1706
1738889335,1667
1738889338,1563
1738889341,1548
1738889345,1512
1738889348,1504
1738889350,1601
1738889353,1627
1738889356,1618
1738889360,1618
1738889362,1573
1738889366,1453
1738889369,1456
1738889372,1461
1738889375,1473
1738889378,1456
1738889382,1615
1738889384,1636
1738889387,1662
1738889390,1530
1738889393,1560
1738889396,1685
1738889399,1634
1738889402,1528
1738889402,None
1738889408,1777
1738889411,1933
1738889414,1920
1738889418,1836
1738889420,1556
1738889423,1606
1738889426,1662
1738889430,1515
1738889433,1518
1738889433,None
1738889439,1519
1738889442,1673
1738889445,1663
1738889448,1529
1738889451,1526
1738889454,1662
1738889454,None
1738889460,1624
1738889463,1524
1738889466,1507
1738889469,1235
1738889472,551
1738889475,414
1738889478,401
1738889481,391
1738889484,1397
1738889484,None
1738889491,1567
1738889493,1508
1738889497,1605
1738889500,1196
1738889503,458
1738889506,352
1738889509,354
1738889512,351
1738889515,501
1738889518,504
1738889521,358
1738889524,453
1738889527,496
1738889530,464
1738889533,348
1738889537,357
1738889539,398
1738889542,513
1738889546,683
1738889548,918
1738889551,1065
1738889555,938
1738889558,842
1738889561,569
1738889564,494
1738889567,500
1738889567,None
1738889573,514
1738889576,501
1738889579,511
1738889582,498
1738889585,480
1738889588,383
1738889591,416
1738889594,512
1738889598,387
1738889600,366
1738889604,355
1738889606,460
1738889609,512
1738889612,504
1738889616,499
1738889619,528
1738889623,531
1738889625,439
1738889628,374
1738889631,391
1738889634,364
1738889637,397
1738889641,431
1738889643,542
1738889643,None
1738889649,535
1738889652,516
1738889655,493
1738889658,385
1738889661,371
1738889664,372
1738889667,382
1738889667,None
1738889674,419
1738889677,545
1738889679,521
1738889683,536
1738889685,513
1738889689,532
1738889692,508
1738889692,None
1738889698,356
1738889701,384
1738889705,385
1738889707,390
1738889710,375
1738889713,397
1738889717,547
1738889719,522
1738889722,503
1738889725,503
1738889728,491
1738889731,375
1738889734,360
1738889738,352
1738889740,370
1738889743,357
1738889746,350
1738889750,459
1738889753,515
1738889756,501
1738889759,499
1738889762,418
1738889765,397
1738889768,504
1738889771,465
1738889774,358
1738889777,361
1738889780,358
1738889783,349
1738889786,355
1738889786,None
1738889793,516
1738889796,502
1738889799,499
1738889801,494
1738889804,458
1738889808,347
1738889811,600
1738889814,611
1738889817,613
1738889820,586
1738889823,355
1738889826,453
1738889829,518
1738889832,506
1738889835,496
1738889838,501
1738889841,408
1738889844,352
1738889847,353
1738889850,362
1738889853,359
1738889857,356
1738889860,353
1738889863,510
1738889866,505
1738889868,494
1738889871,517
1738889875,484
1738889877,519
1738889881,436
1738889884,384
1738889887,376
1738889890,377
1738889893,378
1738889896,371
1738889900,586
1738889902,614
1738889906,605
1738889908,770
1738889911,642
1738889915,501
1738889917,496
1738889920,492
1738889920,None
1738889926,358
1738889930,359
1738889932,357
1738889936,455
1738889939,505
1738889942,505
1738889945,420
1738889948,358
1738889951,347
1738889954,360
1738889957,358
1738889960,354
1738889964,453
1738889966,514
1738889969,505
1738889972,495
1738889975,494
1738889978,368
1738889981,347
1738889984,357
1738889987,351
1738889987,None
1738889994,356
1738889996,352
1738889999,355
1738890002,363
1738890006,370
1738890009,354
1738890011,346
1738890015,346
1738890017,341
1738890021,361
1738890024,361
1738890027,373
1738890030,446
1738890033,473
1738890036,581
1738890039,612
1738890042,480
1738890045,483
1738890049,632
1738890051,720
1738890054,918
1738890057,1077
1738890060,1286
1738890064,1297
1738890067,1252
1738890070,1248
1738890073,1256
1738890076,1263
1738890079,1275
1738890082,1302
1738890082,None
1738890082,None
1738890091,1334
1738890094,1337
1738890097,1338
1738890100,1331
1738890104,1324
1738890106,1316
1738890109,1303
1738890113,1313
1738890115,1322
1738890118,1319
1738890121,1320
1738890124,1340
1738890128,1336
1738890130,1333
1738890134,1346
1738890137,1598
1738890140,1606
1738890143,1601
1738890146,1609
1738890149,1582
1738890152,1379
1738890155,1487
1738890158,1624
1738890161,1706
1738890164,1718
1738890167,1736
1738890170,1740
1738890170,None
1738890177,1760
1738890180,1770
1738890182,1770
1738890186,1773
1738890189,1797
1738890191,1794
1738890195,1803
1738890198,1814
1738890201,1817
1738890204,1828
1738890204,None
1738890210,1845
1738890214,1856
1738890216,1866
1738890219,1870
1738890222,1889
1738890225,1886
1738890228,1910
1738890231,1904
1738890234,1919
1738890238,1924
1738890240,1902
1738890243,1779
1738890247,1709
1738890250,1700
1738890252,1704
1738890255,1686
1738890259,1698
1738890261,1691
1738890264,1692
1738890268,1686
1738890270,1688
1738890274,1693
1738890277,1694
1738890280,1701
1738890283,1698
1738890286,1701
1738890289,1709
1738890292,1702
1738890295,1708
1738890299,1707
1738890301,1710
1738890304,1800
1738890307,1976
1738890311,1974
1738890314,1975
1738890316,1943
1738890319,1718
1738890322,1703
1738890325,1582
1738890329,1471
1738890331,1463
1738890334,1471
1738890338,1467
1738890341,1458
1738890344,1448
1738890347,1456
1738890350,1406
1738890353,1410
1738890356,1388
1738890359,1394
1738890362,1450
1738890365,1437
1738890368,1447
1738890371,1450
1738890375,1445
1738890377,1446
1738890380,1440
1738890384,1443
1738890387,1434
1738890389,1432
1738890393,1426
1738890396,1433
1738890398,1417
1738890402,1403
1738890405,1326
1738890408,1323
1738890411,1315
1738890414,1317
1738890417,1314
1738890420,1318
1738890423,1300
1738890426,1254
1738890429,1223
1738890432,1230
1738890435,1220
1738890438,1226
1738890441,1217
1738890444,1220
1738890447,1215
1738890450,1219
1738890454,1216
1738890457,1216
1738890457,None
1738890463,1212
1738890466,1220
1738890469,1211
1738890472,1218
1738890472,None
1738890478,1210
1738890481,1216
1738890484,1208
1738890487,1213
1738890490,1240
1738890493,1234
1738890496,1229
1738890499,1228
1738890499,None
1738890505,1226
1738890508,1223
1738890511,1202
1738890515,1204
1738890518,1200
1738890521,1206
1738890524,1201
1738890527,1209
1738890530,1204
1738890533,1201
1738890533,None
1738890539,1201
1738890542,1200
1738890546,1116
1738890548,1113
1738890548,None
1738890554,1109
1738890557,1112
1738890560,1108
1738890564,1109
1738890566,1257
1738890566,None
1738890573,1379
1738890576,1380
1738890579,1220
1738890581,1133
1738890585,1125
1738890588,1128
1738890591,1128
1738890594,1123
1738890597,1119
1738890600,1121
1738890603,1121
1738890606,1124
1738890609,1129
1738890612,1119
1738890615,1126
1738890618,1122
1738890621,1120
1738890624,1122
1738890628,1116
1738890631,1124
1738890633,1117
1738890637,1095
1738890640,1100
1738890643,1086
1738890646,1086
1738890649,1079
1738890651,1085
1738890655,1090
1738890658,1093
1738890661,1093
1738890664,1055
1738890667,1020
1738890670,1005
1738890673,1011
1738890676,1000
1738890679,994
1738890682,1175
1738890685,1253
1738890688,1256
1738890691,1252
1738890691,None
1738890697,996
1738890700,988
1738890704,1002
1738890706,993
1738890710,987
1738890713,991
1738890715,989
1738890719,989
1738890722,983
1738890725,994
1738890728,983
1738890731,989
1738890734,987
1738890737,988
1738890740,981
1738890743,983
1738890746,986
1738890749,983
1738890752,985
1738890755,982
1738890758,989
1738890761,982
1738890764,988
1738890768,991
1738890771,987
1738890773,990
1738890777,982
1738890780,984
1738890783,972
1738890786,930
1738890789,901
1738890792,910
1738890795,901
1738890798,901
1738890801,904
1738890804,895
1738890807,902
1738890810,897
1738890813,896
1738890816,893
1738890819,892
1738890822,896
1738890825,884
1738890829,900
1738890831,891
1738890834,888
1738890837,894
1738890841,898
1738890844,894
1738890847,896
1738890850,883
1738890853,885
1738890856,897
1738890859,893
1738890862,890
1738890865,886
1738890868,887
1738890871,888
1738890874,889
1738890877,892
1738890880,887
1738890883,882
1738890886,880
1738890889,893
1738890893,883
1738890895,885
1738890898,879
1738890901,894
1738890904,869
1738890907,819
1738890911,816
1738890914,824
1738890917,815
1738890920,813
1738890923,808
1738890926,815
1738890929,809
1738890932,1050
1738890935,1053
1738890938,1063
1738890941,1057
1738890944,1060
1738890947,854
1738890951,813
1738890953,813
1738890957,806
1738890960,817
1738890960,None
1738890966,812
1738890969,802
1738890972,818
1738890975,810
1738890978,809
1738890981,815
1738890981,None
1738890987,815
1738890990,815
1738890993,809
1738890996,815
1738890999,811
1738891002,813
1738891002,None
1738891008,814
1738891008,None
1738891014,809
1738891017,811
1738891020,810
1738891023,797
1738891026,760
1738891029,741
1738891033,743
1738891033,None
1738891039,737
1738891042,725
1738891045,740
1738891048,737
1738891048,None
1738891054,736
1738891057,734
1738891060,727
1738891063,737
1738891066,727
1738891066,None
1738891072,738
1738891075,733
1738891078,979
1738891081,975
1738891085,988
1738891087,984
1738891091,735
1738891094,725
1738891097,725
1738891100,730
1738891100,None
1738891106,721
1738891109,729
1738891112,720
1738891115,731
1738891118,722
1738891121,723
1738891124,721
1738891127,722
1738891130,725
1738891133,726
1738891136,722
1738891139,726
1738891142,702
1738891146,624
1738891148,590
1738891152,568
1738891154,566
1738891158,554
1738891161,554
1738891164,548
1738891167,535
1738891167,None
1738891167,None
1738891176,537
1738891179,537
1738891182,535
1738891185,535
1738891188,525
1738891191,527
1738891194,538
1738891197,532
1738891201,531
1738891203,526
1738891206,528
1738891209,529
1738891213,531
1738891215,522
1738891219,534
1738891222,527
1738891225,514
1738891228,522
1738891231,532
1738891234,524
1738891237,521
1738891240,524
1738891243,525
1738891246,522
1738891246,None
1738891252,529
1738891255,520
1738891259,525
1738891261,532
1738891264,522
1738891267,523
1738891270,524
1738891273,523
1738891277,525
1738891280,524
1738891283,517
1738891283,None
1738891289,526
1738891291,522
1738891295,524
1738891298,526
1738891301,520
1738891304,516
1738891307,523
1738891310,518
1738891314,516
1738891316,509
1738891319,516
1738891322,521
1738891325,523
1738891328,507
1738891331,523
1738891334,521
1738891337,519
1738891340,515
1738891343,508
1738891347,519
1738891350,524
1738891352,523
1738891355,510
1738891359,523
1738891362,525
1738891365,524
1738891368,681
1738891368,None
1738891374,771
1738891377,756
1738891380,520
1738891383,516
1738891386,510
1738891389,523
1738891392,518
1738891395,514
1738891398,521
1738891401,516
1738891404,524
1738891408,510
1738891411,521
1738891413,517
1738891417,511
1738891419,520
1738891423,509
1738891426,508
1738891429,514
1738891432,517
1738891435,518
1738891438,515
1738891441,519
1738891444,517
1738891447,512
1738891450,514
1738891453,513
1738891456,515
1738891459,525
1738891462,512
1738891465,509
1738891468,523
1738891472,523
1738891475,520
1738891478,515
1738891481,520
1738891484,513
1738891487,719
1738891490,775
1738891493,781
1738891496,771
1738891499,514
1738891502,520
1738891505,523
1738891508,518
1738891511,523
1738891514,521
1738891517,525
1738891520,518
1738891523,515
1738891526,522
1738891529,514
1738891533,523
1738891536,515
1738891539,518
1738891541,517
1738891545,516
1738891548,521
1738891551,520
1738891554,512
1738891557,517
1738891560,518
1738891563,523
1738891566,518
1738891569,518
1738891569,None
1738891575,516
1738891578,509
1738891581,519
1738891584,501
1738891587,506
1738891591,504
1738891593,507
1738891596,506
1738891600,511
1738891603,507
1738891606,507
1738891609,507
1738891612,505
1738891615,508
1738891618,506
1738891621,511
1738891624,509
1738891627,506
1738891630,506
1738891633,505
1738891636,512
1738891639,503
1738891642,513
1738891645,507
1738891648,506
1738891651,517
1738891654,518
1738891658,650
1738891661,768
1738891663,769
1738891667,772
1738891669,766
1738891673,514
1738891676,519
1738891679,513
1738891682,506
1738891685,518
1738891688,518
1738891691,513
1738891694,520
1738891697,514
1738891700,515
1738891703,528
1738891706,478
1738891706,None
1738891712,459
1738891715,455
1738891719,462
1738891722,461
1738891725,458
1738891727,462
1738891731,469
1738891734,466
1738891737,460
1738891740,453
1738891743,457
1738891746,455
1738891749,457
1738891752,460
1738891755,462
1738891758,464
1738891761,453
1738891764,461
1738891767,459
1738891770,452
1738891773,456
1738891776,456
1738891780,461
1738891783,462
1738891786,455
1738891789,463
1738891792,455
1738891792,None
1738891798,464
1738891798,None
1738891804,462
1738891807,463
1738891810,460
1738891813,462
1738891816,457
1738891819,471
1738891822,458
1738891825,458
1738891828,465
1738891831,456
1738891834,461
1738891837,462
1738891840,463
1738891844,457
1738891846,462
1738891850,456
1738891853,466
1738891856,463
1738891859,454
1738891862,465
1738891865,467
1738891870,456
1738891871,458
1738891874,463
1738891877,714
1738891880,715
1738891883,721
1738891886,714
1738891890,509
1738891892,460
1738891895,457
1738891899,457
1738891901,457
1738891905,462
1738891908,456
1738891911,463
1738891914,462
1738891917,457
1738891920,462
1738891923,459
1738891926,462
1738891930,459
1738891933,462
1738891936,457
1738891939,464
1738891941,453
1738891945,458
1738891948,459
1738891950,462
1738891953,459
1738891957,462
1738891960,459
1738891963,463
1738891966,459
1738891969,464
1738891972,460
1738891975,462
1738891975,None
1738891981,462
1738891984,454
1738891987,461
1738891990,465
1738891993,456
1738891996,465
1738892000,457
1738892003,458
1738892006,467
1738892009,461
1738892012,464
1738892015,457
1738892018,465
1738892021,465
1738892024,467
1738892027,450
1738892030,465
1738892033,466
1738892036,460
1738892039,461
1738892042,461
1738892045,466
1738892048,501
1738892052,706
1738892054,709
1738892057,720
1738892061,542
1738892063,460
1738892066,456
1738892070,464
1738892073,462
1738892076,460
1738892079,452
1738892082,458
1738892085,468
1738892088,466
1738892091,461
1738892094,455
1738892097,457
1738892100,458
1738892103,462
1738892106,461
1738892110,457
1738892112,454
1738892115,452
1738892118,464
1738892121,457
1738892125,458
1738892127,460
1738892131,463
1738892134,461
1738892136,466
1738892140,456
1738892143,461
1738892146,454
1738892149,461
1738892152,459
1738892155,455
1738892158,460
1738892158,None
1738892164,465
1738892168,457
1738892170,464
1738892174,456
1738892176,460
1738892179,455
1738892182,460
1738892182,None
1738892189,460
1738892192,460
1738892195,460
1738892198,462
1738892200,457
1738892204,467
1738892207,458
1738892210,453
1738892213,461
1738892216,457
1738892219,457
1738892222,459
1738892226,460
1738892228,462
1738892231,457
1738892234,454
1738892234,None
1738892241,452
1738892244,460
1738892247,455
1738892249,455
1738892253,455
1738892256,456
1738892258,451
1738892262,460
1738892265,454
1738892268,457
1738892271,461
1738892274,452
1738892277,453
1738892281,457
1738892283,458
1738892286,454
1738892289,450
1738892292,466
1738892295,461
1738892298,449
1738892302,716
1738892304,717
1738892308,716
1738892310,720
1738892313,525
1738892313,None
1738892320,466
1738892323,454
1738892326,454
1738892329,456
1738892332,461
1738892332,None
1738892338,461
1738892341,453
1738892344,453
1738892347,459
1738892350,463
1738892354,454
1738892356,454
1738892359,455
1738892362,460
1738892366,459
1738892368,455
1738892371,444
1738892374,561
1738892377,705
1738892380,705
1738892384,684
1738892386,647
1738892390,466
1738892393,468
1738892395,473
1738892399,461
1738892402,454
1738892402,None
1738892408,452
1738892411,448
1738892414,448
1738892417,447
1738892420,449
1738892423,452
1738892426,447
1738892429,450
1738892432,447
1738892435,446
1738892438,443
1738892438,None
1738892444,446
1738892448,449
1738892451,448
1738892454,452
1738892457,441
1738892460,452
1738892463,442
1738892466,449
1738892469,441
1738892472,444
1738892475,440
1738892478,445
1738892481,448
1738892485,439
1738892485,None
1738892485,None
1738892494,457
1738892496,449
1738892500,442
1738892503,445
1738892505,441
1738892505,None
1738892512,446
1738892515,437
1738892515,None
1738892521,440
1738892524,452
1738892527,439
1738892530,443
1738892533,437
1738892536,449
1738892539,447
1738892542,442
1738892546,542
1738892548,551
1738892551,555
1738892554,561
1738892557,564
1738892560,562
1738892563,567
1738892563,None
1738892570,576
1738892573,574
1738892576,583
1738892579,573
1738892582,583
1738892584,586
1738892588,579
1738892592,582
1738892594,579
1738892597,584
1738892600,577
1738892603,582
1738892606,582
1738892609,582
1738892613,576
1738892615,583
1738892618,585
1738892622,582
1738892624,574
1738892627,582
1738892630,581
1738892633,588
1738892636,585
1738892640,582
1738892643,586
1738892646,593
1738892649,594
1738892652,605
1738892655,591
1738892658,590
1738892661,603
1738892664,653
1738892667,691
1738892670,706
1738892673,719
1738892676,725
1738892679,736
1738892679,None
1738892685,724
1738892688,739
1738892691,736
1738892694,729
1738892697,914
1738892697,None
1738892703,993
1738892707,938
1738892709,731
1738892712,738
1738892716,747
1738892716,None
1738892722,738
1738892725,741
1738892728,742
1738892731,739
1738892734,736
1738892737,738
1738892740,742
1738892743,746
1738892746,747
1738892749,755
1738892752,736
1738892755,751
1738892758,741
1738892761,748
1738892764,744
1738892768,745
1738892770,751
1738892774,749
1738892776,754
1738892779,955
1738892782,1018
1738892786,1065
1738892789,867
1738892791,825
1738892795,833
1738892798,836
1738892801,903
1738892804,935
1738892807,941
1738892811,942
1738892813,933
1738892816,923
1738892819,934
1738892822,925
1738892825,941
1738892828,930
1738892831,935
1738892831,None
1738892837,927
1738892841,929
1738892843,921
1738892847,929
1738892849,924
1738892853,912
1738892855,914
1738892859,924
1738892859,None
1738892865,915
1738892868,916
1738892871,929
1738892874,931
1738892877,927
1738892880,923
1738892883,926
1738892886,923
1738892889,931
1738892892,921
1738892895,931
1738892898,926
1738892898,None
1738892904,992
1738892907,1041
1738892910,1047
1738892913,1057
1738892913,None
1738892920,1050
1738892923,1060
1738892927,1061
1738892929,1069
1738892932,1066
1738892936,1069
1738892938,1077
1738892941,1079
1738892944,1082
1738892947,1089
1738892950,1083
1738892953,1093
1738892953,None
1738892959,1101
1738892963,1099
1738892965,1103
1738892969,1095
1738892972,1091
1738892974,1088
1738892978,1098
1738892981,1102
1738892981,None
1738892987,1098
1738892990,1107
1738892993,1106
1738892996,1106
1738892999,1098
1738893002,1099
1738893005,1056
1738893008,1024
1738893012,1022
1738893012,None
1738893018,1023
1738893021,1016
1738893024,1011
1738893027,1012
1738893029,1013
1738893033,1010
1738893036,1013
1738893039,1008
1738893042,1006
1738893045,1014
1738893048,1155
1738893052,1265
1738893054,1256
1738893057,1344
1738893060,1309
1738893063,1267
1738893063,None
1738893070,1096
1738893072,1004
1738893076,1009
1738893078,1007
1738893081,995
1738893081,None
1738893088,997
1738893091,999
1738893094,996
1738893097,995
1738893100,998
1738893103,1001
1738893106,1000
1738893108,1005
1738893112,998
1738893115,1006
1738893118,999
1738893121,1000
1738893124,1001
1738893127,1002
1738893127,None
1738893133,1008
1738893136,1013
1738893139,1006
1738893142,1004
1738893145,962
1738893148,944
1738893151,931
1738893154,936
1738893158,929
1738893158,None
1738893164,929
1738893166,930
1738893170,926
1738893172,925
1738893176,927
1738893179,928
1738893182,926
1738893185,926
1738893188,928
1738893191,931
1738893194,921
1738893197,929
1738893200,921
1738893203,916
1738893203,None
1738893209,923
1738893212,918
1738893216,926
1738893218,923
1738893218,None
1738893224,917
1738893228,921
1738893231,933
1738893234,931
1738893236,922
1738893240,916
1738893240,None
1738893246,923
1738893249,921
1738893252,918
1738893255,922
1738893258,931
1738893261,931
1738893264,899
1738893267,871
1738893270,851
1738893273,845
1738893276,844
1738893279,844
1738893283,838
1738893286,845
1738893289,837
1738893292,842
1738893294,841
1738893298,841
1738893301,835
1738893304,836
1738893307,832
1738893310,828
1738893313,832
1738893316,830
1738893319,826
1738893322,834
1738893325,824
1738893328,824
1738893331,834
1738893334,830
1738893338,830
1738893340,825
1738893343,827
1738893347,830
1738893349,819
1738893353,834
1738893356,827
1738893359,826
1738893361,824
1738893365,829
1738893365,None
1738893371,837
1738893374,1039
1738893377,1080
1738893380,1080
1738893383,1075
1738893386,786
1738893389,761
1738893392,754
1738893395,757
1738893398,758
1738893401,743
1738893401,None
1738893407,745
1738893410,756
1738893413,753
1738893416,736
1738893419,752
1738893419,None
1738893425,741
1738893428,704
1738893432,732
1738893434,751
1738893437,753
1738893441,750
1738893444,751
1738893446,759
1738893450,733
1738893453,742
1738893456,733
1738893459,735
1738893462,972
1738893465,999
1738893468,995
1738893471,997
1738893474,805
1738893477,736
1738893480,739
1738893483,731
1738893486,742
1738893489,736
1738893492,745
1738893496,740
1738893498,735
1738893501,731
1738893504,682
1738893504,None
1738893510,590
1738893514,570
1738893516,570
1738893519,557
1738893522,556
1738893526,551
1738893529,556
1738893532,550
1738893535,549
1738893538,547
1738893541,557
1738893544,544
1738893547,551
1738893551,542
1738893553,534
1738893556,547
1738893559,543
1738893562,543
1738893566,533
1738893569,534
1738893571,529
1738893574,540
1738893577,537
1738893580,534
1738893584,541
1738893587,531
1738893590,533
1738893593,526
1738893596,528
1738893599,526
1738893602,528
1738893605,534
1738893608,537
1738893611,539
1738893614,536
1738893617,523
1738893620,526
1738893623,508
1738893626,484
1738893630,482
1738893630,None
1738893630,None
1738893639,472
1738893642,485
1738893644,481
1738893647,469
1738893651,474
1738893654,479
1738893657,464
1738893660,467
1738893663,466
1738893666,468
1738893669,467
1738893672,455
1738893675,467
1738893678,459
1738893682,450
1738893684,470
1738893687,462
1738893690,459
1738893693,462
1738893696,605
1738893700,720
1738893703,715
1738893705,715
1738893709,584
1738893712,456
1738893714,457
1738893718,457
1738893721,451
1738893724,453
1738893726,456
1738893730,459
1738893733,456
1738893733,None
1738893739,448
1738893742,455
1738893745,434
1738893748,432
1738893751,428
1738893754,430
1738893757,436
1738893761,435
1738893764,435
1738893766,428
1738893770,426
1738893772,431
1738893775,424
1738893779,423
1738893781,434
1738893785,430
1738893788,428
1738893791,420
1738893794,421
1738893797,426
1738893800,412
1738893803,424
1738893807,427
1738893809,420
1738893812,420
1738893815,422
1738893818,415
1738893821,423
1738893824,424
1738893828,425
1738893831,422
1738893834,427
1738893834,None
1738893840,421
1738893842,428
1738893846,420
1738893849,680
1738893852,676
1738893855,678
1738893858,680
1738893861,414
1738893864,454
1738893867,458
1738893870,451
1738893873,465
1738893876,464
1738893880,473
1738893882,468
1738893885,465
1738893889,480
1738893892,475
1738893895,464
1738893895,None
1738893901,479
1738893901,None
1738893901,None
1738893910,476
1738893913,468
1738893913,None
1738893919,474
1738893922,474
1738893925,482
1738893928,475
1738893931,480
1738893934,471
1738893937,466
1738893940,472
1738893943,474
1738893947,477
1738893950,479
1738893953,474
1738893955,478
1738893959,483
1738893962,468
1738893965,477
1738893968,474
1738893971,477
1738893974,471
1738893977,472
1738893981,477
1738893983,472
1738893986,475
1738893989,476
1738893992,476
1738893995,473
1738893998,481
1738894002,469
1738894004,480
1738894007,475
1738894010,475
1738894014,472
1738894017,476
1738894020,481
1738894023,485
1738894026,480
1738894029,482
1738894029,None
1738894036,487
1738894038,475
1738894041,488
1738894041,None
1738894047,479
1738894051,485
1738894053,476
1738894057,482
1738894059,480
1738894062,480
1738894066,482
1738894069,477
1738894072,482
1738894075,487
1738894077,482
1738894081,489
1738894084,480
1738894087,491
1738894090,696
1738894093,739
1738894096,740
1738894099,719
1738894102,492
1738894105,498
1738894108,492
1738894111,488
1738894115,482
1738894118,477
1738894120,483
1738894124,483
1738894127,481
1738894130,479
1738894130,None
1738894136,513
1738894139,521
1738894142,518
1738894145,505
1738894148,510
1738894151,510
1738894154,515
1738894157,512
1738894160,516
1738894163,525
1738894166,539
1738894166,None
1738894172,529
1738894175,514
1738894178,509
1738894181,517
1738894184,509
1738894188,514
1738894190,511
1738894194,514
1738894196,506
1738894199,513
1738894203,509
1738894206,512
1738894209,509
1738894212,511
1738894215,520
1738894215,None
1738894221,510
1738894224,757
1738894227,774
1738894230,766
1738894233,768
1738894236,680
1738894239,513
1738894242,524
1738894246,557
1738894248,553
1738894252,551
1738894255,550
1738894258,548
1738894261,541
1738894264,535
1738894267,541
1738894270,538
1738894273,541
1738894276,541
1738894279,551
1738894282,548
1738894285,549
1738894288,534
1738894291,547
1738894291,None
1738894297,526
1738894300,533
1738894303,523
1738894306,523
1738894310,531
1738894312,535
1738894316,534
1738894316,None
1738894316,None
1738894324,557
1738894328,553
1738894331,549
1738894334,555
1738894337,549
1738894340,552
1738894343,552
1738894346,545
1738894349,555
1738894352,543
1738894355,555
1738894358,548
1738894361,545
1738894364,544
1738894367,544
1738894370,542
1738894373,542
1738894377,536
1738894379,534
1738894383,517
1738894386,515
1738894389,516
1738894392,515
1738894395,520
1738894398,523
1738894401,512
1738894404,566
1738894407,646
1738894410,766
1738894413,1809
1738894416,1852
1738894419,1800
1738894422,1655
1738894425,2019
1738894428,2128
1738894431,2125
1738894431,None
1738894437,2048
1738894440,1878
1738894444,1885
1738894446,1884
1738894450,1883
1738894453,1887
1738894456,1887
1738894459,1880
1738894462,1879
1738894465,1881
1738894468,1880
1738894471,1530
1738894474,1106
1738894477,1828
1738894481,1885
1738894484,1888
1738894487,1894
1738894490,1892
1738894492,1891
1738894492,None
1738894498,1743
1738894501,1708
1738894505,790
1738894508,798
1738894511,804
1738894515,799
1738894517,797
1738894520,790
1738894523,835
1738894526,873
1738894529,919
1738894532,1143
1738894536,1128
1738894539,1134
1738894541,1138
1738894544,984
1738894547,877
1738894551,887
1738894554,883
1738894557,881
1738894560,881
1738894563,888
1738894566,880
1738894569,890
1738894572,883
1738894575,932
1738894578,1080
1738894581,2301
1738894584,2294
1738894587,2252
1738894590,2246
1738894594,2246
1738894597,1551
1738894600,828
1738894603,829
1738894606,828
1738894609,820
1738894612,822
1738894615,818
1738894618,822
1738894621,831
1738894625,821
1738894627,828
1738894630,830
1738894633,829
1738894636,821
1738894639,832
1738894642,825
1738894645,833
1738894648,825
1738894652,855
1738894655,840
1738894657,819
1738894661,833
1738894664,830
1738894667,832
1738894670,828
1738894673,836
1738894676,840
1738894679,827
1738894682,844
1738894685,839
1738894689,848
1738894691,847
1738894694,850
1738894697,858
1738894700,857
1738894704,851
1738894706,858
1738894709,862
1738894712,849
1738894715,857
1738894719,856
1738894721,844
1738894724,830
1738894728,835
1738894731,838
1738894734,822
1738894737,834
1738894740,831
1738894743,831
1738894746,825
1738894749,828
1738894752,825
1738894756,823
1738894758,826
1738894761,819
1738894764,824
1738894767,825
1738894770,818
1738894773,819
1738894777,818
1738894779,809
1738894782,806
1738894785,813
1738894789,809
1738894792,816
1738894795,808
1738894797,805
1738894800,816
1738894800,None
1738894807,1061
1738894810,1078
1738894810,None
1738894816,945
1738894819,813
1738894822,817
1738894822,None
1738894828,819
1738894831,820
1738894834,824
1738894834,None
1738894834,None
1738894843,827
1738894846,822
1738894849,819
1738894852,824
1738894855,822
1738894858,809
1738894861,821
1738894865,796
1738894868,759
1738894870,756
1738894874,751
1738894877,747
1738894880,747
1738894880,None
1738894886,752
1738894889,742
1738894892,753
1738894895,739
1738894898,740
1738894901,747
1738894904,742
1738894907,734
1738894910,741
1738894913,995
1738894916,1003
1738894920,994
1738894922,1003
1738894922,None
1738894928,731
1738894932,743
1738894935,739
1738894938,742
1738894938,None
1738894938,None
1738894947,733
1738894950,744
1738894953,744
1738894956,740
1738894959,738
1738894962,743
1738894965,740
1738894968,741
1738894971,732
1738894974,741
1738894977,741
1738894980,729
1738894983,712
1738894986,648
1738894989,600
1738894992,580
1738894996,583
1738894999,579
1738895001,567
1738895005,558
1738895007,558
1738895011,551
1738895013,549
1738895017,554
1738895020,544
1738895023,543
1738895026,544
1738895029,542
1738895032,543
1738895036,534
1738895038,548
1738895038,None
1738895045,537
1738895047,545
1738895051,543
1738895053,540
1738895057,548
1738895059,541
1738895063,532
1738895066,543
1738895069,553
1738895072,539
1738895075,537
1738895078,535
1738895081,539
1738895084,543
1738895087,542
1738895090,536
1738895093,534
1738895096,546
1738895099,543
1738895103,527
1738895105,519
1738895109,489
1738895111,490
1738895115,487
1738895118,490
1738895120,488
1738895123,479
1738895127,490
1738895129,481
1738895132,484
1738895136,484
1738895138,481
1738895142,485
1738895145,688
1738895148,744
1738895148,None
1738895154,723
1738895157,486
1738895160,479
1738895163,484
1738895167,480
1738895169,480
1738895173,482
1738895175,483
1738895178,489
1738895182,470
1738895184,476
1738895188,488
1738895191,482
1738895194,477
1738895197,473
1738895200,473
1738895200,None
1738895206,479
1738895209,481
1738895212,489
1738895215,474
1738895218,473
1738895221,487
1738895224,476
1738895227,458
1738895230,453
1738895234,454
1738895237,452
1738895240,458
1738895243,445
1738895245,446
1738895249,456
1738895252,453
1738895255,448
1738895258,451
1738895261,452
1738895264,451
1738895267,447
1738895270,457
1738895273,454
1738895276,453
1738895279,440
1738895282,601
1738895286,717
1738895288,708
1738895288,None
1738895295,454
1738895298,449
1738895301,457
1738895304,451
1738895307,446
1738895310,453
1738895313,454
1738895316,450
1738895319,443
1738895322,446
1738895325,453
1738895328,446
1738895331,452
1738895334,442
1738895337,450
1738895340,452
1738895344,445
1738895347,449
1738895347,None
1738895353,449
1738895355,447
1738895359,447
1738895362,441
1738895365,448
1738895368,441
1738895371,441
1738895374,458
1738895377,445
1738895380,445
1738895383,445
1738895386,441
1738895389,455
1738895392,448
1738895395,447
1738895398,452
1738895401,449
1738895405,445
1738895408,446
1738895410,438
1738895414,442
1738895417,443
1738895420,443
1738895423,453
1738895426,471
1738895428,480
1738895433,488
1738895435,496
1738895438,490
1738895441,487
1738895444,482
1738895444,None
1738895450,502
1738895453,491
1738895456,496
1738895459,501
1738895462,492
1738895465,500
1738895469,502
1738895469,None
1738895469,None
1738895477,493
1738895480,715
1738895483,753
1738895487,756
1738895490,718
1738895493,550
1738895496,506
1738895499,503
1738895502,508
1738895505,496
1738895508,506
1738895511,508
1738895514,505
1738895514,None
1738895520,508
1738895523,502
1738895526,509
1738895529,500
1738895529,None
1738895535,502
1738895538,507
1738895542,503
1738895545,509
1738895547,512
1738895551,506
1738895554,508
1738895557,509
1738895559,520
1738895563,510
1738895566,503
1738895569,518
1738895569,None
1738895576,504
1738895578,502
1738895581,506
1738895584,504
1738895587,508
1738895590,510
1738895593,496
1738895596,513
1738895600,505
1738895603,494
1738895605,510
1738895609,504
1738895609,None
1738895615,503
1738895618,506
1738895621,510
1738895624,509
1738895627,517
1738895630,506
1738895633,501
1738895636,499
1738895636,None
1738895642,501
1738895645,738
1738895649,767
1738895652,766
1738895654,769
1738895658,544
1738895661,508
1738895663,507
1738895667,499
1738895669,499
1738895673,509
1738895676,501
1738895679,502
1738895682,502
1738895682,None
1738895688,502
1738895691,507
1738895694,500
1738895694,None
1738895700,509
1738895703,506
1738895706,499
1738895709,511
1738895712,515
1738895716,503
1738895719,506
1738895722,504
1738895725,502
1738895728,508
1738895730,514
1738895734,497
1738895737,510
1738895740,501
1738895743,509
1738895746,504
1738895749,506
1738895752,511
1738895755,508
1738895758,506
1738895761,502
1738895764,500
1738895767,506
1738895770,501
1738895773,497
1738895776,495
1738895779,496
1738895782,500
1738895785,493
1738895789,503
1738895791,508
1738895795,488
1738895798,510
1738895801,499
1738895804,500
1738895808,498
1738895809,496
1738895813,495
1738895816,496
1738895819,503
1738895822,494
1738895825,510
1738895828,494
1738895831,502
1738895834,497
1738895837,496
1738895841,496
1738895843,619
1738895846,751
1738895849,762
1738895852,751
1738895856,539
1738895859,494
1738895862,504
1738895864,501
1738895868,499
1738895871,500
1738895874,494
1738895877,503
1738895877,None
1738895883,502
1738895887,497
1738895889,499
1738895889,None
1738895895,491
1738895898,501
1738895901,497
1738895904,487
1738895908,504
1738895910,495
1738895914,493
1738895917,497
1738895920,494
1738895922,490
1738895926,496
1738895929,503
1738895932,488
1738895935,502
1738895938,493
1738895941,494
1738895945,494
1738895947,498
1738895950,495
1738895953,494
1738895956,491
1738895959,493
1738895962,489
1738895965,498
1738895968,492
1738895971,502
1738895974,495
1738895978,501
1738895981,500
1738895984,494
1738895987,501
1738895990,504
1738895993,505
1738895996,509
1738895999,497
1738896002,505
1738896005,499
1738896008,497
1738896011,500
1738896014,488
1738896017,498
1738896020,498
1738896023,491
1738896027,502
1738896030,495
1738896033,497
1738896036,491
1738896039,493
1738896042,502
1738896045,559
1738896048,759
1738896051,755
1738896054,761
1738896058,605
1738896060,498
1738896063,495
1738896066,495
1738896069,498
1738896073,494
1738896075,495
1738896078,493
1738896082,493
1738896082,None
1738896087,494
1738896087,None
1738896094,496
1738896097,498
1738896100,499
1738896103,492
1738896106,498
1738896109,495
1738896112,495
1738896115,498
1738896118,488
1738896121,496
1738896124,491
1738896127,492
1738896130,494
1738896133,491
1738896136,487
1738896139,495
1738896143,482
1738896145,495
1738896148,488
1738896152,491
1738896154,492
1738896158,490
1738896161,489
1738896164,487
1738896167,494
1738896170,489
1738896174,501
1738896174,None
1738896180,496
1738896182,488
1738896185,494
1738896189,496
1738896191,496
1738896195,491
1738896198,501
1738896201,492
1738896204,504
1738896207,600
1738896210,753
1738896213,749
1738896216,749
1738896219,589
1738896222,490
1738896226,483
1738896228,488
1738896232,489
1738896235,484
1738896237,486
1738896240,496
1738896243,487
1738896246,488
1738896249,489
1738896253,486
1738896256,484
1738896259,490
1738896262,494
1738896265,486
1738896268,495
1738896271,488
1738896274,487
1738896277,493
1738896280,488
1738896283,481
1738896286,490
1738896289,493
1738896292,483
1738896295,491
1738896299,490
1738896301,479
1738896305,494
1738896307,488
1738896310,489
1738896314,478
1738896317,485
1738896320,490
1738896323,485
1738896326,475
1738896329,491
1738896332,490
1738896335,487
1738896338,490
1738896341,481
1738896344,490
1738896347,490
1738896350,487
1738896353,476
1738896356,489
1738896359,496
1738896362,487
1738896366,490
1738896369,483
1738896372,491
1738896375,492
1738896378,482
1738896381,487
1738896384,492
1738896387,491
1738896390,483
1738896393,488
1738896396,481
1738896400,488
1738896402,494
1738896405,491
1738896409,480
1738896411,491
1738896415,499
1738896418,490
1738896421,489
1738896424,488
1738896426,487
1738896430,493
1738896433,488
1738896433,None
1738896439,740
1738896442,754
1738896445,764
1738896448,724
1738896451,491
1738896454,487
1738896457,487
1738896460,489
1738896463,492
1738896466,487
1738896466,None
1738896472,488
1738896475,489
1738896479,486
1738896479,None
1738896484,492
1738896488,484
1738896491,489
1738896494,498
1738896497,491
1738896497,None
1738896503,485
1738896506,497
1738896509,485
1738896512,498
1738896515,481
1738896518,494
1738896521,484
1738896524,487
1738896527,488
1738896531,620
1738896534,744
1738896536,748
1738896539,737
1738896542,714
1738896546,491
1738896549,479
1738896552,489
1738896555,486
1738896558,488
1738896561,485
1738896564,488
1738896567,484
1738896570,504
1738896573,483
1738896576,494
1738896579,488
1738896583,485
1738896585,489
1738896588,484
1738896591,491
1738896594,490
1738896597,486
1738896601,490
1738896603,490
1738896606,493
1738896609,488
1738896612,480
1738896616,491
1738896619,488
1738896622,483
1738896625,482
1738896628,487
1738896631,492
1738896634,491
1738896637,486
1738896640,481
1738896643,496
1738896646,488
1738896649,484
1738896652,488
1738896655,492
1738896658,498
1738896661,506
1738896664,499
1738896667,494
1738896671,508
1738896674,496
1738896676,495
1738896680,492
1738896683,493
1738896686,492
1738896689,506
1738896692,493
1738896695,495
1738896698,503
1738896698,None
1738896704,490
1738896707,501
1738896710,500
1738896713,495
1738896716,495
1738896719,504
1738896722,500
1738896725,490
1738896728,504
1738896731,506
1738896731,None
1738896738,499
1738896741,504
1738896744,504
1738896747,503
1738896750,487
1738896753,500
1738896756,500
1738896759,489
1738896762,490
1738896765,506
1738896769,499
1738896771,501
1738896774,505
1738896777,489
1738896780,503
1738896784,503
1738896787,500
1738896790,492
1738896793,509
1738896796,507
1738896799,507
1738896802,501
1738896805,508
1738896808,507
1738896811,502
1738896814,494
1738896817,509
1738896820,625
1738896823,758
1738896827,770
1738896829,761
1738896832,494
1738896835,487
1738896839,487
1738896842,485
1738896844,486
1738896848,488
1738896850,483
1738896853,485
1738896856,485
1738896859,488
1738896863,487
1738896866,486
1738896869,481
1738896872,490
1738896875,490
1738896878,487
1738896878,None
1738896884,486
1738896887,485
1738896890,512
1738896893,747
1738896896,744
1738896899,746
1738896903,745
1738896905,739
1738896909,756
1738896911,754
1738896915,771
1738896917,802
1738896921,808
1738896924,805
1738896927,799
1738896930,801
1738896933,1049
1738896936,1055
1738896939,1055
1738896942,1053
1738896945,1055
1738896948,924
1738896951,800
1738896954,801
1738896957,792
1738896960,787
1738896960,None
1738896966,784
1738896969,777
1738896972,770
1738896976,763
1738896976,None
1738896981,743
1738896985,742
1738896988,743
1738896991,742
1738896994,751
1738896997,746
1738897000,746
1738897003,745
1738897006,744
1738897009,742
1738897012,743
1738897015,743
1738897018,743
1738897021,745
1738897024,742
1738897027,743
1738897031,744
1738897034,742
1738897037,742
1738897040,744
1738897042,744
1738897046,750
1738897049,744
1738897052,752
1738897055,752
1738897058,750
1738897061,752
1738897064,756
1738897067,751
1738897067,None
1738897074,756
1738897076,763
1738897079,763
1738897079,None
1738897086,766
1738897089,761
1738897089,None
1738897094,765
1738897097,763
1738897101,761
1738897104,766
1738897107,762
1738897110,765
1738897113,512
1738897116,493
1738897120,500
1738897122,498
1738897125,497
1738897128,491
1738897131,500
1738897135,497
1738897137,487
1738897140,494
1738897144,498
1738897146,495
1738897149,492
1738897153,498
1738897156,500
1738897159,498
1738897162,497
1738897165,497
1738897168,503
1738897171,483
1738897174,723
1738897177,738
1738897180,747
1738897184,738
1738897186,737
1738897189,737
1738897192,734
1738897196,983
1738897199,992
1738897202,998
1738897205,981
1738897208,731
1738897211,736
1738897214,735
1738897217,732
1738897220,736
1738897223,731
1738897226,740
1738897229,736
1738897232,737
1738897235,737
1738897238,739
1738897241,750
1738897244,749
1738897247,746
1738897247,None
1738897254,744
1738897254,None
1738897259,474
1738897263,484
1738897266,484
1738897269,481
1738897272,481
1738897275,480
1738897278,483
1738897281,478
1738897284,476
1738897288,479
1738897290,476
1738897293,473
1738897296,469
1738897299,476
1738897302,465
1738897305,472
1738897308,469
1738897311,474
1738897315,468
1738897317,469
1738897321,472
1738897324,469
1738897327,473
1738897330,467
1738897333,466
1738897336,472
1738897339,469
1738897342,471
1738897345,466
1738897348,466
1738897348,None
1738897348,None
1738897357,466
1738897361,462
1738897363,464
1738897366,468
1738897369,462
1738897373,467
1738897375,463
1738897378,464
1738897382,464
1738897384,460
1738897384,None
1738897391,466
1738897394,469
1738897397,468
1738897400,466
1738897403,467
1738897406,466
1738897409,457
1738897412,418
1738897415,421
1738897419,421
1738897421,417
1738897424,421
1738897427,419
1738897431,424
1738897433,418
1738897437,419
1738897439,421
1738897442,418
1738897446,426
1738897448,418
1738897452,421
1738897452,None
1738897458,422
1738897461,421
1738897464,425
1738897467,424
1738897470,421
1738897473,425
1738897476,419
1738897479,429
1738897482,428
1738897485,424
1738897488,425
1738897491,434
1738897494,428
1738897497,428
1738897500,427
1738897503,431
1738897506,427
1738897509,435
1738897512,421
1738897515,429
1738897519,426
1738897522,431
1738897525,428
1738897528,604
1738897531,690
1738897531,None
1738897538,685
1738897540,630
1738897540,None
1738897546,435
1738897549,425
1738897552,419
1738897556,425
1738897558,421
1738897561,426
1738897564,427
1738897567,428
1738897570,423
1738897573,425
1738897576,425
1738897580,419
1738897582,598
1738897586,679
1738897589,679
1738897591,680
1738897595,680
1738897598,500
1738897601,429
1738897604,420
1738897607,422
1738897610,426
1738897613,420
1738897617,422
1738897620,422
1738897622,426
1738897622,None
1738897628,425
1738897631,429
1738897635,417
1738897638,435
1738897641,426
1738897644,423
1738897647,428
1738897649,425
1738897653,423
1738897656,450
1738897659,426
1738897659,None
1738897665,429
1738897668,457
1738897671,423
1738897674,418
1738897677,431
1738897681,431
1738897683,431
1738897687,422
1738897690,430
1738897692,434
1738897695,425
1738897699,418
1738897702,434
1738897705,434
1738897708,425
1738897712,427
1738897714,423
1738897717,431
1738897720,434
1738897723,434
1738897726,423
1738897729,436
1738897732,429
1738897735,421
1738897738,430
1738897742,429
1738897744,432
1738897748,421
1738897748,None
1738897754,433
1738897757,426
1738897760,421
1738897763,436
1738897765,430
1738897769,425
1738897771,432
1738897775,425
1738897778,429
1738897781,422
1738897781,None
1738897781,None
1738897790,422
1738897793,435
1738897797,427
1738897799,429
1738897803,426
1738897805,430
1738897808,429
1738897811,429
1738897814,429
1738897818,422
1738897820,434
1738897823,430
1738897826,427
1738897830,433
1738897833,429
1738897836,426
1738897839,430
1738897842,431
1738897845,423
1738897848,426
1738897851,429
1738897854,425
1738897857,417
1738897860,431
1738897863,426
1738897866,422
1738897869,426
1738897873,418
1738897875,422
1738897878,429
1738897882,425
1738897884,421
1738897888,423
1738897890,430
1738897894,423
1738897897,483
1738897900,687
1738897903,687
1738897906,682
1738897909,898
1738897912,674
1738897916,685
1738897918,687
1738897921,506
1738897924,429
1738897927,427
1738897930,423
1738897933,424
1738897937,425
1738897940,422
1738897942,435
1738897945,424
1738897949,421
1738897952,415
1738897955,418
1738897958,421
1738897961,421
1738897964,420
1738897967,422
1738897970,421
1738897973,413
1738897976,424
1738897979,420
1738897983,417
1738897985,420
1738897988,418
1738897991,418
1738897994,419
1738897997,419
1738898000,421
1738898003,423
1738898007,415
1738898010,422
1738898013,424
1738898016,411
1738898019,425
1738898022,421
1738898025,414
1738898028,416
1738898031,416
1738898034,418
1738898037,403
1738898041,417
1738898043,408
1738898046,405
1738898046,None
1738898053,406
1738898056,413
1738898059,408
1738898061,410
1738898065,414
1738898065,None
1738898071,411
1738898073,406
1738898077,415
1738898081,416
1738898083,409
1738898086,414
1738898089,412
1738898092,415
1738898095,411
1738898098,412
1738898098,None
1738898105,414
1738898108,401
1738898111,414
1738898111,None
1738898117,407
1738898120,403
1738898123,414
1738898126,414
1738898129,412
1738898132,412
1738898135,399
1738898138,407
1738898140,414
1738898144,420
1738898147,413
1738898150,407
1738898150,None
1738898156,414
1738898159,415
1738898162,413
1738898165,406
1738898168,409
1738898172,415
1738898175,409
1738898177,417
1738898180,413
1738898184,412
1738898187,415
1738898190,410
1738898190,None
1738898196,409
1738898199,408
1738898202,411
1738898205,419
1738898208,413
1738898211,409
1738898214,415
1738898217,405
1738898220,410
1738898223,409
1738898226,413
1738898229,403
1738898232,406
1738898236,409
1738898239,402
1738898239,None
1738898244,630
1738898248,663
1738898251,666
1738898254,665
1738898257,413
1738898260,665
1738898263,677
1738898263,None
1738898269,665
1738898272,459
1738898275,410
1738898275,None
1738898282,411
1738898282,None
1738898287,413
1738898291,410
1738898293,406
1738898297,412
1738898300,408
1738898302,407
1738898306,410
1738898309,408
1738898312,415
1738898315,408
1738898318,409
1738898321,406
1738898324,412
1738898327,407
1738898330,408
1738898333,413
1738898336,410
1738898339,413
1738898342,400
1738898346,413
1738898348,404
1738898351,402
1738898355,403
1738898355,None
1738898361,411
1738898364,400
1738898367,407
1738898370,408
1738898373,407
1738898376,410
1738898379,401
1738898382,404
1738898385,417
1738898388,406
1738898391,406
1738898394,406
1738898397,410
1738898400,408
1738898403,410
1738898407,401
1738898409,403
1738898409,None
1738898415,411
1738898419,408
1738898421,404
1738898425,406
1738898428,412
1738898431,410
1738898434,405
1738898437,412
1738898439,406
1738898443,406
1738898446,407
1738898449,411
1738898452,411
1738898455,403
1738898458,407
1738898461,408
1738898464,409
1738898467,407
1738898470,415
1738898473,413
1738898477,474
1738898479,508
1738898482,516
1738898485,515
1738898488,513
1738898491,508
1738898494,493
1738898497,499
1738898500,503
1738898503,496
1738898507,488
1738898509,497
1738898512,498
1738898516,489
1738898519,493
1738898522,489
1738898525,489
1738898525,None
1738898531,492
1738898534,483
1738898537,478
1738898540,484
1738898543,482
1738898546,473
1738898549,476
1738898552,485
1738898555,733
1738898555,None
1738898561,734
1738898564,584
1738898567,473
1738898571,486
1738898573,479
1738898577,476
1738898577,None
1738898584,477
1738898586,472
1738898589,475
1738898592,471
1738898595,473
1738898598,481
1738898601,475
1738898604,472
1738898607,479
1738898610,481
1738898613,467
1738898616,477
1738898619,474
1738898623,472
1738898626,473
1738898628,479
1738898628,None
1738898635,470
1738898638,473
1738898640,480
1738898644,474
1738898647,471
1738898650,476
1738898653,482
1738898656,667
1738898659,741
1738898662,742
1738898665,714
1738898668,481
1738898671,484
1738898674,477
1738898677,484
1738898680,482
1738898683,474
1738898686,481
1738898686,None
1738898692,478
1738898695,485
1738898699,475
1738898702,484
1738898705,478
1738898708,480
1738898710,481
1738898714,477
1738898717,483
1738898720,478
1738898723,486
1738898726,478
1738898730,480
1738898732,479
1738898735,473
1738898738,479
1738898741,474
1738898745,477
1738898747,477
1738898750,480
1738898753,483
1738898756,473
1738898759,490
1738898763,482
1738898765,487
1738898768,484
1738898772,485
1738898775,486
1738898778,491
1738898781,481
1738898784,484
1738898787,498
1738898790,485
1738898793,485
1738898796,481
1738898799,491
1738898802,493
1738898805,486
1738898808,486
1738898811,483
1738898814,484
1738898818,489
1738898821,494
1738898823,488
1738898823,None
1738898830,486
1738898832,490
1738898836,614
1738898838,748
1738898841,742
1738898845,751
1738898848,649
1738898851,487
1738898854,485
1738898857,490
1738898860,494
1738898863,485
1738898866,495
1738898869,485
1738898872,496
1738898876,488
1738898878,484
1738898881,486
1738898884,488
1738898887,476
1738898890,489
1738898893,481
1738898897,481
1738898899,481
1738898903,486
1738898905,474
1738898909,496
1738898912,491
1738898914,489
1738898918,484
1738898921,489
1738898924,497
1738898927,482
1738898930,493
1738898933,493
1738898936,488
1738898939,495
1738898942,489
1738898945,488
1738898948,498
1738898951,520
1738898954,513
1738898957,494
1738898960,490
1738898963,498
1738898966,502
1738898969,494
1738898972,490
1738898975,501
1738898979,494
1738898981,498
1738898985,499
1738898988,592
1738898991,768
1738898994,757
1738898997,768
1738899000,680
1738899003,501
1738899006,509
1738899009,502
1738899012,496
1738899015,503
1738899019,489
1738899021,499
1738899025,495
1738899028,496
1738899030,498
1738899033,495
1738899037,500
1738899040,492
1738899042,507
1738899042,None
1738899049,505
1738899052,496
1738899055,500
1738899058,504
1738899061,502
1738899064,502
1738899067,500
1738899070,498
1738899073,505
1738899076,497
1738899080,503
1738899082,500
1738899082,None
1738899089,496
1738899092,502
1738899094,501
1738899098,495
1738899101,503
1738899104,498
1738899107,495
1738899110,494
1738899113,500
1738899116,497
1738899119,500
1738899122,487
1738899125,502
1738899128,497
1738899128,None
1738899134,488
1738899138,488
1738899140,502
1738899143,499
1738899147,492
1738899147,None
1738899152,500
1738899156,496
1738899159,496
1738899162,484
1738899165,489
1738899168,498
1738899171,496
1738899174,502
1738899177,494
1738899180,487
1738899183,491
1738899186,491
1738899189,497
1738899192,483
1738899195,494
1738899198,486
1738899202,487
1738899204,495
1738899207,497
1738899210,486
1738899213,639
1738899217,746
1738899219,749
1738899223,748
1738899226,636
1738899229,489
1738899232,499
1738899235,495
1738899238,494
1738899241,496
1738899244,491
1738899247,498
1738899250,487
1738899253,495
1738899256,492
1738899259,498
1738899262,500
1738899265,491
1738899269,505
1738899269,None
1738899275,502
1738899275,None
1738899281,496
1738899284,502
1738899287,490
1738899289,494
1738899293,493
1738899296,489
1738899299,498
1738899302,499
1738899305,492
1738899308,505
1738899311,491
1738899314,500
1738899314,None
1738899320,490
1738899323,495
1738899326,495
1738899329,498
1738899332,501
1738899335,491
1738899339,498
1738899341,500
1738899345,496
1738899348,503
1738899350,489
1738899354,496
1738899357,494
1738899357,None
1738899362,496
1738899366,494
1738899369,492
1738899371,499
1738899375,491
1738899378,497
1738899381,496
1738899384,490
1738899387,497
1738899390,490
1738899393,495
1738899396,494
1738899399,494
1738899402,496
1738899405,493
1738899408,488
1738899411,497
1738899414,494
1738899414,None
1738899420,507
1738899423,499
1738899426,767
1738899430,1618
1738899433,1830
1738899436,1884
1738899438,1727
1738899442,1863
1738899445,1612
1738899448,1604
1738899451,1606
1738899454,1607
1738899457,1610
1738899460,1615
1738899463,1602
1738899466,1610
1738899469,1615
1738899469,None
1738899475,1595
1738899478,1589
1738899481,1610
1738899485,1607
1738899488,1602
1738899490,1604
1738899494,1600
1738899494,None
1738899500,1585
1738899503,1609
1738899506,1601
1738899509,1591
1738899512,1596
1738899515,1600
1738899518,1597
1738899521,1582
1738899524,1596
1738899527,1591
1738899530,1612
1738899533,1615
1738899536,1308
1738899539,1102
1738899542,1100
1738899545,1081
1738899548,1086
1738899551,1091
1738899554,1095
1738899557,1089
1738899560,1094
1738899564,1085
1738899567,1104
1738899567,None
1738899573,1378
1738899573,None
1738899579,1663
1738899582,1417
1738899585,1418
1738899588,1224
1738899591,1403
1738899594,1232
1738899598,1404
1738899598,None
1738899603,1413
1738899606,1222
1738899609,1405
1738899612,1226
1738899615,1457
1738899619,1310
1738899622,1477
1738899625,1294
1738899628,1469
1738899631,1289
1738899634,1461
1738899637,1284
1738899640,1468
1738899643,1371
1738899646,1379
1738899649,1377
1738899652,1390
1738899655,1363
1738899658,1379
1738899658,None
1738899664,1396
1738899667,1365
1738899670,1382
1738899670,None
1738899677,1288
1738899679,1370
1738899683,1391
1738899686,1376
1738899689,1384
1738899692,1365
1738899692,None
1738899698,1375
1738899701,1382
1738899704,1383
1738899707,1382
1738899710,1380
1738899714,1123
1738899716,986
1738899719,993
1738899722,978
1738899725,980
1738899728,985
1738899731,982
1738899734,976
1738899738,985
1738899741,982
1738899744,972
1738899747,984
1738899750,990
1738899753,987
1738899756,991
1738899759,991
1738899762,977
1738899765,989
1738899768,983
1738899771,979
1738899774,977
1738899778,1073
1738899780,1252
1738899784,1252
1738899787,1246
1738899789,1002
1738899793,982
1738899795,982
1738899799,978
1738899802,979
1738899805,986
1738899808,978
1738899811,977
1738899814,979
1738899816,975
1738899820,980
1738899823,970
1738899826,983
1738899829,982
1738899832,982
1738899835,976
1738899838,987
1738899841,983
1738899844,978
1738899847,991
1738899847,None
1738899853,978
1738899856,977
1738899860,1079
1738899863,1144
1738899866,1152
1738899868,1144
1738899871,1147
1738899871,None
1738899878,1153
1738899881,1152
1738899884,1143
1738899887,1144
1738899890,1141
1738899893,1143
1738899896,840
1738899896,None
1738899903,550
1738899905,567
1738899908,561
1738899911,558
1738899911,None
1738899917,528
1738899920,487
1738899924,484
1738899926,494
1738899929,492
1738899932,492
1738899935,493
1738899939,496
1738899942,493
1738899945,487
1738899947,606
1738899951,1444
1738899951,None
1738899957,1918
1738899960,1911
1738899963,1909
1738899966,2006
1738899969,2175
1738899972,2176
1738899975,2165
1738899975,None
1738899981,843
1738899984,488
1738899988,493
1738899990,490
1738899993,488
1738899997,481
1738900000,495
1738900003,484
1738900003,None
1738900009,493
1738900012,497
1738900015,491
1738900018,494
1738900021,492
1738900024,487
1738900027,491
1738900027,None
1738900033,497
1738900036,483
1738900039,492
1738900042,494
1738900045,490
1738900049,491
1738900052,489
1738900055,497
1738900057,487
1738900060,479
1738900064,492
1738900066,489
1738900069,496
1738900073,495
1738900076,487
1738900079,501
1738900082,512
1738900085,495
1738900088,494
1738900091,494
1738900094,486
1738900097,490
1738900100,495
1738900103,486
1738900106,485
1738900109,524
1738900112,561
1738900115,585
1738900118,579
1738900121,597
1738900124,588
1738900127,585
1738900130,578
1738900133,587
1738900136,594
1738900136,None
1738900143,848
1738900146,861
1738900149,859
1738900152,764
1738900155,585
1738900158,562
1738900161,571
1738900164,568
1738900167,568
1738900170,571
1738900173,591
1738900176,590
1738900179,584
1738900182,584
1738900185,583
1738900188,590
1738900191,583
1738900194,593
1738900197,581
1738900200,595
1738900203,585
1738900206,585
1738900210,586
1738900213,591
1738900216,597
1738900219,593
1738900222,581
1738900224,594
1738900228,589
1738900231,595
1738900234,587
1738900237,581
1738900240,595
1738900243,591
1738900246,590
1738900249,584
1738900252,579
1738900255,588
1738900258,587
1738900261,578
1738900264,586
1738900267,588
1738900270,548
1738900274,531
1738900276,526
1738900279,540
1738900279,None
1738900286,521
1738900289,488
1738900292,496
1738900295,511
1738900298,501
1738900301,494
1738900304,488
1738900307,498
1738900310,497
1738900313,503
1738900316,496
1738900319,486
1738900322,498
1738900325,509
1738900328,505
1738900331,501
1738900335,492
1738900338,507
1738900338,None
1738900345,508
1738900347,560
1738900347,None
1738900353,761
1738900356,748
1738900359,663
1738900362,500
1738900365,508
1738900365,None
1738900371,503
1738900374,493
1738900377,499
1738900381,495
1738900381,None
1738900386,500
1738900389,494
1738900393,502
1738900395,489
1738900399,500
1738900402,494
1738900405,503
1738900408,494
1738900408,None
1738900414,510
1738900417,503
1738900417,None
1738900423,495
1738900426,496
1738900429,498
1738900432,502
1738900435,489
1738900438,503
1738900442,497
1738900444,505
1738900447,499
1738900451,501
1738900454,496
1738900456,505
1738900459,499
1738900463,492
1738900463,None
1738900469,506
1738900472,505
1738900475,503
1738900478,493
1738900481,506
1738900484,510
1738900487,499
1738900490,510
1738900493,496
1738900496,511
1738900499,509
1738900502,496
1738900506,500
1738900508,499
1738900511,500
1738900514,495
1738900517,504
1738900520,498
1738900523,495
1738900526,499
1738900529,499
1738900532,500
1738900532,None
1738900539,499
1738900542,492
1738900545,500
1738900548,511
1738900551,510
1738900554,549
1738900557,762
1738900560,764
1738900563,730
1738900566,496
1738900569,506
1738900572,501
1738900575,504
1738900578,495
1738900581,491
1738900584,506
1738900588,485
1738900591,464
1738900594,444
1738900597,434
1738900600,465
1738900603,512
1738900606,507
1738900609,512
1738900612,518
1738900615,513
1738900615,None
1738900621,512
1738900624,506
1738900627,500
1738900627,None
1738900633,504
1738900636,494
1738900639,494
1738900642,498
1738900645,496
1738900648,496
1738900651,498
1738900654,505
1738900658,491
1738900660,495
1738900663,494
1738900666,502
1738900669,497
1738900673,494
1738900675,495
1738900678,495
1738900682,497
1738900685,494
1738900688,750
1738900691,755
1738900694,756
1738900697,660
1738900700,499
1738900703,496
1738900706,495
1738900709,501
1738900712,497
1738900715,487
1738900718,495
1738900721,497
1738900724,487
1738900727,498
1738900730,493
1738900733,490
1738900733,None
1738900739,490
1738900743,498
1738900745,494
1738900749,486
1738900752,498
1738900752,None
1738900758,493
1738900758,None
1738900764,496
1738900767,494
1738900770,496
1738900770,None
1738900776,498
1738900779,491
1738900782,498
1738900786,496
1738900788,499
1738900791,493
1738900794,499
1738900798,489
1738900800,490
1738900803,498
1738900807,495
1738900810,491
1738900813,492
1738900816,497
1738900816,None
1738900822,492
1738900825,488
1738900828,491
1738900831,491
1738900834,491
1738900837,495
1738900840,491
1738900843,482
1738900846,491
1738900850,486
1738900852,483
1738900855,487
1738900858,491
1738900861,488
1738900864,491
1738900867,485
1738900870,493
1738900874,495
1738900877,493
1738900879,484
1738900883,497
1738900886,494
1738900889,490
1738900892,491
1738900895,497
1738900898,497
1738900901,481
1738900904,476
1738900907,482
1738900907,None
1738900913,489
1738900916,496
1738900920,495
1738900922,559
1738900925,766
1738900928,762
1738900931,757
1738900935,686
1738900937,494
1738900940,494
1738900944,488
1738900946,494
1738900950,494
1738900953,485
1738900956,482
1738900959,495
1738900959,None
1738900965,486
1738900968,489
1738900971,488
1738900974,483
1738900977,479
1738900980,493
1738900984,494
1738900986,484
1738900989,488
1738900992,491
1738900995,486
1738900998,485
1738900998,None
1738901004,477
1738901008,516
1738901010,749
1738901013,749
1738901017,741
1738901020,604
1738901023,484
1738901026,485
1738901029,485
1738901032,481
1738901035,487
1738901038,480
1738901041,476
1738901044,489
1738901047,479
1738901050,485
1738901053,487
1738901056,482
1738901056,None
1738901063,477
1738901066,484
1738901066,None
1738901072,479
1738901075,474
1738901078,481
1738901081,481
1738901084,478
1738901087,488
1738901090,482
1738901093,466
1738901097,470
1738901099,481
1738901102,491
1738901105,486
1738901109,484
1738901112,491
1738901114,488
1738901114,None
1738901121,485
1738901123,492
1738901127,482
1738901130,485
1738901133,478
1738901136,481
1738901139,481
1738901142,477
1738901145,484
1738901148,478
1738901151,491
1738901154,480
1738901158,486
1738901161,490
1738901163,486
1738901167,480
1738901170,481
1738901173,486
1738901176,482
1738901179,485
1738901182,479
1738901185,481
1738901188,488
1738901191,479
1738901194,487
1738901197,486
1738901197,None
1738901204,491
1738901204,None
1738901210,485
1738901213,492
1738901216,485
1738901218,489
1738901222,480
1738901225,492
1738901228,486
1738901231,491
1738901234,487
1738901237,484
1738901237,None
1738901243,491
1738901246,478
1738901249,488
1738901252,480
1738901255,484
1738901258,484
1738901261,488
1738901264,478
1738901267,486
1738901271,492
1738901274,480
1738901277,479
1738901280,493
1738901283,486
1738901283,None
1738901289,480
1738901292,491
1738901295,484
1738901298,488
1738901301,488
1738901304,480
1738901307,477
1738901310,531
1738901313,750
1738901313,None
1738901320,736
1738901322,723
1738901326,486
1738901328,474
1738901332,475
1738901335,487
1738901338,477
1738901340,477
1738901344,485
1738901347,480
1738901349,543
1738901353,733
1738901356,739
1738901359,737
1738901362,731
1738901365,546
1738901368,479
1738901371,481
1738901374,483
1738901377,480
1738901380,487
1738901383,482
1738901386,487
1738901389,480
1738901393,485
1738901395,481
1738901398,481
1738901401,485
1738901404,480
1738901408,486
1738901411,480
1738901414,484
1738901417,483
1738901420,495
1738901423,480
1738901426,484
1738901429,479
1738901432,485
1738901435,479
1738901438,475
1738901441,492
1738901444,480
1738901448,486
1738901450,492
1738901453,478
1738901457,482
1738901460,487
1738901463,484
1738901466,485
1738901469,474
1738901472,480
1738901475,483
1738901478,481
1738901481,485
1738901484,471
1738901487,485
1738901490,487
1738901493,483
1738901496,482
1738901499,481
1738901502,482
1738901505,475
1738901508,484
1738901512,483
1738901514,482
1738901514,None
1738901514,None
1738901524,490
1738901527,483
1738901530,487
1738901533,482
1738901536,493
1738901539,488
1738901542,497
1738901545,487
1738901548,493
1738901551,494
1738901554,490
1738901557,490
1738901560,492
1738901563,488
1738901567,491
1738901570,496
1738901570,None
1738901576,496
1738901578,488
1738901582,493
1738901585,495
1738901588,493
1738901591,494
1738901594,498
1738901597,487
1738901600,501
1738901603,495
1738901606,485
1738901609,499
1738901612,498
1738901615,501
1738901618,491
1738901622,498
1738901624,503
1738901627,490
1738901630,497
1738901634,506
1738901637,499
1738901640,496
1738901643,497
1738901646,496
1738901649,500
1738901652,505
1738901655,501
1738901658,496
1738901662,482
1738901664,488
1738901667,494
1738901670,497
1738901674,491
1738901676,497
1738901676,None
1738901682,493
1738901685,496
1738901688,493
1738901691,489
1738901695,487
1738901698,490
1738901701,492
1738901704,492
1738901707,498
1738901710,494
1738901713,496
1738901716,493
1738901719,495
1738901722,496
1738901725,491
1738901728,484
1738901731,482
1738901735,509
1738901738,739
1738901740,740
1738901744,739
1738901747,689
1738901750,487
1738901752,483
1738901756,486
1738901759,474
1738901762,478
1738901765,483
1738901768,475
1738901771,476
1738901774,478
1738901774,None
1738901780,482
1738901783,739
1738901786,742
1738901789,745
1738901792,715
1738901796,476
1738901798,476
1738901801,483
1738901805,479
1738901807,479
1738901811,487
1738901814,479
1738901817,474
1738901820,477
1738901823,487
1738901826,475
1738901829,477
1738901832,472
1738901835,471
1738901838,481
1738901841,469
1738901844,469
1738901847,484
1738901850,481
1738901850,None
1738901856,480
1738901856,None
1738901862,481
1738901865,485
1738901868,479
1738901872,491
1738901874,482
1738901878,487
1738901881,480
1738901884,491
1738901887,486
1738901891,485
1738901893,482
1738901896,481
1738901899,480
1738901902,488
1738901905,488
1738901908,481
1738901911,482
1738901914,482
1738901917,484
1738901920,482
1738901923,493
1738901927,483
1738901929,491
1738901929,None
1738901936,492
1738901938,482
1738901941,486
1738901945,488
1738901949,485
1738901949,None
1738901954,486
1738901957,490
1738901960,483
1738901963,474
1738901966,483
1738901966,None
1738901972,490
1738901976,484
1738901978,477
1738901981,481
1738901985,478
1738901988,486
1738901990,482
1738901994,484
1738901998,480
1738901999,477
1738902003,490
1738902006,482
1738902009,479
1738902012,477
1738902015,485
1738902018,477
1738902021,488
1738902024,475
1738902027,493
1738902030,482
1738902033,483
1738902036,479
1738902039,478
1738902042,480
1738902045,480
1738902048,485
1738902051,475
1738902054,483
1738902057,474
1738902060,487
1738902063,486
1738902066,478
1738902069,477
1738902072,484
1738902072,None
1738902079,484
1738902082,474
1738902085,528
1738902088,734
1738902091,739
1738902094,736
1738902098,671
1738902100,477
1738902103,476
1738902106,476
1738902110,480
1738902112,478
1738902115,480
1738902119,477
1738902121,473
1738902125,489
1738902127,481
1738902131,481
1738902133,481
1738902137,481
1738902139,482
1738902143,477
1738902146,485
1738902149,477
1738902152,484
1738902155,480
1738902158,487
1738902162,482
1738902164,476
1738902168,484
1738902170,474
1738902173,483
1738902173,None
1738902180,482
1738902182,478
1738902186,480
1738902188,487
1738902191,483
1738902195,480
1738902198,476
1738902201,575
1738902201,None
1738902207,739
1738902211,742
1738902213,582
1738902216,479
1738902219,475
1738902222,476
1738902225,480
1738902228,473
1738902231,481
1738902234,484
1738902238,474
1738902241,482
1738902243,484
1738902246,473
1738902250,477
1738902253,470
1738902255,473
1738902259,478
1738902259,None
1738902265,480
1738902268,467
1738902271,465
1738902274,486
1738902277,477
1738902280,478
1738902283,479
1738902286,478
1738902289,478
1738902292,482
1738902295,470
1738902298,484
1738902301,483
1738902304,478
1738902307,484
1738902311,477
1738902314,475
1738902314,None
1738902320,481
1738902322,471
1738902326,483
1738902329,475
1738902332,471
1738902335,483
1738902335,None
1738902341,475
1738902345,475
1738902347,483
1738902350,471
1738902353,481
1738902356,481
1738902359,463
1738902362,481
1738902365,473
1738902368,476
1738902371,474
1738902374,476
1738902378,478
1738902380,476
1738902384,464
1738902387,481
1738902390,477
1738902393,474
1738902396,471
1738902399,478
1738902402,477
1738902405,465
1738902408,474
1738902411,484
1738902414,472
1738902418,487
1738902420,479
1738902424,481
1738902426,481
1738902429,480
1738902432,483
1738902435,473
1738902439,480
1738902442,481
1738902444,466
1738902448,506
1738902451,738
1738902454,736
1738902457,732
1738902460,646
1738902463,475
1738902466,473
1738902469,476
1738902472,482
1738902475,472
1738902478,467
1738902482,480
1738902484,464
1738902487,443
1738902490,435
1738902494,416
1738902496,422
1738902500,428
1738902503,422
1738902506,418
1738902508,426
1738902512,422
1738902515,425
1738902518,428
1738902521,434
1738902524,426
1738902527,431
1738902530,431
1738902533,418
1738902536,431
1738902540,421
1738902542,427
1738902545,428
1738902549,430
1738902551,422
1738902554,431
1738902554,None
1738902554,None
1738902563,426
1738902567,424
1738902570,430
1738902573,432
1738902576,425
1738902579,434
1738902582,422
1738902585,427
1738902588,427
1738902591,430
1738902594,426
1738902598,688
1738902600,688
1738902604,692
1738902607,604
1738902609,431
1738902612,423
1738902615,432
1738902619,428
1738902622,420
1738902625,431
1738902628,429
1738902631,431
1738902634,431
1738902634,None
1738902640,435
1738902643,431
1738902646,429
1738902649,429
1738902652,426
1738902655,423
1738902658,429
1738902658,None
1738902664,427
1738902664,None
1738902670,423
1738902673,432
1738902676,425
1738902679,423
1738902682,426
1738902685,417
1738902689,422
1738902692,428
1738902694,424
1738902698,418
1738902701,425
1738902704,420
1738902707,423
1738902710,417
1738902713,425
1738902716,427
1738902719,419
1738902722,432
1738902725,427
1738902728,429
1738902732,430
1738902734,424
1738902738,431
1738902740,421
1738902743,426
1738902747,427
1738902750,431
1738902753,427
1738902756,425
1738902759,434
1738902762,425
1738902766,422
1738902768,426
1738902771,426
1738902775,418
1738902777,424
1738902780,422
1738902784,423
1738902786,421
1738902789,426
1738902792,421
1738902796,427
1738902799,444
1738902802,687
1738902804,682
1738902808,677
1738902810,687
1738902814,556
1738902814,None
1738902820,428
1738902823,424
1738902826,420
1738902829,428
1738902832,426
1738902835,413
1738902838,420
1738902841,424
1738902844,421
1738902847,420
1738902850,423
1738902853,430
1738902856,434
1738902859,434
1738902862,433
1738902862,None
1738902869,434
1738902872,422
1738902875,424
1738902878,430
1738902878,None
1738902878,None
1738902887,404
1738902890,415
1738902893,418
1738902897,415
1738902900,410
1738902902,428
1738902905,419
1738902909,408
1738902909,None
1738902914,418
1738902917,418
1738902921,421
1738902921,None
1738902921,None
1738902930,418
1738902933,413
1738902936,406
1738902939,410
1738902942,416
1738902945,417
1738902948,408
1738902951,410
1738902954,416
1738902957,410
1738902960,413
1738902964,420
1738902966,413
1738902969,419
1738902972,424
1738902975,412
1738902978,418
1738902981,416
1738902981,None
1738902988,424
1738902991,418
1738902993,413
1738902997,416
1738903000,420
1738903003,451
1738903005,685
1738903009,682
1738903012,681
1738903015,688
1738903018,421
1738903021,412
1738903024,422
1738903027,411
1738903030,425
1738903033,411
1738903037,412
1738903040,416
1738903042,409
1738903045,409
1738903049,407
1738903051,411
1738903055,404
1738903057,405
1738903061,421
1738903064,407
1738903066,407
1738903070,408
1738903073,404
1738903076,410
1738903079,406
1738903082,412
1738903085,410
1738903088,413
1738903091,407
1738903094,416
1738903097,404
1738903100,411
1738903103,413
1738903106,409
1738903109,412
1738903112,413
1738903115,410
1738903119,417
1738903121,405
1738903124,402
1738903127,416
1738903130,408
1738903133,412
1738903137,404
1738903139,413
1738903139,None
1738903146,421
1738903148,412
1738903152,419
1738903155,406
1738903158,409
1738903161,420
1738903164,425
1738903167,415
1738903170,418
1738903173,420
1738903176,415
1738903179,415
1738903182,413
1738903185,450
1738903189,450
1738903191,391
1738903194,406
1738903198,405
1738903200,416
1738903203,672
1738903207,672
1738903209,678
1738903213,678
1738903216,419
1738903218,419
1738903222,413
1738903225,425
1738903228,416
1738903231,426
1738903234,425
1738903237,424
1738903240,425
1738903243,425
1738903246,423
1738903250,420
1738903252,429
1738903255,414
1738903258,429
1738903261,426
1738903264,422
1738903268,423
1738903271,420
1738903274,427
1738903274,None
1738903280,420
1738903283,430
1738903286,419
1738903289,416
1738903292,430
1738903295,429
1738903298,419
1738903301,418
1738903304,423
1738903307,422
1738903310,417
1738903313,423
1738903316,420
1738903319,417
1738903322,416
1738903325,430
1738903328,432
1738903331,425
1738903334,418
1738903338,422
1738903340,415
1738903344,423
1738903346,428
1738903350,425
1738903353,422
1738903356,440
1738903359,425
1738903362,425
1738903365,424
1738903368,426
1738903371,427
1738903374,429
1738903377,423
1738903380,428
1738903383,422
1738903386,423
1738903389,424
1738903392,431
1738903395,426
1738903398,424
1738903402,426
1738903404,428
1738903408,418
1738903411,419
1738903414,418
1738903417,425
1738903420,421
1738903423,423
1738903426,422
1738903430,423
1738903432,422
1738903435,423
1738903438,420
1738903441,426
1738903444,417
1738903447,425
1738903450,426
1738903454,427
1738903456,426
1738903459,425
1738903462,422
1738903465,429
1738903469,420
1738903472,433
1738903474,423
1738903478,419
1738903481,696
1738903484,688
1738903487,687
1738903490,689
1738903493,431
1738903496,422
1738903499,418
1738903502,428
1738903505,415
1738903508,423
1738903511,424
1738903515,420
1738903518,423
1738903521,425
1738903524,421
1738903527,423
1738903530,427
1738903532,418
1738903532,None
1738903539,418
1738903541,431
1738903545,420
1738903548,433
1738903551,430
1738903554,425
1738903557,525
1738903560,679
1738903563,678
1738903566,686
1738903569,491
1738903572,415
1738903575,430
1738903578,409
1738903582,423
1738903584,421
1738903587,424
1738903591,410
1738903593,418
1738903593,None
1738903600,419
1738903603,420
1738903606,421
1738903609,431
1738903609,None
1738903615,427
1738903618,418
1738903621,418
1738903624,426
1738903627,422
1738903630,420
1738903633,413
1738903636,431
1738903639,424
1738903642,419
1738903645,425
1738903648,417
1738903651,427
1738903651,None
1738903658,422
1738903660,429
1738903663,428
1738903667,419
1738903670,433
1738903673,434
1738903676,427
1738903679,416
1738903682,422
1738903685,422
1738903688,412
1738903691,429
1738903694,416
1738903697,416
1738903700,421
1738903703,427
1738903706,418
1738903709,428
1738903713,418
1738903716,442
1738903719,418
1738903722,427
1738903725,420
1738903727,422
1738903731,422
1738903735,423
1738903737,420
1738903740,418
1738903740,None
1738903747,421
1738903749,423
1738903752,424
1738903755,423
1738903758,418
1738903761,420
1738903764,423
1738903767,419
1738903767,None
1738903773,420
1738903777,425
1738903779,426
1738903782,419
1738903785,408
1738903789,420
1738903792,420
1738903794,423
1738903798,413
1738903801,409
1738903804,410
1738903807,421
1738903810,419
1738903813,411
1738903816,416
1738903819,411
1738903822,408
1738903825,416
1738903825,None
1738903831,414
1738903835,412
1738903837,421
1738903840,415
1738903843,415
1738903847,416
1738903849,415
1738903853,419
1738903856,414
1738903859,408
1738903862,417
1738903865,412
1738903867,422
1738903871,415
1738903874,414
1738903877,414
1738903880,411
1738903880,None
1738903880,None
1738903889,404
1738903892,404
1738903895,405
1738903898,401
1738903901,401
1738903904,406
1738903908,408
1738903910,412
1738903914,401
1738903916,448
1738903920,673
1738903922,670
1738903926,663
1738903929,507
1738903931,411
1738903935,396
1738903938,405
1738903941,421
1738903944,647
1738903947,631
1738903947,None
1738903953,612
1738903956,424
1738903959,356
1738903959,None
1738903965,356
1738903968,364
1738903972,361
1738903975,357
1738903978,354
1738903980,363
1738903984,365
1738903987,355
1738903990,412
1738903993,474
1738903996,559
1738903999,644
1738904002,682
1738904005,704
1738904008,713
1738904011,718
1738904015,728
1738904017,735
1738904023,744
1738904024,747
1738904027,758
1738904027,None
1738904033,756
1738904036,773
1738904039,776
1738904043,770
1738904045,780
1738904049,732
1738904051,635
1738904054,526
1738904058,455
1738904061,415
1738904064,402
1738904064,None
1738904070,404
1738904070,None
1738904077,407
1738904079,400
1738904082,401
1738904085,403
1738904088,390
1738904091,392
1738904094,398
1738904097,391
1738904100,394
1738904103,391
1738904106,395
1738904109,393
1738904113,384
1738904116,387
1738904118,389
1738904121,381
1738904125,387
1738904128,389
1738904131,393
1738904134,389
1738904137,384
1738904140,390
1738904143,381
1738904146,391
1738904149,381
1738904152,381
1738904155,384
1738904158,379
1738904161,386
1738904165,379
1738904167,383
1738904170,382
1738904173,381
1738904177,381
1738904180,385
1738904183,386
1738904185,381
1738904189,384
1738904192,384
1738904194,381
1738904198,386
1738904201,377
1738904204,385
1738904207,380
1738904210,376
1738904213,379
1738904216,375
1738904219,381
1738904222,369
1738904225,382
1738904228,371
1738904232,380
1738904234,376
1738904237,372
1738904240,373
1738904244,376
1738904247,371
1738904250,376
1738904253,373
1738904256,383
1738904259,380
1738904262,423
1738904265,469
1738904268,523
1738904271,748
1738904274,734
1738904277,732
1738904280,730
1738904283,465
1738904286,467
1738904289,475
1738904292,460
1738904295,475
1738904299,460
1738904301,457
1738904305,457
1738904308,615
1738904310,712
1738904314,712
1738904317,701
1738904320,622
1738904323,444
1738904326,445
1738904329,447
1738904332,446
1738904335,444
1738904338,440
1738904341,449
1738904341,None
1738904347,441
1738904350,450
1738904353,446
1738904356,437
1738904356,None
1738904362,444
1738904365,430
1738904369,447
1738904369,None
1738904374,464
1738904378,497
1738904381,498
1738904384,493
1738904387,489
1738904390,495
1738904393,489
1738904396,492
1738904399,488
1738904402,490
1738904402,None
1738904408,486
1738904411,491
1738904415,473
1738904417,481
1738904420,481
1738904424,473
1738904427,471
1738904429,480
1738904432,469
1738904435,465
1738904438,447
1738904442,450
1738904445,449
1738904447,593
1738904451,694
1738904454,691
1738904454,None
1738904460,697
1738904463,693
1738904466,695
1738904469,700
1738904472,697
1738904475,697
1738904478,703
1738904481,696
1738904484,691
1738904487,701
1738904490,700
1738904493,702
1738904496,708
1738904500,700
1738904503,693
1738904506,691
1738904509,697
1738904512,691
1738904515,697
1738904518,697
1738904521,697
1738904524,597
1738904527,436
1738904530,439
1738904533,437
1738904536,438
1738904539,434
1738904542,434
1738904545,436
1738904548,433
1738904548,None
1738904554,437
1738904557,434
1738904561,436
1738904564,429
1738904566,431
1738904570,432
1738904573,434
1738904576,431
1738904579,433
1738904582,434
1738904585,433
1738904588,432
1738904592,434
1738904592,None
1738904598,436
1738904600,437
1738904603,439
1738904607,432
1738904609,436
1738904613,430
1738904616,430
1738904619,433
1738904622,437
1738904625,437
1738904628,430
1738904631,434
1738904634,430
1738904637,433
1738904640,430
1738904643,431
1738904646,431
1738904649,426
1738904652,431
1738904655,425
1738904658,428
1738904662,425
1738904664,429
1738904667,422
1738904667,None
1738904674,408
1738904676,409
1738904680,407
1738904682,409
1738904686,402
1738904689,407
1738904692,400
1738904695,409
1738904698,406
1738904701,402
1738904704,406
1738904707,407
1738904710,404
1738904713,402
1738904716,398
1738904719,401
1738904722,400
1738904725,401
1738904728,400
1738904731,400
1738904734,401
1738904737,410
1738904741,663
1738904743,659
1738904746,663
1738904749,658
1738904752,456
1738904752,None
1738904759,399
1738904762,402
1738904762,None
1738904768,403
1738904771,399
1738904774,399
1738904777,400
1738904780,397
1738904783,402
1738904786,405
1738904789,402
1738904792,400
1738904796,410
1738904798,402
1738904801,411
1738904804,410
1738904807,413
1738904810,401
1738904813,414
1738904817,407
1738904819,413
1738904823,414
1738904826,417
1738904829,411
1738904832,418
1738904835,417
1738904838,415
1738904841,420
1738904844,683
1738904847,668
1738904850,660
1738904853,672
1738904856,660
1738904859,603
1738904862,409
1738904865,408
1738904868,403
1738904871,410
1738904875,412
1738904877,405
1738904880,416
1738904883,406
1738904886,416
1738904889,413
1738904892,411
1738904895,413
1738904899,410
1738904901,411
1738904904,415
1738904907,404
1738904911,422
1738904914,410
1738904917,409
1738904920,406
1738904923,413
1738904926,412
1738904929,395
1738904932,415
1738904932,None
1738904938,402
1738904942,402
1738904944,409
1738904947,406
1738904950,407
1738904953,395
1738904956,406
1738904960,415
1738904963,401
1738904965,398
1738904968,401
1738904972,407
1738904974,411
1738904978,402
1738904981,404
1738904983,408
1738904986,399
1738904990,412
1738904993,408
1738904996,417
1738904999,419
1738905002,413
1738905005,410
1738905008,414
1738905011,414
1738905014,407
1738905018,419
1738905020,410
1738905023,420
1738905023,None
1738905030,424
1738905032,417
1738905036,416
1738905039,421
1738905042,424
1738905045,412
1738905048,427
1738905051,420
1738905051,None
1738905057,426
1738905060,418
1738905063,419
1738905066,413
1738905070,422
1738905072,423
1738905075,417
1738905078,414
1738905081,404
1738905085,407
1738905088,415
1738905091,409
1738905094,413
1738905097,416
1738905099,410
1738905103,409
1738905106,417
1738905109,416
1738905112,412
1738905115,412
1738905118,405
1738905121,415
1738905124,414
1738905127,413
1738905127,None
1738905133,409
1738905137,414
1738905137,None
1738905143,403
1738905146,418
1738905149,411
1738905151,409
1738905151,None
1738905157,413
1738905160,413
1738905163,415
1738905167,418
1738905170,408
1738905173,423
1738905176,665
1738905179,668
1738905182,674
1738905185,671
1738905188,663
1738905191,484
1738905194,416
1738905197,407
1738905200,419
1738905203,412
1738905206,408
1738905209,415
1738905212,673
1738905216,670
1738905218,679
1738905222,668
1738905224,490
1738905228,410
1738905231,415
1738905233,410
1738905233,None
1738905240,409
1738905243,414
1738905246,404
1738905249,418
1738905252,411
1738905255,418
1738905258,407
1738905261,411
1738905261,None
1738905268,414
1738905271,410
1738905273,419
1738905277,411
1738905280,406
1738905282,415
1738905286,414
1738905289,420
1738905292,416
1738905295,419
1738905298,411
1738905301,399
1738905304,421
1738905307,424
1738905310,418
1738905313,409
1738905316,415
1738905319,411
1738905322,415
1738905322,None
1738905328,405
1738905332,415
1738905334,412
1738905337,405
1738905340,420
1738905344,413
1738905346,409
1738905350,416
1738905353,411
1738905355,416
1738905358,408
1738905362,416
1738905365,409
1738905368,410
1738905371,410
1738905374,411
1738905374,None
1738905380,418
1738905383,407
1738905386,413
1738905389,404
1738905392,411
1738905396,406
1738905398,414
1738905401,405
1738905401,None
1738905407,403
1738905411,404
1738905413,406
1738905417,408
1738905420,410
1738905423,398
1738905426,409
1738905429,406
1738905432,408
1738905435,407
1738905438,418
1738905441,406
1738905444,409
1738905444,None
1738905451,406
1738905453,408
1738905456,411
1738905459,408
1738905462,399
1738905465,417
1738905469,414
1738905471,406
1738905475,407
1738905477,414
1738905480,410
1738905483,408
1738905483,None
1738905490,413
1738905490,None
1738905496,415
1738905499,416
1738905502,415
1738905505,404
1738905508,413
1738905511,414
1738905514,399
1738905514,None
1738905520,411
1738905523,410
1738905526,443
1738905529,450
1738905532,450
1738905536,451
1738905538,439
1738905541,455
1738905544,461
1738905547,452
1738905547,None
1738905554,458
1738905557,457
1738905560,461
1738905562,459
1738905566,463
1738905569,452
1738905571,461
1738905575,464
1738905578,460
1738905581,457
1738905584,464
1738905587,485
1738905590,713
1738905590,None
1738905596,724
1738905596,None
1738905602,486
1738905602,None
1738905608,466
1738905611,466
1738905615,461
1738905617,471
1738905620,464
1738905623,461
1738905627,462
1738905629,474
1738905633,466
1738905636,461
1738905639,472
1738905642,469
1738905642,None
1738905648,464
1738905651,468
1738905655,627
1738905657,732
1738905660,728
1738905663,713
1738905667,468
1738905669,466
1738905673,465
1738905676,462
1738905678,467
1738905682,465
1738905684,475
1738905687,459
1738905691,466
1738905694,482
1738905696,473
1738905700,468
1738905703,469
1738905706,463
1738905709,474
1738905712,478
1738905715,479
1738905718,474
1738905721,481
1738905724,472
1738905727,465
1738905730,469
1738905733,482
1738905733,None
1738905739,465
1738905743,464
1738905746,464
1738905748,456
1738905752,465
1738905754,470
1738905757,460
1738905761,461
1738905764,473
1738905764,None
1738905770,468
1738905773,470
1738905775,466
1738905779,469
1738905782,464
1738905785,476
1738905788,469
1738905791,462
1738905794,471
1738905797,471
1738905800,467
1738905803,472
1738905806,473
1738905809,474
1738905812,466
1738905815,472
1738905819,474
1738905823,464
1738905825,473
1738905828,474
1738905831,472
1738905834,476
1738905837,470
1738905840,476
1738905843,470
1738905846,475
1738905849,467
1738905852,479
1738905855,471
1738905858,478
1738905861,481
1738905865,477
1738905868,483
1738905871,472
1738905873,478
1738905877,470
1738905879,480
1738905883,470
1738905886,474
1738905889,476
1738905892,474
1738905895,471
1738905898,478
1738905901,480
1738905904,468
1738905907,467
1738905910,482
1738905914,475
1738905916,474
1738905920,469
1738905923,471
1738905926,473
1738905929,482
1738905932,479
1738905935,480
1738905938,484
1738905941,476
1738905944,646
1738905947,725
1738905950,728
1738905953,730
1738905956,653
1738905959,480
1738905962,485
1738905965,472
1738905968,483
1738905971,484
1738905974,474
1738905978,483
1738905981,477
1738905984,480
1738905987,479
1738905990,482
1738905993,480
1738905996,481
1738905999,468
1738906001,478
1738906005,475
1738906008,478
1738906011,473
1738906014,475
1738906017,476
1738906017,None
1738906023,661
1738906023,None
1738906029,738
1738906032,730
1738906035,552
1738906035,None
1738906042,474
1738906045,478
1738906048,471
1738906051,474
1738906053,479
1738906057,482
1738906060,479
1738906060,None
1738906066,482
1738906069,475
1738906072,477
1738906075,466
1738906078,483
1738906081,479
1738906084,470
1738906087,481
1738906090,466
1738906093,474
1738906096,482
1738906100,478
1738906102,473
1738906106,458
1738906108,444
1738906112,427
1738906115,432
1738906118,429
1738906121,425
1738906121,None
1738906127,423
1738906130,424
1738906133,421
1738906136,431
1738906139,419
1738906142,433
1738906145,421
1738906148,425
1738906151,425
1738906154,418
1738906157,430
1738906160,418
1738906163,426
1738906166,420
1738906169,422
1738906169,None
1738906175,424
1738906179,417
1738906182,415
1738906185,417
1738906188,422
1738906191,411
1738906194,418
1738906197,421
1738906200,412
1738906203,420
1738906207,428
1738906209,418
1738906212,418
1738906215,424
1738906218,415
1738906221,411
1738906225,420
1738906227,432
1738906231,418
1738906234,414
1738906237,416
1738906240,428
1738906243,418
1738906246,412
1738906249,412
1738906252,421
1738906255,420
1738906258,409
1738906261,425
1738906264,419
1738906267,411
1738906270,417
1738906273,418
1738906276,416
1738906280,408
1738906282,418
1738906286,419
1738906288,416
1738906291,406
1738906291,None
1738906297,419
1738906300,414
1738906304,418
1738906306,408
1738906310,418
1738906313,419
1738906316,417
1738906319,413
1738906323,486
1738906325,667
1738906328,674
1738906331,669
1738906334,669
1738906337,484
1738906337,None
1738906343,417
1738906347,411
1738906349,417
1738906352,412
1738906355,415
1738906359,411
1738906362,418
1738906365,409
1738906367,413
1738906371,413
1738906374,407
1738906377,408
1738906380,408
1738906383,416
1738906386,411
1738906389,407
1738906392,404
1738906395,410
1738906398,412
1738906401,412
1738906404,408
1738906407,411
1738906410,413
1738906413,407
1738906416,417
1738906419,409
1738906419,None
1738906426,669
1738906429,677
1738906432,668
1738906435,496
1738906438,413
1738906441,410
1738906444,403
1738906447,412
1738906450,417
1738906453,410
1738906456,418
1738906460,413
1738906462,412
1738906466,415
1738906468,411
1738906471,411
1738906475,412
1738906477,411
1738906480,410
1738906483,417
1738906486,408
1738906489,408
1738906493,411
1738906496,411
1738906499,416
1738906502,415
1738906505,407
1738906508,418
1738906511,414
1738906514,409
1738906517,425
1738906521,408
1738906523,413
1738906526,411
1738906529,412
1738906532,403
1738906535,412
1738906538,403
1738906541,395
1738906545,413
1738906547,410
1738906547,None
1738906554,402
1738906557,404
1738906560,403
1738906563,404
1738906566,406
1738906569,408
1738906572,404
1738906575,413
1738906578,397
1738906581,404
1738906584,401
1738906587,404
1738906590,399
1738906593,405
1738906597,403
1738906599,410
1738906602,401
1738906605,403
1738906608,402
1738906612,398
1738906615,399
1738906618,398
1738906620,401
1738906624,409
1738906627,437
1738906630,447
1738906633,450
1738906636,444
1738906640,453
1738906642,451
1738906645,458
1738906648,458
1738906651,398
1738906655,404
1738906655,None
1738906661,395
1738906663,406
1738906666,410
1738906666,None
1738906673,400
1738906676,505
1738906679,665
1738906682,664
1738906685,665
1738906688,422
1738906691,402
1738906691,None
1738906697,410
1738906700,405
1738906703,401
1738906703,None
1738906709,400
1738906712,404
1738906716,403
1738906718,401
1738906721,409
1738906721,None
1738906728,408
1738906730,389
1738906734,406
1738906736,406
1738906740,398
1738906743,394
1738906746,396
1738906749,381
1738906752,399
1738906755,405
1738906758,398
1738906761,399
1738906764,405
1738906764,None
1738906764,None
1738906773,408
1738906777,410
1738906779,412
1738906782,405
1738906785,413
1738906789,409
1738906792,423
1738906794,409
1738906798,420
1738906801,416
1738906804,416
1738906807,413
1738906810,410
1738906813,412
1738906816,419
1738906819,409
1738906822,417
1738906825,407
1738906828,410
1738906831,414
1738906835,416
1738906837,418
1738906840,411
1738906843,415
1738906846,416
1738906849,413
1738906852,403
1738906855,424
1738906858,413
1738906862,410
1738906862,None
1738906868,675
1738906871,676
1738906874,678
1738906877,461
1738906880,415
1738906883,408
1738906886,412
1738906889,423
1738906892,418
1738906895,414
1738906895,None
1738906902,411
1738906904,414
1738906908,414
1738906911,413
1738906914,407
1738906917,411
1738906920,423
1738906923,418
1738906926,422
1738906929,408
1738906929,None
1738906935,406
1738906938,419
1738906941,406
1738906944,414
1738906947,412
1738906951,409
1738906953,412
1738906956,410
1738906960,410
1738906962,403
1738906966,411
1738906969,413
1738906971,409
1738906974,411
1738906978,408
1738906980,416
1738906984,404
1738906987,409
1738906990,404
1738906993,405
1738906996,410
1738906999,412
1738907002,402
1738907002,None
1738907002,None
1738907002,None
1738907015,404
1738907017,421
1738907020,412
1738907024,414
1738907026,412
1738907029,416
1738907033,653
1738907036,664
1738907039,657
1738907042,586
1738907045,405
1738907048,407
1738907051,417
1738907054,416
1738907057,411
1738907060,405
1738907063,404
1738907066,413
1738907069,412
1738907073,413
1738907075,407
1738907078,412
1738907081,415
1738907084,410
1738907088,413
1738907091,412
1738907093,407
1738907093,None
1738907099,409
1738907102,409
1738907105,412
1738907108,417
1738907112,413
1738907114,403
1738907117,414
1738907121,410
1738907124,418
1738907127,416
1738907130,411
1738907133,415
1738907136,408
1738907139,417
1738907142,410
1738907145,409
1738907145,None
1738907151,403
1738907155,416
1738907157,411
1738907157,None
1738907163,414
1738907166,412
1738907169,412
1738907173,406
1738907176,410
1738907179,414
1738907182,413
1738907185,402
1738907188,410
1738907191,412
1738907194,410
1738907194,None
1738907200,409
1738907203,406
1738907206,417
1738907209,420
1738907213,413
1738907215,399
1738907218,415
1738907222,411
1738907225,409
1738907225,None
1738907230,412
1738907234,415
1738907236,412
1738907240,415
1738907243,397
1738907246,413
1738907249,402
1738907252,402
1738907255,405
1738907258,397
1738907261,404
1738907264,402
1738907267,408
1738907270,407
1738907273,411
1738907276,397
1738907279,406
1738907282,409
1738907282,None
1738907288,400
1738907291,405
1738907294,401
1738907298,400
1738907300,601
1738907303,654
1738907307,655
1738907310,663
1738907312,562
1738907315,399
1738907318,400
1738907322,401
1738907324,391
1738907328,359
1738907331,353
1738907334,389
1738907334,None
1738907340,612
1738907340,None
1738907346,604
1738907349,369
1738907352,350
1738907355,353
1738907358,346
1738907361,348
1738907364,350
1738907367,348
1738907370,357
1738907374,347
1738907376,351
1738907380,343
1738907383,345
1738907386,346
1738907389,351
1738907392,347
1738907395,344
1738907398,342
1738907401,349
1738907404,359
1738907407,340
1738907407,None
1738907413,344
1738907417,341
1738907419,345
1738907422,351
1738907425,346
1738907428,353
1738907432,352
1738907434,337
1738907438,351
1738907440,347
1738907444,338
1738907447,346
1738907449,343
1738907453,344
1738907456,341
1738907459,329
1738907459,None
1738907459,None
1738907468,349
1738907471,340
1738907474,337
1738907477,340
1738907480,344
1738907483,346
1738907486,351
1738907489,344
1738907493,352
1738907495,350
1738907499,339
1738907501,342
1738907505,339
1738907507,339
1738907511,349
1738907511,None
1738907517,354
1738907520,347
1738907523,352
1738907526,351
1738907529,339
1738907532,360
1738907535,349
1738907535,None
1738907541,353
1738907544,348
1738907547,344
1738907550,348
1738907553,354
1738907556,348
1738907560,346
1738907560,None
1738907565,350
1738907569,341
1738907572,353
1738907575,344
1738907578,344
1738907581,347
1738907584,346
1738907587,347
1738907590,345
1738907593,352
1738907596,351
1738907599,344
1738907602,349
1738907605,343
1738907608,355
1738907611,345
1738907614,345
1738907617,347
1738907623,344
1738907624,354
1738907627,347
1738907630,344
1738907634,343
1738907636,351
1738907639,350
1738907642,346
1738907646,362
1738907649,343
1738907652,344
1738907654,352
1738907658,356
1738907661,349
1738907664,347
1738907664,None
1738907670,355
1738907673,352
1738907676,351
1738907679,344
1738907682,345
1738907685,358
1738907688,348
1738907691,348
1738907694,355
1738907697,349
1738907700,376
1738907703,422
1738907706,452
1738907706,None
1738907712,452
1738907715,444
1738907719,443
1738907721,433
1738907725,697
1738907728,737
1738907730,746
1738907734,695
1738907737,512
1738907740,476
1738907743,696
1738907746,743
1738907749,729
1738907752,667
1738907755,463
1738907758,467
1738907761,465
1738907764,455
1738907767,462
1738907770,463
1738907773,467
1738907776,461
1738907779,472
1738907782,467
1738907785,466
1738907789,465
1738907791,470
1738907794,463
1738907798,469
1738907801,466
1738907803,462
1738907807,477
1738907810,471
1738907812,467
1738907816,475
1738907819,472
1738907822,475
1738907825,475
1738907828,480
1738907828,None
1738907834,473
1738907837,468
1738907840,472
1738907843,471
1738907846,471
1738907850,471
1738907853,465
1738907855,488
1738907858,483
1738907862,490
1738907865,484
1738907868,490
1738907871,483
1738907874,486
1738907877,486
1738907880,485
1738907884,487
1738907886,484
1738907886,None
1738907892,485
1738907895,486
1738907898,486
1738907901,482
1738907904,485
1738907908,483
1738907910,478
1738907914,487
1738907917,485
1738907920,487
1738907923,487
1738907925,482
1738907929,483
1738907931,483
1738907934,491
1738907938,486
1738907941,487
1738907944,486
1738907947,486
1738907950,484
1738907953,474
1738907956,461
1738907959,454
1738907963,460
1738907965,452
1738907968,458
1738907972,457
1738907975,462
1738907977,472
1738907977,None
1738907977,None
1738907986,494
1738907990,483
1738907993,488
1738907995,477
1738907999,470
1738908001,465
1738908005,474
1738908005,None
1738908011,472
1738908014,475
1738908017,462
1738908020,472
1738908023,479
1738908026,470
1738908030,469
1738908033,479
1738908035,478
1738908038,484
1738908041,473
1738908044,476
1738908047,483
1738908050,477
1738908053,468
1738908057,482
1738908060,432
1738908063,424
1738908063,None
1738908069,485
1738908072,445
1738908075,397
1738908078,393
1738908081,397
1738908084,393
1738908087,389
1738908090,400
1738908093,385
1738908093,None
1738908099,383
1738908102,384
1738908105,394
1738908109,391
1738908111,373
1738908115,392
1738908117,537
1738908120,644
1738908124,645
1738908126,651
1738908130,550
1738908132,660
1738908136,654
1738908139,646
1738908142,652
1738908145,384
1738908148,394
1738908151,392
1738908154,396
1738908157,408
1738908160,409
1738908163,414
1738908166,395
1738908169,399
1738908173,386
1738908173,None
1738908173,None
1738908181,388
1738908185,396
1738908188,360
1738908190,349
1738908194,347
1738908197,343
1738908199,345
1738908203,335
1738908206,339
1738908209,338
1738908212,339
1738908215,345
1738908218,336
1738908222,335
1738908224,335
1738908227,339
1738908230,395
1738908233,409
1738908236,460
1738908236,None
1738908242,440
1738908245,430
1738908249,425
1738908249,None
1738908254,438
1738908258,447
1738908260,443
1738908263,431
1738908266,427
1738908270,444
1738908273,434
1738908276,419
1738908279,435
1738908281,435
1738908285,427
1738908288,423
1738908288,None
1738908294,427
1738908297,419
1738908300,422
1738908304,422
1738908306,417
1738908309,424
1738908312,420
1738908315,426
1738908318,439
1738908321,448
1738908324,442
1738908327,388
1738908331,371
1738908334,362
1738908336,374
1738908340,376
1738908343,368
1738908346,370
1738908349,372
1738908349,None
1738908355,364
1738908358,369
1738908361,375
1738908364,368
1738908367,362
1738908370,374
1738908373,362
1738908377,366
1738908380,373
1738908382,366
1738908385,366
1738908388,368
1738908391,377
1738908394,373
1738908397,373
1738908401,362
1738908404,371
1738908407,368
1738908410,367
1738908413,365
1738908416,368
1738908419,362
1738908422,369
1738908425,367
1738908428,359
1738908431,374
1738908434,390
1738908437,384
1738908440,381
1738908443,366
1738908446,373
1738908449,366
1738908452,372
1738908455,363
1738908459,367
1738908461,371
1738908461,None
1738908467,380
1738908467,None
1738908474,390
1738908477,377
1738908480,425
1738908483,584
1738908486,684
1738908489,677
1738908489,None
1738908494,638
1738908498,428
1738908501,432
1738908504,443
1738908507,421
1738908510,429
1738908510,None
1738908510,None
1738908510,None
1738908522,432
1738908526,421
1738908528,440
1738908532,444
1738908535,437
1738908538,426
1738908541,431
1738908544,424
1738908547,423
1738908550,436
1738908553,426
1738908557,430
1738908559,429
1738908562,422
1738908565,418
1738908568,432
1738908571,424
1738908574,412
1738908577,493
1738908577,None
1738908583,680
1738908587,672
1738908590,515
1738908592,418
1738908596,421
1738908599,425
1738908602,429
1738908606,441
1738908608,470
1738908611,467
1738908614,477
1738908617,464
1738908620,472
1738908623,472
1738908626,482
1738908629,477
1738908632,472
1738908635,470
1738908638,463
1738908641,480
1738908645,484
1738908647,462
1738908650,467
1738908653,458
1738908656,471
1738908660,477
1738908662,474
1738908665,464
1738908668,472
1738908672,480
1738908675,467
1738908678,461
1738908681,476
1738908684,470
1738908687,476
1738908690,463
1738908693,465
1738908696,471
1738908699,479
1738908702,473
1738908702,None
1738908708,462
1738908711,481
1738908714,470
1738908717,469
1738908720,481
1738908723,484
1738908727,486
1738908729,476
1738908733,471
1738908736,484
1738908738,479
1738908742,470
1738908745,485
1738908748,485
1738908751,491
1738908754,480
1738908757,481
1738908760,487
1738908763,485
1738908766,502
1738908770,484
1738908772,476
1738908775,483
1738908778,480
1738908782,474
1738908785,483
1738908788,479
1738908791,482
1738908794,488
1738908798,475
1738908800,480
1738908800,None
1738908806,486
1738908809,491
1738908812,486
1738908815,474
1738908818,478
1738908821,474
1738908824,480
1738908828,474
1738908830,475
1738908833,496
1738908837,479
1738908839,477
1738908842,481
1738908842,None
1738908849,481
1738908852,482
1738908855,480
1738908858,472
1738908861,477
1738908864,494
1738908867,481
1738908870,486
1738908873,475
1738908873,None
1738908879,480
1738908882,482
1738908886,482
1738908889,493
1738908891,484
1738908894,479
1738908897,522
1738908901,728
1738908903,746
1738908903,None
1738908910,675
1738908913,476
1738908915,477
1738908919,483
1738908922,481
1738908924,475
1738908928,493
1738908931,476
1738908934,479
1738908937,493
1738908940,491
1738908943,485
1738908946,484
1738908949,487
1738908952,476
1738908955,487
1738908955,None
1738908955,None
1738908964,473
1738908967,497
1738908970,489
1738908973,485
1738908973,None
1738908980,486
1738908983,491
1738908986,487
1738908989,483
1738908992,476
1738908995,605
1738908998,745
1738909001,744
1738909004,751
1738909007,514
1738909010,479
1738909013,491
1738909016,492
1738909019,474
1738909023,485
1738909025,486
1738909028,488
1738909031,485
1738909031,None
1738909037,493
1738909041,491
1738909044,493
1738909047,482
1738909050,484
1738909053,482
1738909056,474
1738909056,None
1738909062,481
1738909065,498
1738909068,491
1738909071,484
1738909074,489
1738909078,485
1738909080,476
1738909083,487
1738909087,491
1738909089,487
1738909092,491
1738909095,487
1738909095,None
1738909101,501
1738909105,490
1738909108,490
1738909111,494
1738909113,488
1738909117,479
1738909120,486
1738909123,487
1738909126,471
1738909129,502
1738909132,498
1738909135,480
1738909135,None
1738909141,480
1738909141,None
1738909147,484
1738909150,484
1738909153,492
1738909153,None
1738909159,488
1738909162,476
1738909165,478
1738909168,501
1738909172,489
1738909175,470
1738909178,472
1738909178,None
1738909183,502
1738909187,497
1738909190,495
1738909193,493
1738909196,493
1738909199,499
1738909202,502
1738909205,492
1738909208,478
1738909211,490
1738909211,None
1738909217,497
1738909217,None
1738909217,None
1738909227,490
1738909230,492
1738909233,492
1738909235,510
1738909238,502
1738909241,501
1738909245,503
1738909248,486
1738909251,489
1738909254,559
1738909257,731
1738909257,None
1738909263,744
1738909263,None
1738909269,500
1738909269,None
1738909275,487
1738909275,None
1738909281,487
1738909284,493
1738909287,508
1738909290,497
1738909293,501
1738909296,504
1738909300,499
1738909302,499
1738909305,484
1738909309,483
1738909312,500
1738909315,496
1738909318,500
1738909320,491
1738909324,499
1738909327,500
1738909330,507
1738909333,478
1738909336,497
1738909339,492
1738909342,498
1738909346,480
1738909348,488
1738909351,497
1738909354,497
1738909357,478
1738909360,479
1738909363,492
1738909363,None
1738909370,485
1738909374,487
1738909375,482
1738909379,474
1738909382,477
1738909385,495
1738909388,482
1738909391,477
1738909394,485
1738909397,486
1738909400,483
1738909403,492
1738909406,490
1738909409,494
1738909412,494
1738909415,481
1738909418,485
1738909423,485
1738909424,471
1738909427,473
1738909431,483
1738909434,662
1738909437,746
1738909440,741
1738909443,727
1738909446,577
1738909449,498
1738909452,491
1738909455,482
1738909458,481
1738909461,486
1738909464,497
1738909464,None
1738909464,None
1738909473,496
1738909476,485
1738909476,None
1738909482,488
1738909485,486
1738909488,484
1738909491,472
1738909494,487
1738909498,489
1738909501,486
1738909504,478
1738909504,None
1738909510,480
1738909512,490
1738909516,493
1738909519,485
1738909522,497
1738909525,489
1738909528,474
1738909531,498
1738909534,476
1738909538,480
1738909538,None
1738909543,489
1738909547,474
1738909549,486
1738909552,486
1738909555,482
1738909558,485
1738909562,503
1738909565,492
1738909567,489
1738909571,493
1738909574,478
1738909577,477
1738909580,485
1738909583,491
1738909586,497
1738909589,476
1738909592,486
1738909595,502
1738909598,737
1738909601,748
1738909605,752
1738909607,740
1738909610,484
1738909613,487
1738909617,483
1738909619,480
1738909623,486
1738909626,486
1738909629,473
1738909631,484
1738909635,482
1738909638,479
1738909638,None
1738909644,489
1738909647,483
1738909650,484
1738909653,486
1738909656,484
1738909659,493
1738909662,505
1738909665,486
1738909668,480
1738909671,479
1738909674,489
1738909677,481
1738909681,480
1738909684,484
1738909687,479
1738909690,486
1738909693,483
1738909696,487
1738909699,490
1738909702,484
1738909705,506
1738909708,497
1738909711,491
1738909711,None
1738909717,492
1738909720,483
1738909723,484
1738909726,467
1738909730,446
1738909732,455
1738909735,455
1738909738,450
1738909741,450
1738909741,None
1738909747,450
1738909751,427
1738909754,422
1738909757,422
1738909760,424
1738909764,420
1738909766,426
1738909769,421
1738909772,418
1738909775,424
1738909778,413
1738909781,428
1738909784,423
1738909787,427
1738909790,429
1738909790,None
1738909797,427
1738909799,426
1738909802,429
1738909806,430
1738909809,434
1738909812,429
1738909814,424
1738909818,427
1738909821,421
1738909824,433
1738909827,420
1738909830,428
1738909833,430
1738909836,420
1738909839,440
1738909842,446
1738909842,None
1738909842,None
1738909851,426
1738909855,425
1738909857,475
1738909860,700
1738909863,688
1738909863,None
1738909870,678
1738909873,432
1738909876,438
1738909879,420
1738909882,432
1738909885,431
1738909888,426
1738909891,434
1738909894,430
1738909897,434
1738909900,422
1738909903,431
1738909906,430
1738909909,426
1738909912,429
1738909915,425
1738909918,425
1738909921,428
1738909924,431
1738909927,420
1738909930,427
1738909933,430
1738909936,424
1738909939,433
1738909943,423
1738909946,444
1738909948,436
1738909951,421
1738909955,428
1738909958,423
1738909961,433
1738909964,422
1738909967,432
1738909970,430
1738909973,428
1738909976,428
1738909979,422
1738909982,419
1738909985,427
1738909988,426
1738909991,424
1738909994,428
1738909997,425
1738910000,422
1738910004,423
1738910007,417
1738910010,420
1738910013,651
1738910016,670
1738910019,648
1738910022,628
1738910022,None
1738910028,369
1738910031,374
1738910034,367
1738910037,367
1738910040,370
1738910040,None
1738910046,372
1738910049,375
1738910053,370
1738910055,375
1738910058,365
1738910061,376
1738910065,364
1738910068,370
1738910071,367
1738910074,368
1738910077,370
1738910077,None
1738910083,363
1738910086,372
1738910089,358
1738910093,363
1738910095,369
1738910098,369
1738910101,370
1738910105,395
1738910107,406
1738910107,None
1738910114,417
1738910117,406
1738910119,418
1738910123,417
1738910126,415
1738910129,414
1738910131,414
1738910135,416
1738910138,419
1738910141,428
1738910144,433
1738910147,426
1738910150,419
1738910153,436
1738910153,None
1738910159,423
1738910162,431
1738910165,420
1738910168,427
1738910171,416
1738910171,None
1738910177,432
1738910180,434
1738910184,451
1738910184,None
1738910190,447
1738910193,449
1738910196,448
1738910199,444
1738910202,446
1738910205,425
1738910208,425
1738910211,406
1738910214,419
1738910217,413
1738910217,None
1738910224,407
1738910226,404
1738910229,424
1738910232,418
1738910235,407
1738910239,409
1738910241,424
1738910244,426
1738910247,421
1738910251,428
1738910253,422
1738910256,414
1738910259,414
1738910263,419
1738910263,None
1738910269,422
1738910272,422
1738910275,572
1738910278,683
1738910281,672
1738910284,676
1738910288,430
1738910290,418
1738910293,415
1738910296,423
1738910296,None
1738910302,422
1738910305,422
1738910309,412
1738910311,412
1738910314,417
1738910317,421
1738910321,411
1738910324,418
1738910327,421
1738910330,414
1738910330,None
1738910336,427
1738910339,422
1738910342,418
1738910345,421
1738910348,423
1738910348,None
1738910354,371
1738910357,378
1738910360,367
1738910363,361
1738910366,381
1738910369,373
1738910373,371
1738910376,377
1738910378,369
1738910381,376
1738910384,373
1738910387,376
1738910390,374
1738910394,373
1738910396,366
1738910400,369
1738910403,383
1738910406,377
1738910409,376
1738910412,367
1738910415,446
1738910418,617
1738910418,None
1738910424,607
1738910427,609
1738910427,None
1738910433,384
1738910436,372
1738910440,368
1738910442,378
1738910445,384
1738910448,381
1738910451,382
1738910455,368
1738910458,374
1738910458,None
1738910464,371
1738910467,364
1738910470,377
1738910473,366
1738910476,370
1738910476,None
1738910482,377
1738910485,374
1738910488,377
1738910488,None
1738910494,372
1738910497,378
1738910500,371
1738910503,378
1738910503,None
1738910510,377
1738910513,377
1738910515,378
1738910519,384
1738910521,369
1738910525,391
1738910528,372
1738910531,369
1738910534,377
1738910534,None
1738910540,376
1738910543,373
1738910546,379
1738910549,380
1738910549,None
1738910555,376
1738910558,365
1738910561,373
1738910565,366
1738910567,367
1738910571,366
1738910574,369
1738910577,369
1738910580,359
1738910583,376
1738910586,367
1738910589,364
1738910592,369
1738910595,368
1738910598,371
1738910601,373
1738910604,375
1738910604,None
1738910611,362
1738910613,367
1738910616,362
1738910619,364
1738910622,369
1738910626,368
1738910629,372
1738910631,368
1738910634,370
1738910638,373
1738910638,None
1738910638,None
1738910646,368
1738910650,376
1738910653,375
1738910656,367
1738910659,385
1738910662,375
1738910665,381
1738910665,None
1738910671,376
1738910674,378
1738910677,373
1738910680,371
1738910683,377
1738910686,370
1738910689,374
1738910692,373
1738910696,378
1738910698,371
1738910701,382
1738910705,373
1738910708,365
1738910711,602
1738910714,645
1738910717,639
1738910721,615
1738910724,441
1738910727,381
1738910729,383
1738910732,375
1738910735,386
1738910739,373
1738910742,380
1738910745,386
1738910747,379
1738910751,370
1738910754,386
1738910756,375
1738910759,371
1738910763,378
1738910766,378
1738910769,378
1738910772,374
1738910775,382
1738910778,374
1738910781,376
1738910784,380
1738910787,365
1738910790,380
1738910793,394
1738910797,630
1738910800,631
1738910802,634
1738910806,633
1738910809,411
1738910809,None
1738910815,371
1738910818,383
1738910820,376
1738910824,379
1738910827,382
1738910830,386
1738910833,390
1738910836,388
1738910839,392
1738910842,389
1738910845,396
1738910848,398
1738910851,395
1738910854,378
1738910857,392
1738910860,398
1738910864,389
1738910866,394
1738910869,390
1738910873,396
1738910875,395
1738910879,387
1738910882,383
1738910882,None
1738910882,None
1738910891,387
1738910894,391
1738910897,391
1738910900,397
1738910903,398
1738910906,393
1738910909,385
1738910912,394
1738910915,384
1738910918,384
1738910922,393
1738910924,389
1738910927,374
1738910930,386
1738910933,378
1738910936,381
1738910940,383
1738910942,382
1738910946,390
1738910949,383
1738910952,390
1738910955,392
1738910958,387
1738910961,375
1738910964,381
1738910967,390
1738910970,388
1738910973,378
1738910976,382
1738910979,387
1738910982,374
1738910985,375
1738910988,380
1738910988,None
1738910995,380
1738910997,385
1738910997,None
1738911003,375
1738911006,385
1738911009,387
1738911013,378
1738911016,383
1738911019,388
1738911022,377
1738911025,390
1738911028,387
1738911031,384
1738911031,None
1738911031,None
1738911040,384
1738911043,382
1738911046,386
1738911046,None
1738911052,374
1738911055,382
1738911058,377
1738911061,382
1738911064,384
1738911067,383
1738911070,374
1738911074,374
1738911076,386
1738911080,377
1738911083,373
1738911085,375
1738911089,378
1738911092,376
1738911095,383
1738911098,376
1738911101,361
1738911104,377
1738911107,378
1738911110,375
1738911113,374
1738911116,604
1738911119,637
1738911123,642
1738911126,633
1738911128,536
1738911131,383
1738911135,372
1738911137,378
1738911140,379
1738911144,378
1738911147,377
1738911150,380
1738911153,369
1738911156,379
1738911156,None
1738911162,366
1738911165,380
1738911165,None
1738911171,376
1738911175,369
1738911177,373
1738911180,614
1738911184,627
1738911187,623
1738911189,589
1738911189,None
1738911196,381
1738911199,376
1738911202,378
1738911205,385
1738911208,377
1738911208,None
1738911214,377
1738911217,391
1738911220,377
1738911223,376
1738911226,379
1738911229,371
1738911232,376
1738911235,380
1738911238,376
1738911241,363
1738911245,381
1738911248,379
1738911250,375
1738911254,379
1738911257,378
1738911260,372
1738911260,None
1738911266,323
1738911269,246
1738911272,260
1738911275,255
1738911278,236
1738911281,251
1738911284,243
1738911287,245
1738911290,242
1738911293,244
1738911296,246
1738911299,251
1738911302,249
1738911306,252
1738911308,255
1738911312,251
1738911315,244
1738911315,None
1738911321,249
1738911324,252
1738911327,241
1738911330,253
1738911333,242
1738911336,242
1738911339,242
1738911342,235
1738911345,232
1738911348,240
1738911351,235
1738911354,233
1738911357,235
1738911361,240
1738911364,230
1738911366,238
1738911370,243
1738911372,243
1738911375,229
1738911378,237
1738911382,236
1738911385,240
1738911388,238
1738911390,237
1738911394,241
1738911397,250
1738911400,297
1738911403,330
1738911406,348
1738911409,350
1738911412,339
1738911415,327
1738911418,330
1738911421,322
1738911424,330
1738911427,319
1738911430,326
1738911433,333
1738911437,317
1738911440,323
1738911442,319
1738911442,None
1738911449,312
1738911449,None
1738911455,302
1738911458,303
1738911461,303
1738911464,290
1738911467,302
1738911470,298
1738911474,291
1738911476,297
1738911479,297
1738911482,291
1738911485,297
1738911488,293
1738911491,297
1738911494,285
1738911497,306
1738911500,301
1738911504,294
1738911507,287
1738911510,296
1738911512,342
1738911516,549
1738911519,558
1738911522,549
1738911525,487
1738911525,None
1738911531,299
1738911534,298
1738911537,305
1738911540,291
1738911543,299
1738911546,296
1738911549,292
1738911552,295
1738911555,296
1738911555,None
1738911562,306
1738911564,308
1738911564,None
1738911570,308
1738911574,302
1738911577,307
1738911577,None
1738911582,297
1738911586,310
1738911589,302
1738911592,295
1738911595,307
1738911598,306
1738911601,302
1738911604,304
1738911604,None
1738911604,None
1738911604,None
1738911616,549
1738911619,561
1738911622,407
1738911625,294
1738911629,305
1738911631,297
1738911634,301
1738911637,306
1738911640,303
1738911644,296
1738911647,305
1738911649,301
1738911653,293
1738911656,308
1738911659,296
1738911662,301
1738911665,306
1738911668,303
1738911671,312
1738911674,315
1738911677,299
1738911680,301
1738911683,311
1738911686,301
1738911689,307
1738911689,None
1738911695,305
1738911698,312
1738911702,309
1738911705,301
1738911707,307
1738911711,295
1738911714,312
1738911717,304
1738911720,315
1738911723,309
1738911723,None
1738911729,305
1738911731,309
1738911735,305
1738911738,302
1738911741,320
1738911764,298
1738911767,299
1738911770,294
1738911773,303
1738911777,292
1738911779,301
1738911782,295
1738911786,301
1738911788,301
1738911791,296
1738911795,302
1738911798,294
1738911800,299
1738911804,301
1738911807,290
1738911810,304
1738911813,292
1738911816,302
1738911819,299
1738911822,300
1738911825,302
1738911828,298
1738911831,298
1738911834,287
1738911837,302
1738911840,310
1738911843,303
1738911846,304
1738911846,None
1738911852,296
1738911856,295
1738911858,299
1738911861,303
1738911865,310
1738911868,545
1738911868,None
1738911874,560
1738911877,527
1738911880,290
1738911883,298
1738911886,300
1738911889,302
1738911892,303
1738911895,293
1738911898,309
1738911901,302
1738911904,299
1738911907,289
1738911907,None
1738911914,294
1738911916,295
1738911919,295
1738911923,300
1738911926,307
1738911929,298
1738911929,None
1738911935,305
1738911938,300
1738911941,293
1738911944,303
1738911947,301
1738911950,298
1738911953,293
1738911956,299
1738911959,301
1738911962,300
1738911965,297
1738911965,None
1738911971,300
1738911975,297
1738911977,295
1738911981,295
1738911984,292
1738911987,303
1738911990,295
1738911993,289
1738911995,296
1738911999,294
1738912002,292
1738912005,292
1738912008,301
1738912011,293
1738912014,298
1738912017,287
1738912020,303
1738912020,None
1738912020,None
1738912030,296
1738912032,291
1738912035,297
1738912038,300
1738912042,304
1738912045,297
1738912048,341
1738912050,520
1738912054,572
1738912057,601
1738912059,601
1738912063,328
1738912066,336
1738912066,None
1738912072,331
1738912075,337
1738912078,341
1738912081,344
1738912081,None
1738912087,332
1738912091,349
1738912093,340
1738912096,331
1738912099,337
1738912103,343
1738912106,340
1738912109,341
1738912112,339
1738912115,338
1738912118,344
1738912118,None
1738912124,336
1738912127,346
1738912130,341
1738912133,324
1738912136,345
1738912139,343
1738912142,339
1738912145,337
1738912148,337
1738912151,337
1738912154,350
1738912154,None
1738912160,344
1738912160,None
1738912166,353
1738912169,346
1738912169,None
1738912175,350
1738912178,340
1738912182,339
1738912185,339
1738912188,346
1738912191,338
1738912194,342
1738912197,338
1738912200,340
1738912203,346
1738912206,334
1738912206,None
1738912212,344
1738912215,346
1738912218,341
1738912221,341
1738912224,344
1738912227,341
1738912230,344
1738912233,384
1738912237,599
1738912240,597
1738912243,594
1738912246,458
1738912249,341
1738912252,349
1738912255,338
1738912258,335
1738912261,345
1738912264,338
1738912267,348
1738912270,340
1738912273,340
1738912276,341
1738912279,342
1738912283,341
1738912285,340
1738912288,343
1738912292,346
1738912295,351
1738912298,339
1738912301,333
1738912304,348
1738912307,343
1738912310,334
1738912314,346
1738912316,345
1738912319,338
1738912319,None
1738912325,339
1738912328,344
1738912332,343
1738912335,349
1738912335,None
1738912340,345
1738912344,329
1738912346,344
1738912349,352
1738912353,346
1738912355,345
1738912359,344
1738912362,358
1738912364,351
1738912368,346
1738912371,336
1738912374,358
1738912377,351
1738912380,353
1738912383,369
1738912386,356
1738912389,352
1738912389,None
1738912395,362
1738912398,362
1738912401,359
1738912405,348
1738912407,361
1738912410,359
1738912413,350
1738912417,353
1738912419,359
1738912419,None
1738912426,352
1738912429,346
1738912432,366
1738912435,374
1738912438,373
1738912441,360
1738912444,371
1738912447,383
1738912450,397
1738912453,397
1738912453,None
1738912459,399
1738912462,401
1738912465,392
1738912468,369
1738912472,368
1738912474,368
1738912478,359
1738912480,355
1738912484,356
1738912487,354
1738912489,357
1738912493,365
1738912493,None
1738912499,364
1738912499,None
1738912505,358
1738912508,371
1738912511,359
1738912514,360
1738912517,614
1738912520,630
1738912523,628
1738912523,None
1738912530,438
1738912532,357
1738912535,372
1738912538,362
1738912542,364
1738912544,371
1738912547,430
1738912551,688
1738912554,1379
1738912556,1378
1738912560,1384
1738912563,1380
1738912566,1373
1738912569,1360
1738912572,1378
1738912575,1466
1738912578,1631
1738912578,None
1738912584,1625
1738912587,1497
1738912590,1376
1738912590,None
1738912596,1372
1738912599,1371
1738912602,1359
1738912605,1378
1738912609,1375
1738912612,1370
1738912615,1365
1738912618,1372
1738912621,1371
1738912624,1379
1738912627,1369
1738912630,1373
1738912633,1377
1738912633,None
1738912639,1379
1738912642,1369
1738912645,1367
1738912648,1373
1738912651,1368
1738912655,1368
1738912657,1368
1738912661,1373
1738912664,1360
1738912666,1368
1738912670,1366
1738912673,1359
1738912676,1373
1738912679,1372
1738912682,1370
1738912685,1372
1738912688,1368
1738912691,1367
1738912694,1360
1738912697,1366
1738912700,1369
1738912703,1376
1738912706,1365
1738912709,1365
1738912712,1359
1738912715,1374
1738912718,1377
1738912721,1373
1738912724,1362
1738912727,1363
1738912730,1375
1738912734,1370
1738912734,None
1738912739,1358
1738912742,1372
1738912746,1384
1738912749,1375
1738912752,1374
1738912755,1370
1738912758,755
1738912761,376
1738912764,366
1738912767,361
1738912770,367
1738912773,429
1738912776,848
1738912779,1368
1738912782,1378
1738912785,1373
1738912788,1364
1738912791,1378
1738912794,1372
1738912797,1371
1738912801,1378
1738912804,1377
1738912806,1375
1738912810,1377
1738912813,1371
1738912815,1379
1738912819,1370
1738912822,1378
1738912825,1373
1738912828,1379
1738912831,1393
1738912834,1393
1738912837,1378
1738912840,1368
1738912843,878
1738912843,None
1738912849,361
1738912853,372
1738912855,366
1738912858,355
1738912861,376
1738912861,None
1738912868,366
1738912870,361
1738912874,361
1738912877,366
1738912880,371
1738912883,366
1738912886,369
1738912889,372
1738912892,360
1738912895,358
1738912898,374
1738912901,370
1738912904,366
1738912904,None
1738912910,377
1738912913,370
1738912916,370
1738912920,370
1738912923,368
1738912926,373
1738912928,369
1738912931,371
1738912934,373
1738912938,376
1738912941,373
1738912944,390
1738912947,685
1738912950,688
1738912953,682
1738912956,506
1738912960,689
1738912963,687
1738912966,686
1738912969,679
1738912972,607
1738912974,421
1738912977,422
1738912981,415
1738912983,388
1738912987,378
1738912990,375
1738912993,369
1738912995,363
1738912999,370
1738913002,381
1738913005,355
1738913008,364
1738913011,364
1738913014,362
1738913014,None
1738913014,None
1738913023,341
1738913023,None
1738913030,335
1738913032,340
1738913035,345
1738913038,342
1738913041,333
1738913044,337
1738913048,342
1738913051,336
1738913054,340
1738913057,333
1738913060,331
1738913063,339
1738913066,345
1738913069,342
1738913072,341
1738913075,337
1738913078,333
1738913081,342
1738913084,337
1738913087,339
1738913091,332
1738913093,339
1738913096,339
1738913100,335
1738913103,342
1738913105,348
1738913108,338
1738913111,341
1738913115,343
1738913118,329
1738913121,338
1738913124,334
1738913127,330
1738913130,335
1738913133,336
1738913136,331
1738913139,335
1738913142,339
1738913145,331
1738913148,328
1738913151,340
1738913154,336
1738913157,333
1738913160,333
1738913163,322
1738913167,326
1738913170,330
1738913173,331
1738913176,329
1738913179,323
1738913182,321
1738913185,320
1738913188,319
1738913191,315
1738913194,312
1738913194,None
1738913200,321
1738913203,317
1738913206,311
1738913209,305
1738913212,311
1738913215,315
1738913218,316
1738913222,314
1738913225,304
1738913228,307
1738913231,315
1738913234,323
1738913237,323
1738913240,324
1738913243,320
1738913246,312
1738913249,324
1738913252,346
1738913255,341
1738913258,337
1738913261,329
1738913264,342
1738913267,343
1738913270,450
1738913273,596
1738913276,596
1738913279,593
1738913283,541
1738913286,349
1738913289,336
1738913292,333
1738913295,335
1738913298,341
1738913301,340
1738913304,348
1738913307,339
1738913310,340
1738913313,349
1738913317,480
1738913320,610
1738913322,606
1738913325,628
1738913329,616
1738913331,390
1738913335,351
1738913337,349
1738913340,348
1738913343,352
1738913347,356
1738913349,347
1738913353,344
1738913356,358
1738913359,349
1738913362,341
1738913365,346
1738913368,345
1738913371,349
1738913374,338
1738913377,342
1738913380,352
1738913384,345
1738913387,330
1738913389,350
1738913389,None
1738913396,334
1738913399,342
1738913402,337
1738913405,344
1738913408,342
1738913410,343
1738913414,337
1738913414,None
1738913420,345
1738913423,352
1738913426,344
1738913429,341
1738913432,334
1738913435,336
1738913438,341
1738913442,344
1738913445,338
1738913447,337
1738913451,343
1738913454,331
1738913457,337
1738913460,346
1738913463,343
1738913466,335
1738913470,344
1738913472,346
1738913475,340
1738913478,338
1738913478,None
1738913478,None
1738913487,337
1738913490,341
1738913493,341
1738913496,332
1738913499,352
1738913502,347
1738913505,329
1738913508,339
1738913511,346
1738913515,339
1738913518,337
1738913520,343
1738913524,337
1738913527,340
1738913529,338
1738913533,344
1738913536,341
1738913539,342
1738913542,336
1738913545,350
1738913548,342
1738913551,340
1738913551,None
1738913557,338
1738913560,336
1738913563,343
1738913566,339
1738913569,349
1738913572,342
1738913576,330
1738913578,350
1738913581,346
1738913584,341
1738913587,345
1738913590,347
1738913593,340
1738913597,341
1738913600,338
1738913603,351
1738913606,344
1738913609,349
1738913612,335
1738913615,340
1738913618,345
1738913618,None
1738913624,331
1738913627,345
1738913630,344
1738913633,338
1738913636,338
1738913639,344
1738913643,335
1738913645,537
1738913648,602
1738913652,597
1738913655,576
1738913657,344
1738913661,347
1738913664,342
1738913664,None
1738913670,342
1738913673,343
1738913676,336
1738913679,344
1738913682,335
1738913682,None
1738913688,347
1738913691,339
1738913694,348
1738913697,353
1738913700,392
1738913704,450
1738913706,528
1738913710,488
1738913712,432
1738913716,508
1738913716,None
1738913722,717
1738913724,820
1738913727,924
1738913731,1332
1738913734,1343
1738913737,1356
1738913740,1305
1738913743,1134
1738913746,1139
1738913749,1167
1738913752,1215
1738913752,None
1738913758,1216
1738913761,1225
1738913764,1242
1738913767,1230
1738913770,1240
1738913773,1248
1738913776,1249
1738913779,1275
1738913782,1275
1738913785,1282
1738913788,1281
1738913788,None
1738913795,1293
1738913798,1299
1738913800,1299
1738913803,1314
1738913807,1305
1738913810,1319
1738913813,1318
1738913816,1316
1738913819,1315
1738913822,1332
1738913825,1446
1738913828,1557
1738913831,1644
1738913834,1654
1738913837,1666
1738913840,1679
1738913843,1686
1738913846,1690
1738913849,1709
1738913852,1715
1738913855,1710
1738913858,1729
1738913861,1772
1738913864,1798
1738913867,1799
1738913870,1800
1738913873,1815
1738913876,1817
1738913880,1826
1738913883,1833
1738913886,1862
1738913889,1864
1738913892,1873
1738913895,1883
1738913898,1902
1738913901,1918
1738913904,1922
1738913907,1934
1738913910,1951
1738913913,1898
1738913916,1822
1738913919,1821
1738913922,1824
1738913925,1840
1738913928,1846
1738913932,1832
1738913934,1831
1738913937,1840
1738913941,1837
1738913943,1843
1738913946,1841
1738913950,1823
1738913953,1705
1738913956,1657
1738913959,1650
1738913962,1650
1738913965,1648
1738913968,1648
1738913971,1641
1738913974,1650
1738913977,1640
1738913980,1647
1738913983,1699
1738913986,1894
1738913989,1891
1738913993,1897
1738913995,1835
1738913998,1644
1738914001,1644
1738914005,1647
1738914007,1649
1738914010,1646
1738914010,None
1738914016,1462
1738914020,1451
1738914023,1439
1738914023,None
1738914029,1434
1738914029,None
1738914035,1442
1738914038,1434
1738914041,1429
1738914044,1432
1738914047,1426
1738914050,1430
1738914053,1389
1738914056,1395
1738914059,1391
1738914062,1385
1738914065,1327
1738914068,1297
1738914071,1289
1738914074,1288
1738914078,1290
1738914080,1283
1738914083,1285
1738914083,None
1738914090,1275
1738914090,None
1738914095,1208
1738914099,1177
1738914101,1184
1738914105,1187
1738914108,1183
1738914111,1176
1738914114,1175
1738914117,1372
1738914120,1435
1738914123,1433
1738914126,1422
1738914129,1258
1738914132,1167
1738914135,1164
1738914138,1169
1738914141,1170
1738914144,1165
1738914147,1148
1738914150,1159
1738914153,1168
1738914156,1171
1738914160,1162
1738914162,1164
1738914165,1163
1738914169,1169
1738914172,1158
1738914175,1158
1738914178,1165
1738914181,1157
1738914184,1163
1738914187,1157
1738914190,1167
1738914190,None
1738914196,1162
1738914199,1157
1738914202,1161
1738914205,1159
1738914208,1156
1738914211,1161
1738914214,1116
1738914217,1080
1738914221,1066
1738914223,1073
1738914223,None
1738914229,1070
1738914232,1058
1738914235,1066
1738914238,1068
1738914241,1059
1738914244,1061
1738914248,1052
1738914251,1056
1738914253,1057
1738914257,1053
1738914260,1046
1738914264,1054
1738914266,1054
1738914269,1051
1738914272,1048
1738914275,1052
1738914279,1040
1738914281,1056
1738914284,1050
1738914287,1044
1738914292,1052
1738914293,1046
1738914297,1048
1738914299,1052
1738914302,1053
1738914306,1043
1738914309,1044
1738914312,1054
1738914315,1050
1738914318,1054
1738914318,None
1738914324,1043
1738914327,1059
1738914330,1045
1738914333,1024
1738914336,989
1738914339,966
1738914342,959
1738914345,967
1738914348,963
1738914351,956
1738914354,961
1738914354,None
1738914361,963
1738914363,955
1738914367,1163
1738914370,1209
1738914373,1203
1738914376,1202
1738914379,1066
1738914379,None
1738914385,955
1738914388,946
1738914391,938
1738914394,953
1738914397,946
1738914401,942
1738914404,955
1738914406,958
1738914409,941
1738914412,942
1738914415,948
1738914418,947
1738914421,946
1738914425,948
1738914428,943
1738914430,942
1738914434,947
1738914437,936
1738914440,945
1738914443,943
1738914446,940
1738914449,938
1738914452,943
1738914455,901
1738914458,862
1738914461,869
1738914464,863
1738914467,867
1738914470,862
1738914473,873
1738914476,871
1738914479,870
1738914483,864
1738914486,865
1738914489,855
1738914492,857
1738914495,872
1738914498,863
1738914501,848
1738914504,860
1738914507,869
1738914510,862
1738914513,865
1738914516,873
1738914519,873
1738914522,866
1738914525,875
1738914528,864
1738914531,1120
1738914534,1119
1738914537,1118
1738914540,1012
1738914544,869
1738914546,868
1738914546,None
1738914553,854
1738914555,872
1738914558,862
1738914561,858
1738914561,None
1738914568,862
1738914571,861
1738914574,830
1738914577,797
1738914580,794
1738914583,790
1738914586,790
1738914589,784
1738914592,790
1738914595,792
1738914598,778
1738914601,792
1738914601,None
1738914607,773
1738914610,784
1738914613,781
1738914613,None
1738914619,781
1738914619,None
1738914625,783
1738914629,772
1738914632,776
1738914635,779
1738914638,785
1738914641,774
1738914644,766
1738914647,784
1738914650,777
1738914653,776
1738914656,762
1738914659,777
1738914662,777
1738914665,779
1738914668,774
1738914671,776
1738914674,769
1738914677,772
1738914677,None
1738914683,767
1738914686,775
1738914689,798
1738914693,765
1738914696,696
1738914699,664
1738914702,656
1738914705,588
1738914708,560
1738914711,566
1738914714,557
1738914717,547
1738914717,None
1738914723,548
1738914726,548
1738914730,550
1738914732,545
1738914735,548
1738914738,549
1738914742,565
1738914744,560
1738914747,555
1738914750,556
1738914754,554
1738914756,542
1738914760,556
1738914763,794
1738914765,789
1738914769,795
1738914772,798
1738914775,596
1738914778,561
1738914781,553
1738914784,559
1738914787,557
1738914787,None
1738914793,550
1738914796,531
1738914799,547
1738914802,551
1738914805,542
1738914805,None
1738914811,540
1738914814,548
1738914817,541
1738914823,534
1738914824,537
1738914827,544
1738914830,533
1738914833,526
1738914836,534
1738914839,531
1738914842,538
1738914845,535
1738914849,523
1738914849,None
1738914855,534
1738914858,534
1738914861,527
1738914864,538
1738914867,542
1738914870,526
1738914873,538
1738914875,541
1738914879,534
1738914882,538
1738914885,537
1738914888,550
1738914888,None
1738914894,601
1738914897,828
1738914900,870
1738914903,867
1738914906,863
1738914909,685
1738914912,643
1738914915,632
1738914918,635
1738914922,594
1738914925,594
1738914927,595
1738914931,597
1738914933,589
1738914936,593
1738914940,597
1738914943,593
1738914945,596
1738914949,637
1738914953,653
1738914953,None
1738914958,617
1738914961,616
1738914964,640
1738914967,594
1738914970,598
1738914973,590
1738914976,590
1738914979,592
1738914982,595
1738914986,588
1738914988,592
1738914991,581
1738914994,587
1738914998,592
1738915001,594
1738915004,611
1738915006,600
1738915010,599
1738915013,593
1738915016,585
1738915019,591
1738915022,607
1738915026,592
1738915029,594
1738915031,590
1738915034,602
1738915037,596
1738915041,587
1738915043,581
1738915047,597
1738915050,586
1738915053,577
1738915056,598
1738915059,589
1738915059,None
1738915065,584
1738915068,587
1738915071,623
1738915074,589
1738915077,586
1738915080,590
1738915083,590
1738915086,579
1738915089,585
1738915092,591
1738915095,581
1738915098,602
1738915101,584
1738915104,580
1738915108,590
1738915108,None
1738915113,593
1738915113,None
1738915119,594
1738915122,604
1738915126,594
1738915129,586
1738915132,589
1738915135,581
1738915137,591
1738915141,829
1738915144,838
1738915147,831
1738915150,685
1738915153,591
1738915153,None
1738915159,587
1738915162,580
1738915165,585
1738915168,586
1738915171,588
1738915174,594
1738915177,593
1738915180,590
1738915183,585
1738915186,578
1738915189,588
1738915192,588
1738915196,580
1738915196,None
1738915202,578
1738915204,595
1738915208,581
1738915211,589
1738915214,585
1738915217,587
1738915219,592
1738915223,588
1738915226,591
1738915229,581
1738915232,591
1738915235,589
1738915238,595
1738915241,582
1738915244,598
1738915247,619
1738915250,611
1738915253,589
1738915256,593
1738915259,621
1738915263,618
1738915265,477
1738915269,470
1738915272,472
1738915275,469
1738915278,464
1738915281,459
1738915284,461
1738915287,452
1738915290,474
1738915293,480
1738915296,483
1738915299,464
1738915302,460
1738915305,460
1738915308,463
1738915311,477
1738915314,475
1738915314,None
1738915320,477
1738915324,455
1738915326,564
1738915330,724
1738915332,718
1738915336,695
1738915338,584
1738915342,487
1738915345,479
1738915348,472
1738915351,473
1738915354,462
1738915357,465
1738915360,456
1738915360,None
1738915366,475
1738915369,480
1738915372,478
1738915375,461
1738915378,435
1738915382,438
1738915384,441
1738915387,443
1738915391,448
1738915393,438
1738915397,438
1738915400,438
1738915402,437
1738915406,447
1738915409,441
1738915412,448
1738915415,437
1738915418,443
1738915420,440
1738915424,446
1738915427,462
1738915430,448
1738915433,441
1738915436,439
1738915439,444
1738915442,438
1738915445,441
1738915445,None
1738915451,430
1738915455,436
1738915457,438
1738915461,448
1738915463,438
1738915467,608
1738915470,680
1738915473,682
1738915476,688
1738915479,463
1738915482,431
1738915485,436
1738915489,441
1738915491,437
1738915494,436
1738915497,437
1738915500,434
1738915503,443
1738915506,445
1738915506,None
1738915512,439
1738915516,444
1738915518,438
1738915522,436
1738915525,445
1738915525,None
1738915531,454
1738915534,470
1738915537,450
1738915537,None
1738915543,442
1738915546,441
1738915549,455
1738915552,441
1738915555,443
1738915558,440
1738915561,448
1738915564,460
1738915567,453
1738915571,559
1738915573,640
1738915577,654
1738915580,659
1738915583,638
1738915586,621
1738915589,598
1738915592,584
1738915595,590
1738915598,580
1738915601,584
1738915604,578
1738915607,576
1738915610,610
1738915613,592
1738915613,None
1738915619,600
1738915622,595
1738915626,592
1738915629,599
1738915632,596
1738915635,608
1738915638,606
1738915641,606
1738915644,616
1738915646,607
1738915650,606
1738915653,614
1738915656,612
1738915659,614
1738915662,607
1738915665,610
1738915668,624
1738915671,615
1738915674,607
1738915677,609
1738915680,604
1738915683,596
1738915686,589
1738915689,596
1738915692,598
1738915696,582
1738915698,602
1738915701,601
1738915705,610
1738915707,603
1738915711,604
1738915714,609
1738915717,595
1738915719,589
1738915723,600
1738915726,599
1738915729,600
1738915732,572
1738915735,598
1738915738,633
1738915741,849
1738915744,848
1738915747,842
1738915747,None
1738915753,639
1738915756,593
1738915759,585
1738915762,599
1738915765,580
1738915768,575
1738915772,584
1738915774,586
1738915778,574
1738915781,581
1738915784,579
1738915787,580
1738915790,573
1738915793,579
1738915796,572
1738915799,583
1738915802,578
1738915805,719
1738915808,827
1738915812,830
1738915814,834
1738915818,822
1738915820,685
1738915823,571
1738915827,578
1738915830,584
1738915833,572
1738915836,576
1738915836,None
1738915842,577
1738915845,581
1738915848,585
1738915851,563
1738915854,556
1738915857,572
1738915860,561
1738915863,542
1738915866,571
1738915869,566
1738915872,566
1738915875,555
1738915878,544
1738915882,538
1738915884,535
1738915888,536
1738915890,536
1738915893,530
1738915896,538
1738915900,539
1738915902,547
1738915905,539
1738915909,541
1738915912,536
1738915915,533
1738915918,543
1738915921,549
1738915924,563
1738915927,534
1738915930,536
1738915933,541
1738915936,539
1738915939,529
1738915942,543
1738915946,539
1738915948,540
1738915948,None
1738915954,563
1738915957,577
1738915960,568
1738915964,571
1738915966,562
1738915970,562
1738915972,559
1738915976,569
1738915978,577
1738915982,561
1738915985,569
1738915987,556
1738915991,560
1738915994,558
1738915997,552
1738916000,554
1738916003,554
1738916006,545
1738916009,550
1738916012,539
1738916012,None
1738916018,532
1738916021,533
1738916025,535
1738916027,535
1738916030,516
1738916033,543
1738916037,547
1738916039,554
1738916042,543
1738916046,512
1738916048,514
1738916048,None
1738916055,510
1738916058,510
1738916061,504
1738916064,511
1738916067,511
1738916070,508
1738916073,508
1738916076,510
1738916079,514
1738916082,501
1738916085,515
1738916088,509
1738916091,507
1738916095,517
1738916098,512
1738916101,517
1738916101,None
1738916107,520
1738916110,515
1738916113,515
1738916116,517
1738916119,509
1738916122,522
1738916125,516
1738916129,511
1738916131,527
1738916135,517
1738916137,522
1738916141,517
1738916143,515
1738916146,522
1738916149,519
1738916152,531
1738916156,521
1738916159,510
1738916162,510
1738916165,525
1738916168,512
1738916171,516
1738916174,507
1738916177,678
1738916180,777
1738916183,772
1738916186,785
1738916189,564
1738916192,523
1738916195,520
1738916199,511
1738916201,511
1738916204,521
1738916207,521
1738916210,516
1738916214,514
1738916216,522
1738916219,510
1738916223,544
1738916225,546
1738916229,554
1738916232,540
1738916235,596
1738916238,712
1738916240,886
1738916244,904
1738916247,906
1738916250,885
1738916253,713
1738916256,642
1738916259,639
1738916262,645
1738916265,644
1738916268,640
1738916271,652
1738916274,646
1738916277,642
1738916280,642
1738916283,654
1738916286,652
1738916290,646
1738916293,641
1738916295,646
1738916298,654
1738916302,654
1738916304,645
1738916308,658
1738916311,659
1738916311,None
1738916317,650
1738916320,656
1738916323,653
1738916326,656
1738916329,645
1738916332,651
1738916332,None
1738916338,656
1738916341,656
1738916344,657
1738916347,660
1738916350,650
1738916353,693
1738916357,761
1738916360,766
1738916363,779
1738916366,793
1738916369,802
1738916372,799
1738916375,798
1738916378,799
1738916381,794
1738916384,796
1738916387,809
1738916390,804
1738916393,801
1738916396,796
1738916399,808
1738916402,805
1738916405,813
1738916408,826
1738916411,827
1738916414,823
1738916418,834
1738916421,813
1738916421,None
1738916427,815
1738916429,813
1738916433,808
1738916436,824
1738916439,818
1738916442,810
1738916445,816
1738916448,816
1738916451,814
1738916455,803
1738916457,825
1738916460,822
1738916463,821
1738916466,809
1738916470,813
1738916470,None
1738916476,883
1738916479,889
1738916482,885
1738916485,890
1738916488,895
1738916491,896
1738916494,900
1738916497,904
1738916500,898
1738916503,917
1738916506,904
1738916509,905
1738916512,913
1738916515,913
1738916515,None
1738916522,915
1738916524,913
1738916524,None
1738916531,919
1738916533,915
1738916537,915
1738916537,None
1738916543,922
1738916546,911
1738916549,919
1738916552,925
1738916555,881
1738916558,850
1738916561,861
1738916564,859
1738916567,855
1738916570,846
1738916573,859
1738916577,855
1738916579,860
1738916583,848
1738916586,848
1738916586,None
1738916592,1121
1738916594,1129
1738916598,1105
1738916598,None
1738916604,859
1738916607,850
1738916607,None
1738916613,849
1738916616,851
1738916619,828
1738916623,849
1738916625,855
1738916628,858
1738916631,851
1738916635,839
1738916637,841
1738916637,None
1738916644,838
1738916647,836
1738916647,None
1738916653,975
1738916655,1096
1738916659,1085
1738916662,1093
1738916665,1036
1738916668,835
1738916671,845
1738916674,828
1738916677,802
1738916680,745
1738916683,741
1738916686,732
1738916689,721
1738916692,736
1738916695,733
1738916698,727
1738916701,723
1738916704,739
1738916708,726
1738916711,721
1738916714,722
1738916717,730
1738916720,728
1738916723,715
1738916723,None
1738916729,719
1738916732,719
1738916735,723
1738916739,724
1738916741,722
1738916744,711
1738916747,725
1738916750,729
1738916753,725
1738916753,None
1738916759,720
1738916762,723
1738916766,725
1738916766,None
1738916771,718
1738916774,723
1738916778,728
1738916781,726
1738916784,729
1738916787,719
1738916790,723
1738916793,698
1738916796,617
1738916799,573
1738916802,539
1738916805,528
1738916808,520
1738916811,522
1738916814,508
1738916818,512
1738916820,510
1738916823,511
1738916826,504
1738916829,505
1738916832,506
1738916836,505
1738916839,503
1738916842,503
1738916844,502
1738916848,495
1738916851,494
1738916854,497
1738916857,490
1738916860,508
1738916863,503
1738916866,513
1738916869,501
1738916872,495
1738916875,493
1738916878,493
1738916882,503
1738916884,493
1738916887,490
1738916890,502
1738916894,490
1738916896,497
1738916900,497
1738916903,490
1738916906,483
1738916910,484
1738916912,481
1738916915,466
1738916915,None
1738916915,None
1738916924,436
1738916924,None
1738916924,None
1738916933,423
1738916936,428
1738916939,416
1738916942,427
1738916945,422
1738916948,421
1738916951,424
1738916954,416
1738916958,415
1738916960,426
1738916963,422
1738916963,None
1738916970,415
1738916973,411
1738916976,416
1738916979,414
1738916982,425
1738916985,421
1738916987,420
1738916991,419
1738916994,618
1738916997,674
1738917000,669
1738917003,658
1738917006,419
1738917009,406
1738917012,412
1738917015,413
1738917019,403
1738917021,418
1738917024,415
1738917028,411
1738917031,600
1738917034,649
1738917037,635
1738917041,639
1738917043,469
1738917046,387
1738917049,381
1738917052,386
1738917055,373
1738917058,393
1738917061,386
1738917064,389
1738917067,387
1738917070,381
1738917073,380
1738917076,385
1738917079,376
1738917082,383
1738917086,377
1738917089,380
1738917092,380
1738917095,378
1738917098,377
1738917101,381
1738917104,384
1738917107,373
1738917110,377
1738917113,384
1738917116,411
1738917119,410
1738917122,410
1738917125,410
1738917129,412
1738917131,412
1738917134,406
1738917138,417
1738917141,418
1738917144,419
1738917147,421
1738917150,415
1738917153,420
1738917156,419
1738917159,411
1738917162,414
1738917165,431
1738917168,428
1738917171,428
1738917174,429
1738917177,422
1738917180,419
1738917184,427
1738917186,421
1738917189,424
1738917192,430
1738917196,433
1738917198,422
1738917202,434
1738917205,425
1738917208,420
1738917211,426
1738917214,430
1738917214,None
1738917220,434
1738917223,430
1738917226,424
1738917229,428
1738917232,429
1738917235,417
1738917238,412
1738917241,425
1738917244,418
1738917244,None
1738917250,426
1738917253,418
1738917256,423
1738917259,423
1738917259,None
1738917266,427
1738917266,None
1738917271,424
1738917275,420
1738917278,427
1738917281,427
1738917284,428
1738917287,424
1738917290,430
1738917293,435
1738917297,425
1738917299,434
1738917303,429
1738917305,435
1738917308,435
1738917311,436
1738917314,435
1738917317,424
1738917320,428
1738917323,427
1738917326,423
1738917330,431
1738917332,430
1738917336,427
1738917339,418
1738917342,437
1738917345,423
1738917348,415
1738917351,423
1738917354,431
1738917357,417
1738917361,421
1738917363,420
1738917366,423
1738917370,424
1738917373,447
1738917375,442
1738917379,445
1738917381,453
1738917385,452
1738917388,545
1738917390,713
1738917390,None
1738917397,706
1738917400,707
1738917403,474
1738917406,446
1738917409,457
1738917412,449
1738917415,459
1738917418,454
1738917421,456
1738917424,453
1738917427,443
1738917430,449
1738917430,None
1738917437,455
1738917440,458
1738917443,454
1738917445,455
1738917449,715
1738917452,716
1738917455,707
1738917458,717
1738917461,515
1738917464,445
1738917468,456
1738917470,460
1738917473,448
1738917476,459
1738917479,456
1738917482,451
1738917485,466
1738917489,457
1738917492,461
1738917495,455
1738917498,462
1738917500,455
1738917504,454
1738917507,458
1738917510,453
1738917513,454
1738917516,454
1738917519,456
1738917522,453
1738917525,467
1738917528,454
1738917531,460
1738917534,462
1738917537,457
1738917540,466
1738917544,458
1738917546,456
1738917549,456
1738917552,462
1738917555,459
1738917559,459
1738917561,462
1738917565,461
1738917568,466
1738917571,451
1738917574,462
1738917577,453
1738917580,455
1738917583,455
1738917586,457
1738917589,474
1738917592,451
1738917595,457
1738917598,462
1738917601,458
1738917605,459
1738917607,454
1738917610,461
1738917610,None
1738917616,571
1738917619,629
1738917623,654
1738917626,659
1738917629,673
1738917631,684
1738917635,689
1738917638,696
1738917641,680
1738917644,683
1738917647,693
1738917650,691
1738917653,689
1738917656,694
1738917659,700
1738917662,695
1738917662,None
1738917668,703
1738917672,698
1738917674,692
1738917677,697
1738917680,705
1738917683,700
1738917686,706
1738917686,None
1738917692,708
1738917696,713
1738917698,701
1738917702,704
1738917705,706
1738917708,699
1738917711,711
1738917714,706
1738917717,710
1738917720,716
1738917723,711
1738917726,707
1738917729,708
1738917732,714
1738917735,771
1738917739,777
1738917741,771
1738917744,770
1738917748,779
1738917748,None
1738917753,782
1738917757,773
1738917760,781
1738917762,973
1738917762,None
1738917769,1040
1738917772,1043
1738917775,968
1738917778,795
1738917781,788
1738917784,789
1738917787,792
1738917790,797
1738917793,782
1738917796,781
1738917799,800
1738917802,795
1738917805,797
1738917808,794
1738917811,786
1738917814,798
1738917817,799
1738917820,793
1738917824,791
1738917826,797
1738917830,806
1738917832,800
1738917836,798
1738917839,799
1738917839,None
1738917845,802
1738917848,800
1738917851,810
1738917854,884
1738917857,909
1738917857,None
1738917863,916
1738917866,922
1738917869,917
1738917872,921
1738917876,929
1738917878,926
1738917878,None
1738917884,935
1738917888,928
1738917891,933
1738917893,941
1738917897,929
1738917900,937
1738917903,935
1738917906,950
1738917909,941
1738917912,947
1738917915,944
1738917918,951
1738917918,None
1738917924,942
1738917927,952
1738917930,936
1738917933,919
1738917936,877
1738917936,None
1738917943,870
1738917945,870
1738917948,1072
1738917951,1121
1738917954,1127
1738917958,1126
1738917961,858
1738917964,868
1738917967,862
1738917970,858
1738917973,857
1738917976,861
1738917980,869
1738917982,848
1738917985,853
1738917989,859
1738917992,859
1738917994,859
1738917998,852
1738918000,858
1738918003,866
1738918007,858
1738918010,852
1738918013,838
1738918016,847
1738918019,859
1738918022,855
1738918022,None
1738918028,864
1738918031,860
1738918031,None
1738918037,793
1738918040,803
1738918040,None
1738918047,792
1738918049,804
1738918053,797
1738918056,800
1738918058,822
1738918062,801
1738918065,796
1738918067,804
1738918071,801
1738918074,805
1738918077,803
1738918080,800
1738918083,808
1738918086,799
1738918089,800
1738918092,796
1738918095,801
1738918095,None
1738918101,801
1738918104,795
1738918107,799
1738918110,819
1738918113,827
1738918117,795
1738918119,800
1738918122,802
1738918125,800
1738918125,None
1738918132,798
1738918135,798
1738918138,795
1738918141,800
1738918144,802
1738918144,None
1738918150,794
1738918153,788
1738918156,757
1738918159,724
1738918162,738
1738918165,728
1738918168,732
1738918171,826
1738918175,973
1738918177,974
1738918180,966
1738918183,812
1738918186,702
1738918189,699
1738918192,699
1738918195,709
1738918198,704
1738918201,696
1738918205,703
1738918207,695
1738918211,693
1738918214,691
1738918217,684
1738918220,698
1738918223,690
1738918226,699
1738918229,687
1738918232,691
1738918235,695
1738918235,None
1738918241,696
1738918244,685
1738918247,687
1738918250,686
1738918253,687
1738918256,700
1738918260,708
1738918262,700
1738918265,702
1738918269,691
1738918272,676
1738918275,619
1738918278,550
1738918281,512
1738918281,None
1738918287,500
1738918290,487
1738918293,480
1738918296,488
1738918299,480
1738918302,477
1738918305,482
1738918308,474
1738918312,477
1738918314,483
1738918314,None
1738918321,466
1738918323,465
1738918326,474
1738918329,477
1738918333,476
1738918335,662
1738918339,729
1738918342,711
1738918345,718
1738918348,462
1738918351,468
1738918354,472
1738918357,465
1738918360,462
1738918363,471
1738918367,455
1738918369,460
1738918372,467
1738918376,460
1738918379,457
1738918381,451
1738918384,450
1738918387,460
1738918391,449
1738918393,440
1738918396,405
1738918396,None
1738918403,398
1738918406,406
1738918409,400
1738918412,390
1738918415,391
1738918418,395
1738918422,397
1738918422,None
1738918427,384
1738918431,399
1738918433,405
1738918436,387
1738918440,386
1738918442,394
1738918445,387
1738918448,392
1738918452,395
1738918455,387
1738918458,392
1738918461,383
1738918464,392
1738918464,None
1738918470,399
1738918473,404
1738918476,391
1738918479,397
1738918482,393
1738918485,390
1738918488,403
1738918492,396
1738918494,387
1738918497,527
1738918500,649
1738918504,643
1738918506,642
1738918510,434
1738918513,379
1738918515,374
1738918515,None
1738918522,367
1738918525,367
1738918528,363
1738918531,356
1738918534,357
1738918537,366
1738918540,361
1738918543,358
1738918546,357
1738918549,363
1738918552,373
1738918555,362
1738918558,370
1738918561,359
1738918564,370
1738918567,368
1738918567,None
1738918567,None
1738918567,None
1738918580,366
1738918582,355
1738918586,367
1738918588,374
1738918592,377
1738918595,414
1738918598,414
1738918601,413
1738918604,415
1738918607,411
1738918610,415
1738918613,411
1738918616,414
1738918619,417
1738918622,407
1738918625,406
1738918628,399
1738918628,None
1738918634,410
1738918634,None
1738918640,416
1738918643,412
1738918643,None
1738918650,411
1738918653,413
1738918656,419
1738918659,415
1738918662,407
1738918665,410
1738918668,415
1738918671,409
1738918674,412
1738918677,412
1738918680,414
1738918683,412
1738918686,422
1738918690,418
1738918692,417
1738918695,409
1738918698,418
1738918701,416
1738918704,416
1738918707,411
1738918710,417
1738918710,None
1738918717,419
1738918719,407
1738918722,419
1738918725,421
1738918729,412
1738918732,419
1738918734,412
1738918738,414
1738918741,414
1738918744,413
1738918744,None
1738918750,617
1738918752,661
1738918756,675
1738918759,666
1738918762,414
1738918765,412
1738918768,415
1738918771,419
1738918774,408
1738918777,417
1738918780,413
1738918783,418
1738918786,439
1738918789,423
1738918792,436
1738918795,438
1738918798,437
1738918798,None
1738918804,443
1738918807,439
1738918811,428
1738918814,442
1738918817,434
1738918817,None
1738918823,434
1738918826,431
1738918829,431
1738918832,424
1738918835,435
1738918838,426
1738918841,418
1738918844,436
1738918847,432
1738918850,651
1738918853,694
1738918856,705
1738918859,697
1738918862,645
1738918865,446
1738918868,452
1738918872,448
1738918875,451
1738918878,458
1738918881,454
1738918884,455
1738918887,460
1738918890,463
1738918893,462
1738918896,455
1738918899,463
1738918902,461
1738918905,458
1738918908,467
1738918911,459
1738918914,467
1738918917,457
1738918920,464
1738918923,471
1738918927,463
1738918929,454
1738918932,460
1738918935,462
1738918938,464
1738918942,466
1738918945,461
1738918948,467
1738918951,460
1738918954,473
1738918957,464
1738918960,462
1738918960,None
1738918966,465
1738918969,461
1738918972,452
1738918975,460
1738918978,465
1738918981,460
1738918984,460
1738918987,468
1738918990,463
1738918994,469
1738918994,None
1738919000,469
1738919003,468
1738919006,476
1738919009,474
1738919012,473
1738919015,470
1738919018,470
1738919021,459
1738919024,472
1738919027,468
1738919030,467
1738919033,465
1738919036,470
1738919039,469
1738919042,473
1738919045,464
1738919048,467
1738919051,471
1738919055,458
1738919057,464
1738919060,467
1738919064,468
1738919067,474
1738919070,467
1738919073,465
1738919076,473
1738919079,464
1738919082,468
1738919085,464
1738919088,458
1738919091,465
1738919094,488
1738919097,602
1738919100,631
1738919103,640
1738919107,666
1738919110,665
1738919112,674
1738919115,667
1738919118,672
1738919118,None
1738919125,681
1738919128,691
1738919131,694
1738919133,720
1738919137,697
1738919139,703
1738919143,695
1738919143,None
1738919149,707
1738919152,704
1738919155,691
1738919158,697
1738919161,713
1738919164,709
1738919164,None
1738919170,719
1738919173,708
1738919176,703
1738919179,704
1738919183,712
1738919185,701
1738919189,705
1738919192,713
1738919194,959
1738919198,973
1738919201,958
1738919204,908
1738919207,705
1738919210,709
1738919213,718
1738919216,763
1738919219,778
1738919222,786
1738919225,787
1738919228,772
1738919231,763
1738919234,773
1738919237,769
1738919237,None
1738919243,774
1738919246,763
1738919249,763
1738919252,776
1738919256,767
1738919258,835
1738919262,1020
1738919265,1020
1738919268,1012
1738919271,1011
1738919274,789
1738919277,761
1738919280,771
1738919283,771
1738919286,759
1738919289,770
1738919293,777
1738919295,775
1738919298,777
1738919301,785
1738919301,None
1738919307,788
1738919310,790
1738919313,789
1738919316,781
1738919319,797
1738919322,793
1738919326,788
1738919329,792
1738919332,794
1738919335,877
1738919338,902
1738919341,894
1738919344,904
1738919347,911
1738919350,911
1738919353,907
1738919356,913
1738919360,926
1738919362,918
1738919365,923
1738919368,924
1738919371,918
1738919374,919
1738919377,928
1738919380,937
1738919384,931
1738919387,937
1738919390,935
1738919392,935
1738919395,938
1738919399,934
1738919402,944
1738919405,942
1738919408,947
1738919411,945
1738919414,947
1738919414,None
1738919420,947
1738919423,951
1738919427,957
1738919429,954
1738919432,938
1738919436,955
1738919438,948
1738919441,938
1738919441,None
1738919448,961
1738919450,957
1738919454,934
1738919457,889
1738919460,879
1738919463,894
1738919466,898
1738919468,878
1738919472,864
1738919475,863
1738919478,866
1738919481,867
1738919484,897
1738919487,893
1738919490,883
1738919493,888
1738919496,881
1738919499,888
1738919503,875
1738919506,865
1738919508,854
1738919512,858
1738919515,856
1738919518,858
1738919520,870
1738919524,879
1738919527,875
1738919530,877
1738919533,882
1738919536,872
1738919539,862
1738919542,854
1738919545,858
1738919548,846
1738919551,850
1738919554,854
1738919557,849
1738919560,849
1738919563,851
1738919566,854
1738919569,857
1738919572,842
1738919575,808
1738919578,799
1738919581,945
1738919584,1058
1738919588,1045
1738919590,1056
1738919593,1034
1738919596,798
1738919599,799
1738919603,802
1738919606,797
1738919609,796
1738919612,778
1738919615,786
1738919618,780
1738919621,777
1738919624,778
1738919627,766
1738919630,774
1738919630,None
1738919636,760
1738919639,762
1738919642,762
1738919645,953
1738919648,1015
1738919652,1013
1738919655,1007
1738919658,775
1738919660,759
1738919664,762
1738919667,761
1738919669,765
1738919673,759
1738919675,759
1738919679,766
1738919679,None
1738919685,758
1738919689,763
1738919691,765
1738919694,731
1738919697,695
1738919700,707
1738919703,689
1738919706,696
1738919709,699
1738919712,696
1738919715,696
1738919718,694
1738919721,686
1738919725,693
1738919728,689
1738919730,684
1738919734,696
1738919737,691
1738919739,691
1738919743,696
1738919746,690
1738919749,686
1738919752,691
1738919752,None
1738919758,693
1738919761,683
1738919764,682
1738919767,697
1738919770,699
1738919773,694
1738919773,None
1738919773,None
1738919782,682
1738919786,695
1738919788,682
1738919791,685
1738919791,None
1738919798,688
1738919801,691
1738919804,691
1738919807,680
1738919810,688
1738919813,665
1738919816,560
1738919819,526
1738919822,504
1738919825,494
1738919828,477
1738919831,473
1738919834,469
1738919837,465
1738919841,456
1738919843,458
1738919846,459
1738919849,495
1738919852,520
1738919855,547
1738919855,None
1738919862,516
1738919865,512
1738919867,523
1738919870,510
1738919873,515
1738919877,510
1738919880,512
1738919883,513
1738919883,None
1738919889,513
1738919892,764
1738919895,759
1738919898,771
1738919898,None
1738919904,551
1738919908,507
1738919910,512
1738919913,501
1738919916,510
1738919919,508
1738919922,496
1738919925,502
1738919928,506
1738919931,500
1738919934,485
1738919937,458
1738919940,459
1738919944,453
1738919946,450
1738919949,442
1738919953,457
1738919955,450
1738919955,None
1738919962,448
1738919965,444
1738919967,448
1738919971,439
1738919974,442
1738919977,437
1738919980,430
1738919983,440
1738919986,434
1738919989,572
1738919989,None
1738919995,691
1738919998,685
1738920001,503
1738920004,440
1738920007,434
1738920011,439
1738920013,436
1738920017,431
1738920020,430
1738920023,422
1738920025,423
1738920029,432
1738920032,427
1738920035,432
1738920038,432
1738920041,424
1738920044,427
1738920047,425
1738920050,422
1738920053,417
1738920056,405
1738920059,404
1738920062,396
1738920065,393
1738920068,406
1738920071,401
1738920074,398
1738920077,397
1738920081,392
1738920083,397
1738920087,396
1738920090,393
1738920093,381
1738920096,391
1738920099,390
1738920102,392
1738920105,391
1738920108,399
1738920111,394
1738920114,391
1738920117,394
1738920117,None
1738920123,396
1738920126,399
1738920129,389
1738920132,399
1738920135,396
1738920139,398
1738920141,407
1738920144,407
1738920148,403
1738920150,404
1738920153,406
1738920157,405
1738920160,409
1738920163,402
1738920166,404
1738920169,405
1738920172,403
1738920175,413
1738920178,404
1738920181,414
1738920184,418
1738920187,409
1738920190,414
1738920193,446
1738920196,462
1738920199,471
1738920202,442
1738920205,362
1738920208,366
1738920211,366
1738920214,356
1738920217,366
1738920223,367
1738920224,356
1738920227,371
1738920230,368
1738920234,363
1738920236,365
1738920240,369
1738920242,374
1738920245,363
1738920248,368
1738920252,367
1738920252,None
1738920258,371
1738920261,366
1738920261,None
1738920267,363
1738920270,361
1738920273,366
1738920276,359
1738920279,360
1738920282,367
1738920285,368
1738920288,368
1738920291,360
1738920294,616
1738920297,621
1738920301,621
1738920303,636
1738920307,420
1738920309,377
1738920312,386
1738920316,382
1738920318,380
1738920318,None
1738920325,386
1738920328,382
1738920331,388
1738920334,382
1738920337,390
1738920340,380
1738920343,389
1738920346,382
1738920349,387
1738920352,386
1738920355,387
1738920355,None
1738920361,630
1738920364,634
1738920367,632
1738920370,459
1738920373,391
1738920377,397
1738920380,395
1738920383,395
1738920385,411
1738920388,410
1738920392,417
1738920395,413
1738920398,421
1738920401,414
1738920404,412
1738920407,420
1738920410,416
1738920413,411
1738920416,415
1738920419,413
1738920422,412
1738920425,418
1738920429,417
1738920431,412
1738920434,415
1738920438,414
1738920440,411
1738920443,417
1738920447,416
1738920450,417
1738920453,409
1738920456,409
1738920459,413
1738920461,402
1738920465,400
1738920468,407
1738920471,408
1738920474,406
1738920477,425
1738920480,409
1738920483,405
1738920486,410
1738920489,410
1738920492,409
1738920495,411
1738920498,405
1738920501,406
1738920505,410
1738920507,408
1738920511,420
1738920514,415
1738920517,417
1738920520,415
1738920523,411
1738920526,416
1738920529,410
1738920532,429
1738920535,474
1738920538,572
1738920541,605
1738920544,611
1738920547,633
1738920550,640
1738920553,631
1738920556,643
1738920556,None
1738920563,646
1738920565,646
1738920569,636
1738920572,640
1738920575,640
1738920578,639
1738920580,639
1738920584,646
1738920587,655
1738920590,648
1738920593,645
1738920596,652
1738920599,649
1738920602,649
1738920605,646
1738920608,652
1738920612,661
1738920614,664
1738920617,657
1738920620,659
1738920623,653
1738920626,658
1738920629,664
1738920632,666
1738920635,667
1738920639,658
1738920642,664
1738920645,666
1738920648,712
1738920650,905
1738920654,951
1738920657,982
1738920660,882
1738920663,729
1738920666,727
1738920669,736
1738920672,741
1738920675,726
1738920678,736
1738920681,737
1738920684,729
1738920687,740
1738920690,739
1738920693,738
1738920697,739
1738920700,735
1738920703,878
1738920706,989
1738920709,979
1738920711,989
1738920715,859
1738920718,733
1738920721,739
1738920724,742
1738920727,740
1738920730,743
1738920730,None
1738920736,732
1738920739,732
1738920742,744
1738920745,738
1738920748,729
1738920751,742
1738920754,740
1738920757,739
1738920760,744
1738920763,732
1738920766,735
1738920770,743
1738920770,None
1738920776,845
1738920779,845
1738920783,851
1738920785,859
1738920788,857
1738920791,858
1738920794,855
1738920797,862
1738920800,865
1738920803,869
1738920806,883
1738920806,None
1738920812,879
1738920815,878
1738920818,882
1738920821,876
1738920824,877
1738920827,884
1738920830,892
1738920833,864
1738920836,829
1738920840,816
1738920842,809
1738920846,814
1738920849,803
1738920852,809
1738920855,807
1738920858,812
1738920861,801
1738920864,808
1738920867,779
1738920870,760
1738920873,758
1738920876,759
1738920879,760
1738920883,758
1738920883,None
1738920888,733
1738920891,728
1738920895,727
1738920898,726
1738920901,723
1738920904,734
1738920907,730
1738920910,729
1738920913,730
1738920916,743
1738920919,744
1738920922,742
1738920925,743
1738920928,751
1738920931,739
1738920934,749
1738920937,747
1738920940,743
1738920943,745
1738920946,749
1738920949,744
1738920953,738
1738920956,695
1738920958,678
1738920961,679
1738920965,671
1738920968,673
1738920971,673
1738920974,675
1738920977,668
1738920980,671
1738920980,None
1738920986,673
1738920990,670
1738920992,679
1738920995,686
1738920998,684
1738921001,683
1738921004,678
1738921007,681
1738921011,684
1738921013,674
1738921013,None
1738921020,685
1738921023,680
1738921025,688
1738921028,686
1738921028,None
1738921035,680
1738921038,688
1738921041,684
1738921044,683
1738921047,686
1738921050,683
1738921053,680
1738921056,683
1738921059,678
1738921059,None
1738921065,677
1738921068,686
1738921068,None
1738921074,896
1738921077,860
1738921080,855
1738921083,746
1738921086,608
1738921089,600
1738921092,605
1738921095,625
1738921099,850
1738921101,864
1738921104,854
1738921108,852
1738921110,604
1738921114,594
1738921114,None
1738921120,599
1738921123,600
1738921126,589
1738921129,598
1738921132,594
1738921135,593
1738921138,595
1738921141,591
1738921144,586
1738921148,587
1738921150,588
1738921154,591
1738921156,596
1738921159,649
1738921163,687
1738921166,693
1738921169,696
1738921172,692
1738921175,684
1738921178,678
1738921181,682
1738921184,685
1738921187,676
1738921190,681
1738921193,631
1738921197,555
1738921200,506
1738921202,493
1738921205,477
1738921208,470
1738921211,466
1738921215,449
1738921218,450
1738921220,440
1738921223,450
1738921227,446
1738921229,455
1738921233,437
1738921236,440
1738921239,441
1738921241,440
1738921241,None
1738921248,441
1738921251,435
1738921254,442
1738921257,429
1738921260,444
1738921260,None
1738921266,437
1738921266,None
1738921272,428
1738921276,437
1738921278,431
1738921281,428
1738921284,433
1738921287,432
1738921291,435
1738921293,425
1738921296,434
1738921300,430
1738921303,424
1738921306,433
1738921309,430
1738921312,431
1738921315,411
1738921318,380
1738921321,378
1738921324,374
1738921327,375
1738921330,366
1738921333,360
1738921337,366
1738921339,364
1738921343,356
1738921345,362
1738921348,366
1738921351,361
1738921354,349
1738921357,343
1738921360,351
1738921364,344
1738921366,342
1738921369,344
1738921373,351
1738921376,346
1738921378,340
1738921382,364
1738921385,368
1738921388,367
1738921391,359
1738921394,365
1738921397,366
1738921401,359
1738921403,365
1738921406,360
1738921409,347
1738921412,352
1738921412,None
1738921418,601
1738921421,596
1738921424,600
1738921428,627
1738921431,590
1738921434,739
1738921437,696
1738921440,680
1738921443,653
1738921446,634
1738921449,579
1738921452,591
1738921455,589
1738921455,None
1738921461,556
1738921464,556
1738921467,561
1738921470,609
1738921473,485
1738921476,338
1738921479,281
1738921483,281
1738921486,270
1738921489,277
1738921491,280
1738921495,276
1738921498,274
1738921501,271
1738921504,516
1738921507,532
1738921510,528
1738921513,515
1738921516,433
1738921520,426
1738921522,423
1738921525,409
1738921528,416
1738921531,406
1738921535,417
1738921537,411
1738921540,393
1738921543,279
1738921547,283
1738921550,281
1738921552,287
1738921556,412
1738921558,433
1738921562,418
1738921565,421
1738921568,407
1738921571,350
1738921574,277
1738921577,277
1738921580,282
1738921583,347
1738921586,436
1738921589,425
1738921592,422
1738921596,412
1738921598,399
1738921602,287
1738921605,262
1738921608,266
1738921611,281
1738921614,411
1738921617,409
1738921620,399
1738921623,400
1738921626,335
1738921626,None
1738921632,268
1738921635,399
1738921638,416
1738921641,407
1738921645,402
1738921648,379
1738921650,311
1738921654,266
1738921657,259
1738921660,271
1738921662,269
1738921666,263
1738921669,347
1738921672,425
1738921675,412
1738921678,407
1738921681,409
1738921684,405
1738921687,400
1738921691,371
1738921694,262
1738921696,261
1738921700,247
1738921703,266
1738921706,339
1738921709,400
1738921711,407
1738921715,397
1738921718,397
1738921721,372
1738921724,256
1738921727,260
1738921727,None
1738921733,261
1738921736,382
1738921739,413
1738921742,394
1738921745,402
1738921748,388
1738921751,323
1738921751,None
1738921758,251
1738921760,247
1738921763,275
1738921766,402
1738921769,394
1738921773,391
1738921776,370
1738921778,244
1738921782,257
1738921785,327
1738921788,391
1738921791,391
1738921794,269
1738921797,378
1738921800,396
1738921804,369
1738921806,272
1738921809,255
1738921812,248
1738921815,507
1738921818,499
1738921821,500
1738921821,None
1738921827,414
1738921830,397
1738921830,None
1738921836,301
1738921839,401
1738921843,386
1738921846,408
1738921849,287
1738921852,263
1738921854,249
1738921858,265
1738921861,262
1738921864,251
1738921867,344
1738921870,405
1738921873,407
1738921877,404
1738921879,400
1738921882,393
1738921886,401
1738921888,322
1738921891,265
1738921895,256
1738921897,339
1738921900,284
1738921903,258
1738921906,290
1738921910,405
1738921912,410
1738921916,453
1738921919,537
1738921922,516
1738921925,586
1738921928,602
1738921931,401
1738921934,280
1738921934,None
1738921940,283
1738921943,399
1738921946,381
1738921949,262
1738921952,250
1738921955,364
1738921958,378
1738921961,251
1738921964,247
1738921968,367
1738921971,382
1738921974,260
1738921977,283
1738921980,403
1738921983,377
1738921986,257
1738921986,None
1738921992,402
1738921995,377
1738921998,255
1738922001,273
1738922004,415
1738922007,405
1738922011,368
1738922013,284
1738922016,257
1738922019,274
1738922023,413
1738922025,330
1738922029,255
1738922032,261
1738922034,281
1738922038,415
1738922038,None
1738922044,257
1738922047,336
1738922050,398
1738922053,317
1738922056,254
1738922059,251
1738922062,390
1738922065,393
1738922069,272
1738922071,244
1738922071,None
1738922077,393
1738922080,325
1738922083,265
1738922086,397
1738922089,360
1738922093,252
1738922096,242
1738922099,252
1738922102,241
1738922105,272
1738922108,406
1738922111,386
1738922114,386
1738922117,396
1738922117,None
1738922123,261
1738922126,241
1738922129,250
1738922132,248
1738922135,365
1738922138,395
1738922142,271
1738922144,251
1738922147,409
1738922151,632
1738922153,521
1738922157,509
1738922160,567
1738922163,419
1738922166,250
1738922168,246
1738922172,275
1738922172,None
1738922178,386
1738922181,384
1738922184,380
1738922187,314
1738922190,246
1738922193,249
1738922196,253
1738922200,261
1738922202,262
1738922205,249
1738922208,275
1738922211,421
1738922214,402
1738922217,391
1738922220,349
1738922223,403
1738922227,333
1738922230,249
1738922233,254
1738922236,389
1738922236,None
1738922242,253
1738922245,255
1738922248,286
1738922251,394
1738922255,270
1738922257,256
1738922257,None
1738922264,391
1738922267,326
1738922270,246
1738922272,268
1738922276,408
1738922279,395
1738922282,280
1738922284,243
1738922284,None
1738922291,377
1738922294,247
1738922297,250
1738922300,385
1738922303,394
1738922306,323
1738922309,271
1738922312,381
1738922315,385
1738922318,283
1738922321,242
1738922324,327
1738922327,390
1738922330,581
1738922333,567
1738922336,492
1738922339,388
1738922342,331
1738922345,396
1738922348,324
1738922351,265
1738922354,389
1738922357,407
1738922360,285
1738922363,256
1738922366,253
1738922369,245
1738922372,263
1738922376,255
1738922379,328
1738922382,414
1738922385,403
1738922388,398
1738922391,389
1738922394,321
1738922397,258
1738922400,261
1738922403,252
1738922406,332
1738922409,403
1738922412,394
1738922415,365
1738922418,241
1738922421,249
1738922424,256
1738922428,241
1738922430,245
1738922433,277
1738922433,None
1738922440,403
1738922442,392
1738922446,369
1738922449,239
1738922452,319
1738922455,404
1738922455,None
1738922461,248
1738922464,326
1738922467,360
1738922471,252
1738922473,255
1738922476,336
1738922479,402
1738922482,405
1738922485,379
1738922485,None
1738922492,376
1738922495,322
1738922497,254
1738922501,257
1738922504,245
1738922507,279
1738922510,407
1738922510,None
1738922516,394
1738922519,325
1738922522,374
1738922525,507
1738922528,510
1738922531,512
1738922534,557
1738922537,411
1738922540,329
1738922543,337
1738922546,404
1738922549,379
1738922553,262
1738922555,255
1738922559,263
1738922562,266
1738922564,256
1738922568,261
1738922571,331
1738922574,415
1738922577,416
1738922580,344
1738922583,287
1738922586,388
1738922589,400
1738922592,255
1738922595,253
1738922598,263
1738922601,344
1738922604,408
1738922607,408
1738922610,281
1738922613,414
1738922617,329
1738922619,255
1738922623,256
1738922626,255
1738922629,259
1738922632,256
1738922634,258
1738922638,384
1738922641,406
1738922644,394
1738922647,376
1738922650,327
1738922653,380
1738922657,264
1738922659,255
1738922662,263
1738922666,258
1738922669,264
1738922671,340
1738922674,407
1738922677,408
1738922680,401
1738922684,376
1738922687,257
1738922690,257
1738922693,255
1738922696,261
1738922699,387
1738922702,406
1738922705,409
1738922708,405
1738922708,None
1738922714,264
1738922717,259
1738922720,259
1738922723,421
1738922726,521
1738922729,516
1738922732,648
1738922735,427
1738922738,411
1738922741,395
1738922744,406
1738922748,331
1738922751,253
1738922754,263
1738922756,258
1738922760,260
1738922763,263
1738922766,293
1738922769,396
1738922772,399
1738922775,402
1738922778,400
1738922781,284
1738922784,257
1738922787,288
1738922790,407
1738922793,331
1738922796,263
1738922800,249
1738922803,282
1738922806,414
1738922809,396
1738922812,389
1738922815,384
1738922818,320
1738922821,250
1738922824,241
1738922827,251
1738922830,251
1738922833,243
1738922836,250
1738922836,None
1738922843,261
1738922846,384
1738922846,None
1738922852,407
1738922855,399
1738922857,309
1738922861,404
1738922864,379
1738922867,248
1738922870,261
1738922873,288
1738922876,373
1738922879,270
1738922882,270
1738922885,267
1738922888,289
1738922891,418
1738922894,401
1738922897,279
1738922900,333
1738922903,388
1738922906,273
1738922909,250
1738922912,249
1738922916,339
1738922918,404
1738922922,402
1738922924,277
1738922928,326
1738922931,397
1738922934,321
1738922934,None
1738922934,None
1738922943,499
1738922946,510
1738922949,498
1738922952,500
1738922955,415
1738922958,402
1738922961,401
1738922964,394
1738922967,388
1738922970,288
1738922973,258
1738922976,258
1738922979,259
1738922982,262
1738922985,252
1738922989,264
1738922991,255
1738922995,333
1738922998,407
1738923001,399
1738923001,None
1738923007,400
1738923010,405
1738923013,277
1738923016,244
1738923019,252
1738923022,255
1738923025,243
1738923028,244
1738923031,249
1738923034,385
1738923037,401
1738923040,403
1738923043,395
1738923047,388
1738923049,275
1738923052,255
1738923055,254
1738923058,242
1738923062,245
1738923064,256
1738923067,245
1738923070,241
1738923074,336
1738923074,None
1738923080,396
1738923083,387
1738923086,389
1738923089,318
1738923092,247
1738923095,238
1738923098,234
1738923101,248
1738923104,456
1738923107,496
1738923111,626
1738923113,641
1738923117,398
1738923119,327
1738923122,260
1738923122,None
1738923122,None
1738923132,258
1738923135,251
1738923135,None
1738923141,397
1738923144,376
1738923147,251
1738923150,254
1738923153,336
1738923156,399
1738923159,276
1738923162,248
1738923165,254
1738923168,336
1738923172,394
1738923174,333
1738923178,251
1738923180,279
1738923184,405
1738923187,276
1738923189,247
1738923192,255
1738923196,256
1738923199,379
1738923202,399
1738923205,392
1738923208,388
1738923211,282
1738923214,253
1738923217,259
1738923217,None
1738923223,250
1738923226,255
1738923230,254
1738923232,250
1738923235,338
1738923238,411
1738923241,398
1738923244,403
1738923247,388
1738923247,None
1738923254,250
1738923256,249
1738923259,267
1738923263,362
1738923266,247
1738923269,238
1738923272,242
1738923275,321
1738923278,405
1738923281,394
1738923283,391
1738923287,320
1738923290,243
1738923293,254
1738923296,254
1738923299,253
1738923302,252
1738923305,254
1738923308,257
1738923311,256
1738923314,391
1738923317,504
1738923321,641
1738923323,649
1738923326,574
1738923330,483
1738923333,261
1738923336,282
1738923336,None
1738923342,391
1738923345,395
1738923348,281
1738923351,246
1738923354,259
1738923357,255
1738923360,254
1738923363,254
1738923366,258
1738923369,251
1738923369,None
1738923376,435
1738923378,425
1738923381,426
1738923384,409
1738923384,None
1738923390,276
1738923394,279
1738923396,282
1738923400,276
1738923403,279
1738923406,278
1738923408,411
1738923412,428
1738923415,415
1738923418,350
1738923421,277
1738923424,357
1738923427,350
1738923430,281
1738923433,274
1738923436,277
1738923439,283
1738923442,413
1738923445,424
1738923448,428
1738923451,417
1738923454,393
1738923458,280
1738923461,277
1738923464,277
1738923467,272
1738923469,279
1738923473,278
1738923476,280
1738923479,279
1738923482,284
1738923485,272
1738923488,410
1738923491,427
1738923495,413
1738923498,298
1738923501,356
1738923503,400
1738923506,270
1738923510,275
1738923512,277
1738923515,647
1738923519,677
1738923521,603
1738923525,539
1738923528,527
1738923531,417
1738923533,307
1738923537,277
1738923540,278
1738923543,280
1738923546,282
1738923549,277
1738923552,362
1738923556,432
1738923558,299
1738923561,411
1738923564,430
1738923567,293
1738923570,287
1738923573,285
1738923576,277
1738923576,None
1738923583,424
1738923586,420
1738923588,412
1738923592,298
1738923595,276
1738923598,270
1738923601,266
1738923604,277
1738923607,276
1738923610,264
1738923610,None
1738923616,300
1738923619,430
1738923622,418
1738923625,412
1738923628,408
1738923631,337
1738923634,263
1738923638,274
1738923638,None
1738923638,None
1738923646,271
1738923650,275
1738923650,None
1738923656,416
1738923659,414
1738923659,None
1738923665,412
1738923668,286
1738923671,274
1738923674,268
1738923677,271
1738923680,272
1738923683,263
1738923686,267
1738923689,273
1738923692,350
1738923695,418
1738923698,413
1738923701,409
1738923704,491
1738923708,514
1738923711,520
1738923713,522
1738923716,460
1738923720,272
1738923723,271
1738923726,270
1738923729,407
1738923732,421
1738923735,417
1738923738,408
1738923738,None
1738923744,272
1738923747,264
1738923750,268
1738923753,270
1738923756,270
1738923759,303
1738923762,423
1738923766,416
1738923769,412
1738923771,392
1738923775,274
1738923777,282
1738923781,275
1738923781,None
1738923787,349
1738923787,None
1738923792,417
1738923796,417
1738923799,411
1738923802,298
1738923805,276
1738923808,276
1738923811,281
1738923814,276
1738923817,277
1738923820,274
1738923824,279
1738923826,277
1738923829,411
1738923832,420
1738923836,414
1738923839,412
1738923841,414
1738923844,294
1738923848,275
1738923851,271
1738923854,276
1738923857,265
1738923860,274
1738923863,274
1738923866,358
1738923869,426
1738923872,441
1738923875,467
1738923878,462
1738923882,337
1738923884,321
1738923887,317
1738923890,316
1738923894,323
1738923896,324
1738923899,317
1738923903,323
1738923906,446
1738923909,447
1738923912,416
1738923912,None
1738923918,403
1738923921,373
1738923924,265
1738923927,273
1738923930,273
1738923934,270
1738923936,263
1738923940,268
1738923942,459
1738923945,525
1738923949,527
1738923951,645
1738923954,659
1738923957,361
1738923960,208
1738923964,236
1738923967,352
1738923970,228
1738923973,211
1738923976,285
1738923979,364
1738923982,352
1738923985,202
1738923985,None
1738923991,234
1738923994,227
1738923997,205
1738924000,206
1738924004,358
1738924006,348
1738924010,334
1738924012,209
1738924015,200
1738924018,213
1738924021,209
1738924025,206
1738924028,298
1738924031,361
1738924031,None
1738924037,350
1738924040,340
1738924043,275
1738924046,206
1738924049,206
1738924052,207
1738924055,198
1738924058,208
1738924061,204
1738924065,209
1738924067,199
1738924070,292
1738924073,353
1738924076,356
1738924076,None
1738924083,597
1738924086,484
1738924089,462
1738924092,319
1738924095,208
1738924098,211
1738924101,207
1738924104,200
1738924107,345
1738924110,355
1738924113,324
1738924116,208
1738924119,234
1738924122,356
1738924125,227
1738924128,208
1738924131,209
1738924134,210
1738924137,350
1738924140,354
1738924143,332
1738924146,208
1738924149,209
1738924153,204
1738924155,201
1738924159,208
1738924162,212
1738924162,None
1738924168,355
1738924171,351
1738924174,351
1738924177,325
1738924180,206
1738924183,208
1738924186,229
1738924189,232
1738924192,218
1738924195,228
1738924198,227
1738924201,350
1738924204,354
1738924207,348
1738924210,319
1738924210,None
1738924217,197
1738924219,202
1738924222,203
1738924226,202
1738924228,288
1738924232,353
1738924235,357
1738924238,224
1738924241,207
1738924244,289
1738924247,331
1738924250,212
1738924253,215
1738924256,210
1738924259,217
1738924262,218
1738924265,347
1738924268,368
1738924271,355
1738924275,358
1738924277,422
1738924280,470
1738924284,470
1738924287,466
1738924289,470
1738924292,254
1738924296,211
1738924298,213
1738924302,211
1738924305,234
1738924308,370
1738924311,352
1738924314,354
1738924317,345
1738924320,274
1738924323,218
1738924326,210
1738924329,210
1738924332,205
1738924335,210
1738924335,None
1738924341,288
1738924345,354
1738924347,343
1738924351,343
1738924354,346
1738924357,283
1738924360,201
1738924363,220
1738924366,216
1738924369,205
1738924372,215
1738924374,216
1738924378,211
1738924381,210
1738924384,241
1738924387,367
1738924390,356
1738924390,None
1738924390,None
1738924399,242
1738924402,213
1738924405,220
1738924408,223
1738924412,215
1738924415,207
1738924418,241
1738924420,367
1738924423,356
1738924427,352
1738924429,328
1738924433,202
1738924436,213
1738924439,200
1738924442,215
1738924445,207
1738924448,232
1738924451,461
1738924454,459
1738924454,None
1738924460,610
1738924463,396
1738924466,359
1738924469,271
1738924473,215
1738924475,208
1738924478,216
1738924481,207
1738924484,209
1738924487,338
1738924490,356
1738924490,None
1738924497,352
1738924500,277
1738924503,212
1738924506,212
1738924509,212
1738924512,210
1738924515,201
1738924518,212
1738924521,211
1738924524,215
1738924527,215
1738924531,368
1738924533,360
1738924536,354
1738924539,356
1738924542,321
1738924545,212
1738924548,214
1738924548,None
1738924555,215
1738924558,208
1738924558,None
1738924564,211
1738924567,345
1738924570,361
1738924573,352
1738924576,348
1738924579,344
1738924582,274
1738924585,207
1738924588,213
1738924591,215
1738924595,205
1738924597,213
1738924600,214
1738924603,217
1738924606,217
1738924609,220
1738924613,244
1738924616,379
1738924619,359
1738924619,None
1738924624,354
1738924628,289
1738924631,215
1738924634,217
1738924637,213
1738924640,213
1738924643,217
1738924646,216
1738924649,244
1738924652,375
1738924656,364
1738924659,333
1738924662,212
1738924664,202
1738924667,340
1738924671,230
1738924671,None
1738924677,211
1738924680,341
1738924683,366
1738924686,603
1738924688,496
1738924692,470
1738924695,375
1738924698,214
1738924701,207
1738924704,335
1738924707,360
1738924710,352
1738924713,279
1738924716,211
1738924719,213
1738924722,220
1738924725,215
1738924728,223
1738924731,218
1738924735,214
1738924738,351
1738924740,362
1738924743,370
1738924747,363
1738924750,303
1738924752,326
1738924756,320
1738924759,334
1738924761,314
1738924765,321
1738924768,310
1738924771,390
1738924774,465
1738924777,430
1738924780,305
1738924783,331
1738924786,454
1738924789,372
1738924792,304
1738924795,293
1738924799,427
1738924801,413
1738924805,286
1738924808,289
1738924811,356
1738924814,368
1738924817,532
1738924817,None
1738924823,676
1738924826,667
1738924829,301
1738924832,282
1738924835,269
1738924835,None
1738924841,280
1738924844,272
1738924847,279
1738924850,280
1738924854,435
1738924856,424
1738924859,417
1738924862,301
1738924866,270
1738924868,357
1738924868,None
1738924868,None
1738924878,282
1738924881,400
1738924881,None
1738924887,426
1738924890,356
1738924893,274
1738924896,283
1738924899,282
1738924902,272
1738924905,286
1738924905,None
1738924911,275
1738924914,415
1738924917,430
1738924917,None
1738924923,417
1738924926,395
1738924930,284
1738924933,271
1738924935,281
1738924939,268
1738924942,278
1738924945,279
1738924948,274
1738924951,415
1738924954,431
1738924957,433
1738924960,415
1738924963,349
1738924966,281
1738924969,277
1738924972,287
1738924975,273
1738924978,284
1738924981,306
1738924984,435
1738924987,430
1738924990,423
1738924993,351
1738924996,283
1738925000,279
1738925003,280
1738925006,274
1738925008,318
1738925012,681
1738925015,614
1738925018,530
1738925021,523
1738925024,393
1738925027,296
1738925030,275
1738925033,287
1738925033,None
1738925039,412
1738925042,388
1738925045,270
1738925048,263
1738925051,271
1738925054,269
1738925057,265
1738925060,265
1738925063,272
1738925066,262
1738925070,403
1738925073,418
1738925076,413
1738925076,None
1738925082,343
1738925085,280
1738925088,278
1738925091,272
1738925094,272
1738925097,274
1738925100,271
1738925104,273
1738925104,None
1738925110,420
1738925112,412
1738925115,398
1738925119,273
1738925121,271
1738925124,302
1738925128,417
1738925130,417
1738925133,417
1738925137,291
1738925137,None
1738925143,266
1738925146,269
1738925149,268
1738925152,269
1738925155,267
1738925158,262
1738925161,271
1738925164,397
1738925167,424
1738925170,407
1738925170,None
1738925176,286
1738925179,270
1738925183,270
1738925186,262
1738925189,265
1738925192,299
1738925195,428
1738925198,420
1738925201,408
1738925204,394
1738925207,275
1738925210,273
1738925213,274
1738925216,358
1738925219,522
1738925222,522
1738925225,531
1738925228,522
1738925232,497
1738925235,429
1738925237,414
1738925240,423
1738925240,None
1738925246,276
1738925249,279
1738925253,273
1738925256,274
1738925259,305
1738925262,437
1738925265,422
1738925268,418
1738925271,415
1738925274,288
1738925277,272
1738925277,None
1738925283,268
1738925286,268
1738925289,264
1738925289,None
1738925295,268
1738925298,348
1738925302,421
1738925305,415
1738925307,404
1738925311,413
1738925314,284
1738925317,272
1738925320,261
1738925323,259
1738925325,261
1738925329,261
1738925332,263
1738925335,341
1738925338,413
1738925342,405
1738925345,403
1738925347,330
1738925350,271
1738925353,261
1738925356,275
1738925359,261
1738925362,272
1738925365,294
1738925368,419
1738925371,417
1738925374,412
1738925377,405
1738925380,339
1738925383,270
1738925386,264
1738925390,284
1738925393,266
1738925396,325
1738925398,533
1738925402,527
1738925405,558
1738925408,501
1738925408,None
1738925414,402
1738925417,405
1738925420,383
1738925423,277
1738925426,260
1738925429,269
1738925432,266
1738925435,259
1738925438,275
1738925441,263
1738925441,None
1738925448,266
1738925451,405
1738925453,419
1738925457,419
1738925460,416
1738925463,335
1738925466,278
1738925466,None
1738925472,263
1738925472,None
1738925478,270
1738925481,268
1738925484,347
1738925487,426
1738925490,409
1738925493,411
1738925496,410
1738925499,287
1738925502,274
1738925505,272
1738925509,275
1738925512,284
1738925515,274
1738925517,270
1738925520,276
1738925524,284
1738925527,1478
1738925530,1523
1738925533,1526
1738925536,1453
1738925538,1504
1738925542,1446
1738925546,1389
1738925548,1384
1738925551,1379
1738925554,1383
1738925557,1384
1738925560,1381
1738925563,1390
1738925566,1455
1738925570,1529
1738925572,1521
1738925575,1516
1738925579,1519
1738925581,1400
1738925585,1409
1738925587,1387
1738925591,1367
1738925593,1370
1738925597,1370
1738925597,None
1738925603,1402
1738925606,1521
1738925609,1517
1738925612,1506
1738925615,1519
1738925618,1392
1738925623,1373
1738925623,None
1738925623,None
1738925631,1368
1738925633,1366
1738925636,1362
1738925639,1394
1738925639,None
1738925645,1505
1738925648,1505
1738925652,1632
1738925655,1614
1738925658,1622
1738925661,1620
1738925664,1386
1738925667,1374
1738925667,None
1738925673,1503
1738925676,1507
1738925679,1504
1738925682,1443
1738925685,1368
1738925688,1362
1738925691,1378
1738925695,1402
1738925697,1452
1738925701,1467
1738925703,1590
1738925707,1585
1738925710,1572
1738925713,1547
1738925716,1429
1738925719,1434
1738925722,1442
1738925725,1445
1738925728,1433
1738925731,1433
1738925731,None
1738925737,1598
1738925741,1586
1738925743,1582
1738925746,1575
1738925749,1473
1738925752,1458
1738925755,1445
1738925758,1444
1738925761,1440
1738925765,1437
1738925767,1440
1738925771,1726
1738925774,1847
1738925777,1830
1738925780,1846
1738925783,1480
1738925786,1447
1738925789,1593
1738925792,1518
1738925795,1453
1738925798,1448
1738925801,1448
1738925804,1459
1738925807,1451
1738925810,1532
1738925813,1599
1738925816,1578
1738925820,1593
1738925823,1563
1738925826,1448
1738925828,1456
1738925832,1445
1738925834,1460
1738925838,1444
1738925840,1454
1738925844,1445
1738925847,1451
1738925850,1470
1738925853,1599
1738925856,1587
1738925859,1557
1738925859,None
1738925859,None
1738925868,1591
1738925871,1511
1738925875,1460
1738925878,1445
1738925880,1580
1738925883,1599
1738925887,1490
1738925890,1464
1738925893,1463
1738925896,1589
1738925899,1602
1738925902,1524
1738925905,1463
1738925908,1460
1738925911,1454
1738925914,1462
1738925917,1481
1738925920,1593
1738925923,1601
1738925926,1593
1738925929,1469
1738925932,1471
1738925935,1571
1738925935,None
1738925941,1449
1738925944,1444
1738925944,None
1738925950,1453
1738925953,1475
1738925953,None
1738925960,1588
1738925963,1578
1738925966,1576
1738925969,1471
1738925972,1446
1738925975,1453
1738925975,None
1738925981,1449
1738925984,1452
1738925984,None
1738925990,1440
1738925993,1533
1738925996,1593
1738925999,1588
1738926002,1585
1738926006,1585
1738926008,1480
1738926011,1449
1738926015,1647
1738926017,1701
1738926020,1706
1738926023,1708
1738926026,1563
1738926030,1521
1738926033,1594
1738926035,1590
1738926039,1586
1738926042,1518
1738926045,1448
1738926048,1544
1738926051,1445
1738926054,1457
1738926057,1450
1738926060,1477
1738926064,1596
1738926066,1588
1738926070,1583
1738926073,1578
1738926076,1578
1738926079,1470
1738926082,1445
1738926085,1440
1738926087,1440
1738926091,1454
1738926094,1453
1738926097,1456
1738926100,1452
1738926103,1459
1738926106,1449
1738926109,1588
1738926112,1601
1738926115,1600
1738926118,1600
1738926121,1591
1738926125,1457
1738926125,None
1738926130,1462
1738926133,1458
1738926136,1608
1738926140,1738
1738926142,1833
1738926146,1853
1738926149,1624
1738926151,1597
1738926154,1583
1738926157,1476
1738926161,1460
1738926164,1455
1738926167,1458
1738926170,1455
1738926173,1456
1738926176,1453
1738926179,1459
1738926182,1461
1738926185,1533
1738926188,1608
1738926191,1610
1738926194,1593
1738926197,1599
1738926197,None
1738926204,1457
1738926207,1459
1738926210,1454
1738926213,1450
1738926216,1453
1738926219,1454
1738926222,1455
1738926225,1481
1738926228,1606
1738926231,1594
1738926234,1600
1738926237,1476
1738926240,1457
1738926243,1485
1738926246,1576
1738926249,1508
1738926252,1461
1738926256,1457
1738926259,1452
1738926261,1458
1738926265,1584
1738926268,1597
1738926270,1600
1738926274,1593
1738926277,1512
1738926279,1451
1738926279,None
1738926286,1448
1738926289,1453
1738926292,1456
1738926295,1472
1738926298,1574
1738926301,1598
1738926304,1581
1738926308,1590
1738926310,1477
1738926313,1169
1738926316,926
1738926320,936
1738926322,943
1738926326,940
1738926328,928
1738926332,944
1738926334,936
1738926338,1064
1738926340,1079
1738926343,1074
1738926347,1070
1738926350,1006
1738926353,936
1738926356,943
1738926359,943
1738926362,943
1738926365,938
1738926365,None
1738926371,1085
1738926374,1082
1738926377,1055
1738926380,1055
1738926383,966
1738926386,932
1738926389,939
1738926392,1045
1738926395,1182
1738926398,1181
1738926401,1259
1738926404,1174
1738926407,1065
1738926410,1069
1738926414,1044
1738926417,925
1738926420,943
1738926423,937
1738926426,933
1738926429,937
1738926432,939
1738926435,935
1738926438,1072
1738926438,None
1738926444,1071
1738926447,1053
1738926450,942
1738926453,907
1738926456,911
1738926459,926
1738926462,910
1738926465,911
1738926468,1048
1738926471,1071
1738926475,1044
1738926478,1056
1738926481,1020
1738926483,921
1738926487,913
1738926490,918
1738926493,915
1738926496,917
1738926499,918
1738926502,912
1738926502,None
1738926508,1000
1738926511,1060
1738926514,1064
1738926517,1055
1738926520,1066
1738926523,1136
1738926527,1182
1738926527,None
1738926532,1181
1738926535,992
1738926539,934
1738926542,928
1738926542,None
1738926548,1010
1738926551,1073
1738926554,1061
1738926557,1057
1738926560,1041
1738926563,925
1738926566,927
1738926569,928
1738926572,915
1738926575,919
1738926578,914
1738926582,919
1738926585,991
1738926587,1061
1738926591,1050
1738926594,1058
1738926597,1046
1738926600,938
1738926603,912
1738926605,917
1738926609,912
1738926612,916
1738926615,943
1738926618,1058
1738926621,1057
1738926621,None
1738926627,1051
1738926630,977
1738926633,908
1738926637,919
1738926639,912
1738926643,914
1738926645,911
1738926649,912
1738926651,1044
1738926655,1054
1738926658,1057
1738926661,1042
1738926664,1030
1738926667,916
1738926670,908
1738926670,None
1738926676,906
1738926679,911
1738926682,907
1738926685,1037
1738926688,1051
1738926692,1053
1738926694,1048
1738926697,1036
1738926700,940
1738926703,911
1738926706,913
1738926710,916
1738926712,911
1738926715,918
1738926719,1003
1738926722,1063
1738926725,1061
1738926728,1050
1738926731,1034
1738926734,915
1738926737,925
1738926740,922
1738926743,1150
1738926743,None
1738926749,1292
1738926752,1294
1738926755,1093
1738926755,None
1738926761,1033
1738926764,958
1738926767,966
1738926767,None
1738926773,964
1738926776,960
1738926779,964
1738926782,1040
1738926786,1100
1738926788,1102
1738926791,1096
1738926795,1089
1738926798,1088
1738926800,1018
1738926804,941
1738926807,940
1738926810,936
1738926810,None
1738926816,926
1738926819,929
1738926822,1039
1738926825,1064
1738926829,1049
1738926829,None
1738926834,978
1738926837,898
1738926840,906
1738926843,901
1738926846,899
1738926849,984
1738926852,1049
1738926855,1044
1738926858,1045
1738926861,1034
1738926865,936
1738926868,913
1738926871,913
1738926874,911
1738926877,909
1738926880,912
1738926884,912
1738926884,None
1738926889,1043
1738926892,1056
1738926895,1054
1738926898,1044
1738926901,1050
1738926905,912
1738926908,918
1738926910,919
1738926913,956
1738926916,936
1738926916,None
1738926923,750
1738926925,625
1738926929,474
1738926929,None
1738926935,335
1738926938,337
1738926941,336
1738926944,473
1738926947,479
1738926950,487
1738926953,415
1738926956,337
1738926959,339
1738926962,350
1738926965,344
1738926968,350
1738926971,343
1738926974,421
1738926977,505
1738926980,498
1738926984,480
1738926984,None
1738926989,483
1738926993,349
1738926996,346
1738926999,347
1738927002,336
1738927005,340
1738927008,353
1738927011,344
1738927014,420
1738927018,497
1738927020,490
1738927023,473
1738927027,470
1738927029,403
1738927032,337
1738927035,326
1738927038,322
1738927041,336
1738927044,330
1738927048,402
1738927051,484
1738927054,477
1738927057,465
1738927060,403
1738927063,329
1738927066,334
1738927069,341
1738927072,334
1738927075,485
1738927078,588
1738927081,679
1738927084,746
1738927087,566
1738927090,479
1738927093,481
1738927097,416
1738927100,340
1738927102,332
1738927105,337
1738927108,348
1738927111,340
1738927115,337
1738927118,425
1738927120,495
1738927124,480
1738927124,None
1738927130,470
1738927133,475
1738927136,360
1738927139,338
1738927142,341
1738927145,340
1738927148,340
1738927151,342
1738927154,336
1738927157,333
1738927160,367
1738927164,494
1738927166,486
1738927170,481
1738927173,479
1738927175,361
1738927175,None
1738927182,361
1738927185,459
1738927187,359
1738927191,332
1738927194,361
1738927197,477
1738927200,474
1738927203,358
1738927207,360
1738927207,None
1738927212,352
1738927216,336
1738927218,360
1738927221,481
1738927224,455
1738927228,335
1738927230,361
1738927234,481
1738927237,480
1738927240,447
1738927243,332
1738927246,330
1738927246,None
1738927252,334
1738927255,335
1738927258,334
1738927261,329
1738927264,415
1738927268,489
1738927270,471
1738927273,886
1738927276,937
1738927280,1035
1738927283,1060
1738927286,988
1738927289,920
1738927291,917
1738927295,913
1738927298,913
1738927301,917
1738927304,914
1738927307,1036
1738927310,1068
1738927313,1315
1738927316,1241
1738927319,1281
1738927322,1514
1738927325,1076
1738927325,None
1738927331,1059
1738927334,1361
1738927337,1192
1738927340,1247
1738927343,1047
1738927347,1365
1738927350,1170
1738927353,1227
1738927355,1077
1738927359,1372
1738927362,1189
1738927365,1247
1738927368,1050
1738927368,None
1738927374,1045
1738927377,1230
1738927380,923
1738927383,1041
1738927386,1055
1738927389,1051
1738927392,1032
1738927395,964
1738927398,923
1738927402,918
1738927404,914
1738927407,918
1738927411,1051
1738927414,1057
1738927416,1049
1738927420,950
1738927423,1036
1738927423,None
1738927429,990
1738927432,1066
1738927435,1169
1738927438,1170
1738927441,1173
1738927444,952
1738927444,None
1738927450,1062
1738927453,1063
1738927456,1059
1738927459,1053
1738927462,1043
1738927465,935
1738927468,914
1738927472,906
1738927475,907
1738927477,910
1738927480,895
1738927484,902
1738927487,918
1738927490,1036
1738927493,1057
1738927496,1052
1738927499,1048
1738927502,978
1738927505,939
1738927508,938
1738927511,910
1738927514,915
1738927517,916
1738927520,911
1738927523,941
1738927527,1071
1738927529,559
1738927533,468
1738927535,410
1738927538,335
1738927542,411
1738927545,469
1738927548,351
1738927548,None
1738927554,355
1738927557,475
1738927560,433
1738927563,325
1738927566,328
1738927570,403
1738927573,470
1738927575,393
1738927578,325
1738927581,326
1738927585,329
1738927587,319
1738927591,328
1738927593,353
1738927597,472
1738927600,476
1738927603,466
1738927606,418
1738927609,471
1738927612,393
1738927615,321
1738927618,325
1738927621,333
1738927624,320
1738927627,326
1738927630,327
1738927634,317
1738927636,413
1738927639,476
1738927643,472
1738927646,441
1738927649,324
1738927652,421
1738927655,324
1738927657,319
1738927661,355
1738927664,470
1738927667,471
1738927670,340
1738927673,326
1738927676,344
1738927679,452
1738927682,324
1738927685,329
1738927685,None
1738927691,457
1738927694,475
1738927698,439
1738927701,502
1738927703,583
1738927706,694
1738927710,609
1738927713,370
1738927716,317
1738927718,404
1738927722,445
1738927725,346
1738927725,None
1738927731,475
1738927734,438
1738927737,282
1738927740,355
1738927743,424
1738927747,360
1738927749,277
1738927752,273
1738927755,290
1738927758,285
1738927761,281
1738927764,274
1738927768,415
1738927770,431
1738927773,424
1738927776,424
1738927780,417
1738927783,281
1738927785,285
1738927789,277
1738927792,283
1738927795,281
1738927797,277
1738927801,419
1738927804,530
1738927807,1360
1738927810,2100
1738927813,1979
1738927816,1954
1738927819,1945
1738927822,1694
1738927825,1702
1738927828,1696
1738927831,1714
1738927834,1858
1738927837,1849
1738927840,1842
1738927843,1716
1738927846,1247
1738927850,290
1738927853,284
1738927856,273
1738927859,366
1738927862,439
1738927865,430
1738927868,417
1738927871,418
1738927874,316
1738927877,285
1738927880,283
1738927883,276
1738927886,293
1738927889,288
1738927892,284
1738927892,None
1738927898,445
1738927901,412
1738927904,294
1738927907,361
1738927911,366
1738927914,294
1738927914,None
1738927920,379
1738927924,441
1738927926,432
1738927929,437
1738927932,356
1738927935,292
1738927938,290
1738927938,None
1738927944,326
1738927947,344
1738927950,349
1738927954,339
1738927956,335
1738927960,501
1738927962,487
1738927966,486
1738927968,403
1738927971,340
1738927974,411
1738927978,366
1738927980,341
1738927980,None
1738927987,369
1738927990,500
1738927993,484
1738927996,414
1738927999,372
1738928002,495
1738928005,463
1738928008,340
1738928011,352
1738928014,472
1738928017,490
1738928020,416
1738928023,343
1738928027,365
1738928030,360
1738928033,364
1738928036,371
1738928039,471
1738928042,477
1738928045,480
1738928048,475
1738928051,394
1738928054,330
1738928057,323
1738928061,336
1738928064,324
1738928066,329
1738928070,334
1738928072,406
1738928076,476
1738928076,None
1738928082,471
1738928085,459
1738928088,338
1738928091,321
1738928094,326
1738928097,315
1738928100,323
1738928103,333
1738928106,324
1738928109,398
1738928112,537
1738928115,804
1738928118,1902
1738928121,1892
1738928124,1873
1738928127,2013
1738928130,2010
1738928133,2007
1738928136,1750
1738928139,441
1738928142,338
1738928142,None
1738928149,493
1738928149,None
1738928155,477
1738928158,352
1738928161,334
1738928164,455
1738928167,455
1738928170,330
1738928173,333
1738928176,333
1738928180,478
1738928183,480
1738928185,351
1738928188,362
1738928191,479
1738928195,471
1738928197,403
1738928200,322
1738928203,332
1738928206,327
1738928210,313
1738928213,316
1738928216,313
1738928216,None
1738928222,473
1738928225,457
1738928228,456
1738928231,457
1738928234,421
1738928237,325
1738928240,346
1738928243,570
1738928246,573
1738928249,567
1738928249,None
1738928249,None
1738928258,450
1738928262,472
1738928264,461
1738928267,467
1738928271,433
1738928274,326
1738928277,313
1738928280,321
1738928283,313
1738928286,319
1738928289,317
1738928292,317
1738928295,456
1738928298,466
1738928301,460
1738928304,459
1738928307,448
1738928311,320
1738928313,315
1738928316,312
1738928319,322
1738928322,321
1738928325,326
1738928328,324
1738928331,320
1738928334,460
1738928338,469
1738928341,463
1738928343,465
1738928347,461
1738928350,392
1738928353,316
1738928356,317
1738928359,311
1738928362,315
1738928364,310
1738928368,316
1738928371,309
1738928371,None
1738928377,389
1738928380,468
1738928383,457
1738928386,454
1738928389,448
1738928392,344
1738928395,300
1738928395,None
1738928402,446
1738928404,376
1738928408,308
1738928411,308
1738928414,307
1738928417,309
1738928417,None
1738928423,303
1738928426,446
1738928429,459
1738928432,451
1738928435,440
1738928438,445
1738928438,None
1738928444,304
1738928447,300
1738928450,390
1738928453,712
1738928456,699
1738928460,694
1738928460,None
1738928466,305
1738928468,299
1738928472,306
1738928474,305
1738928478,303
1738928481,328
1738928484,320
1738928487,338
1738928487,None
1738928493,487
1738928496,491
1738928496,None
1738928502,469
1738928505,481
1738928508,364
1738928511,375
1738928514,634
1738928517,1814
1738928521,1751
1738928523,1751
1738928527,1774
1738928530,1905
1738928533,1891
1738928536,1889
1738928538,1887
1738928542,1764
1738928545,1739
1738928548,1732
1738928551,1742
1738928554,1737
1738928557,1739
1738928560,1741
1738928563,1050
1738928566,511
1738928569,503
1738928572,494
1738928575,390
1738928575,None
1738928581,322
1738928584,328
1738928584,None
1738928591,451
1738928593,360
1738928596,330
1738928600,465
1738928603,480
1738928606,361
1738928609,333
1738928612,337
1738928615,331
1738928618,336
1738928621,461
1738928624,481
1738928627,482
1738928630,466
1738928633,456
1738928636,337
1738928639,331
1738928642,568
1738928645,578
1738928648,550
1738928651,523
1738928654,356
1738928657,272
1738928660,407
1738928664,416
1738928664,None
1738928670,343
1738928673,339
1738928673,None
1738928679,266
1738928682,259
1738928685,274
1738928688,348
1738928691,415
1738928691,None
1738928698,269
1738928700,296
1738928700,None
1738928706,418
1738928710,390
1738928713,274
1738928715,274
1738928718,274
1738928718,None
1738928724,272
1738928727,267
1738928731,276
1738928734,294
1738928734,None
1738928740,420
1738928743,559
1738928743,None
1738928749,530
1738928752,560
1738928755,597
1738928758,391
1738928761,275
1738928764,275
1738928767,273
1738928770,277
1738928773,275
1738928776,411
1738928780,416
1738928783,425
1738928786,414
1738928788,388
1738928791,303
1738928791,None
1738928798,277
1738928801,272
1738928804,270
1738928807,277
1738928810,269
1738928813,271
1738928816,298
1738928819,428
1738928822,412
1738928825,412
1738928828,408
1738928832,343
1738928834,272
1738928834,None
1738928840,273
1738928843,264
1738928846,271
1738928850,290
1738928853,423
1738928855,419
1738928859,1081
1738928862,1483
1738928865,1417
1738928868,1147
1738928871,1268
1738928874,1350
1738928878,1349
1738928880,1352
1738928883,1352
1738928886,1345
1738928886,None
1738928892,1501
1738928895,1502
1738928898,1483
1738928898,None
1738928904,1344
1738928907,1341
1738928911,1420
1738928914,1484
1738928917,1427
1738928920,1355
1738928923,1432
1738928926,1496
1738928929,1424
1738928932,1359
1738928932,None
1738928938,1473
1738928941,1489
1738928945,1474
1738928948,1411
1738928950,1346
1738928953,1352
1738928956,1344
1738928959,1349
1738928962,1354
1738928965,1355
1738928968,1353
1738928971,1348
1738928974,1439
1738928978,1494
1738928981,1482
1738928983,1478
1738928987,1479
1738928990,1372
1738928994,1342
1738928996,1348
1738928999,1347
1738929002,1336
1738929005,1346
1738929008,1425
1738929011,1479
1738929014,1476
1738929018,1480
1738929020,1454
1738929023,1340
1738929026,1348
1738929029,1338
1738929032,1460
1738929036,1602
1738929038,1602
1738929041,1686
1738929045,1744
1738929048,1554
1738929050,1475
1738929054,1366
1738929057,1356
1738929060,1433
1738929060,None
1738929066,1347
1738929069,1345
1738929072,1347
1738929075,1357
1738929078,1346
1738929081,652
1738929084,414
1738929084,None
1738929090,411
1738929093,384
1738929096,259
1738929100,264
1738929103,319
1738929105,493
1738929109,525
1738929112,688
1738929115,505
1738929118,297
1738929121,274
1738929124,407
1738929127,410
1738929130,303
1738929133,270
1738929136,347
1738929139,420
1738929142,416
1738929145,385
1738929148,269
1738929151,273
1738929154,269
1738929157,277
1738929160,268
1738929164,276
1738929166,266
1738929170,278
1738929173,267
1738929175,305
1738929175,None
1738929182,422
1738929185,422
1738929188,298
1738929191,350
1738929194,391
1738929197,278
1738929200,265
1738929203,273
1738929206,396
1738929209,404
1738929213,407
1738929213,None
1738929219,264
1738929222,261
1738929224,264
1738929227,258
1738929231,254
1738929234,250
1738929237,260
1738929239,255
1738929243,326
1738929246,392
1738929249,396
1738929252,391
1738929255,396
1738929258,269
1738929261,258
1738929264,248
1738929267,243
1738929270,246
1738929273,255
1738929276,330
1738929279,403
1738929282,392
1738929285,364
1738929288,364
1738929291,371
1738929294,248
1738929298,237
1738929301,260
1738929304,249
1738929304,None
1738929309,248
1738929312,250
1738929316,326
1738929318,403
1738929322,401
1738929325,399
1738929328,392
1738929331,371
1738929334,257
1738929337,246
1738929340,258
1738929343,257
1738929346,245
1738929349,250
1738929352,253
1738929355,276
1738929358,418
1738929361,397
1738929365,398
1738929368,401
1738929370,281
1738929374,248
1738929377,259
1738929380,257
1738929383,242
1738929386,249
1738929389,284
1738929392,410
1738929395,379
1738929398,378
1738929401,370
1738929404,300
1738929408,227
1738929411,235
1738929413,236
1738929416,225
1738929419,243
1738929423,251
1738929426,361
1738929428,394
1738929431,388
1738929434,382
1738929437,373
1738929441,239
1738929443,234
1738929446,229
1738929449,242
1738929453,227
1738929456,291
1738929459,490
1738929459,None
1738929465,617
1738929468,533
1738929471,375
1738929475,382
1738929477,359
1738929481,295
1738929483,310
1738929486,341
1738929490,583
1738929493,585
1738929496,657
1738929499,724
1738929502,647
1738929505,463
1738929508,387
1738929511,311
1738929514,313
1738929517,316
1738929520,311
1738929523,314
1738929526,336
1738929529,474
1738929532,458
1738929535,455
1738929538,428
1738929541,308
1738929544,308
1738929547,306
1738929550,310
1738929554,311
1738929556,343
1738929559,462
1738929563,447
1738929566,453
1738929569,333
1738929572,303
1738929572,None
1738929578,303
1738929581,306
1738929584,294
1738929587,431
1738929590,453
1738929593,448
1738929596,419
1738929596,None
1738929602,301
1738929605,294
1738929609,312
1738929612,319
1738929614,356
1738929618,470
1738929621,474
1738929624,471
1738929627,457
1738929630,345
1738929633,326
1738929633,None
1738929639,324
1738929642,323
1738929645,334
1738929645,None
1738929651,420
1738929655,477
1738929657,475
1738929660,473
1738929663,473
1738929666,393
1738929670,333
1738929673,324
1738929676,326
1738929679,322
1738929681,323
1738929685,332
1738929688,351
1738929688,None
1738929694,454
1738929697,448
1738929700,444
1738929703,370
1738929703,None
1738929709,314
1738929712,326
1738929715,320
1738929719,314
1738929721,310
1738929724,313
1738929727,332
1738929730,467
1738929734,454
1738929737,427
1738929740,306
1738929742,309
1738929746,302
1738929749,307
1738929752,301
1738929752,None
1738929758,466
1738929761,457
1738929764,458
1738929767,443
1738929770,446
1738929773,379
1738929776,303
1738929779,308
1738929783,305
1738929786,328
1738929788,347
1738929791,581
1738929794,592
1738929797,722
1738929797,None
1738929804,466
1738929807,473
1738929810,447
1738929813,328
1738929813,None
1738929819,581
1738929822,581
1738929825,582
1738929828,583
1738929828,None
1738929834,585
1738929837,727
1738929840,758
1738929843,749
1738929846,744
1738929849,722
1738929853,617
1738929856,613
1738929859,604
1738929862,611
1738929865,610
1738929867,604
1738929871,740
1738929874,757
1738929877,747
1738929880,748
1738929883,746
1738929886,623
1738929889,605
1738929892,600
1738929895,605
1738929898,604
1738929901,597
1738929901,None
1738929908,609
1738929910,633
1738929913,742
1738929916,720
1738929920,763
1738929923,952
1738929926,831
1738929928,823
1738929932,823
1738929935,723
1738929938,559
1738929940,585
1738929944,736
1738929947,721
1738929950,722
1738929953,695
1738929956,580
1738929959,592
1738929963,586
1738929963,None
1738929968,593
1738929971,613
1738929974,733
1738929977,722
1738929981,724
1738929984,698
1738929986,582
1738929990,581
1738929993,581
1738929996,583
1738929999,584
1738930002,576
1738930005,611
1738930008,737
1738930011,730
1738930014,727
1738930017,700
1738930020,591
1738930023,581
1738930027,566
1738930029,338
1738930029,None
1738930036,365
1738930039,494
1738930042,483
1738930045,476
1738930045,None
1738930051,405
1738930054,339
1738930057,342
1738930060,334
1738930063,338
1738930066,348
1738930070,340
1738930072,426
1738930075,499
1738930078,483
1738930081,459
1738930084,353
1738930087,402
1738930091,502
1738930093,404
1738930096,385
1738930099,417
1738930103,538
1738930106,523
1738930109,531
1738930109,None
1738930115,383
1738930118,393
1738930121,399
1738930124,399
1738930127,395
1738930130,391
1738930133,388
1738930137,476
1738930139,553
1738930142,543
1738930145,455
1738930148,395
1738930152,516
1738930154,505
1738930154,None
1738930160,425
1738930163,435
1738930167,555
1738930170,672
1738930173,719
1738930176,627
1738930179,609
1738930182,673
1738930185,440
1738930188,345
1738930191,326
1738930194,355
1738930197,477
1738930200,471
1738930203,475
1738930206,462
1738930209,357
1738930212,326
1738930215,331
1738930218,329
1738930221,329
1738930224,329
1738930228,325
1738930231,335
1738930233,409
1738930237,482
1738930240,476
1738930243,478
1738930246,467
1738930249,352
1738930252,332
1738930255,331
1738930258,327
1738930261,333
1738930264,411
1738930267,484
1738930270,471
1738930274,406
1738930276,325
1738930279,333
1738930283,326
1738930285,330
1738930289,357
1738930292,479
1738930295,476
1738930297,402
1738930297,None
1738930304,397
1738930307,474
1738930310,356
1738930313,326
1738930316,317
1738930319,337
1738930322,382
1738930325,501
1738930328,488
1738930331,485
1738930334,415
1738930337,336
1738930341,349
1738930343,354
1738930347,563
1738930350,601
1738930352,580
1738930356,572
1738930359,535
1738930361,470
1738930364,467
1738930368,464
1738930368,None
1738930374,349
1738930374,None
1738930380,318
1738930383,329
1738930386,328
1738930389,324
1738930389,None
1738930389,None
1738930398,459
1738930401,477
1738930405,463
1738930407,456
1738930410,331
1738930414,325
1738930414,None
1738930419,326
1738930423,328
1738930426,477
1738930428,483
1738930432,485
1738930435,487
1738930438,407
1738930441,349
1738930444,349
1738930447,349
1738930450,356
1738930453,350
1738930456,349
1738930459,350
1738930462,380
1738930466,504
1738930469,498
1738930471,476
1738930474,371
1738930478,498
1738930481,368
1738930484,351
1738930487,424
1738930489,496
1738930493,371
1738930496,346
1738930499,353
1738930502,480
1738930505,489
1738930508,373
1738930511,342
1738930514,457
1738930517,490
1738930520,475
1738930523,567
1738930526,602
1738930529,595
1738930532,593
1738930535,483
1738930539,340
1738930539,None
1738930545,344
1738930547,364
1738930550,502
1738930553,491
1738930556,491
1738930560,362
1738930562,338
1738930566,365
1738930569,494
1738930572,376
1738930575,348
1738930578,376
1738930581,499
1738930584,484
1738930587,374
1738930590,348
1738930593,425
1738930596,500
1738930596,None
1738930602,351
1738930602,None
1738930608,495
1738930612,493
1738930615,418
1738930618,344
1738930618,None
1738930624,488
1738930627,491
1738930630,405
1738930633,343
1738930636,337
1738930639,346
1738930642,337
1738930645,342
1738930648,340
1738930651,342
1738930654,339
1738930657,420
1738930660,495
1738930664,487
1738930666,481
1738930670,486
1738930670,None
1738930670,None
1738930678,345
1738930682,336
1738930685,474
1738930688,487
1738930691,413
1738930694,345
1738930697,347
1738930700,344
1738930703,347
1738930706,388
1738930709,471
1738930709,None
1738930715,486
1738930718,480
1738930721,401
1738930724,343
1738930727,344
1738930730,341
1738930733,593
1738930736,589
1738930739,593
1738930743,595
1738930745,563
1738930748,499
1738930751,498
1738930751,None
1738930758,481
1738930761,457
1738930764,336
1738930767,334
1738930770,340
1738930773,331
1738930776,339
1738930779,337
1738930782,370
1738930785,497
1738930789,478
1738930791,488
1738930794,478
1738930797,448
1738930800,345
1738930803,341
1738930806,341
1738930806,None
1738930813,345
1738930815,342
1738930818,347
1738930821,367
1738930824,502
1738930828,487
1738930831,490
1738930834,480
1738930837,411
1738930840,342
1738930843,337
1738930846,345
1738930849,335
1738930852,335
1738930855,423
1738930858,484
1738930861,485
1738930864,479
1738930867,450
1738930871,340
1738930871,None
1738930877,603
1738930879,603
1738930882,608
1738930882,None
1738930888,358
1738930891,344
1738930891,None
1738930898,500
1738930898,None
1738930904,486
1738930904,None
1738930910,369
1738930913,347
1738930916,345
1738930916,None
1738930922,348
1738930925,353
1738930928,347
1738930932,486
1738930934,496
1738930937,496
1738930940,490
1738930940,None
1738930946,350
1738930950,347
1738930953,347
1738930956,348
1738930959,477
1738930962,494
1738930965,495
1738930968,411
1738930971,350
1738930974,339
1738930977,338
1738930980,344
1738930983,336
1738930986,425
1738930989,491
1738930992,487
1738930995,486
1738930998,363
1738931002,345
1738931004,335
1738931007,338
1738931011,332
1738931013,344
1738931013,None
1738931020,493
1738931023,483
1738931026,486
1738931029,360
1738931032,337
1738931035,340
1738931038,334
1738931041,341
1738931044,329
1738931044,None
1738931051,497
1738931053,482
1738931056,488
1738931060,478
1738931062,404
1738931065,341
1738931069,336
1738931072,340
1738931074,338
1738931078,340
1738931081,341
1738931084,464
1738931087,481
1738931090,489
1738931093,485
1738931096,455
1738931096,None
1738931102,348
1738931105,350
1738931109,344
1738931111,342
1738931114,353
1738931117,377
1738931120,510
1738931123,518
1738931127,515
1738931129,509
1738931133,484
1738931136,357
1738931139,364
1738931142,371
1738931142,None
1738931148,370
1738931151,377
1738931154,397
1738931157,640
1738931160,751
1738931164,737
1738931167,709
1738931169,585
1738931172,333
1738931175,338
1738931178,339
1738931181,332
1738931184,347
1738931187,373
1738931190,489
1738931194,483
1738931197,486
1738931200,478
1738931202,404
1738931206,339
1738931209,345
1738931212,342
1738931215,336
1738931218,326
1738931221,318
1738931224,321
1738931227,362
1738931230,481
1738931233,471
1738931236,479
1738931239,460
1738931242,459
1738931245,332
1738931248,331
1738931252,339
1738931255,336
1738931258,338
1738931260,338
1738931264,330
1738931267,338
1738931270,376
1738931273,749
1738931276,739
1738931279,746
1738931282,710
1738931285,452
1738931288,337
1738931291,342
1738931294,339
1738931297,336
1738931300,464
1738931304,483
1738931307,480
1738931310,484
1738931313,362
1738931313,None
1738931319,346
1738931319,None
1738931325,332
1738931328,332
1738931331,331
1738931334,324
1738931337,346
1738931340,400
1738931343,542
1738931346,575
1738931349,572
1738931352,563
1738931355,564
1738931358,485
1738931361,418
1738931365,413
1738931368,419
1738931370,415
1738931374,414
1738931377,438
1738931380,570
1738931383,558
1738931386,557
1738931389,549
1738931392,435
1738931395,412
1738931398,407
1738931401,409
1738931404,410
1738931407,411
1738931411,408
1738931413,443
1738931416,570
1738931419,560
1738931422,554
1738931425,486
1738931429,414
1738931432,416
1738931434,488
1738931438,564
1738931440,556
1738931444,445
1738931447,410
1738931450,417
1738931453,419
1738931456,406
1738931459,419
1738931459,None
1738931459,None
1738931468,571
1738931471,566
1738931475,551
1738931477,534
1738931480,418
1738931483,417
1738931486,415
1738931489,425
1738931493,436
1738931495,428
1738931498,464
1738931502,586
1738931505,587
1738931508,576
1738931511,559
1738931514,431
1738931514,None
1738931520,433
1738931523,441
1738931526,436
1738931529,435
1738931532,571
1738931535,586
1738931538,582
1738931541,582
1738931544,504
1738931547,435
1738931551,439
1738931553,439
1738931557,446
1738931560,449
1738931560,None
1738931566,520
1738931569,598
1738931572,829
1738931575,839
1738931578,832
1738931581,722
1738931584,510
1738931587,438
1738931590,451
1738931593,443
1738931597,442
1738931599,450
1738931603,442
1738931605,520
1738931608,603
1738931611,585
1738931614,456
1738931618,515
1738931621,576
1738931623,456
1738931627,434
1738931630,451
1738931633,588
1738931636,577
1738931639,461
1738931642,425
1738931645,509
1738931649,579
1738931651,505
1738931654,426
1738931657,439
1738931657,None
1738931663,429
1738931666,444
1738931666,None
1738931672,562
1738931675,587
1738931679,582
1738931681,603
1738931681,None
1738931688,702
1738931691,695
1738931694,664
1738931697,437
1738931700,439
1738931703,442
1738931706,436
1738931709,475
1738931712,597
1738931715,581
1738931718,583
1738931722,564
1738931724,549
1738931727,436
1738931730,434
1738931733,435
1738931737,430
1738931739,436
1738931743,429
1738931745,437
1738931748,575
1738931752,591
1738931755,570
1738931758,552
1738931760,437
1738931764,423
1738931767,420
1738931770,413
1738931773,413
1738931773,None
1738931779,501
1738931782,570
1738931785,568
1738931789,556
1738931792,566
1738931795,498
1738931797,418
1738931801,422
1738931804,436
1738931807,429
1738931809,436
1738931813,432
1738931816,431
1738931819,436
1738931822,456
1738931825,596
1738931827,583
1738931831,583
1738931834,572
1738931837,552
1738931840,442
1738931843,441
1738931846,438
1738931849,440
1738931852,436
1738931855,446
1738931858,437
1738931861,470
1738931864,587
1738931868,588
1738931871,552
1738931873,515
1738931877,577
1738931880,453
1738931883,441
1738931885,429
1738931889,414
1738931892,415
1738931895,417
1738931895,None
1738931895,None
1738931904,545
1738931907,545
1738931910,415
1738931913,335
1738931916,343
1738931919,346
1738931923,336
1738931926,352
1738931928,368
1738931932,479
1738931934,476
1738931938,470
1738931940,441
1738931943,332
1738931947,410
1738931950,583
1738931953,584
1738931955,583
1738931959,528
1738931962,359
1738931965,424
1738931968,407
1738931971,392
1738931974,290
1738931977,267
1738931980,271
1738931983,273
1738931986,271
1738931986,None
1738931992,428
1738931996,428
1738931996,None
1738932001,413
1738932005,417
1738932007,291
1738932011,285
1738932014,274
1738932017,275
1738932020,264
1738932023,257
1738932026,265
1738932029,265
1738932032,260
1738932035,268
1738932038,346
1738932041,418
1738932044,415
1738932047,386
1738932050,289
1738932053,416
1738932057,296
1738932057,None
1738932063,300
1738932066,421
1738932069,568
1738932071,528
1738932074,534
1738932078,535
1738932081,430
1738932084,432
1738932087,429
1738932090,436
1738932093,394
1738932096,279
1738932100,274
1738932102,276
1738932105,274
1738932108,280
1738932111,272
1738932114,277
1738932117,275
1738932121,357
1738932123,434
1738932126,421
1738932129,424
1738932132,386
1738932135,287
1738932138,273
1738932142,265
1738932142,None
1738932147,279
1738932151,300
1738932154,420
1738932157,424
1738932157,None
1738932157,None
1738932166,378
1738932169,269
1738932172,279
1738932175,282
1738932178,273
1738932181,272
1738932184,273
1738932184,None
1738932191,356
1738932194,431
1738932197,419
1738932200,411
1738932202,348
1738932206,270
1738932209,264
1738932212,274
1738932215,269
1738932218,266
1738932221,298
1738932224,428
1738932227,415
1738932230,419
1738932233,406
1738932236,411
1738932239,341
1738932242,269
1738932245,270
1738932248,264
1738932252,267
1738932255,265
1738932257,267
1738932261,267
1738932264,262
1738932267,353
1738932270,416
1738932273,421
1738932273,None
1738932279,414
1738932282,335
1738932285,269
1738932288,264
1738932291,266
1738932294,267
1738932297,271
1738932300,266
1738932304,302
1738932306,423
1738932309,419
1738932312,414
1738932315,309
1738932318,415
1738932322,382
1738932325,264
1738932328,270
1738932331,270
1738932334,273
1738932337,268
1738932340,278
1738932343,278
1738932346,302
1738932349,431
1738932352,425
1738932355,549
1738932358,601
1738932361,525
1738932364,607
1738932368,682
1738932371,672
1738932373,540
1738932376,533
1738932380,556
1738932383,447
1738932386,421
1738932389,346
1738932392,299
1738932394,420
1738932398,295
1738932401,273
1738932404,261
1738932407,276
1738932410,269
1738932413,273
1738932416,296
1738932419,425
1738932422,413
1738932425,404
1738932428,331
1738932431,260
1738932435,256
1738932437,264
1738932440,269
1738932444,269
1738932446,396
1738932450,418
1738932453,414
1738932456,409
1738932459,386
1738932462,263
1738932465,267
1738932465,None
1738932471,265
1738932474,273
1738932477,265
1738932480,273
1738932484,268
1738932486,299
1738932490,432
1738932493,419
1738932496,411
1738932499,402
1738932502,400
1738932505,326
1738932508,264
1738932511,254
1738932511,None
1738932511,None
1738932520,262
1738932523,259
1738932526,340
1738932530,410
1738932532,408
1738932536,414
1738932538,332
1738932542,271
1738932544,268
1738932547,258
1738932551,269
1738932551,None
1738932557,265
1738932560,349
1738932563,422
1738932566,416
1738932569,414
1738932572,336
1738932575,284
1738932578,317
1738932581,272
1738932584,266
1738932584,None
1738932590,397
1738932590,None
1738932597,404
1738932599,290
1738932603,398
1738932606,377
1738932609,266
1738932612,256
1738932615,251
1738932618,260
1738932621,256
1738932625,262
1738932627,259
1738932630,337
1738932633,413
1738932636,414
1738932639,402
1738932642,367
1738932645,289
1738932648,256
1738932651,255
1738932655,251
1738932658,259
1738932661,258
1738932661,None
1738932666,385
1738932670,409
1738932673,409
1738932676,396
1738932679,324
1738932682,262
1738932685,255
1738932688,261
1738932691,275
1738932694,269
1738932697,273
1738932700,296
1738932703,430
1738932707,423
1738932709,411
1738932712,370
1738932715,345
1738932718,486
1738932721,538
1738932725,524
1738932727,521
1738932730,401
1738932734,414
1738932737,416
1738932740,384
1738932743,288
1738932746,269
1738932749,259
1738932752,263
1738932755,256
1738932758,265
1738932761,262
1738932764,305
1738932768,386
1738932770,498
1738932773,530
1738932776,506
1738932779,501
1738932779,None
1738932786,471
1738932789,354
1738932792,346
1738932795,347
1738932798,425
1738932798,None
1738932803,488
1738932803,None
1738932811,361
1738932811,None
1738932816,335
1738932819,329
1738932823,329
1738932825,328
1738932828,321
1738932831,329
1738932834,322
1738932837,415
1738932840,488
1738932843,615
1738932846,659
1738932849,660
1738932852,705
1738932856,512
1738932858,328
1738932862,323
1738932865,325
1738932868,323
1738932871,467
1738932874,479
1738932877,455
1738932880,327
1738932883,347
1738932886,456
1738932889,329
1738932892,322
1738932895,354
1738932898,476
1738932901,471
1738932905,402
1738932907,329
1738932910,349
1738932914,483
1738932917,468
1738932919,447
1738932923,321
1738932926,329
1738932929,323
1738932932,334
1738932935,326
1738932938,329
1738932941,325
1738932944,412
1738932947,482
1738932950,482
1738932953,471
1738932956,351
1738932959,318
1738932962,325
1738932965,325
1738932968,325
1738932971,353
1738932974,482
1738932977,476
1738932981,474
1738932984,472
1738932987,394
1738932990,323
1738932993,328
1738932993,None
1738932999,328
1738933002,323
1738933004,323
1738933008,329
1738933011,328
1738933014,416
1738933017,492
1738933020,494
1738933023,513
1738933026,439
1738933030,496
1738933032,419
1738933035,354
1738933038,347
1738933041,345
1738933044,427
1738933048,478
1738933048,None
1738933054,350
1738933057,372
1738933060,510
1738933063,494
1738933066,493
1738933069,484
1738933069,None
1738933075,357
1738933078,350
1738933082,356
1738933082,None
1738933087,360
1738933091,360
1738933093,358
1738933096,355
1738933099,495
1738933103,506
1738933105,506
1738933108,621
1738933112,760
1738933115,644
1738933118,620
1738933121,493
1738933124,359
1738933127,349
1738933130,356
1738933133,359
1738933136,346
1738933139,379
1738933142,509
1738933145,503
1738933148,488
1738933151,377
1738933155,351
1738933157,398
1738933160,343
1738933163,351
1738933167,429
1738933169,504
1738933173,467
1738933176,354
1738933179,374
1738933182,504
1738933182,None
1738933188,345
1738933191,349
1738933194,426
1738933197,377
1738933200,354
1738933204,349
1738933206,378
1738933209,493
1738933213,480
1738933216,460
1738933219,406
1738933221,481
1738933224,399
1738933228,338
1738933230,333
1738933233,335
1738933237,336
1738933240,330
1738933243,335
1738933246,348
1738933249,525
1738933252,776
1738933255,784
1738933258,777
1738933261,683
1738933264,367
1738933267,491
1738933270,436
1738933273,355
1738933276,360
1738933280,352
1738933283,385
1738933286,488
1738933289,502
1738933292,503
1738933292,None
1738933298,352
1738933301,349
1738933304,352
1738933308,350
1738933311,355
1738933313,370
1738933316,504
1738933319,496
1738933322,506
1738933325,514
1738933329,438
1738933331,363
1738933331,None
1738933338,364
1738933340,363
1738933343,360
1738933347,362
1738933350,390
1738933350,None
1738933350,None
1738933359,509
1738933362,505
1738933365,363
1738933368,355
1738933371,358
1738933374,372
1738933377,370
1738933381,370
1738933383,500
1738933386,512
1738933390,513
1738933392,510
1738933396,487
1738933399,362
1738933399,None
1738933405,372
1738933408,365
1738933411,360
1738933414,367
1738933417,366
1738933420,367
1738933424,528
1738933426,523
1738933429,504
1738933432,482
1738933436,389
1738933439,505
1738933439,None
1738933445,358
1738933448,364
1738933451,364
1738933454,361
1738933457,437
1738933460,516
1738933463,505
1738933463,None
1738933469,383
1738933472,369
1738933475,364
1738933478,358
1738933478,None
1738933484,364
1738933487,355
1738933490,379
1738933493,512
1738933496,506
1738933499,489
1738933502,481
1738933506,472
1738933508,360
1738933512,528
1738933515,621
1738933518,620
1738933521,637
1738933524,444
1738933527,365
1738933530,364
1738933533,501
1738933536,515
1738933539,509
1738933542,503
1738933545,466
1738933549,339
1738933551,339
1738933554,337
1738933558,344
1738933558,None
1738933564,369
1738933567,495
1738933570,516
1738933573,509
1738933575,510
1738933579,515
1738933582,460
1738933585,392
1738933588,393
1738933591,385
1738933594,389
1738933597,396
1738933600,393
1738933603,385
1738933606,392
1738933609,523
1738933612,530
1738933615,541
1738933618,534
1738933621,528
1738933624,415
1738933627,416
1738933631,391
1738933634,389
1738933637,388
1738933640,565
1738933643,732
1738933646,785
1738933649,784
1738933652,582
1738933655,505
1738933658,392
1738933661,390
1738933664,380
1738933667,382
1738933670,387
1738933673,379
1738933677,411
1738933680,539
1738933682,530
1738933685,531
1738933688,520
1738933692,500
1738933694,390
1738933698,387
1738933700,386
1738933704,381
1738933704,None
1738933710,386
1738933713,391
1738933713,None
1738933719,1640
1738933722,1927
1738933725,1887
1738933728,1817
1738933731,1909
1738933734,1792
1738933737,1765
1738933740,1760
1738933743,1762
1738933746,1845
1738933750,647
1738933752,493
1738933756,488
1738933758,458
1738933762,772
1738933764,1746
1738933768,1757
1738933771,1770
1738933774,1748
1738933777,1751
1738933780,1754
1738933783,1781
1738933786,752
1738933789,491
1738933793,492
1738933795,491
1738933798,452
1738933801,352
1738933804,337
1738933808,346
1738933810,352
1738933814,343
1738933817,337
1738933820,381
1738933822,496
1738933826,491
1738933828,482
1738933832,372
1738933835,345
1738933838,347
1738933841,344
1738933844,347
1738933847,352
1738933850,420
1738933850,None
1738933856,492
1738933859,492
1738933862,482
1738933865,336
1738933868,334
1738933871,353
1738933875,365
1738933878,370
1738933881,377
1738933884,446
1738933887,540
1738933890,518
1738933893,508
1738933896,515
1738933899,455
1738933902,386
1738933902,None
1738933908,384
1738933908,None
1738933914,377
1738933914,None
1738933920,638
1738933923,723
1738933926,791
1738933926,None
1738933933,513
1738933935,399
1738933938,379
1738933942,406
1738933944,528
1738933948,393
1738933951,383
1738933954,378
1738933956,501
1738933960,501
1738933963,370
1738933966,377
1738933969,500
1738933972,527
1738933975,513
1738933978,454
1738933981,389
1738933984,387
1738933987,386
1738933990,391
1738933993,498
1738933996,638
1738934000,722
1738934003,778
1738934005,762
1738934008,526
1738934012,446
1738934015,385
1738934018,384
1738934021,385
1738934024,379
1738934024,None
1738934030,388
1738934034,517
1738934036,536
1738934039,519
1738934042,407
1738934045,381
1738934048,444
1738934051,513
1738934054,450
1738934057,351
1738934060,347
1738934063,502
1738934066,427
1738934070,347
1738934073,372
1738934075,498
1738934079,471
1738934082,338
1738934082,None
1738934088,419
1738934091,482
1738934094,480
1738934097,477
1738934100,362
1738934103,336
1738934106,341
1738934109,335
1738934112,336
1738934112,None
1738934119,331
1738934121,341
1738934125,335
1738934128,365
1738934130,501
1738934134,481
1738934137,489
1738934137,None
1738934143,463
1738934146,348
1738934149,349
1738934152,350
1738934156,345
1738934158,347
1738934161,379
1738934164,507
1738934167,482
1738934170,423
1738934173,343
1738934176,481
1738934179,367
1738934182,347
1738934186,347
1738934189,486
1738934192,525
1738934195,447
1738934198,371
1738934201,369
1738934204,505
1738934207,441
1738934210,374
1738934213,363
1738934216,402
1738934219,527
1738934222,511
1738934225,525
1738934228,493
1738934232,370
1738934234,373
1738934237,378
1738934241,380
1738934243,386
1738934246,368
1738934249,367
1738934252,406
1738934256,532
1738934256,None
1738934261,480
1738934264,486
1738934268,472
1738934270,367
1738934274,333
1738934277,345
1738934280,347
1738934283,350
1738934286,351
1738934289,347
1738934292,351
1738934295,425
1738934298,500
1738934301,491
1738934304,484
1738934307,421
1738934310,347
1738934314,424
1738934316,416
1738934316,None
1738934323,601
1738934326,602
1738934326,None
1738934332,479
1738934335,497
1738934338,493
1738934341,489
1738934344,481
1738934347,381
1738934350,366
1738934354,369
1738934356,365
1738934359,373
1738934362,378
1738934366,381
1738934366,None
1738934371,509
1738934371,None
1738934378,517
1738934381,514
1738934384,514
1738934387,393
1738934390,376
1738934390,None
1738934396,365
1738934399,379
1738934402,382
1738934405,382
1738934408,408
1738934412,535
1738934414,521
1738934418,521
1738934418,None
1738934423,630
1738934426,623
1738934430,618
1738934432,637
1738934436,566
1738934439,373
1738934442,452
1738934445,526
1738934448,517
1738934451,516
1738934454,514
1738934457,391
1738934460,363
1738934463,363
1738934466,363
1738934469,347
1738934472,339
1738934475,334
1738934478,369
1738934481,486
1738934484,488
1738934487,476
1738934487,None
1738934493,360
1738934496,340
1738934499,339
1738934503,337
1738934505,343
1738934509,342
1738934509,None
1738934515,339
1738934518,474
1738934521,491
1738934524,489
1738934527,365
1738934530,468
1738934533,361
1738934536,346
1738934539,336
1738934542,371
1738934545,473
1738934548,338
1738934551,353
1738934554,419
1738934557,498
1738934560,486
1738934563,414
1738934566,343
1738934570,339
1738934572,338
1738934576,338
1738934578,319
1738934582,433
1738934585,456
1738934588,444
1738934591,379
1738934594,303
1738934597,309
1738934597,None
1738934603,309
1738934606,300
1738934610,435
1738934612,450
1738934615,449
1738934618,421
1738934623,304
1738934624,308
1738934627,297
1738934631,299
1738934634,308
1738934637,325
1738934640,444
1738934643,450
1738934646,440
1738934646,None
1738934652,323
1738934655,302
1738934658,305
1738934661,305
1738934664,299
1738934667,308
1738934670,308
1738934673,455
1738934676,499
1738934679,500
1738934682,484
1738934685,470
1738934689,336
1738934692,320
1738934695,335
1738934698,334
1738934701,336
1738934704,322
1738934707,327
1738934710,410
1738934713,477
1738934716,467
1738934719,456
1738934722,420
1738934725,302
1738934728,297
1738934731,551
1738934734,553
1738934738,566
1738934740,562
1738934740,None
1738934740,None
1738934749,448
1738934752,442
1738934756,418
1738934758,301
1738934762,301
1738934765,304
1738934765,None
1738934771,335
1738934774,341
1738934777,356
1738934780,346
1738934783,347
1738934786,480
1738934789,485
1738934792,478
1738934795,404
1738934798,447
1738934801,437
1738934804,327
1738934807,302
1738934810,304
1738934813,303
1738934816,300
1738934820,306
1738934822,443
1738934825,453
1738934829,454
1738934829,None
1738934834,310
1738934838,382
1738934841,442
1738934844,377
1738934847,313
1738934850,303
1738934853,316
1738934853,None
1738934859,686
1738934862,707
1738934865,705
1738934868,554
1738934871,308
1738934875,316
1738934877,302
1738934880,325
1738934884,316
1738934887,304
1738934890,316
1738934893,304
1738934896,475
1738934899,461
1738934899,None
1738934905,451
1738934905,None
1738934911,349
1738934914,326
1738934914,None
1738934920,332
1738934923,326
1738934926,348
1738934929,340
1738934932,379
1738934935,506
1738934938,486
1738934941,484
1738934944,489
1738934948,375
1738934951,344
1738934954,344
1738934957,333
1738934957,None
1738934963,370
1738934966,440
1738934969,499
1738934972,503
1738934975,496
1738934978,371
1738934981,357
1738934984,402
1738934987,418
1738934990,431
1738934994,446
1738934997,432
1738934999,420
1738934999,None
1738935006,815
1738935009,803
1738935009,None
1738935015,679
1738935018,735
1738935021,827
1738935024,720
1738935024,None
1738935030,701
1738935033,830
1738935036,842
1738935039,816
1738935042,711
1738935042,None
1738935048,671
1738935051,686
1738935055,687
1738935057,686
1738935061,686
1738935064,712
1738935066,838
1738935070,829
1738935072,827
1738935076,818
1738935079,797
1738935082,682
1738935085,690
1738935088,572
1738935091,558
1738935094,555
1738935097,546
1738935100,598
1738935103,616
1738935106,745
1738935109,735
1738935112,727
1738935115,644
1738935118,558
1738935121,686
1738935124,680
1738935127,557
1738935130,551
1738935133,540
1738935137,535
1738935139,527
1738935143,535
1738935145,560
1738935149,570
1738935152,428
1738935155,426
1738935158,412
1738935161,297
1738935164,277
1738935167,273
1738935170,280
1738935173,276
1738935176,277
1738935179,276
1738935182,407
1738935186,426
1738935189,419
1738935191,413
1738935195,397
1738935197,282
1738935197,None
1738935204,313
1738935204,None
1738935209,289
1738935213,286
1738935216,291
1738935219,371
1738935222,441
1738935225,438
1738935228,408
1738935231,457
1738935234,541
1738935237,617
1738935240,681
1738935243,601
1738935243,None
1738935249,296
1738935252,287
1738935256,297
1738935258,292
1738935261,292
1738935265,294
1738935268,625
1738935271,697
1738935271,None
1738935277,679
1738935280,330
1738935283,298
1738935286,309
1738935289,286
1738935289,None
1738935295,431
1738935298,462
1738935301,1110
1738935304,1571
1738935307,1527
1738935310,1423
1738935313,1427
1738935316,1430
1738935319,1447
1738935322,1444
1738935326,1457
1738935328,1458
1738935332,1453
1738935335,1590
1738935338,1587
1738935342,1573
1738935344,1580
1738935347,1573
1738935350,1480
1738935353,1440
1738935356,1461
1738935359,1448
1738935362,1469
1738935362,None
1738935369,1460
1738935371,1455
1738935375,1578
1738935377,1583
1738935381,1589
1738935384,1572
1738935384,None
1738935390,1137
1738935393,341
1738935396,378
1738935399,373
1738935402,369
1738935405,364
1738935408,494
1738935411,515
1738935414,484
1738935417,479
1738935420,374
1738935420,None
1738935426,344
1738935429,356
1738935432,366
1738935435,435
1738935438,554
1738935442,593
1738935445,586
1738935447,596
1738935451,519
1738935454,447
1738935457,454
1738935460,449
1738935463,447
1738935466,443
1738935469,441
1738935472,439
1738935475,450
1738935478,529
1738935481,598
1738935484,589
1738935487,580
1738935491,566
1738935494,447
1738935496,454
1738935496,None
1738935502,454
1738935505,458
1738935505,None
1738935512,490
1738935514,491
1738935518,498
1738935518,None
1738935524,441
1738935527,372
1738935531,397
1738935533,402
1738935536,431
1738935539,461
1738935542,485
1738935545,490
1738935549,609
1738935552,638
1738935555,626
1738935558,616
1738935561,621
1738935564,544
1738935567,484
1738935570,485
1738935573,474
1738935576,490
1738935579,499
1738935582,486
1738935585,550
1738935588,703
1738935591,691
1738935595,660
1738935597,644
1738935600,484
1738935604,457
1738935606,445
1738935609,309
1738935613,311
1738935615,307
1738935615,None
1738935622,600
1738935625,1383
1738935628,1845
1738935631,1886
1738935634,1872
1738935637,1684
1738935640,1589
1738935643,1610
1738935646,1634
1738935649,1633
1738935652,1629
1738935655,1633
1738935658,1637
1738935661,1626
1738935664,1759
1738935667,1971
1738935671,2011
1738935674,2001
1738935676,2002
1738935676,None
1738935683,1634
1738935686,1640
1738935689,1639
1738935692,1613
1738935695,1617
1738935698,1612
1738935701,1609
1738935704,1614
1738935707,1735
1738935710,1749
1738935710,None
1738935716,1743
1738935719,1742
1738935722,1640
1738935722,None
1738935729,1616
1738935731,1612
1738935734,1603
1738935738,1608
1738935740,1677
1738935744,2655
1738935747,2880
1738935750,2874
1738935750,None
1738935756,2732
1738935756,None
1738935762,2735
1738935765,2727
1738935769,2843
1738935772,2861
1738935774,2853
1738935778,2850
1738935780,2759
1738935783,2735
1738935783,None
1738935790,2733
1738935793,2728
1738935796,2732
1738935796,None
1738935802,2854
1738935805,2869
1738935808,2884
1738935811,2876
1738935814,2845
1738935817,2728
1738935820,2736
1738935823,2744
1738935826,2745
1738935829,2741
1738935832,2695
1738935835,2677
1738935839,2685
1738935842,2758
1738935845,2827
1738935848,2806
1738935851,2800
1738935854,2732
1738935857,2669
1738935860,2677
1738935863,2672
1738935866,2674
1738935866,None
1738935872,2806
1738935875,2798
1738935878,2800
1738935881,2737
1738935884,2679
1738935887,2676
1738935890,2675
1738935893,2671
1738935896,2678
1738935899,2743
1738935902,2817
1738935905,2801
1738935909,2805
1738935909,None
1738935914,2671
1738935917,2669
1738935921,2671
1738935924,2643
1738935927,2584
1738935930,2571
1738935933,2604
1738935936,2733
1738935939,2730
1738935942,2740
1738935945,2768
1738935948,2765
1738935951,2688
1738935954,2672
1738935957,1903
1738935960,1604
1738935963,1597
1738935967,2059
1738935969,2687
1738935973,2677
1738935975,2759
1738935978,2820
1738935981,2072
1738935985,1737
1738935988,1712
1738935991,1564
1738935994,1538
1738935994,None
1738936000,1540
1738936003,1535
1738936006,1665
1738936006,None
1738936012,1909
1738936016,1885
1738936018,1779
1738936021,1812
1738936024,1784
1738936027,1779
1738936030,1781
1738936033,1777
1738936037,1682
1738936039,1669
1738936043,1660
1738936046,1681
1738936048,1664
1738936052,1597
1738936055,1538
1738936058,1530
1738936061,1534
1738936064,1539
1738936067,1539
1738936070,1534
1738936073,1538
1738936076,1540
1738936079,1556
1738936082,1676
1738936082,None
1738936082,None
1738936091,1663
1738936094,1666
1738936097,1562
1738936101,1538
1738936104,1536
1738936106,1542
1738936110,1535
1738936112,1537
1738936116,1537
1738936119,1663
1738936119,None
1738936125,1694
1738936128,1684
1738936131,1560
1738936134,1545
1738936137,1546
1738936140,1540
1738936143,1536
1738936146,1577
1738936149,1735
1738936152,1757
1738936155,1765
1738936158,1686
1738936162,1738
1738936164,1740
1738936167,1632
1738936170,1632
1738936173,1623
1738936177,1636
1738936180,1627
1738936183,1626
1738936186,1641
1738936189,1715
1738936192,1787
1738936195,1777
1738936198,1780
1738936201,1769
1738936204,1664
1738936207,1637
1738936210,1634
1738936213,1629
1738936216,1632
1738936219,1631
1738936222,1695
1738936226,1769
1738936228,1661
1738936231,1649
1738936234,1664
1738936237,1554
1738936241,1546
1738936243,1559
1738936246,1575
1738936250,1603
1738936252,1610
1738936256,1590
1738936259,1681
1738936262,1676
1738936265,1670
1738936268,1667
1738936271,1648
1738936274,1546
1738936277,1558
1738936280,1557
1738936280,None
1738936286,1545
1738936289,1531
1738936292,1541
1738936295,1607
1738936298,1667
1738936301,1668
1738936304,1660
1738936307,1656
1738936310,1552
1738936314,1523
1738936316,1530
1738936319,1536
1738936323,1541
1738936326,1535
1738936329,1611
1738936332,1690
1738936336,1694
1738936338,1685
1738936341,1682
1738936345,1633
1738936347,1566
1738936350,1561
1738936353,1557
1738936356,1561
1738936359,1572
1738936362,958
1738936365,387
1738936369,483
1738936372,671
1738936375,804
1738936378,802
1738936380,794
1738936383,780
1738936387,395
1738936390,378
1738936393,368
1738936396,366
1738936399,364
1738936402,371
1738936406,343
1738936408,350
1738936411,328
1738936414,688
1738936414,None
1738936420,745
1738936424,738
1738936426,694
1738936429,410
1738936432,388
1738936436,364
1738936439,361
1738936441,377
1738936445,418
1738936445,None
1738936451,466
1738936454,570
1738936457,548
1738936460,541
1738936463,541
1738936466,445
1738936469,402
1738936472,383
1738936475,357
1738936478,364
1738936481,374
1738936484,401
1738936487,504
1738936490,516
1738936493,512
1738936496,492
1738936499,449
1738936503,351
1738936505,313
1738936509,348
1738936512,370
1738936515,354
1738936517,334
1738936521,336
1738936524,366
1738936527,474
1738936530,488
1738936533,468
1738936536,398
1738936539,324
1738936542,343
1738936545,342
1738936548,327
1738936551,363
1738936554,656
1738936557,668
1738936560,659
1738936563,661
1738936566,580
1738936569,512
1738936573,511
1738936575,511
1738936579,513
1738936582,510
1738936585,502
1738936588,513
1738936591,1430
1738936594,1784
1738936597,1779
1738936600,1780
1738936600,None
1738936606,1668
1738936606,None
1738936612,1715
1738936615,1772
1738936618,1793
1738936621,1830
1738936625,1823
1738936627,1817
1738936630,1795
1738936633,1684
1738936636,1687
1738936640,1688
1738936643,1689
1738936646,1687
1738936649,1685
1738936652,1697
1738936654,1697
1738936654,None
1738936661,1824
1738936661,None
1738936667,1830
1738936670,1826
1738936673,1820
1738936676,1706
1738936679,1688
1738936682,1685
1738936685,1691
1738936688,1686
1738936691,1688
1738936694,1727
1738936697,1837
1738936701,1839
1738936704,1828
1738936707,1799
1738936709,1712
1738936709,None
1738936716,1690
1738936719,1690
1738936719,None
1738936725,1692
1738936728,1696
1738936731,1824
1738936734,1828
1738936737,1831
1738936740,1826
1738936744,1734
1738936746,1714
1738936749,1726
1738936753,1713
1738936755,1709
1738936759,1708
1738936762,1781
1738936764,1851
1738936768,1840
1738936771,1850
1738936774,1821
1738936777,1713
1738936777,None
1738936783,1684
1738936786,1918
1738936789,1935
1738936792,1922
1738936795,1951
1738936798,1972
1738936801,1829
1738936801,None
1738936807,1825
1738936810,1795
1738936813,1680
1738936816,1674
1738936819,1679
1738936822,1682
1738936826,1678
1738936829,1676
1738936832,1693
1738936834,1688
1738936838,1803
1738936841,1828
1738936844,1830
1738936848,1822
1738936850,1805
1738936853,1689
1738936856,1694
1738936859,1690
1738936862,1685
1738936865,1894
1738936869,1943
1738936871,1941
1738936874,2060
1738936878,1855
1738936880,1823
1738936883,1817
1738936887,1818
1738936889,1713
1738936893,1584
1738936895,1582
1738936899,1587
1738936902,1599
1738936905,1612
1738936908,1623
1738936911,1655
1738936914,1674
1738936917,1698
1738936920,1823
1738936923,1813
1738936926,1810
1738936929,1808
1738936932,1738
1738936935,1669
1738936938,1667
1738936941,1672
1738936944,1675
1738936947,1669
1738936950,1709
1738936954,1813
1738936957,1807
1738936960,1815
1738936963,1805
1738936966,1780
1738936969,1674
1738936972,1672
1738936975,1674
1738936978,1672
1738936981,1672
1738936985,1672
1738936987,1673
1738936990,1676
1738936993,1785
1738936996,1803
1738936999,1801
1738937002,1803
1738937005,1807
1738937009,1679
1738937011,1678
1738937014,1676
1738937018,1674
1738937020,1671
1738937024,1646
1738937027,1518
1738937030,1640
1738937033,1662
1738937036,1660
1738937039,1656
1738937042,1551
1738937045,1519
1738937048,1525
1738937051,1529
1738937055,1529
1738937055,None
1738937060,1595
1738937063,1672
1738937066,1652
1738937069,1651
1738937073,1632
1738937075,1515
1738937079,1526
1738937082,1517
1738937085,1519
1738937088,1523
1738937091,1523
1738937094,1667
1738937097,1664
1738937097,None
1738937103,1647
1738937106,1543
1738937110,1521
1738937112,1510
1738937115,1514
1738937118,1531
1738937121,1525
1738937124,1527
1738937127,1596
1738937130,1669
1738937133,1664
1738937137,1670
1738937137,None
1738937143,1527
1738937146,1525
1738937149,1516
1738937152,1524
1738937155,1531
1738937158,1525
1738937161,1638
1738937164,1675
1738937164,None
1738937170,1662
1738937173,1635
1738937176,1437
1738937179,1423
1738937182,1425
1738937186,1462
1738937188,1687
1738937192,1699
1738937194,1728
1738937198,1745
1738937200,1633
1738937204,1683
1738937207,1682
1738937210,1671
1738937213,1682
1738937216,1632
1738937219,1709
1738937222,1699
1738937222,None
1738937228,1699
1738937231,1699
1738937234,1700
1738937237,1774
1738937240,1829
1738937244,1833
1738937246,2002
1738937246,None
1738937252,2006
1738937256,1799
1738937258,1709
1738937262,1724
1738937264,1855
1738937268,1839
1738937268,None
1738937274,1719
1738937277,1709
1738937280,1694
1738937283,1704
1738937286,1706
1738937289,1693
1738937292,1677
1738937295,1548
1738937298,1573
1738937301,1686
1738937304,1687
1738937307,1682
1738937310,1610
1738937313,1542
1738937316,1614
1738937320,1658
1738937322,1544
1738937326,1539
1738937329,1553
1738937332,1671
1738937335,1687
1738937337,1682
1738937341,1680
1738937344,1659
1738937344,None
1738937350,1549
1738937353,1544
1738937356,1543
1738937359,1545
1738937362,1553
1738937365,1548
1738937368,1542
1738937371,1679
1738937374,1689
1738937377,1684
1738937380,1689
1738937383,1680
1738937386,1569
1738937389,1559
1738937392,1545
1738937396,1554
1738937399,1559
1738937401,1576
1738937405,1693
1738937408,1687
1738937411,1670
1738937414,1608
1738937417,1535
1738937420,1541
1738937423,1540
1738937426,1533
1738937429,1529
1738937433,1621
1738937435,1679
1738937438,1660
1738937441,1666
1738937445,1649
1738937447,1545
1738937451,1539
1738937454,1539
1738937457,1542
1738937460,1542
1738937463,1533
1738937466,1524
1738937469,1588
1738937472,1666
1738937475,1649
1738937478,933
1738937481,470
1738937484,405
1738937487,338
1738937490,336
1738937494,336
1738937497,336
1738937500,334
1738937502,313
1738937506,328
1738937508,457
1738937512,548
1738937515,597
1738937517,600
1738937521,601
1738937524,470
1738937527,444
1738937530,441
1738937533,449
1738937536,454
1738937539,443
1738937542,424
1738937545,429
1738937548,431
1738937551,476
1738937554,606
1738937557,589
1738937560,577
1738937563,572
1738937567,477
1738937569,442
1738937572,445
1738937576,423
1738937578,442
1738937581,296
1738937584,423
1738937588,429
1738937591,427
1738937594,401
1738937597,498
1738937600,541
1738937603,546
1738937603,None
1738937609,428
1738937612,288
1738937615,308
1738937618,440
1738937621,640
1738937625,685
1738937627,1586
1738937631,1803
1738937634,1736
1738937634,None
1738937640,1453
1738937643,1448
1738937646,1449
1738937649,1454
1738937652,1456
1738937655,1481
1738937658,1616
1738937661,1605
1738937664,1594
1738937664,None
1738937664,None
1738937673,1459
1738937676,1453
1738937679,1454
1738937682,1447
1738937686,1449
1738937689,1451
1738937692,1456
1738937695,1456
1738937695,None
1738937701,1617
1738937704,1599
1738937707,1580
1738937710,1459
1738937713,1452
1738937716,1615
1738937720,1533
1738937722,1460
1738937725,1447
1738937728,1453
1738937731,1594
1738937734,1608
1738937737,1601
1738937741,1518
1738937741,None
1738937746,1444
1738937749,1459
1738937752,1447
1738937756,1451
1738937759,1456
1738937762,1451
1738937765,1540
1738937768,1610
1738937771,1600
1738937774,1596
1738937777,1599
1738937780,1471
1738937783,1445
1738937786,1457
1738937789,1455
1738937792,1450
1738937792,None
1738937799,1455
1738937802,1569
1738937804,1601
1738937808,1680
1738937811,1754
1738937813,1751
1738937816,1734
1738937819,1617
1738937823,1603
1738937826,1590
1738937829,1583
1738937832,1598
1738937835,1672
1738937838,1747
1738937841,1717
1738937844,1592
1738937847,1595
1738937850,1669
1738937853,1750
1738937856,1623
1738937859,1593
1738937863,1622
1738937865,1751
1738937869,1674
1738937869,None
1738937874,359
1738937878,387
1738937880,380
1738937884,386
1738937884,None
1738937890,382
1738937893,383
1738937896,378
1738937899,365
1738937902,442
1738937902,None
1738937908,429
1738937911,404
1738937914,279
1738937917,283
1738937920,331
1738937923,277
1738937926,290
1738937929,282
1738937932,362
1738937935,440
1738937938,425
1738937942,403
1738937944,304
1738937944,None
1738937950,276
1738937953,280
1738937957,280
1738937959,273
1738937963,314
1738937966,414
1738937969,430
1738937969,None
1738937975,427
1738937978,356
1738937981,285
1738937984,269
1738937987,279
1738937990,323
1738937993,530
1738937993,None
1738937999,532
1738938002,535
1738938005,585
1738938008,431
1738938011,434
1738938014,426
1738938017,404
1738938021,280
1738938024,294
1738938027,278
1738938030,284
1738938033,277
1738938036,277
1738938039,283
1738938042,420
1738938045,438
1738938048,433
1738938051,423
1738938054,404
1738938057,281
1738938060,288
1738938063,283
1738938066,284
1738938069,287
1738938072,540
1738938076,551
1738938078,548
1738938081,637
1738938085,429
1738938088,428
1738938090,426
1738938094,352
1738938097,283
1738938097,None
1738938103,289
1738938106,277
1738938108,284
1738938112,292
1738938115,283
1738938118,414
1738938121,442
1738938121,None
1738938127,431
1738938127,None
1738938133,310
1738938136,287
1738938139,276
1738938142,281
1738938145,281
1738938148,277
1738938152,281
1738938155,291
1738938158,284
1738938161,447
1738938164,434
1738938167,434
1738938170,426
1738938173,312
1738938176,277
1738938179,288
1738938182,283
1738938182,None
1738938188,287
1738938191,411
1738938194,437
1738938197,427
1738938200,432
1738938203,351
1738938207,287
1738938209,286
1738938212,283
1738938215,287
1738938219,291
1738938223,288
1738938225,290
1738938228,308
1738938231,451
1738938234,430
1738938237,440
1738938241,529
1738938243,555
1738938246,440
1738938249,440
1738938252,440
1738938255,442
1738938258,437
1738938261,438
1738938264,436
1738938264,None
1738938264,None
1738938273,597
1738938276,586
1738938280,579
1738938283,506
1738938283,None
1738938289,437
1738938289,None
1738938295,447
1738938298,519
1738938301,594
1738938304,593
1738938307,449
1738938310,418
1738938313,363
1738938316,289
1738938319,286
1738938322,281
1738938325,286
1738938329,295
1738938332,281
1738938335,291
1738938338,292
1738938340,286
1738938344,364
1738938347,447
1738938350,433
1738938353,424
1738938356,430
1738938359,306
1738938362,285
1738938365,269
1738938368,282
1738938372,279
1738938374,272
1738938377,278
1738938380,414
1738938383,427
1738938386,424
1738938390,419
1738938392,395
1738938395,277
1738938398,282
1738938402,277
1738938404,283
1738938408,279
1738938411,284
1738938414,279
1738938417,275
1738938420,366
1738938423,431
1738938423,None
1738938429,675
1738938432,653
1738938435,534
1738938438,527
1738938441,381
1738938445,284
1738938447,280
1738938450,268
1738938453,282
1738938456,363
1738938459,434
1738938463,421
1738938466,387
1738938468,290
1738938472,273
1738938475,408
1738938478,531
1738938481,537
1738938484,607
1738938487,438
1738938490,415
1738938493,417
1738938496,391
1738938499,266
1738938502,279
1738938505,275
1738938508,263
1738938511,262
1738938514,266
1738938517,270
1738938520,344
1738938523,422
1738938527,412
1738938529,399
1738938532,342
1738938535,266
1738938539,267
1738938541,268
1738938544,267
1738938547,267
1738938551,342
1738938554,422
1738938557,410
1738938557,None
1738938563,402
1738938566,338
1738938569,276
1738938572,287
1738938575,280
1738938578,287
1738938581,283
1738938584,289
1738938587,288
1738938590,286
1738938593,321
1738938597,436
1738938600,441
1738938603,428
1738938605,423
1738938609,360
1738938611,289
1738938615,286
1738938618,284
1738938620,285
1738938624,285
1738938627,294
1738938630,292
1738938633,315
1738938636,443
1738938639,451
1738938642,435
1738938645,431
1738938648,320
1738938651,288
1738938654,288
1738938657,296
1738938660,294
1738938663,293
1738938666,324
1738938670,405
1738938673,481
1738938675,465
1738938678,456
1738938682,473
1738938684,356
1738938687,328
1738938690,326
1738938694,379
1738938697,479
1738938700,484
1738938703,479
1738938706,571
1738938709,644
1738938712,627
1738938715,616
1738938718,596
1738938721,467
1738938724,466
1738938727,471
1738938730,469
1738938733,493
1738938736,512
1738938739,507
1738938743,651
1738938746,656
1738938749,659
1738938751,658
1738938755,522
1738938755,None
1738938761,356
1738938764,361
1738938766,356
1738938770,351
1738938773,359
1738938776,386
1738938779,510
1738938782,511
1738938785,599
1738938788,1142
1738938791,1005
1738938794,1025
1738938797,1024
1738938800,992
1738938804,990
1738938807,988
1738938809,999
1738938813,1058
1738938816,1120
1738938819,1104
1738938819,None
1738938825,1072
1738938828,952
1738938831,1017
1738938834,1186
1738938837,1183
1738938840,1187
1738938843,1185
1738938846,987
1738938850,923
1738938852,996
1738938856,1075
1738938859,1064
1738938862,1063
1738938864,988
1738938867,933
1738938871,929
1738938874,927
1738938877,919
1738938880,926
1738938883,917
1738938886,1184
1738938889,1324
1738938892,1322
1738938895,1315
1738938898,1295
1738938898,None
1738938904,922
1738938907,925
1738938910,916
1738938913,912
1738938916,919
1738938919,906
1738938922,1000
1738938925,1064
1738938929,1046
1738938931,1056
1738938931,None
1738938938,971
1738938938,None
1738938943,908
1738938947,902
1738938950,902
1738938953,904
1738938956,866
1738938959,329
1738938962,327
1738938965,470
1738938968,467
1738938971,462
1738938974,455
1738938978,433
1738938980,339
1738938984,322
1738938986,320
1738938989,318
1738938989,None
1738938989,None
1738938999,328
1738939001,326
1738939005,417
1738939008,477
1738939011,464
1738939014,459
1738939017,455
1738939020,388
1738939020,None
1738939027,339
1738939029,335
1738939032,334
1738939035,334
1738939038,325
1738939041,338
1738939044,451
1738939047,474
1738939050,477
1738939054,466
1738939057,391
1738939060,330
1738939063,325
1738939066,323
1738939069,327
1738939072,329
1738939075,325
1738939078,320
1738939081,404
1738939084,466
1738939088,466
1738939090,436
1738939090,None
1738939097,439
1738939100,388
1738939103,316
1738939106,314
1738939109,349
1738939112,356
1738939115,483
1738939118,486
1738939121,483
1738939124,538
1738939127,606
1738939130,492
1738939133,490
1738939136,492
1738939139,558
1738939142,751
1738939145,755
1738939148,750
1738939152,681
1738939154,525
1738939158,644
1738939160,641
1738939163,635
1738939167,634
1738939170,558
1738939173,475
1738939176,473
1738939178,468
1738939182,446
1738939185,318
1738939188,323
1738939191,316
1738939194,403
1738939197,472
1738939201,471
1738939203,463
1738939206,463
1738939209,387
1738939213,317
1738939215,320
1738939218,325
1738939221,347
1738939224,346
1738939227,351
1738939231,363
1738939233,472
1738939236,485
1738939239,481
1738939243,486
1738939246,456
1738939249,339
1738939252,341
1738939255,334
1738939258,345
1738939258,None
1738939264,361
1738939267,348
1738939270,352
1738939273,360
1738939276,408
1738939279,456
1738939282,460
1738939285,451
1738939288,446
1738939288,None
1738939295,313
1738939297,305
1738939300,312
1738939304,307
1738939306,310
1738939310,310
1738939313,301
1738939316,315
1738939318,391
1738939322,452
1738939325,456
1738939328,446
1738939331,427
1738939334,307
1738939337,308
1738939340,314
1738939340,None
1738939346,315
1738939346,None
1738939353,388
1738939355,491
1738939358,489
1738939361,485
1738939365,471
1738939368,563
1738939368,None
1738939374,606
1738939376,601
1738939380,587
1738939383,363
1738939386,353
1738939389,351
1738939392,358
1738939395,439
1738939398,503
1738939401,505
1738939404,499
1738939407,494
1738939410,468
1738939413,354
1738939416,353
1738939419,351
1738939422,352
1738939426,346
1738939428,338
1738939431,330
1738939434,335
1738939434,None
1738939440,449
1738939444,454
1738939447,456
1738939450,449
1738939453,451
1738939456,327
1738939459,313
1738939462,307
1738939465,310
1738939468,305
1738939471,308
1738939474,305
1738939477,341
1738939480,465
1738939483,468
1738939486,481
1738939489,361
1738939492,338
1738939496,336
1738939498,342
1738939502,337
1738939505,346
1738939507,484
1738939511,496
1738939514,555
1738939517,749
1738939520,721
1738939523,604
1738939526,512
1738939529,338
1738939532,339
1738939535,342
1738939538,333
1738939541,319
1738939541,None
1738939547,482
1738939550,454
1738939553,459
1738939557,431
1738939559,331
1738939559,None
1738939566,308
1738939569,313
1738939571,311
1738939575,333
1738939578,463
1738939581,464
1738939584,451
1738939587,330
1738939590,306
1738939593,311
1738939596,313
1738939599,311
1738939602,303
1738939605,439
1738939609,462
1738939611,450
1738939614,426
1738939618,301
1738939620,296
1738939624,304
1738939627,298
1738939630,302
1738939633,303
1738939636,521
1738939639,604
1738939643,591
1738939645,589
1738939648,567
1738939651,443
1738939654,454
1738939657,445
1738939657,None
1738939663,446
1738939666,448
1738939669,442
1738939673,607
1738939675,596
1738939678,597
1738939681,561
1738939685,448
1738939688,445
1738939690,451
1738939694,406
1738939697,294
1738939700,298
1738939703,427
1738939706,449
1738939709,435
1738939712,436
1738939715,322
1738939718,288
1738939721,299
1738939724,300
1738939727,291
1738939730,294
1738939733,302
1738939736,297
1738939736,None
1738939742,457
1738939746,437
1738939749,441
1738939749,None
1738939755,437
1738939758,313
1738939761,300
1738939764,295
1738939767,299
1738939770,296
1738939773,293
1738939776,299
1738939779,379
1738939782,448
1738939785,442
1738939788,431
1738939791,440
1738939794,310
1738939797,284
1738939800,273
1738939803,370
1738939807,527
1738939809,530
1738939813,526
1738939815,532
1738939819,584
1738939821,430
1738939821,None
1738939828,417
1738939831,419
1738939834,304
1738939837,272
1738939840,282
1738939843,279
1738939847,271
1738939849,285
1738939852,276
1738939855,272
1738939858,358
1738939861,431
1738939865,425
1738939868,416
1738939870,418
1738939873,356
1738939877,275
1738939877,None
1738939883,284
1738939885,279
1738939889,287
1738939892,274
1738939895,288
1738939898,306
1738939901,437
1738939904,431
1738939907,420
1738939910,419
1738939913,570
1738939916,540
1738939919,549
1738939922,550
1738939926,397
1738939928,285
1738939928,None
1738939935,443
1738939938,436
1738939941,433
1738939944,426
1738939947,304
1738939949,287
1738939953,284
1738939956,294
1738939959,285
1738939962,288
1738939965,290
1738939968,314
1738939971,442
1738939974,437
1738939977,434
1738939980,405
1738939983,281
1738939986,367
1738939989,288
1738939993,290
1738939995,292
1738939998,284
1738940002,293
1738940005,290
1738940008,419
1738940011,443
1738940014,436
1738940017,406
1738940017,None
1738940017,None
1738940026,365
1738940029,288
1738940032,289
1738940035,285
1738940035,None
1738940042,310
1738940044,422
1738940048,433
1738940050,412
1738940053,286
1738940057,316
1738940061,437
1738940062,359
1738940066,291
1738940069,283
1738940072,289
1738940075,284
1738940078,290
1738940081,312
1738940084,447
1738940087,424
1738940090,431
1738940093,429
1738940096,289
1738940100,290
1738940102,284
1738940105,289
1738940108,283
1738940111,290
1738940114,302
1738940117,312
1738940121,443
1738940123,440
1738940126,428
1738940130,402
1738940133,379
1738940136,273
1738940139,266
1738940142,269
1738940145,267
1738940148,271
1738940151,273
1738940154,263
1738940158,271
1738940160,273
1738940163,420
1738940167,421
1738940169,404
1738940172,408
1738940176,266
1738940179,272
1738940182,417
1738940185,423
1738940188,426
1738940192,450
1738940194,582
1738940197,564
1738940199,572
1738940203,558
1738940206,452
1738940209,422
1738940212,422
1738940215,566
1738940218,1537
1738940221,1530
1738940221,None
1738940227,1522
1738940231,1611
1738940233,1676
1738940236,1677
1738940240,1660
1738940243,1655
1738940243,None
1738940248,1540
1738940251,1400
1738940254,1368
1738940257,1365
1738940261,1371
1738940263,1534
1738940263,None
1738940270,1625
1738940272,1631
1738940276,1611
1738940279,1537
1738940282,1526
1738940285,1519
1738940288,1518
1738940291,1495
1738940294,1376
1738940297,1388
1738940300,1379
1738940303,1387
1738940307,1371
1738940310,1375
1738940312,1387
1738940315,1376
1738940318,1461
1738940321,1544
1738940325,1525
1738940328,1453
1738940331,1379
1738940334,1407
1738940337,1411
1738940340,1381
1738940343,1407
1738940346,1543
1738940349,1526
1738940352,1508
1738940355,1377
1738940358,1382
1738940361,1376
1738940364,1384
1738940367,1381
1738940370,1392
1738940373,1541
1738940376,1535
1738940379,1527
1738940382,1784
1738940386,1668
1738940388,1575
1738940391,532
1738940395,315
1738940398,320
