1738553592,300
1738553595,319
1738553599,417
1738553601,515
1738553604,523
1738553608,512
1738553611,366
1738553614,348
1738553617,416
1738553620,408
1738553623,413
1738553626,406
1738553629,332
1738553632,254
1738553635,268
1738553635,None
1738553641,253
1738553644,270
1738553644,None
1738553650,417
1738553653,413
1738553656,412
1738553660,287
1738553663,257
1738553666,260
1738553668,256
1738553672,260
1738553675,259
1738553678,379
1738553681,420
1738553684,410
1738553687,403
1738553690,380
1738553693,260
1738553696,262
1738553699,259
1738553703,263
1738553706,252
1738553709,261
1738553712,249
1738553715,266
1738553718,390
1738553718,None
1738553724,404
1738553727,401
1738553730,340
1738553733,257
1738553736,261
1738553739,254
1738553743,261
1738553745,258
1738553748,262
1738553751,253
1738553754,337
1738553757,415
1738553761,407
1738553763,406
1738553767,392
1738553769,333
1738553773,258
1738553776,247
1738553778,254
1738553782,256
1738553785,261
1738553788,260
1738553791,254
1738553794,388
1738553797,413
1738553800,405
1738553803,407
1738553806,333
1738553809,253
1738553812,268
1738553816,263
1738553818,264
1738553821,261
1738553824,601
1738553827,679
1738553827,None
1738553834,567
1738553836,387
1738553840,256
1738553843,244
1738553846,260
1738553849,263
1738553852,251
1738553855,257
1738553858,286
1738553861,413
1738553864,407
1738553867,395
1738553867,None
1738553873,280
1738553876,256
1738553879,255
1738553883,265
1738553885,249
1738553888,258
1738553891,258
1738553895,259
1738553897,341
1738553900,416
1738553903,416
1738553907,402
1738553910,286
1738553913,252
1738553916,268
1738553919,420
1738553922,397
1738553925,384
1738553928,255
1738553931,261
1738553934,263
1738553937,255
1738553940,258
1738553943,254
1738553946,395
1738553949,417
1738553952,402
1738553956,402
1738553959,402
1738553961,283
1738553964,265
1738553968,256
1738553971,253
1738553974,266
1738553977,257
1738553980,263
1738553983,261
1738553986,331
1738553989,423
1738553992,405
1738553996,408
1738553998,548
1738554001,516
1738554004,535
1738554007,665
1738554010,655
1738554014,392
1738554017,258
1738554019,245
1738554023,259
1738554025,252
1738554029,259
1738554032,249
1738554035,249
1738554037,328
1738554041,409
1738554044,413
1738554047,399
1738554050,337
1738554053,259
1738554056,255
1738554060,267
1738554062,415
1738554065,398
1738554068,380
1738554071,254
1738554074,259
1738554078,256
1738554080,259
1738554084,251
1738554086,246
1738554090,336
1738554093,422
1738554096,405
1738554099,280
1738554102,261
1738554105,252
1738554107,331
1738554111,408
1738554114,403
1738554117,370
1738554117,None
1738554123,259
1738554126,252
1738554129,256
1738554133,256
1738554135,253
1738554135,None
1738554135,None
1738554145,291
1738554148,390
1738554151,412
1738554154,412
1738554156,384
1738554160,255
1738554163,330
1738554166,290
1738554169,255
1738554172,257
1738554175,260
1738554178,261
1738554181,270
1738554185,414
1738554187,408
1738554190,405
1738554190,None
1738554196,262
1738554199,253
1738554203,262
1738554205,257
1738554205,None
1738554211,420
1738554214,411
1738554217,289
1738554221,264
1738554223,264
1738554227,344
1738554230,413
1738554230,None
1738554236,264
1738554240,264
1738554242,430
1738554245,523
1738554248,533
1738554251,530
1738554254,531
1738554258,429
1738554261,404
1738554263,405
1738554266,337
1738554270,258
1738554270,None
1738554276,346
1738554279,263
1738554282,264
1738554285,254
1738554289,266
1738554291,265
1738554294,268
1738554297,349
1738554297,None
1738554303,412
1738554306,412
1738554309,408
1738554313,286
1738554315,266
1738554319,265
1738554321,263
1738554324,266
1738554328,263
1738554330,261
1738554334,391
1738554337,414
1738554340,413
1738554343,289
1738554345,264
1738554349,260
1738554352,383
1738554355,414
1738554358,341
1738554361,294
1738554364,265
1738554367,266
1738554370,265
1738554374,267
1738554376,262
1738554379,282
1738554382,428
1738554385,412
1738554388,413
1738554391,401
1738554394,407
1738554397,334
1738554401,259
1738554404,263
1738554407,264
1738554410,267
1738554413,259
1738554416,265
1738554419,260
1738554422,257
1738554424,348
1738554428,415
1738554431,411
1738554434,385
1738554434,None
1738554440,405
1738554443,338
1738554447,264
1738554449,271
1738554452,264
1738554455,257
1738554458,268
1738554458,None
1738554464,264
1738554467,278
1738554470,424
1738554470,None
1738554477,413
1738554480,409
1738554483,295
1738554485,260
1738554488,269
1738554491,264
1738554495,249
1738554498,356
1738554501,422
1738554504,409
1738554507,343
1738554510,260
1738554513,255
1738554516,456
1738554519,514
1738554522,536
1738554525,640
1738554528,480
1738554531,402
1738554534,402
1738554537,286
1738554540,258
1738554543,258
1738554546,262
1738554550,259
1738554553,259
1738554556,257
1738554558,262
1738554562,335
1738554562,None
1738554568,406
1738554571,408
1738554574,335
1738554577,265
1738554580,258
1738554583,261
1738554586,259
1738554589,258
1738554592,338
1738554595,415
1738554598,402
1738554601,404
1738554604,386
1738554607,260
1738554611,261
1738554613,255
1738554617,256
1738554617,None
1738554623,285
1738554626,419
1738554629,406
1738554632,383
1738554635,257
1738554638,251
1738554638,None
1738554644,267
1738554647,339
1738554651,339
1738554653,322
1738554653,None
1738554653,None
1738554662,664
1738554666,672
1738554668,597
1738554671,531
1738554675,531
1738554675,None
1738554681,526
1738554683,523
1738554683,None
1738554690,654
1738554693,667
1738554696,671
1738554699,641
1738554703,541
1738554705,662
1738554708,641
1738554711,520
1738554714,520
1738554717,520
1738554721,518
1738554724,518
1738554727,517
1738554729,526
1738554732,547
1738554736,680
1738554739,663
1738554742,647
1738554745,549
1738554748,587
1738554751,649
1738554754,520
1738554757,514
1738554760,526
1738554763,597
1738554766,667
1738554769,667
1738554773,646
1738554775,525
1738554775,None
1738554781,520
1738554785,518
1738554788,514
1738554791,590
1738554794,662
1738554797,657
1738554800,655
1738554803,659
1738554806,545
1738554809,513
1738554813,520
1738554815,527
1738554818,528
1738554822,525
1738554824,521
1738554827,514
1738554831,600
1738554833,677
1738554836,668
1738554839,668
1738554842,659
1738554845,546
1738554848,522
1738554851,519
1738554854,522
1738554857,521
1738554861,522
1738554863,601
1738554867,693
1738554869,855
1738554873,885
1738554875,762
1738554879,722
1738554882,560
1738554885,586
1738554887,661
1738554891,657
1738554894,655
1738554897,576
1738554900,507
1738554903,511
1738554906,505
1738554909,506
1738554912,508
1738554915,508
1738554919,505
1738554921,509
1738554924,584
1738554927,668
1738554931,662
1738554934,649
1738554937,653
1738554940,531
1738554942,513
1738554946,508
1738554949,509
1738554949,None
1738554949,None
1738554958,681
1738554961,667
1738554964,671
1738554967,650
1738554970,531
1738554970,None
1738554976,531
1738554979,552
1738554982,583
1738554985,726
1738554988,712
1738554991,535
1738554995,328
1738554997,300
1738555000,309
1738555004,300
1738555007,299
1738555010,302
1738555013,306
1738555016,316
1738555019,434
1738555023,434
1738555025,438
1738555028,426
1738555031,359
1738555034,279
1738555037,280
1738555040,283
1738555043,283
1738555046,278
1738555049,356
1738555052,435
1738555056,506
1738555059,667
1738555062,625
1738555065,629
1738555068,325
1738555071,228
1738555074,228
1738555077,223
1738555077,None
1738555083,229
1738555086,261
1738555090,263
1738555092,255
1738555092,None
1738555098,392
1738555101,406
1738555104,402
1738555107,401
1738555110,286
1738555113,258
1738555116,253
1738555120,248
1738555123,252
1738555126,240
1738555129,254
1738555132,329
1738555135,399
1738555138,399
1738555141,394
1738555141,None
1738555147,233
1738555150,222
1738555153,226
1738555156,228
1738555159,246
1738555162,385
1738555165,376
1738555168,364
1738555168,None
1738555175,224
1738555177,227
1738555181,226
1738555183,226
1738555186,225
1738555189,230
1738555192,221
1738555196,229
1738555199,225
1738555202,383
1738555205,389
1738555208,376
1738555211,369
1738555214,301
1738555214,None
1738555220,232
1738555223,230
1738555226,225
1738555229,308
1738555232,381
1738555236,366
1738555239,362
1738555242,249
1738555245,233
1738555248,227
1738555251,226
1738555254,227
1738555258,226
1738555261,226
1738555263,228
1738555266,305
1738555269,386
1738555272,371
1738555275,379
1738555278,480
1738555281,564
1738555281,None
1738555287,484
1738555291,425
1738555293,221
1738555297,229
1738555300,218
1738555303,385
1738555306,372
1738555309,373
1738555312,365
1738555315,318
1738555318,271
1738555321,259
1738555324,259
1738555327,256
1738555330,260
1738555333,251
1738555337,242
1738555339,274
1738555342,384
1738555345,376
1738555348,374
1738555351,370
1738555351,None
1738555358,223
1738555360,225
1738555363,231
1738555367,225
1738555370,216
1738555373,230
1738555376,228
1738555379,248
1738555382,376
1738555385,383
1738555388,376
1738555391,349
1738555394,222
1738555397,385
1738555401,487
1738555403,480
1738555406,483
1738555406,None
1738555413,411
1738555415,373
1738555419,354
1738555421,253
1738555425,223
1738555428,296
1738555431,377
1738555434,366
1738555437,352
1738555440,256
1738555443,221
1738555446,226
1738555449,226
1738555452,227
1738555455,226
1738555458,233
1738555461,225
1738555464,235
1738555467,358
1738555470,370
1738555473,385
1738555476,376
1738555479,300
1738555482,227
1738555485,230
1738555489,226
1738555491,232
1738555494,223
1738555498,274
1738555501,252
1738555504,357
1738555507,373
1738555510,375
1738555513,254
1738555516,351
1738555519,301
1738555522,231
1738555522,None
1738555528,221
1738555531,226
1738555534,225
1738555537,350
1738555540,381
1738555544,375
1738555546,425
1738555549,1466
1738555552,1389
1738555556,1384
1738555559,1376
1738555562,1382
1738555565,1376
1738555568,1376
1738555571,1383
1738555574,1514
1738555577,1540
1738555580,1536
1738555580,None
1738555586,1520
1738555589,1419
1738555593,1386
1738555595,1389
1738555598,1387
1738555601,1388
1738555604,1383
1738555608,1468
1738555610,1546
1738555613,1540
1738555616,1534
1738555619,1531
1738555623,1416
1738555625,1383
1738555628,1253
1738555631,1078
1738555635,1083
1738555638,1078
1738555641,1081
1738555644,1103
1738555647,1211
1738555650,1233
1738555653,1219
1738555656,1228
1738555659,1106
1738555662,1326
1738555665,1338
1738555668,1335
1738555671,1311
1738555674,980
1738555677,1079
1738555680,1532
1738555680,None
1738555687,1510
1738555690,1367
1738555693,1367
1738555696,1366
1738555699,1365
1738555701,1369
1738555705,1504
1738555708,1518
1738555711,1513
1738555714,1518
1738555717,1512
1738555720,1385
1738555723,1382
1738555726,639
1738555726,None
1738555732,268
1738555735,273
1738555738,753
1738555742,1387
1738555744,1510
1738555747,1542
1738555747,None
1738555747,None
1738555756,1532
1738555760,1451
1738555763,1367
1738555766,232
1738555769,222
1738555772,295
1738555775,529
1738555778,632
1738555781,622
1738555784,510
1738555787,482
1738555790,214
1738555793,224
1738555796,391
1738555799,636
1738555802,537
1738555802,None
1738555809,390
1738555811,556
1738555814,532
1738555818,329
1738555820,317
1738555823,438
1738555826,361
1738555830,284
1738555833,332
1738555836,387
1738555839,582
1738555841,646
1738555845,702
1738555848,758
1738555851,767
1738555854,791
1738555857,827
1738555860,848
1738555863,873
1738555863,None
1738555870,950
1738555873,975
1738555875,971
1738555878,982
1738555882,983
1738555885,1005
1738555887,992
1738555891,1009
1738555893,1017
1738555897,1011
1738555900,1028
1738555903,1040
1738555906,1043
1738555909,1042
1738555909,None
1738555915,1054
1738555918,1063
1738555921,1069
1738555924,1089
1738555927,1076
1738555931,1106
1738555933,1102
1738555936,1116
1738555939,1146
1738555942,1273
1738555945,1388
1738555948,1466
1738555951,1469
1738555951,None
1738555958,1481
1738555961,1508
1738555964,1501
1738555967,1521
1738555970,1515
1738555973,1509
1738555976,1495
1738555979,1504
1738555982,1516
1738555985,1513
1738555988,1523
1738555991,1524
1738555994,1534
1738555997,1532
1738556000,1532
1738556003,1550
1738556003,None
1738556009,1575
1738556009,None
1738556016,1611
1738556019,1622
1738556021,1628
1738556025,1638
1738556028,1646
1738556031,1659
1738556033,1664
1738556037,1735
1738556040,1942
1738556043,1947
1738556046,1968
1738556049,1970
1738556052,1725
1738556056,1731
1738556058,1783
1738556061,1941
1738556064,1988
1738556067,2000
1738556067,None
1738556073,2016
1738556076,2031
1738556080,2046
1738556083,2050
1738556086,2076
1738556089,2010
1738556092,1976
1738556095,1983
1738556098,1981
1738556101,1993
1738556104,1995
1738556107,1993
1738556110,1894
1738556113,1882
1738556116,1882
1738556120,1888
1738556122,1887
1738556125,1884
1738556128,1900
1738556131,1896
1738556134,1926
1738556137,1958
1738556140,1947
1738556144,1958
1738556147,1962
1738556149,1966
1738556153,1928
1738556153,None
1738556159,1927
1738556162,1929
1738556165,1941
1738556168,1917
1738556171,1790
1738556175,1764
1738556177,1771
1738556180,1812
1738556183,1838
1738556186,1867
1738556189,1865
1738556192,1853
1738556195,1863
1738556198,1850
1738556201,1844
1738556204,1848
1738556207,1848
1738556210,1796
1738556214,1769
1738556216,1765
1738556220,1748
1738556223,1743
1738556226,1748
1738556229,1731
1738556232,1955
1738556235,1971
1738556238,1976
1738556241,1924
1738556245,1698
1738556247,1697
1738556250,1604
1738556253,1470
1738556253,None
1738556259,1433
1738556262,1417
1738556265,1410
1738556268,1407
1738556271,1398
1738556275,1398
1738556277,1400
1738556281,1453
1738556281,None
1738556287,1487
1738556289,1472
1738556293,1480
1738556296,1478
1738556298,1477
1738556302,1472
1738556305,1480
1738556308,1474
1738556311,1475
1738556314,1467
1738556317,1471
1738556320,1469
1738556323,1466
1738556326,1466
1738556329,1477
1738556332,1473
1738556336,1469
1738556339,1493
1738556342,2240
1738556342,None
1738556347,2838
1738556351,2835
1738556353,2833
1738556357,2832
1738556360,2820
1738556363,2337
1738556366,1396
1738556369,1445
1738556372,1539
1738556375,1543
1738556375,None
1738556382,1560
1738556384,1559
1738556387,1606
1738556390,1647
1738556393,1647
1738556396,1646
1738556399,1644
1738556402,1654
1738556405,1657
1738556409,1647
1738556412,1653
1738556415,1659
1738556418,1652
1738556421,1661
1738556424,1654
1738556426,1649
1738556429,1656
1738556432,1648
1738556436,1672
1738556439,1669
1738556442,1682
1738556445,1677
1738556448,1669
1738556451,1677
1738556454,1677
1738556457,1682
1738556460,1685
1738556463,1674
1738556466,1685
1738556469,1675
1738556472,1684
1738556475,1681
1738556478,1672
1738556481,1677
1738556484,1669
1738556487,1689
1738556487,None
1738556493,1536
1738556496,1525
1738556499,1723
1738556502,1781
1738556506,1780
1738556509,1763
1738556512,1605
1738556515,1508
1738556518,1512
1738556521,1509
1738556521,None
1738556527,1506
1738556530,1501
1738556533,1498
1738556536,1501
1738556539,1495
1738556542,1504
1738556545,1493
1738556548,1505
1738556551,1498
1738556554,1501
1738556558,1495
1738556561,1501
1738556563,1498
1738556567,1497
1738556570,1493
1738556570,None
1738556576,1484
1738556579,1468
1738556582,1464
1738556585,1464
1738556588,1467
1738556591,1461
1738556594,1466
1738556597,1463
1738556600,1452
1738556603,1465
1738556606,1458
1738556606,None
1738556612,1463
1738556616,1463
1738556618,1457
1738556623,1453
1738556624,1471
1738556627,1625
1738556630,1719
1738556634,1726
1738556636,1726
1738556640,1518
1738556643,1464
1738556646,1457
1738556649,1451
1738556652,1463
1738556655,1466
1738556658,1455
1738556661,1449
1738556664,1456
1738556667,1458
1738556670,1462
1738556673,1455
1738556677,1456
1738556679,1470
1738556683,1461
1738556685,1463
1738556688,1459
1738556692,1465
1738556695,1462
1738556698,1460
1738556701,1468
1738556704,1469
1738556707,1468
1738556710,1456
1738556713,1468
1738556716,1459
1738556719,1468
1738556722,1460
1738556725,1464
1738556728,1469
1738556732,1460
1738556734,1466
1738556737,1467
1738556740,1459
1738556744,1479
1738556746,1467
1738556749,1463
1738556753,1460
1738556755,1472
1738556759,1471
1738556762,1478
1738556765,1476
1738556768,1469
1738556771,1413
1738556774,1396
1738556778,1390
1738556780,1386
1738556783,1386
1738556783,None
1738556789,1389
1738556793,1385
1738556795,1381
1738556798,1386
1738556801,1394
1738556805,1387
1738556808,1399
1738556810,1396
1738556813,1391
1738556817,1394
1738556819,1392
1738556823,1386
1738556826,1391
1738556828,1389
1738556832,1389
1738556835,1389
1738556838,1389
1738556841,1382
1738556844,1381
1738556844,None
1738556850,1382
1738556850,None
1738556856,1384
1738556859,1376
1738556862,1389
1738556865,1382
1738556868,1392
1738556871,1392
1738556874,1396
1738556877,1390
1738556880,1392
1738556884,1395
1738556887,1387
1738556889,1376
1738556893,1299
1738556896,1288
1738556899,1283
1738556902,1287
1738556905,1277
1738556908,1285
1738556911,1281
1738556914,1274
1738556917,1283
1738556917,None
1738556923,1267
1738556926,1275
1738556929,1272
1738556932,1270
1738556936,1272
1738556939,1275
1738556941,1428
1738556944,1528
1738556948,1531
1738556951,1521
1738556954,1479
1738556957,1270
1738556960,1265
1738556963,1270
1738556966,1265
1738556969,1266
1738556972,1265
1738556975,1260
1738556979,1271
1738556981,1263
1738556981,None
1738556987,1259
1738556990,1267
1738556993,1265
1738556996,1266
1738557000,1268
1738557000,None
1738557006,1257
1738557009,1273
1738557012,1196
1738557015,1170
1738557018,1175
1738557021,1165
1738557024,1161
1738557027,1393
1738557030,1429
1738557033,1421
1738557036,1432
1738557039,1178
1738557042,1158
1738557045,1171
1738557048,1164
1738557051,1167
1738557054,1166
1738557057,1163
1738557060,1158
1738557064,1165
1738557067,1157
1738557069,1166
1738557073,1155
1738557076,1171
1738557079,1163
1738557082,1172
1738557085,1172
1738557088,1164
1738557092,1170
1738557094,1174
1738557097,1163
1738557100,1176
1738557103,1168
1738557106,1155
1738557109,1166
1738557112,1157
1738557115,1156
1738557118,1157
1738557122,1164
1738557125,1158
1738557128,1165
1738557131,1104
1738557134,1086
1738557137,1074
1738557140,1069
1738557143,1073
1738557146,1069
1738557149,1066
1738557153,1066
1738557155,1059
1738557159,1060
1738557162,1052
1738557165,1060
1738557168,1046
1738557171,1053
1738557174,1054
1738557177,1051
1738557180,1051
1738557180,None
1738557185,1053
1738557189,1053
1738557192,1044
1738557195,1048
1738557198,1041
1738557201,1049
1738557204,1046
1738557207,1044
1738557210,1047
1738557213,1052
1738557216,1045
1738557219,1051
1738557222,1048
1738557225,1037
1738557228,1049
1738557232,1044
1738557235,1040
1738557237,1044
1738557240,1044
1738557244,1044
1738557247,1047
1738557250,1027
1738557253,968
1738557256,965
1738557259,957
1738557262,948
1738557265,954
1738557268,950
1738557271,950
1738557274,944
1738557277,944
1738557280,944
1738557283,936
1738557286,942
1738557289,942
1738557292,935
1738557295,935
1738557298,939
1738557301,939
1738557305,933
1738557307,939
1738557311,942
1738557314,927
1738557317,938
1738557320,937
1738557323,933
1738557326,943
1738557329,937
1738557332,934
1738557335,933
1738557338,935
1738557342,926
1738557344,932
1738557347,924
1738557350,932
1738557354,931
1738557357,928
1738557357,None
1738557362,926
1738557362,None
1738557369,922
1738557372,876
1738557375,848
1738557378,1025
1738557381,1099
1738557384,1101
1738557384,None
1738557390,941
1738557393,837
1738557396,837
1738557400,839
1738557402,836
1738557405,837
1738557408,830
1738557411,833
1738557415,836
1738557418,836
1738557420,844
1738557424,839
1738557427,841
1738557430,842
1738557433,841
1738557436,830
1738557439,833
1738557442,837
1738557445,866
1738557448,1092
1738557451,1095
1738557454,1091
1738557457,1090
1738557461,849
1738557463,821
1738557466,828
1738557469,832
1738557472,831
1738557476,828
1738557478,832
1738557481,831
1738557485,835
1738557488,827
1738557491,793
1738557493,773
1738557493,None
1738557500,761
1738557503,750
1738557506,764
1738557509,758
1738557509,None
1738557509,None
1738557518,754
1738557521,756
1738557524,747
1738557527,755
1738557530,748
1738557534,754
1738557536,743
1738557539,748
1738557543,746
1738557546,742
1738557548,743
1738557552,743
1738557555,749
1738557558,744
1738557561,745
1738557564,740
1738557567,749
1738557570,741
1738557573,740
1738557576,741
1738557579,739
1738557582,746
1738557585,737
1738557588,716
1738557588,None
1738557594,761
1738557598,743
1738557600,742
1738557603,745
1738557607,745
1738557610,701
1738557612,659
1738557616,594
1738557619,591
1738557622,580
1738557625,567
1738557628,574
1738557628,None
1738557634,566
1738557634,None
1738557640,555
1738557643,561
1738557646,553
1738557649,553
1738557652,544
1738557655,550
1738557658,551
1738557661,546
1738557665,552
1738557668,542
1738557670,575
1738557674,659
1738557677,662
1738557680,666
1738557683,659
1738557686,668
1738557689,674
1738557692,672
1738557695,673
1738557698,667
1738557701,676
1738557704,682
1738557707,665
1738557710,682
1738557714,675
1738557717,682
1738557719,681
1738557723,682
1738557726,685
1738557728,691
1738557732,687
1738557735,688
1738557737,682
1738557741,688
1738557744,692
1738557747,688
1738557750,695
1738557753,689
1738557756,689
1738557759,685
1738557762,944
1738557765,941
1738557768,946
1738557771,940
1738557774,843
1738557777,687
1738557780,688
1738557783,695
1738557786,692
1738557789,692
1738557792,694
1738557795,691
1738557798,695
1738557801,685
1738557805,690
1738557808,694
1738557811,682
1738557814,679
1738557817,635
1738557820,603
1738557823,613
1738557826,606
1738557829,610
1738557829,None
1738557835,610
1738557838,611
1738557841,649
1738557844,712
1738557844,None
1738557850,706
1738557853,711
1738557856,725
1738557860,716
1738557863,714
1738557865,714
1738557869,709
1738557871,702
1738557874,710
1738557878,712
1738557881,724
1738557883,737
1738557887,718
1738557890,721
1738557893,728
1738557896,720
1738557899,717
1738557903,692
1738557905,691
1738557908,697
1738557911,697
1738557915,708
1738557917,723
1738557917,None
1738557924,760
1738557926,924
1738557930,978
1738557932,976
1738557935,957
1738557939,745
1738557941,693
1738557944,704
1738557948,690
1738557951,707
1738557954,705
1738557956,721
1738557960,701
1738557962,695
1738557966,694
1738557969,715
1738557972,778
1738557975,1533
1738557978,1931
1738557981,1940
1738557984,1949
1738557988,1933
1738557990,1936
1738557993,1941
1738557996,1941
1738557999,1953
1738557999,None
1738558005,1951
1738558009,1948
1738558011,1947
1738558015,1941
1738558018,1952
1738558021,1947
1738558024,1962
1738558027,1960
1738558030,1952
1738558032,1960
1738558036,1958
1738558039,1949
1738558042,1951
1738558045,1951
1738558048,1946
1738558051,1952
1738558054,1942
1738558057,1951
1738558061,1949
1738558063,1951
1738558066,1953
1738558070,1955
1738558073,1953
1738558075,1954
1738558079,1943
1738558082,1953
1738558084,1961
1738558087,1953
1738558091,2010
1738558094,2018
1738558097,2028
1738558100,2034
1738558103,2023
1738558106,2032
1738558109,2029
1738558112,2044
1738558115,2034
1738558118,2048
1738558121,2039
1738558124,2042
1738558127,2042
1738558130,2034
1738558134,2041
1738558136,2040
1738558140,2053
1738558143,2053
1738558145,2044
1738558149,2042
1738558152,2037
1738558155,2035
1738558158,2046
1738558161,2043
1738558164,2040
1738558167,2047
1738558170,2037
1738558173,2055
1738558176,2046
1738558179,2046
1738558182,2045
1738558185,2044
1738558188,2040
1738558191,2046
1738558195,2040
1738558197,2040
1738558200,2052
1738558200,None
1738558200,None
1738558210,2098
1738558213,2152
1738558216,2161
1738558219,2168
1738558222,2175
1738558225,2170
1738558228,2170
1738558231,2171
1738558234,2180
1738558237,2171
1738558240,2187
1738558243,2177
1738558246,2185
1738558249,2196
1738558252,2222
1738558255,2437
1738558259,2460
1738558261,2458
1738558265,2461
1738558268,2230
1738558271,2169
1738558274,2126
1738558277,2112
1738558280,2126
1738558283,2122
1738558286,2127
1738558289,2126
1738558292,2122
1738558295,2127
1738558298,2115
1738558301,2113
1738558304,2116
1738558307,2115
1738558310,2109
1738558314,2104
1738558317,2102
1738558320,2103
1738558323,2104
1738558325,2104
1738558329,2103
1738558332,2111
1738558335,2117
1738558337,2113
1738558337,None
1738558344,2109
1738558347,2103
1738558350,2105
1738558353,2094
1738558356,2096
1738558356,None
1738558362,2100
1738558365,2097
1738558368,2103
1738558368,None
1738558374,2295
1738558374,None
1738558380,2359
1738558384,2249
1738558386,2101
1738558389,2099
1738558393,2097
1738558395,2093
1738558399,2103
1738558402,2095
1738558405,2094
1738558408,2095
1738558411,2096
1738558414,2099
1738558418,2094
1738558421,2097
1738558423,2098
1738558427,2104
1738558427,None
1738558433,2118
1738558435,2108
1738558438,2108
1738558442,2115
1738558445,2113
1738558447,2110
1738558451,2107
1738558454,2114
1738558457,2105
1738558459,2106
1738558463,2107
1738558466,2108
1738558469,2106
1738558472,2105
1738558475,2099
1738558478,1959
1738558481,1703
1738558484,1907
1738558487,1702
1738558490,1904
1738558493,1710
1738558496,1898
1738558499,1706
1738558502,1889
1738558505,1768
1738558509,1887
1738558511,1763
1738558514,1881
1738558518,1728
1738558521,1803
1738558524,1732
1738558527,1808
1738558529,1722
1738558533,1815
1738558536,1728
1738558539,1813
1738558542,1759
1738558545,1829
1738558548,1728
1738558551,1806
1738558554,1738
1738558557,1809
1738558561,1852
1738558563,1819
1738558566,1736
1738558570,1698
1738558572,1734
1738558576,1697
1738558578,1735
1738558581,1811
1738558585,1837
1738558588,1700
1738558591,1842
1738558594,1699
1738558597,1850
1738558599,1793
1738558603,1774
1738558606,1776
1738558609,1779
1738558612,1782
1738558615,1784
1738558618,1787
1738558621,1774
1738558624,1775
1738558627,1775
1738558630,1747
1738558634,1702
1738558636,1690
1738558640,1693
1738558643,1693
1738558645,1688
1738558648,1694
1738558652,1692
1738558654,1765
1738558658,2293
1738558661,3121
1738558664,3111
1738558667,3111
1738558670,3111
1738558673,3251
1738558676,3375
1738558679,3368
1738558682,3379
1738558685,2630
1738558688,1692
1738558691,1685
1738558695,1684
1738558697,1685
1738558700,1680
1738558704,1680
1738558707,1677
1738558709,1682
1738558712,1682
1738558716,1674
1738558719,1686
1738558719,None
1738558725,1678
1738558728,1674
1738558731,1681
1738558731,None
1738558737,1672
1738558740,1678
1738558743,1676
1738558746,1731
1738558749,1896
1738558752,1829
1738558755,1769
1738558758,1722
1738558758,None
1738558765,1468
1738558768,1459
1738558770,1457
1738558774,1452
1738558777,1457
1738558780,1446
1738558783,1452
1738558786,1446
1738558789,1445
1738558792,1443
1738558795,1429
1738558798,1449
1738558801,751
1738558804,619
1738558807,609
1738558810,612
1738558813,614
1738558816,610
1738558819,607
1738558822,596
1738558825,611
1738558829,609
1738558831,610
1738558835,609
1738558838,601
1738558841,708
1738558844,1472
1738558847,2020
1738558849,2024
1738558853,2021
1738558856,2014
1738558859,2015
1738558862,2012
1738558865,1570
1738558868,603
1738558871,575
1738558874,542
1738558878,545
1738558880,549
1738558884,539
1738558886,597
1738558889,1334
1738558892,1312
1738558895,1489
1738558898,1301
1738558901,1485
1738558905,1311
1738558908,1489
1738558910,1311
1738558914,1489
1738558917,1321
1738558920,1482
1738558923,1318
1738558926,1486
1738558929,1311
1738558929,None
1738558935,1253
1738558938,1477
1738558941,1318
1738558944,1482
1738558948,1421
1738558950,1494
1738558953,1312
1738558957,1384
1738558957,None
1738558963,1384
1738558966,1408
1738558969,1385
1738558972,1413
1738558975,1376
1738558978,1408
1738558981,1380
1738558984,1410
1738558987,1066
1738558990,588
1738558993,594
1738558996,592
1738558999,592
1738559002,594
1738559005,595
1738559008,591
1738559011,592
1738559014,593
1738559018,586
1738559021,604
1738559024,614
1738559027,616
1738559029,608
1738559033,596
1738559035,589
1738559039,589
1738559042,592
1738559045,605
1738559047,594
1738559047,None
1738559054,620
1738559054,None
1738559060,612
1738559063,605
1738559066,592
1738559069,594
1738559072,597
1738559075,592
1738559078,584
1738559082,599
1738559082,None
1738559088,703
1738559090,851
1738559094,860
1738559097,850
1738559100,818
1738559103,600
1738559106,595
1738559109,585
1738559112,599
1738559112,None
1738559118,608
1738559121,584
1738559124,589
1738559124,None
1738559130,621
1738559134,690
1738559136,704
1738559140,703
1738559142,706
1738559145,711
1738559149,724
1738559152,784
1738559154,786
1738559158,807
1738559160,826
1738559164,825
1738559167,825
1738559170,833
1738559173,835
1738559176,836
1738559179,839
1738559179,None
1738559185,835
1738559189,846
1738559191,842
1738559194,838
1738559197,847
1738559200,1090
1738559203,1100
1738559206,1106
1738559210,884
1738559213,885
1738559215,886
1738559219,872
1738559221,883
1738559225,877
1738559227,859
1738559231,859
1738559234,852
1738559237,849
1738559240,848
1738559243,848
1738559246,854
1738559249,857
1738559252,812
1738559255,817
1738559258,804
1738559261,815
1738559264,818
1738559264,None
1738559270,857
1738559273,915
1738559276,914
1738559276,None
1738559283,929
1738559286,924
1738559288,942
1738559292,943
1738559295,947
1738559298,951
1738559301,936
1738559304,949
1738559307,954
1738559310,936
1738559313,937
1738559316,942
1738559319,951
1738559322,941
1738559326,949
1738559328,938
1738559331,945
1738559335,958
1738559338,948
1738559341,942
1738559344,949
1738559347,951
1738559350,946
1738559353,944
1738559356,940
1738559359,930
1738559362,945
1738559365,945
1738559368,942
1738559371,940
1738559374,941
1738559377,935
1738559380,941
1738559384,944
1738559386,938
1738559389,945
1738559393,1044
1738559396,1053
1738559399,1053
1738559402,1057
1738559405,1060
1738559408,1054
1738559411,1060
1738559414,1056
1738559417,1065
1738559420,1089
1738559423,1092
1738559426,1102
1738559426,None
1738559432,1041
1738559436,1033
1738559438,1046
1738559441,1066
1738559444,1057
1738559447,1050
1738559450,1054
1738559454,1042
1738559457,1049
1738559460,1047
1738559463,1044
1738559466,1035
1738559469,1022
1738559472,1012
1738559475,1014
1738559478,1019
1738559481,1010
1738559484,1093
1738559487,1278
1738559490,1268
1738559493,1314
1738559496,1384
1738559500,1279
1738559502,1283
1738559505,1292
1738559508,1193
1738559512,1031
1738559514,1027
1738559518,1019
1738559520,1018
1738559523,1019
1738559527,1057
1738559530,1086
1738559533,1136
1738559536,1120
1738559536,None
1738559542,1112
1738559545,1106
1738559548,1105
1738559551,1173
1738559554,1179
1738559557,1189
1738559560,1183
1738559563,1195
1738559566,1189
1738559566,None
1738559572,1151
1738559576,1115
1738559578,1118
1738559581,1118
1738559584,1110
1738559587,1119
1738559591,1109
1738559594,1117
1738559597,1109
1738559600,1111
1738559603,1112
1738559606,1117
1738559609,1108
1738559612,1111
1738559612,None
1738559618,1116
1738559622,1110
1738559624,1112
1738559624,None
1738559630,1125
1738559634,1121
1738559637,1122
1738559639,1113
1738559643,1124
1738559645,1128
1738559648,1116
1738559652,1109
1738559655,1112
1738559658,1120
1738559661,1121
1738559664,1114
1738559667,1124
1738559670,1119
1738559673,1115
1738559677,1106
1738559679,1113
1738559682,1127
1738559685,1121
1738559689,1117
1738559691,1124
1738559695,1125
1738559697,1114
1738559700,1117
1738559704,1131
1738559706,1125
1738559709,1120
1738559712,1113
1738559716,1120
1738559719,1122
1738559722,1118
1738559725,1112
1738559728,1124
1738559731,1127
1738559734,1114
1738559737,1123
1738559740,1125
1738559743,1125
1738559746,1120
1738559749,1125
1738559749,None
1738559755,1120
1738559758,1127
1738559761,1124
1738559764,1126
1738559768,1118
1738559770,1111
1738559774,1125
1738559776,1125
1738559780,1131
1738559783,1122
1738559786,1125
1738559789,1128
1738559792,1127
1738559795,1121
1738559798,1127
1738559801,1125
1738559804,1121
1738559807,1116
1738559810,1128
1738559813,1118
1738559816,1120
1738559819,1124
1738559822,1118
1738559826,1123
1738559828,1126
1738559831,1127
1738559835,1118
1738559838,1340
1738559840,1400
1738559844,1392
1738559847,1390
1738559850,1374
1738559853,1080
1738559856,1068
1738559858,1187
1738559862,1308
1738559865,1313
1738559868,1298
1738559871,1156
1738559874,1050
1738559877,1042
1738559877,None
1738559883,1051
1738559886,1045
1738559889,1048
1738559892,1042
1738559895,1038
1738559898,1044
1738559901,1033
1738559904,1048
1738559908,1037
1738559910,1040
1738559913,1037
1738559917,1041
1738559920,1039
1738559923,1045
1738559926,1043
1738559929,1050
1738559932,1046
1738559935,1040
1738559938,1053
1738559941,1040
1738559944,1048
1738559947,1048
1738559950,1043
1738559953,1049
1738559956,1040
1738559956,None
1738559963,1037
1738559965,1031
1738559968,1044
1738559971,1005
1738559974,968
1738559977,956
1738559980,959
1738559983,957
1738559986,951
1738559990,955
1738559992,954
1738559992,None
1738559998,953
1738560001,953
1738560004,950
1738560007,955
1738560011,953
1738560014,953
1738560017,945
1738560021,958
1738560021,None
1738560026,941
1738560029,957
1738560032,948
1738560035,950
1738560038,953
1738560041,952
1738560044,951
1738560047,957
1738560050,951
1738560054,947
1738560056,957
1738560060,946
1738560063,948
1738560066,949
1738560069,946
1738560072,937
1738560075,942
1738560075,None
1738560081,924
1738560084,941
1738560087,939
1738560090,911
1738560093,873
1738560096,868
1738560099,867
1738560102,866
1738560105,865
1738560108,852
1738560112,854
1738560112,None
1738560118,860
1738560121,855
1738560124,852
1738560127,851
1738560130,852
1738560133,851
1738560136,844
1738560139,855
1738560142,845
1738560145,853
1738560148,853
1738560152,849
1738560154,852
1738560158,859
1738560160,855
1738560164,850
1738560166,841
1738560170,850
1738560173,845
1738560176,850
1738560179,842
1738560182,841
1738560185,841
1738560188,847
1738560191,844
1738560194,847
1738560197,837
1738560200,850
1738560200,None
1738560206,849
1738560206,None
1738560206,None
1738560215,705
1738560219,685
1738560222,681
1738560224,675
1738560227,664
1738560230,657
1738560230,None
1738560236,778
1738560239,918
1738560242,913
1738560245,914
1738560248,913
1738560251,702
1738560255,642
1738560258,710
1738560261,921
1738560264,909
1738560267,915
1738560270,918
1738560273,743
1738560276,674
1738560279,624
1738560283,608
1738560285,614
1738560288,609
1738560291,604
1738560294,608
1738560297,606
1738560301,590
1738560304,591
1738560304,None
1738560310,594
1738560313,587
1738560316,597
1738560319,588
1738560322,584
1738560325,584
1738560328,585
1738560331,561
1738560334,532
1738560337,531
1738560340,522
1738560343,524
1738560346,526
1738560349,517
1738560352,525
1738560355,517
1738560358,512
1738560361,518
1738560364,514
1738560367,513
1738560370,527
1738560373,514
1738560376,519
1738560379,511
1738560382,521
1738560386,524
1738560389,517
1738560392,522
1738560395,571
1738560398,574
1738560401,576
1738560404,566
1738560407,569
1738560410,565
1738560413,570
1738560416,567
1738560416,None
1738560422,565
1738560425,571
1738560429,564
1738560432,564
1738560434,559
1738560438,552
1738560441,547
1738560444,543
1738560447,538
1738560450,565
1738560453,578
1738560456,579
1738560459,570
1738560462,560
1738560465,564
1738560468,563
1738560471,563
1738560474,569
1738560477,566
1738560480,568
1738560483,578
1738560487,567
1738560489,569
1738560492,574
1738560495,569
1738560498,568
1738560501,571
1738560505,571
1738560507,572
1738560511,570
1738560513,579
1738560516,574
1738560520,575
1738560523,586
1738560526,602
1738560528,593
1738560528,None
1738560535,578
1738560538,583
1738560541,578
1738560544,581
1738560547,600
1738560550,611
1738560553,617
1738560557,609
1738560559,602
1738560562,603
1738560566,610
1738560569,606
1738560572,600
1738560574,600
1738560578,603
1738560581,597
1738560583,600
1738560587,600
1738560590,595
1738560593,598
1738560596,593
1738560599,599
1738560602,595
1738560605,595
1738560608,599
1738560611,594
1738560614,599
1738560617,592
1738560620,599
1738560623,595
1738560626,598
1738560629,595
1738560632,595
1738560635,592
1738560638,593
1738560641,589
1738560644,592
1738560647,593
1738560651,846
1738560654,850
1738560657,841
1738560657,None
1738560663,844
1738560666,707
1738560669,585
1738560672,594
1738560675,596
1738560678,597
1738560681,593
1738560684,593
1738560687,598
1738560690,764
1738560693,950
1738560697,966
1738560699,974
1738560703,779
1738560705,717
1738560708,716
1738560712,715
1738560715,724
1738560718,723
1738560721,724
1738560724,723
1738560724,None
1738560730,733
1738560733,729
1738560736,734
1738560740,737
1738560743,732
1738560745,731
1738560749,732
1738560751,737
1738560754,732
1738560757,733
1738560761,735
1738560763,733
1738560766,738
1738560770,740
1738560772,737
1738560776,740
1738560778,735
1738560782,740
1738560785,737
1738560788,737
1738560791,739
1738560794,733
1738560797,741
1738560800,737
1738560803,745
1738560806,739
1738560809,757
1738560812,827
1738560815,854
1738560818,864
1738560821,879
1738560824,884
1738560827,883
1738560830,889
1738560833,884
1738560837,885
1738560840,892
1738560842,895
1738560846,891
1738560849,887
1738560851,883
1738560855,895
1738560858,889
1738560861,887
1738560864,892
1738560867,898
1738560870,895
1738560873,895
1738560876,895
1738560879,903
1738560883,902
1738560885,899
1738560888,894
1738560892,908
1738560895,901
1738560897,895
1738560900,902
1738560904,906
1738560904,None
1738560910,900
1738560913,893
1738560916,889
1738560919,904
1738560922,894
1738560925,892
1738560928,893
1738560931,948
1738560934,968
1738560937,964
1738560940,972
1738560944,967
1738560947,976
1738560947,None
1738560952,967
1738560955,977
1738560959,979
1738560961,975
1738560965,975
1738560968,983
1738560970,988
1738560974,977
1738560977,972
1738560980,994
1738560983,982
1738560986,974
1738560989,982
1738560992,987
1738560995,984
1738560998,992
1738560998,None
1738561004,991
1738561007,991
1738561010,989
1738561013,989
1738561016,1101
1738561019,1255
1738561023,1256
1738561026,1234
1738561029,1228
1738561031,987
1738561035,978
1738561038,966
1738561038,None
1738561044,962
1738561047,970
1738561050,989
1738561053,1070
1738561056,1083
1738561059,1085
1738561062,1096
1738561065,1091
1738561068,1088
1738561071,1102
1738561074,1094
1738561078,1100
1738561081,1097
1738561084,1098
1738561087,1108
1738561090,1102
1738561093,1108
1738561093,None
1738561099,1114
1738561102,1108
1738561105,1115
1738561108,1113
1738561111,1111
1738561114,1117
1738561117,1113
1738561117,None
1738561123,1123
1738561126,1114
1738561129,1123
1738561132,1142
1738561135,1388
1738561138,1390
1738561141,1389
1738561144,1219
1738561147,1130
1738561151,1083
1738561153,1063
1738561157,1040
1738561160,1036
1738561163,1039
1738561166,1034
1738561169,1039
1738561172,1036
1738561175,1036
1738561178,1040
1738561181,1031
1738561184,1038
1738561187,1033
1738561190,1039
1738561193,1042
1738561196,1034
1738561199,1045
1738561202,1043
1738561202,None
1738561208,1048
1738561211,1036
1738561214,1041
1738561217,1048
1738561221,1037
1738561224,1036
1738561226,1030
1738561230,1030
1738561232,1035
1738561236,1035
1738561239,1036
1738561242,1031
1738561245,1034
1738561248,1036
1738561251,1038
1738561254,1030
1738561257,1025
1738561260,1033
1738561263,1032
1738561266,1034
1738561269,1025
1738561272,1038
1738561276,1031
1738561279,1027
1738561282,1037
1738561285,1027
1738561288,1039
1738561288,None
1738561288,None
1738561297,965
1738561300,958
1738561303,958
1738561306,959
1738561309,965
1738561312,953
1738561315,959
1738561318,951
1738561321,959
1738561324,951
1738561327,960
1738561331,953
1738561333,955
1738561337,957
1738561340,949
1738561343,960
1738561346,948
1738561349,959
1738561349,None
1738561355,952
1738561358,955
1738561361,955
1738561364,1057
1738561367,1223
1738561370,1208
1738561373,1221
1738561376,1221
1738561379,974
1738561382,966
1738561385,961
1738561388,961
1738561391,954
1738561394,962
1738561398,968
1738561398,None
1738561404,991
1738561406,1034
1738561409,1066
1738561412,1024
1738561415,991
1738561419,976
1738561422,972
1738561424,968
1738561427,971
1738561431,962
1738561433,956
1738561437,957
1738561439,962
1738561443,952
1738561446,949
1738561449,946
1738561452,950
1738561455,942
1738561458,944
1738561461,929
1738561465,933
1738561467,939
1738561467,None
1738561473,923
1738561477,929
1738561480,923
1738561482,927
1738561485,1023
1738561488,1192
1738561492,1192
1738561494,1193
1738561498,1047
1738561501,933
1738561503,925
1738561507,930
1738561510,929
1738561513,934
1738561516,933
1738561519,926
1738561522,928
1738561525,930
1738561528,925
1738561531,897
1738561534,872
1738561537,856
1738561540,867
1738561543,857
1738561546,864
1738561549,858
1738561552,855
1738561555,854
1738561559,848
1738561562,857
1738561564,857
1738561568,846
1738561571,850
1738561571,None
1738561577,855
1738561577,None
1738561583,853
1738561586,859
1738561589,851
1738561592,850
1738561596,843
1738561598,853
1738561601,854
1738561604,851
1738561607,845
1738561607,None
1738561614,855
1738561616,849
1738561619,842
1738561619,None
1738561626,851
1738561629,850
1738561632,848
1738561635,847
1738561638,851
1738561641,840
1738561644,846
1738561647,854
1738561650,808
1738561653,742
1738561656,712
1738561659,692
1738561662,688
1738561665,677
1738561668,676
1738561668,None
1738561674,666
1738561678,661
1738561681,669
1738561684,659
1738561687,656
1738561690,666
1738561693,659
1738561696,655
1738561699,650
1738561702,650
1738561705,647
1738561708,636
1738561711,653
1738561714,648
1738561717,638
1738561720,643
1738561723,650
1738561726,639
1738561729,640
1738561733,639
1738561736,647
1738561739,644
1738561741,638
1738561741,None
1738561747,638
1738561751,644
1738561754,645
1738561757,641
1738561760,772
1738561760,None
1738561766,899
1738561769,902
1738561772,868
1738561775,711
1738561778,585
1738561781,583
1738561784,583
1738561787,578
1738561787,None
1738561793,581
1738561797,584
1738561800,589
1738561802,573
1738561806,586
1738561808,580
1738561811,583
1738561815,575
1738561818,574
1738561821,575
1738561824,575
1738561827,577
1738561830,584
1738561833,582
1738561836,587
1738561839,583
1738561842,589
1738561842,None
1738561848,584
1738561851,587
1738561854,578
1738561857,579
1738561860,571
1738561863,578
1738561866,581
1738561870,614
1738561873,630
1738561876,731
1738561879,1611
1738561882,2044
1738561885,2049
1738561888,2050
1738561891,2038
1738561894,2041
1738561898,2039
1738561901,2038
1738561904,2048
1738561906,2047
1738561910,2050
1738561913,1899
1738561916,638
1738561919,638
1738561922,641
1738561925,642
1738561928,641
1738561931,648
1738561934,643
1738561937,646
1738561940,655
1738561943,637
1738561946,807
1738561950,914
1738561953,915
1738561956,909
1738561959,643
1738561962,641
1738561965,649
1738561968,650
1738561971,642
1738561974,646
1738561977,652
1738561980,639
1738561983,644
1738561986,642
1738561989,652
1738561992,643
1738561995,652
1738561998,635
1738562001,652
1738562004,656
1738562007,665
1738562011,648
1738562013,653
1738562016,670
1738562020,641
1738562023,647
1738562026,656
1738562028,653
1738562032,652
1738562035,651
1738562037,639
1738562041,646
1738562044,646
1738562044,None
1738562050,646
1738562053,660
1738562056,656
1738562059,755
1738562062,1694
1738562065,2078
1738562068,2063
1738562071,2073
1738562074,2067
1738562078,2062
1738562080,2065
1738562083,2069
1738562086,2067
1738562090,958
1738562092,658
1738562096,656
1738562099,648
1738562102,647
1738562105,654
1738562108,649
1738562111,701
1738562114,761
1738562117,767
1738562117,None
1738562123,778
1738562126,737
1738562129,724
1738562132,732
1738562135,734
1738562138,760
1738562141,730
1738562145,710
1738562147,704
1738562150,705
1738562154,701
1738562157,698
1738562159,696
1738562163,706
1738562166,718
1738562169,709
1738562169,None
1738562175,719
1738562178,711
1738562181,714
1738562184,709
1738562187,702
1738562190,699
1738562193,705
1738562196,700
1738562199,721
1738562202,706
1738562205,712
1738562209,705
1738562211,699
1738562214,703
1738562218,694
1738562218,None
1738562224,708
1738562227,701
1738562230,714
1738562233,796
1738562236,823
1738562239,822
1738562242,835
1738562245,840
1738562248,841
1738562251,839
1738562254,836
1738562257,835
1738562260,832
1738562263,836
1738562267,835
1738562269,839
1738562272,934
1738562275,1098
1738562278,1101
1738562281,1098
1738562285,1073
1738562288,846
1738562288,None
1738562294,855
1738562297,848
1738562300,851
1738562303,843
1738562306,858
1738562309,861
1738562312,855
1738562315,851
1738562318,847
1738562321,848
1738562324,845
1738562327,857
1738562330,850
1738562333,849
1738562336,857
1738562340,851
1738562343,853
1738562345,846
1738562349,970
1738562351,1165
1738562355,1188
1738562358,1189
1738562361,1059
1738562364,925
1738562364,None
1738562370,927
1738562373,937
1738562373,None
1738562379,932
1738562382,940
1738562385,939
1738562388,937
1738562391,959
1738562394,946
1738562397,946
1738562400,943
1738562403,947
1738562407,955
1738562409,951
1738562412,956
1738562415,948
1738562419,960
1738562421,963
1738562425,953
1738562428,955
1738562430,955
1738562430,None
1738562437,952
1738562440,972
1738562443,962
1738562446,967
1738562449,967
1738562449,None
1738562449,None
1738562458,968
1738562461,970
1738562464,970
1738562467,972
1738562467,None
1738562474,1085
1738562476,1089
1738562479,1098
1738562483,1091
1738562486,1099
1738562489,1096
1738562492,1058
1738562495,1020
1738562498,1033
1738562501,1026
1738562504,1026
1738562507,1026
1738562510,1010
1738562513,1022
1738562516,1014
1738562519,1017
1738562522,1016
1738562525,1015
1738562528,1019
1738562531,1019
1738562535,1010
1738562538,1014
1738562540,1006
1738562543,1015
1738562546,1003
1738562550,1007
1738562553,1012
1738562556,1008
1738562559,1006
1738562562,1013
1738562565,1008
1738562567,1019
1738562567,None
1738562574,1015
1738562577,1009
1738562580,1017
1738562583,1015
1738562586,1015
1738562589,1013
1738562592,1022
1738562595,1022
1738562598,1013
1738562601,1019
1738562604,1015
1738562608,1007
1738562610,1021
1738562613,1013
1738562616,1010
1738562619,1014
1738562623,1021
1738562626,1024
1738562629,1017
1738562632,982
1738562636,957
1738562638,943
1738562641,945
1738562644,956
1738562647,938
1738562650,940
1738562653,946
1738562656,942
1738562659,939
1738562662,945
1738562665,942
1738562669,941
1738562671,1013
1738562674,1199
1738562677,1203
1738562681,1201
1738562681,None
1738562686,937
1738562690,945
1738562693,939
1738562696,946
1738562698,936
1738562702,948
1738562705,947
1738562708,940
1738562711,943
1738562714,940
1738562717,961
1738562720,971
1738562723,971
1738562726,977
1738562729,967
1738562732,977
1738562736,975
1738562738,984
1738562741,980
1738562741,None
1738562748,987
1738562751,963
1738562753,932
1738562757,896
1738562760,909
1738562763,990
1738562766,1167
1738562769,1159
1738562773,1155
1738562775,1001
1738562778,897
1738562781,890
1738562784,898
1738562787,888
1738562790,888
1738562793,889
1738562796,883
1738562799,890
1738562802,886
1738562806,887
1738562808,886
1738562811,889
1738562814,885
1738562817,882
1738562821,888
1738562823,886
1738562827,890
1738562830,875
1738562833,887
1738562836,877
1738562839,881
1738562842,881
1738562845,881
1738562848,880
1738562851,876
1738562854,884
1738562857,872
1738562860,883
1738562863,875
1738562866,882
1738562869,884
1738562872,842
1738562875,812
1738562878,814
1738562881,812
1738562884,810
1738562887,801
1738562891,803
1738562894,807
1738562897,805
1738562900,794
1738562903,802
1738562906,802
1738562909,790
1738562912,790
1738562915,794
1738562915,None
1738562921,796
1738562924,784
1738562927,798
1738562930,795
1738562933,788
1738562936,795
1738562939,788
1738562942,794
1738562945,791
1738562949,787
1738562951,787
1738562955,794
1738562958,788
1738562961,781
1738562964,791
1738562967,780
1738562970,788
1738562973,787
1738562973,None
1738562979,783
1738562982,784
1738562985,784
1738562988,780
1738562991,732
1738562994,663
1738562997,641
1738563000,628
1738563004,614
1738563006,614
1738563010,602
1738563013,599
1738563016,598
1738563019,606
1738563022,600
1738563022,None
1738563028,592
1738563031,597
1738563034,595
1738563037,586
1738563040,592
1738563043,586
1738563046,588
1738563049,584
1738563053,830
1738563055,837
1738563058,845
1738563061,845
1738563064,751
1738563067,581
1738563071,586
1738563073,581
1738563077,578
1738563080,579
1738563083,578
1738563085,575
1738563089,575
1738563092,584
1738563095,580
1738563098,571
1738563101,579
1738563104,585
1738563107,580
1738563110,568
1738563113,534
1738563117,518
1738563119,521
1738563122,520
1738563125,513
1738563128,532
1738563131,522
1738563134,507
1738563138,510
1738563141,506
1738563144,513
1738563147,504
1738563150,511
1738563153,510
1738563156,501
1738563159,501
1738563162,509
1738563165,503
1738563168,506
1738563171,502
1738563171,None
1738563177,506
1738563177,None
1738563184,511
1738563186,627
1738563189,762
1738563192,761
1738563195,761
1738563198,664
1738563202,506
1738563204,497
1738563208,508
1738563211,537
1738563211,None
1738563217,551
1738563220,552
1738563223,555
1738563226,551
1738563226,None
1738563232,553
1738563235,552
1738563238,564
1738563241,554
1738563244,561
1738563247,553
1738563250,560
1738563250,None
1738563256,569
1738563259,557
1738563263,570
1738563265,563
1738563269,570
1738563272,562
1738563274,560
1738563278,569
1738563281,572
1738563284,575
1738563287,575
1738563290,584
1738563293,569
1738563296,580
1738563299,581
1738563302,582
1738563305,573
1738563308,582
1738563311,577
1738563314,578
1738563318,583
1738563320,569
1738563324,581
1738563326,574
1738563329,575
1738563333,583
1738563335,588
1738563339,572
1738563342,586
1738563345,581
1738563348,584
1738563351,580
1738563354,584
1738563357,582
1738563360,578
1738563363,576
1738563366,571
1738563369,580
1738563372,572
1738563372,None
1738563378,579
1738563381,576
1738563384,570
1738563387,573
1738563390,578
1738563390,None
1738563397,570
1738563400,582
1738563403,571
1738563406,569
1738563409,572
1738563412,576
1738563415,579
1738563418,563
1738563421,577
1738563424,574
1738563427,559
1738563431,564
1738563433,561
1738563436,556
1738563439,548
1738563442,555
1738563445,557
1738563448,542
1738563451,557
1738563454,543
1738563457,542
1738563461,549
1738563463,547
1738563466,540
1738563469,543
1738563469,None
1738563475,554
1738563475,None
1738563482,783
1738563485,798
1738563488,688
1738563491,532
1738563494,538
1738563497,534
1738563500,534
1738563503,537
1738563506,538
1738563509,519
1738563512,530
1738563515,533
1738563518,530
1738563521,529
1738563524,539
1738563527,527
1738563530,538
1738563533,529
1738563533,None
1738563540,534
1738563543,524
1738563546,530
1738563549,538
1738563552,526
1738563555,531
1738563558,535
1738563561,530
1738563564,537
1738563567,529
1738563570,530
1738563573,539
1738563576,528
1738563579,536
1738563582,537
1738563585,537
1738563585,None
1738563591,536
1738563591,None
1738563597,534
1738563600,528
1738563603,532
1738563606,542
1738563609,536
1738563612,529
1738563616,525
1738563619,528
1738563622,529
1738563624,533
1738563628,532
1738563628,None
1738563634,535
1738563637,528
1738563640,531
1738563643,534
1738563646,531
1738563649,524
1738563652,551
1738563655,778
1738563658,773
1738563658,None
1738563664,569
1738563668,517
1738563670,510
1738563673,512
1738563676,512
1738563679,511
1738563682,508
1738563686,513
1738563689,504
1738563691,510
1738563695,502
1738563698,514
1738563701,526
1738563704,521
1738563707,522
1738563710,520
1738563713,507
1738563716,514
1738563720,521
1738563723,505
1738563725,521
1738563728,524
1738563731,557
1738563734,619
1738563737,627
1738563740,632
1738563743,636
1738563746,628
1738563750,642
1738563753,634
1738563757,638
1738563759,648
1738563762,640
1738563765,644
1738563768,651
1738563771,652
1738563774,648
1738563777,650
1738563780,655
1738563783,653
1738563786,656
1738563789,648
1738563792,663
1738563795,659
1738563798,659
1738563801,658
1738563805,661
1738563807,665
1738563811,671
1738563814,667
1738563817,651
1738563822,667
1738563824,661
1738563827,659
1738563830,664
1738563833,660
1738563836,665
1738563839,659
1738563842,665
1738563845,664
1738563848,661
1738563851,713
1738563854,769
1738563858,779
1738563861,802
1738563864,797
1738563867,806
1738563870,870
1738563873,1059
1738563876,1069
1738563876,None
1738563882,924
1738563885,805
1738563888,809
1738563891,809
1738563894,812
1738563897,817
1738563901,815
1738563904,821
1738563906,819
1738563906,None
1738563912,818
1738563915,812
1738563918,822
1738563922,821
1738563925,815
1738563928,825
1738563931,816
1738563934,825
1738563937,815
1738563940,821
1738563943,826
1738563946,821
1738563949,812
1738563952,826
1738563955,826
1738563958,822
1738563961,828
1738563964,842
1738563967,824
1738563970,819
1738563974,774
1738563976,760
1738563979,772
1738563982,759
1738563985,760
1738563989,766
1738563992,763
1738563995,756
1738563998,755
1738564001,765
1738564004,767
1738564007,762
1738564010,765
1738564013,763
1738564016,759
1738564016,None
1738564022,767
1738564025,767
1738564028,754
1738564031,908
1738564034,1023
1738564037,1029
1738564040,1023
1738564043,893
1738564046,761
1738564049,762
1738564052,758
1738564052,None
1738564058,757
1738564061,763
1738564064,755
1738564067,763
1738564071,759
1738564074,762
1738564077,760
1738564080,757
1738564083,764
1738564086,766
1738564089,755
1738564092,761
1738564095,770
1738564098,759
1738564101,756
1738564104,761
1738564107,766
1738564110,764
1738564113,755
1738564117,766
1738564120,760
1738564123,764
1738564126,752
1738564128,746
1738564132,763
1738564135,769
1738564138,761
1738564141,766
1738564144,767
1738564147,761
1738564149,761
1738564153,763
1738564156,762
1738564159,752
1738564162,759
1738564165,764
1738564168,764
1738564171,761
1738564174,767
1738564177,759
1738564177,None
1738564183,761
1738564186,763
1738564190,757
1738564192,759
1738564195,768
1738564199,753
1738564202,769
1738564205,767
1738564208,759
1738564211,761
1738564214,763
1738564217,761
1738564220,767
1738564223,764
1738564223,None
1738564229,878
1738564232,1025
1738564235,1022
1738564238,1016
1738564241,868
1738564244,763
1738564248,769
1738564250,768
1738564254,760
1738564257,767
1738564260,769
1738564263,759
1738564266,772
1738564268,766
1738564272,765
1738564275,768
1738564278,764
1738564281,770
1738564284,762
1738564287,777
1738564290,772
1738564293,763
1738564296,769
1738564299,778
1738564302,766
1738564306,764
1738564308,769
1738564311,771
1738564315,773
1738564318,768
1738564320,766
1738564324,764
1738564327,771
1738564330,771
1738564332,759
1738564336,758
1738564339,772
1738564342,762
1738564345,774
1738564348,767
1738564351,772
1738564354,765
1738564357,777
1738564360,771
1738564363,774
1738564366,775
1738564370,764
1738564372,777
1738564372,None
1738564378,771
1738564382,768
1738564384,770
1738564388,766
1738564391,768
1738564394,764
1738564397,764
1738564400,764
1738564403,770
1738564406,764
1738564409,770
1738564412,765
1738564415,768
1738564418,761
1738564421,768
1738564424,764
1738564427,765
1738564430,766
1738564433,769
1738564437,763
1738564440,772
1738564443,771
1738564446,769
1738564448,764
1738564453,760
1738564455,771
1738564458,768
1738564461,767
1738564464,769
1738564467,765
1738564470,780
1738564473,1037
1738564476,1022
1738564480,1031
1738564482,1018
1738564485,767
1738564488,768
1738564491,772
1738564494,759
1738564497,770
1738564500,771
1738564504,762
1738564506,766
1738564510,769
1738564513,763
1738564516,770
1738564519,760
1738564522,764
1738564525,769
1738564528,769
1738564531,769
1738564534,767
1738564537,773
1738564540,765
1738564543,775
1738564546,766
1738564549,763
1738564552,675
1738564552,None
1738564558,586
1738564561,573
1738564564,567
1738564567,556
1738564570,551
1738564573,545
1738564577,538
1738564580,543
1738564583,538
1738564586,732
1738564589,799
1738564591,790
1738564596,792
1738564598,653
1738564601,527
1738564604,534
1738564607,529
1738564610,529
1738564613,528
1738564616,528
1738564619,526
1738564623,527
1738564625,528
1738564628,522
1738564628,None
1738564635,517
1738564637,509
1738564640,526
1738564643,523
1738564646,509
1738564649,524
1738564653,520
1738564656,515
1738564659,521
1738564662,513
1738564665,515
1738564668,518
1738564671,498
1738564674,473
1738564677,462
1738564680,463
1738564684,467
1738564686,466
1738564690,447
1738564692,461
1738564696,455
1738564699,451
1738564702,446
1738564705,463
1738564708,457
1738564711,445
1738564714,456
1738564717,448
1738564720,452
1738564723,450
1738564726,456
1738564729,445
1738564732,450
1738564735,453
1738564739,440
1738564739,None
1738564744,451
1738564748,447
1738564750,451
1738564754,444
1738564756,448
1738564759,450
1738564762,439
1738564765,450
1738564769,440
1738564769,None
1738564775,444
1738564778,441
1738564781,448
1738564784,438
1738564787,448
1738564790,435
1738564793,420
1738564796,421
1738564796,None
1738564802,420
1738564805,415
1738564808,422
1738564811,413
1738564814,422
1738564817,420
1738564820,413
1738564823,421
1738564827,414
1738564829,418
1738564833,414
1738564835,415
1738564835,None
1738564841,420
1738564845,413
1738564848,422
1738564851,420
1738564854,409
1738564857,413
1738564860,424
1738564863,415
1738564866,411
1738564869,417
1738564872,422
1738564875,413
1738564878,418
1738564881,414
1738564884,415
1738564887,412
1738564890,436
1738564893,459
1738564896,457
1738564900,475
1738564902,634
1738564906,717
1738564906,None
1738564912,680
1738564915,460
1738564918,469
1738564921,470
1738564924,470
1738564927,470
1738564930,473
1738564933,478
1738564936,469
1738564939,475
1738564939,None
1738564946,482
1738564948,473
1738564952,478
1738564955,482
1738564958,465
1738564961,484
1738564964,492
1738564967,483
1738564970,484
1738564973,487
1738564976,481
1738564979,475
1738564979,None
1738564985,487
1738564988,486
1738564991,481
1738564994,489
1738564997,479
1738565000,480
1738565003,487
1738565006,483
1738565009,694
1738565013,741
1738565015,736
1738565019,631
1738565022,479
1738565024,488
1738565028,474
1738565031,483
1738565033,486
1738565037,469
1738565040,487
1738565043,480
1738565046,478
1738565049,482
1738565052,489
1738565055,484
1738565058,477
1738565061,480
1738565064,480
1738565067,468
1738565071,483
1738565073,478
1738565077,471
1738565079,480
1738565082,481
1738565086,473
1738565089,482
1738565092,478
1738565095,477
1738565098,473
1738565101,484
1738565104,478
1738565107,474
1738565111,485
1738565113,472
1738565116,476
1738565119,484
1738565122,477
1738565125,482
1738565129,479
1738565131,484
1738565131,None
1738565138,481
1738565141,486
1738565144,474
1738565147,479
1738565150,486
1738565153,478
1738565156,476
1738565159,484
1738565159,None
1738565165,478
1738565168,480
1738565168,None
1738565174,480
1738565174,None
1738565180,483
1738565183,482
1738565187,466
1738565190,468
1738565192,474
1738565195,481
1738565199,480
1738565199,None
1738565205,484
1738565208,475
1738565211,471
1738565214,475
1738565214,None
1738565214,None
1738565223,471
1738565226,472
1738565229,482
1738565232,473
1738565235,478
1738565238,470
1738565241,472
1738565245,484
1738565247,479
1738565250,471
1738565253,472
1738565257,482
1738565260,468
1738565262,479
1738565266,477
1738565269,477
1738565272,507
1738565275,506
1738565278,513
1738565281,507
1738565284,517
1738565287,507
1738565290,511
1738565294,511
1738565296,513
1738565299,507
1738565302,511
1738565305,509
1738565308,506
1738565311,513
1738565314,506
1738565317,496
1738565321,505
1738565323,517
1738565326,761
1738565326,None
1738565333,762
1738565335,691
1738565339,503
1738565341,509
1738565344,502
1738565347,505
1738565351,506
1738565354,500
1738565357,508
1738565360,497
1738565363,500
1738565366,505
1738565366,None
1738565372,515
1738565375,769
1738565378,761
1738565381,766
1738565384,758
1738565388,763
1738565390,509
1738565393,501
1738565397,501
1738565399,503
1738565402,507
1738565405,503
1738565408,501
1738565412,501
1738565415,503
1738565415,None
1738565415,None
1738565424,501
1738565427,501
1738565430,508
1738565433,504
1738565436,498
1738565439,488
1738565442,493
1738565445,507
1738565448,506
1738565451,505
1738565454,494
1738565457,501
1738565460,502
1738565463,500
1738565466,500
1738565470,508
1738565472,508
1738565475,503
1738565478,498
1738565482,504
1738565485,500
1738565485,None
1738565491,498
1738565494,501
1738565497,506
1738565500,493
1738565503,507
1738565506,498
1738565509,513
1738565512,569
1738565515,653
1738565518,682
1738565521,700
1738565521,None
1738565527,728
1738565530,725
1738565534,736
1738565536,731
1738565540,746
1738565543,733
1738565546,750
1738565549,744
1738565552,756
1738565555,752
1738565558,755
1738565561,758
1738565564,755
1738565567,762
1738565570,754
1738565573,768
1738565576,760
1738565579,772
1738565582,767
1738565585,766
1738565588,768
1738565591,763
1738565591,None
1738565598,765
1738565600,764
1738565604,766
1738565607,771
1738565610,755
1738565613,771
1738565616,766
1738565619,762
1738565622,769
1738565625,760
1738565628,763
1738565628,None
1738565635,829
1738565635,None
1738565640,835
1738565643,836
1738565646,841
1738565649,837
1738565652,839
1738565656,845
1738565658,837
1738565661,842
1738565661,None
1738565668,848
1738565671,846
1738565674,856
1738565677,851
1738565680,848
1738565683,859
1738565683,None
1738565689,857
1738565692,851
1738565696,859
1738565698,853
1738565701,859
1738565701,None
1738565707,860
1738565711,855
1738565713,864
1738565717,855
1738565720,859
1738565723,853
1738565726,861
1738565729,861
1738565732,868
1738565732,None
1738565738,856
1738565741,870
1738565744,1125
1738565747,1124
1738565750,1153
1738565754,1141
1738565756,980
1738565759,979
1738565762,993
1738565765,991
1738565769,997
1738565769,None
1738565775,996
1738565778,943
1738565781,946
1738565784,942
1738565787,948
1738565790,933
1738565793,896
1738565796,867
1738565799,881
1738565799,None
1738565805,880
1738565808,873
1738565811,875
1738565815,873
1738565817,873
1738565820,872
1738565823,874
1738565826,874
1738565830,876
1738565833,873
1738565836,878
1738565839,874
1738565839,None
1738565845,878
1738565848,874
1738565851,878
1738565851,None
1738565857,878
1738565860,876
1738565863,870
1738565866,1031
1738565870,1127
1738565872,1120
1738565875,1138
1738565879,1104
1738565882,872
1738565884,882
1738565888,878
1738565891,872
1738565894,879
1738565897,883
1738565900,875
1738565903,877
1738565903,None
1738565909,879
1738565912,842
1738565915,817
1738565915,None
1738565921,805
1738565921,None
1738565928,808
1738565930,802
1738565930,None
1738565937,804
1738565940,809
1738565943,800
1738565946,804
1738565949,803
1738565952,805
1738565955,810
1738565958,817
1738565961,805
1738565964,840
1738565967,814
1738565970,811
1738565973,811
1738565976,807
1738565979,804
1738565982,808
1738565986,805
1738565988,805
1738565991,807
1738565995,804
1738565997,813
1738566001,806
1738566003,812
1738566008,814
1738566010,811
1738566013,811
1738566016,806
1738566018,809
1738566018,None
1738566025,810
1738566028,810
1738566031,789
1738566034,746
1738566037,736
1738566040,732
1738566043,738
1738566047,726
1738566049,722
1738566052,733
1738566055,717
1738566058,726
1738566061,720
1738566064,716
1738566067,722
1738566070,715
1738566073,721
1738566077,711
1738566080,726
1738566082,721
1738566086,713
1738566088,704
1738566092,717
1738566095,720
1738566098,710
1738566101,716
1738566104,718
1738566107,709
1738566110,711
1738566113,713
1738566117,725
1738566119,723
1738566122,718
1738566125,714
1738566128,714
1738566131,720
1738566134,711
1738566138,720
1738566140,713
1738566143,800
1738566147,975
1738566150,947
1738566153,870
1738566156,683
1738566159,532
1738566162,520
1738566165,509
1738566168,506
1738566171,496
1738566171,None
1738566178,487
1738566180,491
1738566183,486
1738566186,492
1738566189,488
1738566192,479
1738566196,496
1738566198,483
1738566201,487
1738566205,480
1738566208,478
1738566210,480
1738566214,475
1738566217,475
1738566220,476
1738566223,475
1738566226,469
1738566229,482
1738566229,None
1738566235,477
1738566238,470
1738566241,475
1738566244,473
1738566248,465
1738566251,470
1738566253,477
1738566257,461
1738566260,472
1738566263,473
1738566266,463
1738566269,469
1738566272,441
1738566275,419
1738566275,None
1738566281,670
1738566284,664
1738566288,634
1738566290,477
1738566293,412
1738566296,403
1738566299,402
1738566302,412
1738566305,402
1738566308,406
1738566311,396
1738566315,405
1738566318,402
1738566320,397
1738566324,402
1738566327,403
1738566330,397
1738566333,399
1738566336,390
1738566339,390
1738566342,391
1738566345,390
1738566348,381
1738566351,394
1738566354,394
1738566357,380
1738566360,391
1738566363,392
1738566366,380
1738566370,387
1738566372,393
1738566375,390
1738566378,388
1738566378,None
1738566385,394
1738566388,391
1738566391,361
1738566394,369
1738566397,369
1738566400,357
1738566403,360
1738566406,369
1738566409,356
1738566412,365
1738566415,357
1738566418,360
1738566421,370
1738566424,368
1738566427,354
1738566430,372
1738566433,368
1738566436,356
1738566439,359
1738566439,None
1738566445,360
1738566449,361
1738566452,350
1738566455,355
1738566458,364
1738566460,359
1738566464,353
1738566467,361
1738566470,353
1738566473,352
1738566476,359
1738566479,362
1738566483,354
1738566483,None
1738566488,349
1738566491,366
1738566494,399
1738566497,393
1738566500,391
1738566503,403
1738566506,397
1738566510,394
1738566512,397
1738566516,399
1738566518,386
1738566522,395
1738566525,399
1738566527,389
1738566531,398
1738566534,392
1738566537,401
1738566540,397
1738566543,396
1738566546,403
1738566549,397
1738566552,387
1738566555,408
1738566558,406
1738566561,399
1738566564,394
1738566568,405
1738566571,410
1738566574,402
1738566576,404
1738566579,398
1738566583,406
1738566586,404
1738566589,394
1738566592,435
1738566595,669
1738566598,658
1738566601,670
1738566604,671
1738566607,511
1738566610,403
1738566614,402
1738566616,411
1738566619,400
1738566622,405
1738566626,392
1738566626,None
1738566631,407
1738566634,399
1738566638,404
1738566638,None
1738566644,407
1738566647,399
1738566650,407
1738566653,407
1738566656,400
1738566659,394
1738566659,None
1738566665,408
1738566668,404
1738566671,401
1738566674,406
1738566677,402
1738566681,396
1738566683,401
1738566686,400
1738566689,647
1738566693,663
1738566696,657
1738566696,None
1738566702,407
1738566705,408
1738566708,400
1738566711,398
1738566714,402
1738566717,409
1738566720,405
1738566723,401
1738566726,409
1738566729,410
1738566732,415
1738566735,401
1738566738,404
1738566738,None
1738566744,397
1738566747,401
1738566750,397
1738566753,396
1738566757,403
1738566759,397
1738566763,408
1738566766,393
1738566768,401
1738566772,399
1738566775,404
1738566778,398
1738566781,402
1738566784,410
1738566787,394
1738566787,None
1738566793,398
1738566797,405
1738566799,407
1738566802,421
1738566805,406
1738566809,407
1738566811,404
1738566814,406
1738566817,405
1738566820,397
1738566823,397
1738566827,406
1738566830,396
1738566833,406
1738566836,404
1738566840,397
1738566841,390
1738566845,408
1738566848,399
1738566851,396
1738566854,394
1738566857,406
1738566860,395
1738566863,402
1738566866,394
1738566869,397
1738566872,399
1738566876,400
1738566878,403
1738566878,None
1738566885,444
1738566888,491
1738566891,503
1738566894,511
1738566897,500
1738566900,497
1738566903,487
1738566906,492
1738566906,None
1738566912,493
1738566915,485
1738566918,485
1738566921,486
1738566924,477
1738566927,489
1738566930,480
1738566933,478
1738566936,480
1738566940,474
1738566943,469
1738566945,469
1738566949,481
1738566952,494
1738566954,494
1738566958,495
1738566958,None
1738566964,499
1738566967,491
1738566970,500
1738566973,498
1738566976,501
1738566979,501
1738566982,493
1738566985,505
1738566988,495
1738566988,None
1738566995,504
1738566997,504
1738567000,500
1738567003,493
1738567006,499
1738567009,506
1738567012,498
1738567016,495
1738567018,498
1738567021,492
1738567025,507
1738567028,497
1738567031,498
1738567031,None
1738567037,499
1738567040,498
1738567043,509
1738567046,504
1738567049,495
1738567052,505
1738567055,512
1738567058,497
1738567061,507
1738567064,724
1738567067,764
1738567070,758
1738567073,762
1738567076,563
1738567079,503
1738567079,None
1738567086,499
1738567088,510
1738567092,506
1738567095,499
1738567095,None
1738567101,568
1738567104,770
1738567107,767
1738567110,768
1738567113,640
1738567116,502
1738567120,504
1738567122,507
1738567125,499
1738567128,492
1738567128,None
1738567134,511
1738567137,498
1738567140,496
1738567143,511
1738567147,509
1738567149,513
1738567152,507
1738567156,518
1738567159,508
1738567162,503
1738567165,508
1738567168,499
1738567171,515
1738567174,509
1738567174,None
1738567180,511
1738567183,496
1738567186,509
1738567189,505
1738567193,592
1738567195,651
1738567198,681
1738567201,705
1738567204,714
1738567208,724
1738567211,731
1738567213,725
1738567217,741
1738567220,735
1738567223,736
1738567226,752
1738567229,751
1738567232,758
1738567235,759
1738567238,759
1738567241,763
1738567244,758
1738567247,757
1738567250,767
1738567253,755
1738567256,761
1738567259,766
1738567262,761
1738567265,745
1738567268,759
1738567271,762
1738567274,756
1738567277,762
1738567281,757
1738567284,769
1738567287,761
1738567289,758
1738567293,759
1738567296,760
1738567299,765
1738567302,754
1738567305,768
1738567308,761
1738567311,801
1738567314,830
1738567317,823
1738567320,836
1738567323,836
1738567327,824
1738567329,838
1738567332,835
1738567335,840
1738567339,843
1738567342,839
1738567344,841
1738567348,845
1738567351,848
1738567354,849
1738567357,848
1738567360,856
1738567363,840
1738567366,855
1738567369,844
1738567372,857
1738567375,843
1738567378,855
1738567381,847
1738567384,853
1738567387,848
1738567390,852
1738567390,None
1738567396,847
1738567400,847
1738567403,846
1738567406,845
1738567409,843
1738567412,855
1738567415,844
1738567418,852
1738567422,854
1738567424,847
1738567427,847
1738567430,872
1738567433,947
1738567436,964
1738567439,972
1738567443,976
1738567445,987
1738567448,977
1738567448,None
1738567454,973
1738567458,1168
1738567461,1174
1738567464,1166
1738567467,1153
1738567469,974
1738567473,908
1738567476,909
1738567479,915
1738567482,909
1738567485,919
1738567488,909
1738567491,918
1738567491,None
1738567497,928
1738567500,931
1738567504,925
1738567506,931
1738567509,1051
1738567513,1190
1738567515,1193
1738567518,1192
1738567518,None
1738567524,938
1738567527,929
1738567530,931
1738567534,922
1738567537,928
1738567540,930
1738567543,929
1738567546,934
1738567549,929
1738567552,933
1738567555,940
1738567558,926
1738567561,939
1738567564,934
1738567568,936
1738567568,None
1738567573,936
1738567576,926
1738567579,939
1738567582,941
1738567585,938
1738567589,934
1738567592,933
1738567595,941
1738567598,934
1738567601,941
1738567604,933
1738567607,934
1738567607,None
1738567613,946
1738567616,941
1738567619,941
1738567622,935
1738567625,940
1738567628,945
1738567631,917
1738567635,875
1738567638,867
1738567641,868
1738567644,868
1738567644,None
1738567650,861
1738567653,894
1738567656,904
1738567659,909
1738567662,910
1738567665,903
1738567668,903
1738567671,909
1738567674,906
1738567677,902
1738567680,908
1738567683,904
1738567686,904
1738567689,906
1738567692,906
1738567695,894
1738567699,896
1738567701,891
1738567704,887
1738567708,888
1738567711,880
1738567714,876
1738567717,871
1738567720,865
1738567720,None
1738567726,866
1738567729,851
1738567729,None
1738567735,855
1738567738,853
1738567741,847
1738567744,851
1738567747,857
1738567750,841
1738567750,None
1738567756,785
1738567760,788
1738567762,779
1738567765,774
1738567769,776
1738567771,780
1738567774,772
1738567777,764
1738567781,763
1738567784,772
1738567787,773
1738567790,767
1738567793,768
1738567796,764
1738567799,772
1738567802,765
1738567802,None
1738567808,759
1738567811,764
1738567814,769
1738567817,772
1738567817,None
1738567823,770
1738567827,774
1738567829,777
1738567832,772
1738567836,765
1738567839,778
1738567841,775
1738567845,771
1738567848,776
1738567851,781
1738567854,778
1738567857,774
1738567860,777
1738567860,None
1738567866,766
1738567870,776
1738567872,694
1738567875,643
1738567878,601
1738567882,598
1738567884,576
1738567884,None
1738567891,706
1738567894,819
1738567896,813
1738567899,803
1738567903,821
1738567905,625
1738567909,539
1738567912,547
1738567914,545
1738567918,537
1738567918,None
1738567924,538
1738567927,541
1738567930,530
1738567934,681
1738567936,794
1738567939,783
1738567942,783
1738567946,530
1738567948,527
1738567952,527
1738567952,None
1738567957,524
1738567960,528
1738567964,527
1738567967,529
1738567970,531
1738567973,526
1738567976,529
1738567979,521
1738567982,532
1738567985,527
1738567988,523
1738567991,504
1738567994,470
1738567997,466
1738568000,463
1738568003,461
1738568006,464
1738568010,462
1738568013,457
1738568015,458
1738568018,459
1738568022,462
1738568024,456
1738568028,455
1738568030,448
1738568034,460
1738568037,452
1738568040,460
1738568043,456
1738568046,459
1738568046,None
1738568052,453
1738568055,454
1738568058,445
1738568061,458
1738568064,452
1738568067,456
1738568070,450
1738568073,451
1738568076,454
1738568080,451
1738568083,456
1738568085,447
1738568088,453
1738568092,456
1738568095,452
1738568098,453
1738568101,453
1738568104,456
1738568104,None
1738568110,442
1738568113,432
1738568116,420
1738568119,426
1738568122,418
1738568125,428
1738568128,422
1738568128,None
1738568134,421
1738568137,422
1738568141,423
1738568144,418
1738568147,425
1738568150,427
1738568153,415
1738568156,425
1738568159,417
1738568162,430
1738568165,411
1738568168,425
1738568171,413
1738568174,420
1738568177,416
1738568177,None
1738568183,412
1738568186,417
1738568190,410
1738568193,416
1738568193,None
1738568198,411
1738568202,414
1738568204,414
1738568208,420
1738568211,406
1738568214,418
1738568217,408
1738568220,416
1738568223,411
1738568226,406
1738568229,419
1738568232,415
1738568235,407
1738568239,414
1738568241,423
1738568244,423
1738568247,409
1738568251,447
1738568254,464
1738568257,457
1738568260,461
1738568263,465
1738568266,463
1738568269,465
1738568272,459
1738568275,460
1738568278,464
1738568281,468
1738568284,459
1738568287,457
1738568290,472
1738568293,465
1738568296,461
1738568299,468
1738568303,463
1738568303,None
1738568308,472
1738568312,465
1738568314,465
1738568318,471
1738568321,468
1738568324,527
1738568327,720
1738568330,826
1738568333,986
1738568336,983
1738568339,799
1738568342,554
1738568345,472
1738568348,474
1738568351,466
1738568355,472
1738568357,466
1738568361,474
1738568363,471
1738568367,463
1738568369,475
1738568373,466
1738568376,476
1738568379,473
1738568382,467
1738568385,472
1738568388,468
1738568391,466
1738568394,471
1738568394,None
1738568400,475
1738568403,470
1738568406,473
1738568409,468
1738568412,470
1738568415,470
1738568418,469
1738568421,466
1738568424,469
1738568428,466
1738568430,470
1738568433,473
1738568436,465
1738568440,476
1738568442,467
1738568446,478
1738568448,475
1738568451,467
1738568455,478
1738568458,470
1738568461,470
1738568464,471
1738568464,None
1738568470,475
1738568473,464
1738568476,474
1738568479,469
1738568482,467
1738568482,None
1738568489,473
1738568491,472
1738568494,475
1738568497,472
1738568500,467
1738568504,472
1738568504,None
1738568509,467
1738568513,474
1738568515,470
1738568519,463
1738568522,473
1738568522,None
1738568528,472
1738568531,470
1738568534,477
1738568537,473
1738568540,463
1738568543,469
1738568546,481
1738568549,474
1738568552,486
1738568555,471
1738568558,468
1738568562,476
1738568564,476
1738568564,None
1738568570,470
1738568573,473
1738568577,465
1738568579,473
1738568583,465
1738568586,468
1738568589,467
1738568592,473
1738568595,472
1738568598,478
1738568601,477
1738568604,480
1738568607,479
1738568610,471
1738568613,479
1738568616,475
1738568619,470
1738568622,480
1738568625,472
1738568628,484
1738568631,480
1738568635,476
1738568638,481
1738568641,485
1738568644,478
1738568647,479
1738568650,486
1738568653,479
1738568656,484
1738568659,476
1738568662,470
1738568665,478
1738568665,None
1738568671,501
1738568674,501
1738568677,505
1738568680,506
1738568683,506
1738568686,510
1738568689,504
1738568692,507
1738568695,506
1738568698,512
1738568702,506
1738568704,515
1738568707,502
1738568710,510
1738568714,505
1738568716,506
1738568720,511
1738568723,512
1738568726,518
1738568726,None
1738568732,514
1738568735,509
1738568738,514
1738568741,512
1738568744,508
1738568747,515
1738568750,505
1738568753,510
1738568756,511
1738568760,507
1738568762,513
1738568765,514
1738568768,501
1738568771,518
1738568775,509
1738568777,508
1738568781,512
1738568784,508
1738568787,768
1738568790,883
1738568793,1018
1738568796,923
1738568798,772
1738568802,763
1738568802,None
1738568808,512
1738568811,508
1738568814,519
1738568817,524
1738568820,540
1738568823,528
1738568826,524
1738568829,525
1738568833,525
1738568835,530
1738568838,513
1738568842,523
1738568845,511
1738568848,518
1738568851,518
1738568854,529
1738568857,538
1738568860,534
1738568863,577
1738568866,568
1738568870,599
1738568873,583
1738568876,584
1738568878,578
1738568881,586
1738568885,576
1738568887,578
1738568890,578
1738568893,577
1738568893,None
1738568900,579
1738568903,584
1738568906,574
1738568909,584
1738568912,612
1738568915,728
1738568915,None
1738568915,None
1738568924,797
1738568927,797
1738568930,800
1738568934,805
1738568937,800
1738568939,807
1738568943,804
1738568946,813
1738568948,820
1738568952,809
1738568954,821
1738568957,821
1738568961,821
1738568964,822
1738568966,828
1738568970,824
1738568973,832
1738568975,823
1738568979,832
1738568982,825
1738568985,832
1738568988,831
1738568991,820
1738568994,828
1738568994,None
1738568994,None
1738569003,827
1738569006,830
1738569009,822
1738569013,827
1738569015,832
1738569019,827
1738569022,841
1738569025,833
1738569028,829
1738569030,844
1738569034,896
1738569037,898
1738569040,897
1738569040,None
1738569046,909
1738569050,903
1738569052,909
1738569055,905
1738569058,905
1738569061,912
1738569064,907
1738569067,915
1738569070,914
1738569073,914
1738569076,914
1738569080,918
1738569083,910
1738569086,922
1738569089,912
1738569092,919
1738569095,916
1738569098,947
1738569101,961
1738569104,964
1738569107,969
1738569110,965
1738569113,971
1738569116,967
1738569119,971
1738569122,964
1738569126,973
1738569128,970
1738569131,971
1738569134,968
1738569137,970
1738569140,967
1738569144,965
1738569146,960
1738569150,1202
1738569153,1166
1738569156,1138
1738569159,1103
1738569162,875
1738569162,None
1738569162,None
1738569171,867
1738569174,859
1738569177,864
1738569177,None
1738569183,856
1738569186,857
1738569189,858
1738569192,861
1738569196,851
1738569199,848
1738569202,853
1738569205,853
1738569207,855
1738569211,853
1738569214,851
1738569217,850
1738569220,1087
1738569223,1111
1738569226,1113
1738569229,1030
1738569232,851
1738569235,853
1738569238,850
1738569242,854
1738569244,850
1738569244,None
1738569251,851
1738569254,860
1738569257,850
1738569259,852
1738569263,859
1738569266,856
1738569269,861
1738569271,854
1738569275,864
1738569278,858
1738569281,866
1738569284,859
1738569287,873
1738569290,863
1738569293,866
1738569296,869
1738569299,869
1738569302,857
1738569305,859
1738569309,855
1738569312,860
1738569315,854
1738569317,861
1738569321,858
1738569324,862
1738569327,852
1738569330,857
1738569333,856
1738569336,859
1738569339,857
1738569342,859
1738569346,852
1738569348,859
1738569351,858
1738569351,None
1738569351,None
1738569360,859
1738569364,854
1738569366,857
1738569370,858
1738569372,855
1738569376,864
1738569379,854
1738569382,857
1738569384,857
1738569388,852
1738569391,861
1738569394,859
1738569397,852
1738569400,855
1738569403,854
1738569406,847
1738569409,854
1738569412,856
1738569415,850
1738569418,843
1738569421,854
1738569424,848
1738569427,833
1738569430,827
1738569433,795
1738569436,765
1738569440,770
1738569442,761
1738569446,769
1738569449,758
1738569452,753
1738569452,None
1738569458,756
1738569461,768
1738569464,766
1738569467,764
1738569470,767
1738569473,761
1738569476,763
1738569479,756
1738569482,765
1738569485,764
1738569488,765
1738569491,768
1738569494,761
1738569497,762
1738569500,764
1738569500,None
1738569506,772
1738569509,759
1738569512,978
1738569515,1024
1738569518,1021
1738569521,963
1738569525,875
1738569528,716
1738569531,713
1738569534,715
1738569537,712
1738569540,709
1738569543,705
1738569546,714
1738569549,691
1738569552,651
1738569555,591
1738569558,562
1738569561,554
1738569564,548
1738569567,534
1738569570,539
1738569574,525
1738569576,531
1738569579,520
1738569582,526
1738569586,528
1738569588,530
1738569592,521
1738569595,527
1738569598,521
1738569598,None
1738569604,523
1738569607,516
1738569607,None
1738569613,515
1738569616,519
1738569619,511
1738569622,513
1738569625,505
1738569628,510
1738569628,None
1738569628,None
1738569637,764
1738569641,769
1738569643,646
1738569646,514
1738569650,508
1738569652,508
1738569656,506
1738569659,506
1738569662,502
1738569664,505
1738569668,501
1738569671,496
1738569674,463
1738569677,457
1738569677,None
1738569683,449
1738569686,452
1738569689,443
1738569692,446
1738569695,442
1738569698,445
1738569702,445
1738569704,448
1738569707,440
1738569710,445
1738569714,439
1738569716,449
1738569719,444
1738569719,None
1738569726,444
1738569729,441
1738569732,446
1738569735,440
1738569738,442
1738569741,437
1738569744,441
1738569747,439
1738569750,441
1738569753,436
1738569756,440
1738569756,None
1738569762,444
1738569765,436
1738569765,None
1738569772,436
1738569775,438
1738569777,437
1738569781,440
1738569784,432
1738569787,437
1738569790,437
1738569793,413
1738569796,418
1738569799,405
1738569799,None
1738569805,414
1738569808,410
1738569811,416
1738569814,408
1738569817,409
1738569821,410
1738569823,414
1738569826,412
1738569829,418
1738569832,448
1738569835,462
1738569839,455
1738569842,458
1738569845,459
1738569848,457
1738569850,457
1738569855,459
1738569858,454
1738569860,458
1738569863,456
1738569866,460
1738569869,457
1738569872,458
1738569875,455
1738569879,456
1738569882,454
1738569884,459
1738569888,456
1738569891,458
1738569893,462
1738569897,456
1738569900,455
1738569904,460
1738569906,459
1738569909,461
1738569912,460
1738569915,466
1738569918,457
1738569922,463
1738569924,462
1738569927,459
1738569930,465
1738569933,460
1738569936,464
1738569939,464
1738569943,465
1738569946,460
1738569949,462
1738569952,461
1738569955,465
1738569958,461
1738569961,467
1738569964,462
1738569967,461
1738569970,467
1738569973,463
1738569976,466
1738569979,673
1738569982,724
1738569985,716
1738569988,709
1738569991,722
1738569995,488
1738569997,464
1738570001,462
1738570004,468
1738570007,464
1738570010,462
1738570013,468
1738570016,465
1738570019,460
1738570019,None
1738570019,None
1738570019,None
1738570031,465
1738570031,None
1738570037,465
1738570040,456
1738570043,467
1738570046,677
1738570049,721
1738570052,707
1738570056,717
1738570059,461
1738570062,463
1738570065,465
1738570065,None
1738570071,467
1738570074,457
1738570077,463
1738570080,462
1738570083,464
1738570083,None
1738570089,466
1738570092,465
1738570096,463
1738570098,464
1738570102,462
1738570105,454
1738570108,460
1738570110,455
1738570114,471
1738570117,458
1738570120,456
1738570123,454
1738570123,None
1738570129,456
1738570132,459
1738570135,455
1738570138,461
1738570141,453
1738570144,447
1738570147,460
1738570150,456
1738570153,453
1738570157,452
1738570159,457
1738570162,450
1738570165,454
1738570169,453
1738570171,450
1738570174,459
1738570177,453
1738570181,452
1738570184,449
1738570186,458
1738570190,452
1738570193,454
1738570196,454
1738570199,452
1738570202,452
1738570205,456
1738570208,452
1738570211,458
1738570214,445
1738570217,453
1738570221,450
1738570223,453
1738570226,449
1738570229,452
1738570232,450
1738570235,448
1738570239,453
1738570242,443
1738570245,452
1738570248,451
1738570251,474
1738570254,473
1738570257,474
1738570260,480
1738570263,476
1738570266,481
1738570270,483
1738570270,None
1738570275,483
1738570278,478
1738570281,483
1738570284,476
1738570284,None
1738570290,503
1738570293,499
1738570297,505
1738570299,496
1738570303,503
1738570306,506
1738570309,499
1738570312,505
1738570315,494
1738570318,502
1738570321,500
1738570324,502
1738570327,508
1738570330,499
1738570333,509
1738570336,497
1738570339,507
1738570343,499
1738570346,503
1738570348,500
1738570351,502
1738570354,496
1738570358,488
1738570360,494
1738570364,488
1738570367,497
1738570370,490
1738570373,494
1738570376,486
1738570379,492
1738570382,493
1738570385,493
1738570388,490
1738570391,489
1738570394,494
1738570397,491
1738570400,489
1738570403,485
1738570406,492
1738570409,491
1738570412,487
1738570415,488
1738570418,491
1738570422,491
1738570424,494
1738570427,493
1738570430,485
1738570430,None
1738570437,487
1738570439,493
1738570443,493
1738570445,496
1738570448,491
1738570452,486
1738570455,492
1738570458,716
1738570461,749
1738570464,919
1738570467,996
1738570470,745
1738570473,747
1738570476,742
1738570479,651
1738570482,493
1738570486,484
1738570488,490
1738570491,529
1738570494,605
1738570498,663
1738570500,684
1738570503,698
1738570507,708
1738570510,714
1738570512,721
1738570516,727
1738570518,730
1738570522,726
1738570525,742
1738570528,735
1738570531,739
1738570535,748
1738570537,741
1738570541,750
1738570543,754
1738570546,754
1738570549,756
1738570552,759
1738570555,753
1738570558,761
1738570561,758
1738570561,None
1738570568,768
1738570571,773
1738570574,763
1738570574,None
1738570580,768
1738570583,761
1738570586,772
1738570589,753
1738570592,750
1738570595,760
1738570598,773
1738570601,761
1738570604,754
1738570607,752
1738570611,789
1738570614,837
1738570616,833
1738570619,872
1738570623,901
1738570625,938
1738570628,949
1738570632,946
1738570635,933
1738570638,940
1738570641,939
1738570644,929
1738570644,None
1738570650,929
1738570653,926
1738570656,924
1738570659,924
1738570662,924
1738570665,922
1738570668,922
1738570671,927
1738570675,918
1738570677,910
1738570680,919
1738570683,912
1738570686,919
1738570689,920
1738570692,916
1738570696,916
1738570699,914
1738570702,921
1738570705,914
1738570707,919
1738570711,924
1738570714,911
1738570717,919
1738570720,925
1738570723,918
1738570726,921
1738570729,928
1738570732,1000
1738570735,1039
1738570739,1034
1738570741,1040
1738570745,1046
1738570748,1039
1738570751,1052
1738570754,1050
1738570757,1044
1738570760,1052
1738570763,1049
1738570766,1059
1738570766,None
1738570772,1059
1738570775,1064
1738570778,1064
1738570778,None
1738570784,1065
1738570787,1063
1738570790,1058
1738570793,1064
1738570796,1071
1738570799,1064
1738570802,1082
1738570805,1073
1738570808,1067
1738570812,1075
1738570814,1073
1738570814,None
1738570821,1072
1738570824,1074
1738570827,1067
1738570830,1061
1738570833,1038
1738570836,999
1738570839,996
1738570842,988
1738570845,992
1738570848,993
1738570851,985
1738570854,991
1738570857,992
1738570861,1149
1738570863,1249
1738570866,1242
1738570869,1239
1738570873,1030
1738570876,988
1738570879,987
1738570882,983
1738570885,985
1738570888,990
1738570891,988
1738570894,978
1738570897,989
1738570900,990
1738570903,988
1738570906,985
1738570909,991
1738570912,979
1738570915,985
1738570915,None
1738570921,989
1738570924,983
1738570928,991
1738570930,986
1738570933,935
1738570936,914
1738570940,920
1738570943,908
1738570946,912
1738570949,907
1738570952,915
1738570955,914
1738570958,910
1738570961,902
1738570964,912
1738570967,1027
1738570970,1164
1738570973,1161
1738570977,1154
1738570980,1021
1738570982,908
1738570985,915
1738570989,906
1738570992,909
1738570995,913
1738570998,909
1738570998,None
1738571004,921
1738571007,913
1738571011,909
1738571013,901
1738571016,912
1738571019,914
1738571023,907
1738571025,909
1738571028,916
1738571031,911
1738571034,910
1738571037,909
1738571040,915
1738571044,913
1738571046,917
1738571049,907
1738571053,882
1738571056,839
1738571058,842
1738571062,838
1738571062,None
1738571068,836
1738571071,832
1738571074,832
1738571077,840
1738571080,825
1738571083,838
1738571086,826
1738571089,830
1738571092,829
1738571095,826
1738571098,831
1738571101,829
1738571104,830
1738571107,826
1738571110,834
1738571113,820
1738571117,835
1738571120,827
1738571122,827
1738571122,None
1738571129,821
1738571132,823
1738571135,828
1738571135,None
1738571141,823
1738571144,822
1738571144,None
1738571150,828
1738571153,820
1738571156,822
1738571159,830
1738571162,821
1738571165,819
1738571168,828
1738571171,771
1738571171,None
1738571178,661
1738571181,634
1738571184,621
1738571186,620
1738571189,610
1738571193,617
1738571196,618
1738571199,607
1738571202,599
1738571205,595
1738571208,600
1738571211,605
1738571214,609
1738571217,604
1738571220,608
1738571223,595
1738571226,593
1738571229,601
1738571232,601
1738571235,593
1738571238,607
1738571241,597
1738571244,597
1738571247,592
1738571251,591
1738571254,596
1738571257,588
1738571260,595
1738571260,None
1738571266,688
1738571269,845
1738571272,845
1738571275,849
1738571278,622
1738571281,588
1738571284,595
1738571287,592
1738571291,588
1738571291,None
1738571291,None
1738571299,535
1738571302,535
1738571305,534
1738571308,535
1738571311,527
1738571315,534
1738571317,528
1738571321,532
1738571321,None
1738571326,530
1738571330,524
1738571333,534
1738571336,525
1738571339,529
1738571339,None
1738571345,699
1738571348,782
1738571351,779
1738571351,None
1738571357,724
1738571360,529
1738571364,521
1738571366,523
1738571369,523
1738571373,522
1738571375,516
1738571379,525
1738571382,513
1738571385,523
1738571385,None
1738571391,517
1738571394,516
1738571397,526
1738571400,525
1738571403,518
1738571406,522
1738571406,None
1738571412,499
1738571416,501
1738571418,486
1738571421,493
1738571424,485
1738571428,488
1738571430,490
1738571433,488
1738571437,491
1738571440,492
1738571442,490
1738571446,487
1738571449,501
1738571452,496
1738571455,484
1738571458,494
1738571461,500
1738571464,496
1738571467,495
1738571470,490
1738571474,492
1738571476,498
1738571479,495
1738571482,486
1738571482,None
1738571489,498
1738571492,491
1738571495,495
1738571498,493
1738571501,494
1738571504,497
1738571507,495
1738571510,485
1738571510,None
1738571510,None
1738571519,494
1738571522,488
1738571525,484
1738571528,488
1738571531,489
1738571531,None
1738571538,492
1738571541,479
1738571544,494
1738571547,490
1738571547,None
1738571553,528
1738571556,526
1738571559,532
1738571562,536
1738571565,536
1738571568,528
1738571571,545
1738571574,539
1738571577,532
1738571577,None
1738571583,539
1738571586,540
1738571589,543
1738571593,540
1738571593,None
1738571599,545
1738571602,541
1738571604,537
1738571608,540
1738571610,546
1738571614,543
1738571617,542
1738571620,532
1738571622,546
1738571626,547
1738571629,538
1738571632,550
1738571635,546
1738571638,547
1738571641,544
1738571644,546
1738571647,550
1738571650,543
1738571653,555
1738571656,535
1738571656,None
1738571656,None
1738571665,801
1738571668,801
1738571672,801
1738571674,603
1738571677,548
1738571680,540
1738571684,547
1738571687,544
1738571689,545
1738571689,None
1738571696,539
1738571699,548
1738571702,542
1738571705,546
1738571708,542
1738571711,542
1738571714,539
1738571717,544
1738571720,536
1738571723,551
1738571726,536
1738571729,540
1738571732,546
1738571735,534
1738571738,540
1738571741,528
1738571744,532
1738571747,536
1738571750,538
1738571750,None
1738571756,538
1738571760,539
1738571763,531
1738571763,None
1738571768,533
1738571772,536
1738571774,532
1738571778,547
1738571781,541
1738571784,531
1738571787,545
1738571790,550
1738571793,546
1738571796,746
1738571799,789
1738571799,None
1738571805,783
1738571808,538
1738571811,536
1738571814,531
1738571817,536
1738571820,533
1738571823,528
1738571827,532
1738571829,532
1738571833,539
1738571836,532
1738571839,535
1738571842,531
1738571845,520
1738571845,None
1738571851,521
1738571854,528
1738571857,530
1738571860,531
1738571863,533
1738571866,533
1738571869,534
1738571873,533
1738571875,534
1738571879,533
1738571882,536
1738571884,533
1738571887,530
1738571891,548
1738571894,559
1738571897,554
1738571900,566
1738571903,557
1738571906,557
1738571909,562
1738571912,558
1738571915,555
1738571918,562
1738571921,563
1738571924,559
1738571927,569
1738571930,564
1738571930,None
1738571937,568
1738571940,562
1738571943,565
1738571946,568
1738571949,560
1738571952,567
1738571955,563
1738571958,556
1738571961,559
1738571964,556
1738571967,562
1738571970,558
1738571973,555
1738571976,557
1738571980,554
1738571982,557
1738571986,556
1738571988,551
1738571992,559
1738571995,558
1738571997,550
1738572001,559
1738572004,557
1738572004,None
1738572010,555
1738572013,551
1738572016,559
1738572019,560
1738572022,552
1738572022,None
1738572028,567
1738572031,574
1738572034,570
1738572037,573
1738572040,575
1738572043,573
1738572043,None
1738572049,576
1738572052,570
1738572055,572
1738572058,574
1738572061,571
1738572064,573
1738572068,578
1738572071,585
1738572074,583
1738572077,566
1738572080,584
1738572083,581
1738572086,569
1738572089,577
1738572092,570
1738572096,576
1738572098,656
1738572101,831
1738572105,820
1738572107,833
1738572107,None
1738572113,570
1738572116,569
1738572120,572
1738572123,583
1738572126,573
1738572129,669
1738572132,857
1738572135,952
1738572138,993
1738572141,888
1738572144,776
1738572147,786
1738572150,791
1738572153,795
1738572156,802
1738572159,802
1738572163,806
1738572165,816
1738572168,810
1738572172,816
1738572175,820
1738572177,818
1738572181,828
1738572184,828
1738572187,818
1738572190,836
1738572193,828
1738572196,822
1738572199,826
1738572202,831
1738572205,822
1738572208,824
1738572208,None
1738572215,824
1738572217,825
1738572217,None
1738572225,830
1738572226,819
1738572230,833
1738572233,830
1738572236,817
1738572239,836
1738572242,834
1738572245,823
1738572248,827
1738572248,None
1738572254,893
1738572257,893
1738572260,897
1738572264,904
1738572267,894
1738572269,902
1738572272,903
1738572276,892
1738572279,909
1738572281,906
1738572285,894
1738572288,907
1738572291,904
1738572294,902
1738572297,908
1738572300,906
1738572303,908
1738572306,910
1738572309,915
1738572312,906
1738572312,None
1738572312,None
1738572321,905
1738572324,922
1738572327,914
1738572330,910
1738572333,919
1738572336,909
1738572340,915
1738572342,911
1738572346,914
1738572349,911
1738572351,919
1738572354,916
1738572358,908
1738572361,910
1738572364,924
1738572367,924
1738572370,922
1738572373,1008
1738572376,1033
1738572379,1027
1738572382,1035
1738572385,1038
1738572389,1040
1738572391,1036
1738572394,996
1738572398,977
1738572401,992
1738572403,982
1738572407,974
1738572410,979
1738572410,None
1738572416,969
1738572419,985
1738572422,971
1738572425,980
1738572428,977
1738572431,973
1738572434,983
1738572437,972
1738572440,976
1738572443,978
1738572446,982
1738572450,968
1738572452,980
1738572455,985
1738572459,971
1738572461,974
1738572461,None
1738572467,975
1738572470,974
1738572473,977
1738572476,979
1738572480,968
1738572483,980
1738572486,979
1738572489,974
1738572489,None
1738572495,983
1738572498,977
1738572498,None
1738572504,979
1738572507,985
1738572510,986
1738572513,999
1738572516,1244
1738572519,1462
1738572522,1480
1738572525,1426
1738572528,1235
1738572531,1053
1738572534,976
1738572537,984
1738572541,980
1738572541,None
1738572541,None
1738572550,988
1738572553,984
1738572556,981
1738572559,989
1738572562,986
1738572565,977
1738572568,983
1738572571,987
1738572574,979
1738572577,978
1738572580,982
1738572583,978
1738572586,987
1738572589,974
1738572593,983
1738572596,992
1738572598,990
1738572598,None
1738572605,997
1738572607,993
1738572611,977
1738572614,960
1738572617,925
1738572620,927
1738572623,923
1738572626,920
1738572629,927
1738572632,914
1738572635,918
1738572638,921
1738572642,911
1738572644,924
1738572647,918
1738572650,915
1738572653,921
1738572656,911
1738572659,924
1738572662,928
1738572666,927
1738572669,930
1738572672,972
1738572675,971
1738572678,975
1738572681,973
1738572684,970
1738572684,None
1738572690,982
1738572693,973
1738572696,971
1738572699,974
1738572703,960
1738572706,956
1738572706,None
1738572711,955
1738572714,1073
1738572717,1175
1738572720,1187
1738572723,1180
1738572726,1177
1738572729,1181
1738572732,1154
1738572736,1106
1738572739,1111
1738572742,1113
1738572745,1097
1738572747,1100
1738572751,1100
1738572751,None
1738572757,1093
1738572760,1096
1738572763,1095
1738572766,1089
1738572769,1105
1738572772,1109
1738572775,1097
1738572778,1089
1738572781,1092
1738572784,1087
1738572787,1084
1738572787,None
1738572794,1070
1738572796,1077
1738572800,1082
1738572802,1080
1738572805,1081
1738572809,1074
1738572812,1073
1738572815,1084
1738572818,1081
1738572821,1074
1738572824,1077
1738572827,1076
1738572830,1079
1738572833,1072
1738572836,1079
1738572839,1076
1738572843,1069
1738572843,None
1738572848,1072
1738572851,1039
1738572854,841
1738572857,657
1738572860,637
1738572863,633
1738572867,614
1738572869,618
1738572873,612
1738572876,605
1738572879,600
1738572882,586
1738572885,593
1738572888,589
1738572891,586
1738572894,589
1738572897,581
1738572900,583
1738572903,638
1738572906,808
1738572909,834
1738572912,857
1738572915,1013
1738572918,826
1738572921,831
1738572924,708
1738572927,577
1738572930,584
1738572933,583
1738572936,577
1738572939,585
1738572943,587
1738572946,580
1738572948,586
1738572951,583
1738572954,581
1738572958,588
1738572961,584
1738572964,576
1738572967,586
1738572970,576
1738572973,539
1738572976,516
1738572979,525
1738572982,523
1738572982,None
1738572988,520
1738572991,510
1738572994,510
1738572997,518
1738573000,514
1738573000,None
1738573007,520
1738573010,514
1738573013,512
1738573015,520
1738573018,520
1738573022,515
1738573025,506
1738573027,506
1738573031,511
1738573034,511
1738573037,509
1738573039,509
1738573043,514
1738573046,513
1738573049,509
1738573052,520
1738573055,565
1738573058,565
1738573061,565
1738573064,558
1738573064,None
1738573070,562
1738573074,555
1738573076,550
1738573080,562
1738573083,553
1738573085,549
1738573089,560
1738573092,556
1738573095,517
1738573098,523
1738573101,516
1738573104,509
1738573107,505
1738573110,504
1738573113,492
1738573116,503
1738573119,488
1738573123,484
1738573125,481
1738573129,479
1738573132,513
1738573135,513
1738573138,518
1738573141,523
1738573144,519
1738573147,523
1738573150,515
1738573153,523
1738573156,521
1738573159,520
1738573162,519
1738573165,521
1738573168,524
1738573168,None
1738573174,525
1738573177,521
1738573180,526
1738573180,None
1738573186,523
1738573186,None
1738573193,527
1738573196,531
1738573198,537
1738573202,541
1738573205,538
1738573208,542
1738573211,548
1738573214,544
1738573217,536
1738573220,548
1738573223,544
1738573226,570
1738573229,798
1738573229,None
1738573235,800
1738573238,1030
1738573241,796
1738573244,807
1738573247,805
1738573251,622
1738573253,533
1738573256,552
1738573260,552
1738573263,545
1738573266,553
1738573269,552
1738573272,548
1738573275,548
1738573278,532
1738573281,529
1738573284,543
1738573287,534
1738573287,None
1738573293,531
1738573296,532
1738573299,530
1738573302,530
1738573305,526
1738573308,531
1738573311,544
1738573315,541
1738573315,None
1738573321,561
1738573323,559
1738573326,550
1738573329,563
1738573333,554
1738573336,556
1738573339,559
1738573342,562
1738573345,556
1738573348,575
1738573351,576
1738573354,563
1738573357,554
1738573360,566
1738573363,566
1738573366,563
1738573369,568
1738573372,563
1738573375,559
1738573378,569
1738573382,573
1738573382,None
1738573388,571
1738573390,565
1738573394,563
1738573396,560
1738573396,None
1738573403,560
1738573406,561
1738573409,562
1738573412,564
1738573415,568
1738573418,566
1738573421,560
1738573424,573
1738573427,573
1738573430,567
1738573433,566
1738573437,570
1738573439,571
1738573442,566
1738573445,571
1738573449,575
1738573452,563
1738573455,571
1738573458,567
1738573461,561
1738573464,572
1738573467,573
1738573470,569
1738573473,569
1738573476,565
1738573480,565
1738573483,562
1738573486,570
1738573488,559
1738573491,574
1738573491,None
1738573498,565
1738573501,567
1738573505,570
1738573507,570
1738573510,571
1738573513,563
1738573516,573
1738573519,567
1738573522,569
1738573525,566
1738573528,570
1738573531,575
1738573534,589
1738573537,575
1738573540,578
1738573543,575
1738573546,558
1738573549,561
1738573553,619
1738573555,703
1738573559,746
1738573562,766
1738573565,770
1738573568,772
1738573571,773
1738573573,792
1738573573,None
1738573580,1042
1738573583,1046
1738573586,1058
1738573589,1046
1738573592,807
1738573595,809
1738573598,817
1738573601,811
1738573604,807
1738573607,803
1738573610,818
1738573614,811
1738573617,809
1738573617,None
1738573623,816
1738573626,822
1738573629,812
1738573632,815
1738573635,818
1738573638,806
1738573641,817
1738573644,814
1738573647,819
1738573650,825
1738573653,820
1738573656,822
1738573659,1052
1738573662,1070
1738573665,1072
1738573669,992
1738573671,852
1738573674,878
1738573678,892
1738573681,896
1738573684,890
1738573686,903
1738573690,895
1738573690,None
1738573696,903
1738573699,905
1738573702,903
1738573705,896
1738573705,None
1738573705,None
1738573714,890
1738573717,908
1738573720,901
1738573723,896
1738573726,904
1738573729,899
1738573732,904
1738573735,902
1738573735,None
1738573742,908
1738573745,905
1738573748,917
1738573750,912
1738573753,905
1738573757,909
1738573760,907
1738573763,906
1738573766,906
1738573769,910
1738573772,902
1738573775,907
1738573778,918
1738573781,907
1738573784,901
1738573787,917
1738573790,938
1738573790,None
1738573797,1023
1738573799,1022
1738573802,1031
1738573806,1038
1738573808,1034
1738573811,1029
1738573814,1041
1738573817,1037
1738573817,None
1738573824,1043
1738573827,1040
1738573830,1044
1738573833,1046
1738573836,1047
1738573839,1048
1738573842,1052
1738573845,1058
1738573848,1051
1738573851,1065
1738573855,1062
1738573857,1055
1738573861,1063
1738573863,1064
1738573866,1066
1738573869,1097
1738573872,1097
1738573875,1087
1738573878,1092
1738573881,1095
1738573881,None
1738573888,1101
1738573891,1094
1738573894,1102
1738573897,1095
1738573900,1099
1738573903,1096
1738573906,1073
1738573909,1070
1738573912,1056
1738573915,1005
1738573918,998
1738573921,997
1738573924,1000
1738573927,995
1738573930,1032
1738573934,1028
1738573936,1026
1738573939,1026
1738573942,1018
1738573946,1013
1738573949,996
1738573952,987
1738573954,993
1738573957,981
1738573961,991
1738573964,986
1738573967,986
1738573970,983
1738573972,979
1738573976,987
1738573979,987
1738573982,985
1738573986,1063
1738573988,1239
1738573991,1239
1738573994,1227
1738573997,1157
1738574000,981
1738574003,991
1738574006,982
1738574006,None
1738574012,980
1738574016,975
1738574019,980
1738574021,1085
1738574025,1232
1738574028,1235
1738574030,1237
1738574034,1188
1738574037,989
1738574040,988
1738574043,985
1738574046,981
1738574049,985
1738574052,972
1738574055,918
1738574058,921
1738574061,917
1738574064,913
1738574067,922
1738574070,908
1738574073,902
1738574076,915
1738574080,911
1738574080,None
1738574086,905
1738574089,910
1738574092,911
1738574095,907
1738574098,898
1738574101,897
1738574104,904
1738574107,887
1738574110,898
1738574113,893
1738574116,889
1738574119,899
1738574122,891
1738574125,899
1738574128,896
1738574131,893
1738574134,894
1738574137,899
1738574140,892
1738574143,902
1738574146,897
1738574150,888
1738574153,901
1738574156,889
1738574159,898
1738574162,895
1738574165,892
1738574168,895
1738574171,874
1738574174,850
1738574177,814
1738574180,816
1738574183,821
1738574186,811
1738574189,821
1738574192,811
1738574195,807
1738574198,812
1738574202,810
1738574204,813
1738574207,813
1738574210,819
1738574214,827
1738574216,819
1738574220,819
1738574223,829
1738574226,825
1738574228,812
1738574228,None
1738574235,823
1738574238,818
1738574241,820
1738574244,816
1738574247,816
1738574250,823
1738574250,None
1738574256,820
1738574259,814
1738574262,812
1738574266,815
1738574268,820
1738574271,812
1738574274,828
1738574277,837
1738574280,835
1738574284,878
1738574284,None
1738574284,None
1738574292,797
1738574296,737
1738574299,686
1738574301,660
1738574305,652
1738574308,650
1738574311,614
1738574314,612
1738574317,597
1738574317,None
1738574323,605
1738574326,594
1738574329,594
1738574332,597
1738574332,None
1738574338,593
1738574342,586
1738574344,596
1738574347,589
1738574351,588
1738574354,586
1738574357,583
1738574359,587
1738574363,582
1738574366,581
1738574369,589
1738574372,579
1738574375,585
1738574378,609
1738574381,833
1738574384,835
1738574387,831
1738574390,833
1738574393,583
1738574393,None
1738574399,580
1738574402,571
1738574405,579
1738574408,577
1738574412,561
1738574415,532
1738574417,519
1738574421,519
1738574424,520
1738574427,520
1738574430,519
1738574433,520
1738574436,518
1738574436,None
1738574442,512
1738574445,521
1738574448,542
1738574451,773
1738574454,769
1738574457,776
1738574460,645
1738574464,517
1738574466,505
1738574470,505
1738574472,505
1738574475,506
1738574478,501
1738574482,510
1738574484,499
1738574484,None
1738574484,None
1738574494,493
1738574497,495
1738574500,492
1738574503,492
1738574506,497
1738574509,489
1738574512,502
1738574515,488
1738574518,496
1738574521,494
1738574524,500
1738574527,494
1738574530,493
1738574533,473
1738574536,477
1738574539,471
1738574542,477
1738574546,469
1738574548,479
1738574552,476
1738574555,478
1738574558,478
1738574561,476
1738574564,470
1738574567,478
1738574570,469
1738574573,464
1738574576,474
1738574579,475
1738574582,469
1738574585,476
1738574588,469
1738574591,465
1738574594,460
1738574597,460
1738574601,464
1738574603,456
1738574607,463
1738574609,460
1738574612,456
1738574612,None
1738574618,457
1738574622,471
1738574624,459
1738574628,459
1738574631,460
1738574631,None
1738574637,459
1738574639,453
1738574643,465
1738574643,None
1738574649,461
1738574652,462
1738574655,455
1738574658,457
1738574661,455
1738574664,455
1738574667,458
1738574671,454
1738574673,466
1738574677,454
1738574680,463
1738574683,462
1738574686,455
1738574689,461
1738574692,479
1738574695,499
1738574698,507
1738574701,522
1738574705,501
1738574707,505
1738574710,506
1738574713,498
1738574713,None
1738574719,509
1738574722,500
1738574725,510
1738574728,508
1738574732,511
1738574735,509
1738574737,513
1738574741,510
1738574744,513
1738574747,520
1738574750,514
1738574752,516
1738574756,521
1738574759,513
1738574762,519
1738574765,514
1738574768,523
1738574771,529
1738574774,526
1738574777,520
1738574777,None
1738574783,750
1738574786,781
1738574786,None
1738574792,598
1738574795,524
1738574798,525
1738574801,524
1738574804,528
1738574807,525
1738574810,519
1738574814,520
1738574817,513
1738574820,523
1738574823,513
1738574826,517
1738574829,507
1738574832,509
1738574835,510
1738574838,532
1738574841,535
1738574844,555
1738574847,573
1738574847,None
1738574853,827
1738574856,829
1738574859,823
1738574863,785
1738574865,573
1738574869,575
1738574872,574
1738574875,582
1738574878,585
1738574881,560
1738574884,557
1738574887,552
1738574890,530
1738574893,529
1738574896,530
1738574899,528
1738574902,529
1738574905,530
1738574908,529
1738574911,532
1738574914,525
1738574917,531
1738574920,534
1738574920,None
1738574927,527
1738574930,533
1738574933,529
1738574936,535
1738574939,532
1738574941,532
1738574945,521
1738574948,483
1738574951,476
1738574954,471
1738574957,481
1738574960,478
1738574960,None
1738574966,479
1738574969,480
1738574972,472
1738574975,475
1738574978,482
1738574981,472
1738574984,479
1738574987,474
1738574991,504
1738574994,492
1738574996,453
1738574999,451
1738575003,448
1738575003,None
1738575008,448
1738575012,445
1738575012,None
1738575018,488
1738575021,427
1738575024,435
1738575027,423
1738575030,426
1738575033,421
1738575036,419
1738575039,419
1738575042,412
1738575045,415
1738575049,420
1738575051,409
1738575055,422
1738575058,417
1738575061,411
1738575064,426
1738575067,424
1738575067,None
1738575074,416
1738575076,419
1738575079,407
1738575079,None
1738575086,423
1738575088,417
1738575092,410
1738575095,417
1738575098,421
1738575101,423
1738575104,418
1738575107,421
1738575110,422
1738575113,680
1738575116,666
1738575116,None
1738575122,547
1738575125,427
1738575128,419
1738575131,421
1738575134,419
1738575137,420
1738575140,420
1738575143,420
1738575146,426
1738575149,419
1738575152,422
1738575156,424
1738575159,421
1738575161,419
1738575165,420
1738575168,418
1738575170,421
1738575174,424
1738575177,421
1738575177,None
1738575182,406
1738575186,392
1738575189,389
1738575192,390
1738575192,None
1738575198,386
1738575201,389
1738575204,389
1738575207,381
1738575210,395
1738575213,390
1738575216,387
1738575219,394
1738575222,390
1738575225,390
1738575229,388
1738575231,393
1738575235,385
1738575237,398
1738575241,391
1738575244,389
1738575246,404
1738575250,392
1738575253,417
1738575256,414
1738575259,414
1738575262,418
1738575265,415
1738575268,411
1738575271,418
1738575274,427
1738575274,None
1738575281,412
1738575283,424
1738575287,423
1738575289,419
1738575292,424
1738575296,423
1738575299,420
1738575302,431
1738575305,415
1738575308,426
1738575311,425
1738575314,418
1738575317,429
1738575320,568
1738575323,682
1738575326,678
1738575329,678
1738575332,503
1738575335,417
1738575338,422
1738575341,427
1738575344,415
1738575347,425
1738575350,426
1738575353,416
1738575357,426
1738575360,418
1738575363,420
1738575365,423
1738575369,419
1738575372,418
1738575375,427
1738575378,425
1738575381,409
1738575384,424
1738575387,416
1738575390,416
1738575393,420
1738575396,411
1738575399,420
1738575402,421
1738575405,411
1738575408,422
1738575411,422
1738575415,419
1738575418,423
1738575421,416
1738575424,424
1738575426,422
1738575430,423
1738575433,421
1738575436,420
1738575439,420
1738575442,418
1738575445,415
1738575448,418
1738575451,409
1738575454,421
1738575457,407
1738575460,421
1738575463,416
1738575466,413
1738575469,420
1738575472,503
1738575475,661
1738575478,661
1738575481,662
1738575485,659
1738575487,528
1738575490,425
1738575493,487
1738575497,563
1738575500,589
1738575503,610
1738575506,632
1738575509,623
1738575512,628
1738575515,635
1738575515,None
1738575521,646
1738575521,None
1738575527,646
1738575530,650
1738575533,657
1738575536,652
1738575539,651
1738575542,662
1738575546,661
1738575549,673
1738575551,669
1738575555,657
1738575557,671
1738575561,675
1738575563,670
1738575567,672
1738575570,669
1738575570,None
1738575576,671
1738575579,668
1738575582,678
1738575585,665
1738575588,676
1738575592,674
1738575594,674
1738575597,678
1738575597,None
1738575603,674
1738575606,684
1738575609,672
1738575609,None
1738575616,745
1738575618,742
1738575618,None
1738575625,743
1738575627,742
1738575631,748
1738575634,742
1738575637,750
1738575640,739
1738575643,746
1738575646,752
1738575649,749
1738575652,741
1738575655,756
1738575658,750
1738575661,756
1738575664,750
1738575668,756
1738575670,756
1738575673,749
1738575677,762
1738575680,760
1738575683,751
1738575686,754
1738575688,760
1738575692,756
1738575695,754
1738575698,759
1738575701,756
1738575704,752
1738575708,762
1738575710,765
1738575713,754
1738575716,769
1738575719,760
1738575722,759
1738575725,762
1738575728,758
1738575731,795
1738575735,870
1738575737,866
1738575740,875
1738575744,886
1738575747,872
1738575750,884
1738575752,891
1738575755,885
1738575759,1024
1738575762,1154
1738575765,1150
1738575768,1053
1738575771,891
1738575774,898
1738575777,904
1738575780,899
1738575783,891
1738575783,None
1738575789,903
1738575789,None
1738575795,907
1738575798,904
1738575801,904
1738575804,908
1738575807,914
1738575811,900
1738575814,865
1738575817,836
1738575820,828
1738575823,835
1738575826,834
1738575829,836
1738575832,837
1738575835,836
1738575839,832
1738575841,836
1738575844,828
1738575847,838
1738575851,824
1738575853,835
1738575857,825
1738575860,837
1738575862,824
1738575865,835
1738575869,828
1738575872,828
1738575875,828
1738575878,827
1738575881,832
1738575884,825
1738575887,824
1738575890,827
1738575893,814
1738575896,828
1738575899,820
1738575902,826
1738575905,817
1738575908,814
1738575911,828
1738575914,824
1738575917,815
1738575921,822
1738575923,820
1738575926,820
1738575929,820
1738575933,830
1738575936,829
1738575939,969
1738575942,1093
1738575944,1103
1738575948,1097
1738575948,None
1738575954,878
1738575957,771
1738575960,774
1738575963,769
1738575966,775
1738575969,768
1738575972,771
1738575975,769
1738575978,763
1738575982,769
1738575984,773
1738575987,771
1738575990,776
1738575994,760
1738575997,776
1738576000,765
1738576003,765
1738576006,765
1738576009,767
1738576012,775
1738576015,837
1738576018,872
1738576021,885
1738576025,882
1738576027,861
1738576030,865
1738576030,None
1738576037,853
1738576039,845
1738576039,None
1738576046,858
1738576048,853
1738576051,854
1738576054,856
1738576058,852
1738576061,837
1738576064,841
1738576067,848
1738576070,838
1738576073,796
1738576076,775
1738576079,762
1738576082,754
1738576085,763
1738576088,752
1738576091,754
1738576094,751
1738576097,761
1738576100,745
1738576103,745
1738576103,None
1738576109,743
1738576113,746
1738576116,745
1738576119,737
1738576121,745
1738576124,743
1738576127,741
1738576131,731
1738576134,739
1738576137,740
1738576140,745
1738576143,738
1738576146,825
1738576149,1001
1738576152,994
1738576156,1004
1738576158,902
1738576161,742
1738576164,742
1738576167,744
1738576170,742
1738576173,745
1738576176,736
1738576180,741
1738576183,731
1738576185,745
1738576185,None
1738576192,714
1738576195,608
1738576198,563
1738576201,549
1738576204,542
1738576207,528
1738576210,529
1738576213,528
1738576216,518
1738576220,518
1738576222,521
1738576225,511
1738576229,514
1738576232,510
1738576234,515
1738576237,510
1738576241,514
1738576243,509
1738576247,512
1738576250,512
1738576253,510
1738576253,None
1738576259,504
1738576262,509
1738576265,504
1738576268,503
1738576271,502
1738576274,507
1738576277,502
1738576280,504
1738576283,497
1738576286,507
1738576286,None
1738576292,500
1738576296,497
1738576296,None
1738576301,499
1738576301,None
1738576308,497
1738576311,492
1738576314,467
1738576317,439
1738576320,440
1738576323,445
1738576326,434
1738576329,443
1738576332,436
1738576335,434
1738576338,437
1738576341,435
1738576345,435
1738576347,438
1738576350,431
1738576353,431
1738576356,437
1738576359,423
1738576363,440
1738576366,430
1738576369,429
1738576372,439
1738576375,429
1738576378,434
1738576381,433
1738576384,432
1738576387,428
1738576391,432
1738576393,432
1738576396,427
1738576396,None
1738576402,424
1738576405,428
1738576408,506
1738576411,677
1738576414,676
1738576418,682
1738576422,509
1738576424,426
1738576427,424
1738576430,433
1738576433,408
1738576437,403
1738576439,408
1738576442,404
1738576445,411
1738576448,404
1738576452,406
1738576455,406
1738576455,None
1738576461,394
1738576464,404
1738576467,404
1738576470,409
1738576473,411
1738576476,402
1738576479,417
1738576482,406
1738576485,406
1738576489,407
1738576491,409
1738576494,406
1738576497,409
1738576500,400
1738576503,413
1738576506,403
1738576509,408
1738576512,407
1738576515,403
1738576519,404
1738576522,403
1738576525,402
1738576528,407
1738576531,401
1738576534,410
1738576537,404
1738576540,406
1738576543,414
1738576546,413
1738576549,426
1738576552,416
1738576555,393
1738576558,398
1738576561,397
1738576565,401
1738576567,390
1738576571,396
1738576574,399
1738576577,391
1738576580,518
1738576583,660
1738576586,653
1738576589,649
1738576592,420
1738576595,440
1738576598,435
1738576601,443
1738576604,438
1738576607,438
1738576610,444
1738576614,440
1738576617,449
1738576619,449
1738576622,431
1738576625,451
1738576629,443
1738576631,441
1738576635,448
1738576637,443
1738576641,451
1738576644,443
1738576647,450
1738576647,None
1738576653,449
1738576656,456
1738576659,453
1738576662,448
1738576665,456
1738576668,458
1738576672,449
1738576675,451
1738576677,457
1738576681,454
1738576683,454
1738576686,463
1738576690,461
1738576692,459
1738576696,462
1738576699,455
1738576699,None
1738576699,None
1738576708,458
1738576711,462
1738576714,456
1738576717,456
1738576717,None
1738576723,456
1738576726,462
1738576729,452
1738576732,463
1738576735,452
1738576738,465
1738576742,457
1738576745,462
1738576748,458
1738576751,457
1738576754,464
1738576757,464
1738576757,None
1738576763,456
1738576763,None
1738576769,453
1738576769,None
1738576775,457
1738576778,462
1738576781,454
1738576784,601
1738576787,711
1738576790,715
1738576793,712
1738576796,485
1738576799,455
1738576802,451
1738576806,460
1738576809,456
1738576812,449
1738576815,457
1738576818,463
1738576821,452
1738576824,464
1738576824,None
1738576830,464
1738576833,453
1738576836,468
1738576839,464
1738576839,None
1738576846,468
1738576846,None
1738576851,499
1738576855,498
1738576858,497
1738576861,498
1738576861,None
1738576867,497
1738576870,502
1738576873,504
1738576876,496
1738576879,504
1738576882,498
1738576885,486
1738576888,494
1738576891,497
1738576894,496
1738576897,496
1738576900,491
1738576903,498
1738576906,496
1738576910,494
1738576912,498
1738576915,498
1738576918,489
1738576922,497
1738576922,None
1738576928,494
1738576931,492
1738576934,497
1738576937,496
1738576940,497
1738576943,500
1738576946,503
1738576949,500
1738576952,496
1738576955,501
1738576958,499
1738576961,495
1738576964,503
1738576967,763
1738576971,780
1738576973,764
1738576976,716
1738576980,490
1738576982,500
1738576986,501
1738576988,491
1738576992,497
1738576995,495
1738576998,500
1738577001,503
1738577004,513
1738577007,505
1738577010,496
1738577013,500
1738577016,511
1738577019,511
1738577022,506
1738577025,499
1738577028,496
1738577031,507
1738577034,506
1738577037,501
1738577040,505
1738577043,507
1738577046,496
1738577050,497
1738577053,507
1738577056,510
1738577059,505
1738577062,498
1738577065,492
1738577068,504
1738577071,499
1738577074,505
1738577077,506
1738577080,510
1738577083,508
1738577086,503
1738577089,508
1738577089,None
1738577095,498
1738577099,505
1738577101,501
1738577104,501
1738577107,507
1738577111,504
1738577113,528
1738577117,525
1738577119,521
1738577123,532
1738577126,530
1738577129,533
1738577132,529
1738577135,527
1738577138,525
1738577141,532
1738577144,519
1738577147,534
1738577150,537
1738577153,536
1738577156,531
1738577159,534
1738577162,528
1738577165,537
1738577168,600
1738577171,787
1738577174,783
1738577177,789
1738577181,789
1738577184,755
1738577186,537
1738577189,539
1738577192,531
1738577196,531
1738577198,542
1738577202,538
1738577205,542
1738577208,537
1738577211,522
1738577214,527
1738577217,540
1738577220,530
1738577223,521
1738577226,529
1738577229,525
1738577232,520
1738577235,527
1738577238,525
1738577242,531
1738577244,530
1738577247,527
1738577250,530
1738577250,None
1738577256,528
1738577259,528
1738577262,523
1738577265,533
1738577269,528
1738577272,523
1738577275,530
1738577278,528
1738577278,None
1738577284,520
1738577287,530
1738577290,523
1738577293,528
1738577296,525
1738577299,525
1738577302,526
1738577305,538
1738577308,529
1738577311,523
1738577314,523
1738577317,544
1738577320,536
1738577323,538
1738577326,533
1738577329,538
1738577332,538
1738577336,538
1738577339,541
1738577342,535
1738577345,540
1738577348,541
1738577351,561
1738577354,609
1738577357,697
1738577357,None
1738577363,736
1738577366,748
1738577369,763
1738577372,758
1738577375,762
1738577378,767
1738577381,764
1738577384,769
1738577387,772
1738577387,None
1738577393,770
1738577396,776
1738577400,808
1738577402,798
1738577406,804
1738577406,None
1738577412,890
1738577415,1043
1738577418,1035
1738577421,1042
1738577424,1033
1738577427,784
1738577430,788
1738577433,783
1738577436,791
1738577439,787
1738577442,791
1738577445,787
1738577448,779
1738577451,787
1738577454,789
1738577457,791
1738577461,783
1738577463,786
1738577466,786
1738577469,795
1738577472,833
1738577475,858
1738577479,851
1738577481,858
1738577485,866
1738577488,862
1738577491,855
1738577494,867
1738577497,866
1738577500,866
1738577503,861
1738577503,None
1738577509,863
1738577512,863
1738577515,870
1738577518,867
1738577521,855
1738577524,871
1738577527,868
1738577531,863
1738577533,860
1738577537,872
1738577540,864
1738577543,867
1738577543,None
1738577549,868
1738577552,870
1738577555,873
1738577558,880
1738577561,871
1738577564,864
1738577567,876
1738577570,870
1738577574,869
1738577576,874
1738577580,878
1738577582,871
1738577586,881
1738577588,881
1738577592,913
1738577594,988
1738577597,980
1738577601,999
1738577604,999
1738577607,992
1738577610,1003
1738577613,1005
1738577616,1001
1738577619,1010
1738577622,1004
1738577625,1015
1738577625,None
1738577631,1010
1738577635,1013
1738577637,1019
1738577640,1014
1738577643,1011
1738577647,1011
1738577650,1178
1738577652,1265
1738577655,1267
1738577658,1271
1738577662,1208
1738577665,1018
1738577668,1024
1738577671,1008
1738577674,965
1738577677,953
1738577680,940
1738577683,946
1738577686,949
1738577689,942
1738577692,942
1738577695,948
1738577699,939
1738577701,939
1738577704,941
1738577707,937
1738577710,941
1738577714,945
1738577716,933
1738577720,941
1738577723,933
1738577725,941
1738577729,936
1738577732,938
1738577735,941
1738577738,936
1738577741,944
1738577741,None
1738577747,947
1738577750,934
1738577753,940
1738577756,937
1738577759,943
1738577762,940
1738577766,937
1738577768,937
1738577771,937
1738577775,936
1738577778,935
1738577781,941
1738577784,935
1738577787,929
1738577789,945
1738577789,None
1738577796,939
1738577799,942
1738577802,937
1738577805,948
1738577805,None
1738577811,928
1738577814,897
1738577817,868
1738577820,873
1738577823,870
1738577826,863
1738577829,880
1738577832,873
1738577836,870
1738577838,876
1738577842,874
1738577844,872
1738577848,870
1738577851,869
1738577854,871
1738577857,879
1738577860,867
1738577863,878
1738577866,873
1738577870,867
1738577870,None
1738577875,872
1738577878,876
1738577881,871
1738577884,876
1738577887,872
1738577891,860
1738577893,866
1738577896,1033
1738577900,1120
1738577902,1115
1738577906,1114
1738577909,1021
1738577912,864
1738577915,859
1738577918,861
1738577921,859
1738577924,864
1738577927,864
1738577930,849
1738577933,823
1738577936,787
1738577939,789
1738577943,789
1738577945,779
1738577948,783
1738577952,781
1738577955,784
1738577957,775
1738577960,782
1738577964,772
1738577967,785
1738577970,779
1738577973,772
1738577976,773
1738577979,772
1738577982,771
1738577985,772
1738577988,773
1738577991,772
1738577994,770
1738577997,772
1738577997,None
1738578003,764
1738578006,779
1738578009,776
1738578012,773
1738578016,769
1738578018,773
1738578018,None
1738578024,778
1738578028,769
1738578031,773
1738578034,784
1738578037,775
1738578040,769
1738578043,777
1738578046,776
1738578049,777
1738578052,747
1738578055,668
1738578058,601
1738578061,596
1738578064,576
1738578067,573
1738578070,557
1738578073,558
1738578077,551
1738578079,548
1738578083,548
1738578083,None
1738578088,697
1738578092,795
1738578095,800
1738578098,791
1738578101,790
1738578104,699
1738578107,538
1738578110,540
1738578113,528
1738578116,540
1738578119,537
1738578122,535
1738578125,536
1738578128,528
1738578131,535
1738578135,533
1738578138,530
1738578140,520
1738578143,528
1738578147,531
1738578149,522
1738578152,525
1738578156,534
1738578159,525
1738578162,529
1738578165,523
1738578168,526
1738578171,524
1738578171,None
1738578177,476
1738578180,469
1738578183,476
1738578187,466
1738578189,471
1738578193,459
1738578196,465
1738578198,466
1738578201,463
1738578205,465
1738578208,463
1738578211,462
1738578214,466
1738578217,460
1738578220,467
1738578223,454
1738578225,464
1738578229,454
1738578232,459
1738578235,459
1738578238,461
1738578241,460
1738578244,459
1738578247,457
1738578250,454
1738578253,455
1738578256,460
1738578259,457
1738578262,453
1738578265,456
1738578268,457
1738578271,460
1738578275,454
1738578278,456
1738578280,460
1738578284,455
1738578287,461
1738578290,468
1738578293,447
1738578296,440
1738578299,444
1738578299,None
1738578305,442
1738578308,438
1738578311,435
1738578314,438
1738578318,431
1738578321,432
1738578323,438
1738578326,429
1738578329,432
1738578332,432
1738578335,429
1738578335,None
1738578341,428
1738578345,433
1738578348,436
1738578351,490
1738578354,692
1738578357,683
1738578360,685
1738578363,622
1738578366,435
1738578370,429
1738578372,423
1738578375,434
1738578375,None
1738578381,435
1738578381,None
1738578387,430
1738578390,425
1738578394,429
1738578396,421
1738578399,428
1738578402,434
1738578405,431
1738578409,428
1738578412,444
1738578415,471
1738578418,476
1738578421,474
1738578424,477
1738578424,None
1738578430,476
1738578433,473
1738578436,478
1738578439,471
1738578442,476
1738578445,474
1738578448,484
1738578451,476
1738578454,471
1738578457,467
1738578461,468
1738578463,470
1738578467,471
1738578470,468
1738578473,472
1738578476,469
1738578479,474
1738578482,468
1738578485,476
1738578488,471
1738578492,477
1738578494,473
1738578497,468
1738578500,472
1738578503,466
1738578506,470
1738578509,469
1738578512,462
1738578515,468
1738578518,462
1738578521,462
1738578524,473
1738578527,471
1738578530,468
1738578533,475
1738578533,None
1738578540,468
1738578542,473
1738578546,470
1738578549,473
1738578552,471
1738578555,472
1738578558,476
1738578561,472
1738578564,475
1738578567,471
1738578570,469
1738578573,469
1738578576,470
1738578579,470
1738578583,468
1738578585,623
1738578588,721
1738578591,733
1738578594,723
1738578597,598
1738578601,476
1738578604,477
1738578607,476
1738578610,475
1738578612,478
1738578616,477
1738578619,475
1738578622,475
1738578625,475
1738578628,474
1738578631,474
1738578634,477
1738578637,466
1738578640,478
1738578643,479
1738578646,459
1738578649,450
1738578652,459
1738578655,451
1738578658,454
1738578662,458
1738578664,447
1738578667,446
1738578670,452
1738578673,456
1738578676,441
1738578680,448
1738578683,461
1738578686,441
1738578689,439
1738578692,444
1738578695,542
1738578698,539
1738578701,538
1738578704,530
1738578707,526
1738578710,538
1738578713,532
1738578716,540
1738578719,530
1738578722,528
1738578725,536
1738578725,None
1738578725,None
1738578734,531
1738578737,528
1738578740,528
1738578743,521
1738578746,532
1738578750,532
1738578753,521
1738578756,534
1738578759,520
1738578762,521
1738578765,528
1738578765,None
1738578771,519
1738578774,519
1738578777,526
1738578780,520
1738578783,534
1738578787,527
1738578789,517
1738578792,523
1738578795,534
1738578798,525
1738578801,526
1738578805,525
1738578807,525
1738578811,530
1738578814,539
1738578817,531
1738578819,535
1738578823,526
1738578826,537
1738578829,532
1738578832,637
1738578835,785
1738578838,784
1738578841,777
1738578844,539
1738578847,531
1738578850,533
1738578853,539
1738578856,537
1738578859,531
1738578863,530
1738578866,531
1738578868,530
1738578872,529
1738578875,523
1738578878,524
1738578881,526
1738578884,530
1738578887,528
1738578890,530
1738578893,532
1738578896,521
1738578899,537
1738578902,528
1738578905,530
1738578908,532
1738578911,530
1738578914,529
1738578917,534
1738578917,None
1738578923,536
1738578927,534
1738578930,540
1738578932,538
1738578936,539
1738578939,534
1738578942,541
1738578945,526
1738578948,536
1738578951,535
1738578954,534
1738578957,536
1738578960,536
1738578963,537
1738578966,537
1738578969,530
1738578972,554
1738578975,545
1738578978,682
1738578982,793
1738578985,802
1738578988,795
1738578991,755
1738578994,556
1738578997,561
1738579000,566
1738579003,571
1738579006,560
1738579009,563
1738579012,568
1738579016,556
1738579019,572
1738579021,564
1738579024,557
1738579027,569
1738579030,562
1738579033,563
1738579037,568
1738579039,567
1738579042,559
1738579046,565
1738579049,570
1738579052,567
1738579055,572
1738579058,567
1738579061,578
1738579064,569
1738579067,570
1738579070,568
1738579073,571
1738579076,576
1738579080,567
1738579082,573
1738579085,566
1738579088,576
1738579091,580
1738579094,563
1738579097,570
1738579100,575
1738579103,568
1738579107,565
1738579109,567
1738579112,574
1738579116,571
1738579118,571
1738579121,565
1738579124,561
1738579128,570
1738579130,563
1738579133,552
1738579137,555
1738579140,563
1738579143,562
1738579146,550
1738579150,556
1738579152,562
1738579155,561
1738579158,556
1738579162,557
1738579164,560
1738579167,557
1738579170,562
1738579173,556
1738579176,560
1738579179,569
1738579182,556
1738579186,561
1738579189,567
1738579192,555
1738579194,557
1738579198,557
1738579201,563
1738579204,567
1738579207,559
1738579210,576
1738579213,629
1738579216,711
1738579219,739
1738579222,748
1738579225,774
1738579228,781
1738579231,779
1738579234,791
1738579238,791
1738579241,792
1738579243,794
1738579247,874
1738579250,1046
1738579253,1059
1738579256,1051
1738579259,857
1738579262,810
1738579262,None
1738579268,818
1738579271,821
1738579274,818
1738579277,814
1738579280,817
1738579283,822
1738579286,812
1738579289,822
1738579292,823
1738579295,807
1738579295,None
1738579301,817
1738579304,805
1738579307,818
1738579307,None
1738579313,813
1738579317,812
1738579317,None
1738579322,825
1738579326,817
1738579329,814
1738579332,858
1738579335,882
1738579338,890
1738579341,886
1738579341,None
1738579347,891
1738579350,882
1738579353,884
1738579357,899
1738579359,896
1738579362,903
1738579365,903
1738579368,906
1738579372,908
1738579374,904
1738579377,891
1738579381,1144
1738579384,1131
1738579387,1130
1738579390,1136
1738579393,891
1738579396,901
1738579399,902
1738579402,903
1738579405,899
1738579408,900
1738579408,None
1738579414,898
1738579417,898
1738579421,906
1738579421,None
1738579426,899
1738579429,907
1738579432,907
1738579435,913
1738579438,908
1738579441,906
1738579444,910
1738579448,909
1738579451,913
1738579454,1008
1738579457,1027
1738579460,1012
1738579463,1027
1738579463,None
1738579469,1025
1738579472,1033
1738579475,1027
1738579478,1036
1738579481,1031
1738579484,1028
1738579487,1038
1738579491,1042
1738579493,1029
1738579496,1028
1738579499,1042
1738579502,1040
1738579506,1038
1738579508,1043
1738579512,1045
1738579514,1046
1738579517,1050
1738579520,1043
1738579524,1044
1738579526,1051
1738579530,1047
1738579533,1052
1738579536,1052
1738579539,1052
1738579542,1057
1738579545,1051
1738579548,1058
1738579551,1049
1738579554,1047
1738579557,1061
1738579561,1057
1738579564,1051
1738579566,1052
1738579569,1048
1738579572,1104
1738579576,1130
1738579579,1135
1738579582,1143
1738579582,None
1738579588,1139
1738579591,1144
1738579594,1141
1738579597,1150
1738579600,1140
1738579600,None
1738579607,1152
1738579609,1150
1738579612,1133
1738579615,1081
1738579619,1074
1738579621,1075
1738579624,1072
1738579628,1076
1738579630,1069
1738579633,1070
1738579636,1073
1738579639,1075
1738579639,None
1738579646,1073
1738579648,1073
1738579652,1239
1738579655,1323
1738579658,1318
1738579661,1312
1738579664,1094
1738579664,None
1738579670,1073
1738579673,1073
1738579676,1069
1738579679,1077
1738579683,1070
1738579685,1082
1738579688,1079
1738579691,1074
1738579694,1070
1738579698,1073
1738579701,1079
1738579703,1074
1738579707,1081
1738579710,1086
1738579712,1060
1738579716,1018
1738579719,1013
1738579722,1017
1738579725,1066
1738579728,1252
1738579731,1249
1738579734,1258
1738579737,1224
1738579740,1007
1738579740,None
1738579746,1010
1738579749,1007
1738579752,1013
1738579755,1008
1738579758,1009
1738579761,1009
1738579765,1012
1738579768,1007
1738579770,1013
1738579773,1004
1738579777,1006
1738579779,1003
1738579783,1009
1738579786,1011
1738579789,1015
1738579792,1002
1738579795,1010
1738579798,1009
1738579801,996
1738579804,1022
1738579807,1000
1738579811,1011
1738579814,1012
1738579816,1008
1738579819,1007
1738579823,1006
1738579826,1012
1738579828,1002
1738579832,1002
1738579834,964
1738579838,929
1738579841,926
1738579844,924
1738579847,931
1738579850,911
1738579853,920
1738579856,915
1738579859,923
1738579859,None
1738579865,920
1738579868,915
1738579871,920
1738579874,920
1738579877,917
1738579877,None
1738579883,912
1738579886,915
1738579889,911
1738579892,920
1738579896,916
1738579899,947
1738579901,955
1738579904,950
1738579908,956
1738579910,947
1738579914,946
1738579917,944
1738579920,946
1738579920,None
1738579926,944
1738579929,941
1738579932,943
1738579935,943
1738579938,942
1738579941,937
1738579944,929
1738579947,935
1738579951,909
1738579953,890
1738579956,848
1738579960,841
1738579963,835
1738579966,833
1738579969,824
1738579971,826
1738579975,817
1738579978,815
1738579981,813
1738579984,813
1738579987,811
1738579990,816
1738579993,812
1738579996,813
1738579999,812
1738580002,808
1738580005,811
1738580008,809
1738580011,812
1738580014,811
1738580017,809
1738580022,807
1738580024,806
1738580027,812
1738580031,806
1738580033,813
1738580037,807
1738580039,815
1738580042,811
1738580045,813
1738580048,812
1738580051,810
1738580054,818
1738580058,821
1738580061,810
1738580064,817
1738580067,818
1738580070,822
1738580073,780
1738580076,685
1738580079,645
1738580082,629
1738580085,627
1738580088,619
1738580091,650
1738580094,856
1738580097,836
1738580100,707
1738580100,None
1738580106,457
1738580109,448
1738580112,460
1738580116,447
1738580118,455
1738580121,450
1738580124,445
1738580127,454
1738580131,441
1738580133,445
1738580137,447
1738580139,443
1738580143,443
1738580146,437
1738580149,432
1738580152,431
1738580155,427
1738580158,419
1738580161,432
1738580164,433
1738580167,618
1738580170,675
1738580173,668
1738580173,None
1738580179,482
1738580182,430
1738580185,427
1738580188,412
1738580191,422
1738580195,393
1738580198,370
1738580201,369
1738580204,366
1738580207,367
1738580209,364
1738580213,370
1738580216,360
1738580219,370
1738580222,367
1738580222,None
1738580228,371
1738580231,363
1738580234,359
1738580237,359
1738580237,None
1738580243,360
1738580246,349
1738580249,364
1738580249,None
1738580256,357
1738580258,366
1738580262,357
1738580265,356
1738580267,356
1738580271,366
1738580274,365
1738580277,362
1738580280,363
1738580283,352
1738580286,362
1738580289,352
1738580292,355
1738580295,355
1738580298,358
1738580301,358
1738580304,366
1738580308,365
1738580310,354
1738580314,344
1738580317,338
1738580320,340
1738580323,337
1738580326,333
1738580329,341
1738580332,333
1738580335,332
1738580338,336
1738580341,334
1738580344,339
1738580347,329
1738580350,340
1738580353,338
1738580356,335
1738580359,332
1738580359,None
1738580365,336
1738580368,336
1738580371,346
1738580375,338
1738580378,341
1738580381,341
1738580384,344
1738580386,337
1738580390,340
1738580393,334
1738580396,334
1738580399,348
1738580402,403
1738580405,525
1738580408,531
1738580411,541
1738580414,528
1738580417,498
1738580420,469
1738580423,471
1738580423,None
1738580429,452
1738580432,455
1738580435,457
1738580438,447
1738580442,446
1738580444,452
1738580447,448
1738580450,442
1738580453,454
1738580457,438
1738580459,449
1738580462,444
1738580465,448
1738580465,None
1738580472,466
1738580474,486
1738580478,492
1738580481,493
1738580484,500
1738580487,495
1738580490,505
1738580493,502
1738580496,503
1738580499,507
1738580502,510
1738580505,516
1738580505,None
1738580511,518
1738580514,523
1738580518,521
1738580520,521
1738580523,528
1738580526,516
1738580530,774
1738580533,772
1738580536,773
1738580539,690
1738580542,521
1738580545,522
1738580547,522
1738580552,523
1738580554,519
1738580557,526
1738580560,770
1738580563,779
1738580566,773
1738580569,738
1738580572,527
1738580575,520
1738580579,514
1738580582,520
1738580582,None
1738580587,514
1738580591,512
1738580593,511
1738580597,510
1738580600,510
1738580603,506
1738580606,511
1738580609,505
1738580609,None
1738580615,515
1738580618,504
1738580621,516
1738580625,507
1738580627,512
1738580627,None
1738580633,509
1738580637,506
1738580640,508
1738580642,507
1738580646,507
1738580648,509
1738580651,500
1738580655,510
1738580658,498
1738580661,505
1738580664,509
1738580667,501
1738580670,512
1738580673,508
1738580676,494
1738580679,511
1738580682,504
1738580686,502
1738580688,505
1738580691,502
1738580694,508
1738580698,500
1738580701,506
1738580703,501
1738580707,495
1738580710,509
1738580713,502
1738580716,490
1738580719,500
1738580722,513
1738580725,504
1738580728,499
1738580728,None
1738580734,499
1738580734,None
1738580740,496
1738580743,503
1738580747,507
1738580749,502
1738580752,496
1738580755,488
1738580758,501
1738580762,502
1738580765,500
1738580767,500
1738580767,None
1738580773,499
1738580777,495
1738580780,496
1738580783,500
1738580786,507
1738580789,509
1738580792,496
1738580795,514
1738580798,507
1738580801,495
1738580804,505
1738580807,507
1738580810,500
1738580813,506
1738580816,507
1738580819,503
1738580822,506
1738580826,498
1738580826,None
1738580831,506
1738580835,501
1738580837,512
1738580841,502
1738580844,506
1738580846,503
1738580850,495
1738580853,499
1738580856,500
1738580859,497
1738580862,493
1738580865,496
1738580868,496
1738580871,495
1738580874,502
1738580877,489
1738580880,502
1738580883,496
1738580886,485
1738580889,501
1738580889,None
1738580896,518
1738580899,521
1738580901,524
1738580905,519
1738580908,518
1738580911,526
1738580914,527
1738580917,586
1738580920,778
1738580923,788
1738580926,782
1738580926,None
1738580932,527
1738580935,530
1738580938,521
1738580941,534
1738580944,536
1738580944,None
1738580950,776
1738580953,791
1738580956,778
1738580959,744
1738580962,532
1738580966,520
1738580969,534
1738580971,532
1738580975,524
1738580978,532
1738580981,529
1738580984,533
1738580987,530
1738580990,527
1738580993,529
1738580996,528
1738580999,532
1738581002,529
1738581005,524
1738581008,524
1738581011,529
1738581014,523
1738581017,527
1738581021,522
1738581023,527
1738581027,529
1738581030,534
1738581032,530
1738581036,527
1738581039,534
1738581042,527
1738581045,529
1738581048,534
1738581051,526
1738581054,542
1738581057,545
1738581060,536
1738581063,541
1738581067,532
1738581069,533
1738581072,539
1738581076,535
1738581078,534
1738581082,528
1738581085,542
1738581087,540
1738581091,531
1738581094,531
1738581097,775
1738581100,807
1738581103,963
1738581106,839
1738581109,719
1738581112,701
1738581115,685
1738581118,667
1738581121,713
1738581125,706
1738581128,699
1738581130,678
1738581134,703
1738581137,730
1738581140,761
1738581140,None
1738581146,458
1738581149,445
1738581152,425
1738581155,455
1738581158,463
1738581161,453
1738581164,455
1738581167,463
1738581170,461
1738581173,462
1738581176,457
1738581179,451
1738581182,455
1738581185,591
1738581188,605
1738581191,593
1738581194,589
1738581197,583
1738581201,578
1738581204,572
1738581207,561
1738581209,562
1738581213,550
1738581216,555
1738581219,541
1738581222,539
1738581225,531
1738581228,534
1738581228,None
1738581234,413
1738581237,401
1738581240,401
1738581243,527
1738581243,None
1738581250,539
1738581253,415
1738581255,390
1738581259,392
1738581262,477
1738581264,544
1738581268,642
1738581271,774
1738581274,782
1738581277,780
1738581280,777
1738581283,615
1738581286,499
1738581289,391
1738581292,393
1738581296,396
1738581298,399
1738581301,488
1738581304,552
1738581307,540
1738581310,540
1738581314,542
1738581317,536
1738581320,471
1738581320,None
1738581326,535
1738581328,555
1738581332,542
1738581335,432
1738581338,396
1738581341,465
1738581344,539
1738581347,535
1738581350,526
1738581353,536
1738581356,506
1738581360,392
1738581362,392
1738581366,468
1738581369,609
1738581372,756
1738581374,661
1738581378,644
1738581381,693
1738581384,537
1738581387,536
1738581390,522
1738581393,457
1738581396,392
1738581399,419
1738581402,545
1738581405,536
1738581408,531
1738581411,407
1738581414,382
1738581418,523
1738581420,538
1738581424,537
1738581426,535
1738581430,527
1738581433,413
1738581436,391
1738581439,473
1738581442,542
1738581446,527
1738581448,526
1738581451,525
1738581454,522
1738581457,406
1738581460,390
1738581463,385
1738581466,373
1738581469,384
1738581472,515
1738581472,None
1738581478,525
1738581481,525
1738581485,521
1738581488,518
1738581491,496
1738581494,384
1738581496,384
1738581500,470
1738581503,529
1738581505,458
1738581509,416
1738581512,529
1738581515,526
1738581518,522
1738581521,498
1738581524,385
1738581527,383
1738581530,528
1738581533,533
1738581537,408
1738581539,384
1738581543,399
1738581546,523
1738581548,545
1738581552,528
1738581555,409
1738581558,382
1738581561,540
1738581565,538
1738581567,504
1738581570,393
1738581574,468
1738581576,527
1738581579,507
1738581582,396
1738581585,419
1738581588,549
1738581591,537
1738581595,390
1738581597,421
1738581600,544
1738581604,507
1738581607,408
1738581610,482
1738581613,532
1738581616,534
1738581619,424
1738581622,394
1738581625,533
1738581628,540
1738581631,460
1738581634,393
1738581637,475
1738581640,536
1738581644,507
1738581647,398
1738581649,393
1738581653,468
1738581656,544
1738581659,504
1738581661,408
1738581665,392
1738581668,530
1738581671,530
1738581674,459
1738581677,458
1738581680,530
1738581683,539
1738581687,497
1738581689,398
1738581692,394
1738581696,469
1738581698,535
1738581702,388
1738581704,487
1738581707,771
1738581711,784
1738581714,596
1738581717,411
1738581720,540
1738581723,533
1738581723,None
1738581729,521
1738581732,525
1738581735,490
1738581738,380
1738581741,383
1738581744,384
1738581748,375
1738581751,514
1738581753,530
1738581757,524
1738581759,519
1738581763,520
1738581766,494
1738581769,382
1738581772,378
1738581775,374
1738581778,373
1738581781,414
1738581784,527
1738581787,526
1738581790,511
1738581793,522
1738581796,510
1738581800,440
1738581802,371
1738581805,373
1738581808,377
1738581811,678
1738581815,780
1738581818,768
1738581821,768
1738581824,508
1738581827,481
1738581831,368
1738581833,377
1738581836,369
1738581839,373
1738581842,376
1738581845,513
1738581848,524
1738581852,516
1738581855,517
1738581857,510
1738581861,432
1738581864,363
1738581867,356
1738581870,364
1738581873,360
1738581876,363
1738581879,361
1738581882,503
1738581885,513
1738581888,511
1738581891,503
1738581894,506
1738581897,500
1738581901,502
1738581904,503
1738581906,429
1738581910,365
1738581913,367
1738581913,None
1738581919,368
1738581921,365
1738581924,459
1738581927,535
1738581931,518
1738581934,524
1738581937,521
1738581940,514
1738581943,506
1738581946,434
1738581949,368
1738581952,362
1738581955,374
1738581958,394
1738581961,516
1738581964,511
1738581968,515
1738581970,507
1738581973,470
1738581976,348
1738581980,359
1738581982,359
1738581985,391
1738581988,514
1738581991,501
1738581994,500
1738581998,443
1738582000,507
1738582004,417
1738582007,364
1738582010,359
1738582013,383
1738582016,519
1738582019,508
1738582022,504
1738582025,503
1738582028,500
1738582031,383
1738582034,359
1738582037,361
1738582041,365
1738582043,362
1738582047,514
1738582050,517
1738582053,498
1738582055,506
1738582059,493
1738582062,447
1738582065,615
1738582065,None
1738582071,616
1738582071,None
1738582077,512
1738582080,509
1738582083,499
1738582083,None
1738582089,499
1738582093,366
1738582095,364
1738582098,371
1738582098,None
1738582104,451
1738582107,518
1738582110,510
1738582113,505
1738582116,475
1738582120,361
1738582123,370
1738582125,366
1738582129,370
1738582132,506
1738582135,516
1738582138,510
1738582141,507
1738582144,513
1738582147,379
1738582150,363
1738582153,377
1738582156,369
1738582159,361
1738582162,457
1738582165,523
1738582168,515
1738582171,510
1738582174,509
1738582177,513
1738582181,381
1738582183,366
1738582187,374
1738582189,369
1738582193,349
1738582196,358
1738582199,500
1738582202,512
1738582205,502
1738582208,495
1738582211,508
1738582214,432
1738582217,391
1738582220,437
1738582223,359
1738582226,363
1738582229,364
1738582232,505
1738582232,None
1738582239,498
1738582241,388
1738582245,395
1738582248,511
1738582250,514
1738582254,442
1738582257,372
1738582260,374
1738582263,508
1738582266,519
1738582269,494
1738582272,374
1738582275,379
1738582278,448
1738582281,527
1738582281,None
1738582287,661
1738582290,634
1738582294,636
1738582296,668
1738582299,604
1738582302,514
1738582306,373
1738582309,378
1738582312,365
1738582315,510
1738582318,518
1738582321,479
1738582324,376
1738582327,454
1738582330,514
1738582333,515
1738582333,None
1738582339,371
1738582343,401
1738582343,None
1738582349,491
1738582351,370
1738582354,366
1738582358,405
1738582361,524
1738582364,519
1738582367,517
1738582370,433
1738582373,409
1738582376,514
1738582379,482
1738582382,376
1738582385,377
1738582388,397
1738582391,524
1738582394,519
1738582397,484
1738582397,None
1738582403,375
1738582406,505
1738582409,517
1738582409,None
1738582416,370
1738582419,405
1738582421,499
1738582425,521
1738582425,None
1738582431,389
1738582433,370
1738582433,None
1738582440,776
1738582440,None
1738582446,631
1738582449,631
1738582452,577
1738582455,528
1738582459,504
1738582461,516
1738582464,433
1738582464,None
1738582471,513
1738582474,385
1738582476,372
1738582480,396
1738582483,500
1738582486,514
1738582489,429
1738582492,367
1738582495,363
1738582498,503
1738582501,516
1738582504,375
1738582507,371
1738582510,397
1738582510,None
1738582516,514
1738582519,429
1738582522,362
1738582522,None
1738582529,514
1738582532,387
1738582535,366
1738582538,364
1738582541,358
1738582544,509
1738582547,511
1738582550,510
1738582553,505
1738582556,503
1738582556,None
1738582562,366
1738582565,370
1738582565,None
1738582565,None
1738582574,437
1738582577,357
1738582580,364
1738582584,398
1738582587,509
1738582590,507
1738582593,509
1738582596,366
1738582598,367
1738582602,492
1738582605,507
1738582608,388
1738582611,361
1738582611,None
1738582617,449
1738582620,514
1738582624,502
1738582626,465
1738582629,367
1738582632,396
1738582636,511
1738582638,476
1738582642,356
1738582645,361
1738582648,364
1738582651,448
1738582654,515
1738582657,513
1738582660,425
1738582663,360
1738582666,448
1738582669,505
1738582672,478
1738582675,363
1738582678,373
1738582681,370
1738582684,405
1738582687,522
1738582691,517
1738582693,509
1738582696,442
1738582700,489
1738582702,478
1738582705,358
1738582708,367
1738582711,357
1738582714,364
1738582718,393
1738582721,520
1738582724,511
1738582727,501
1738582730,503
1738582733,495
1738582736,379
1738582739,363
1738582742,352
1738582745,363
1738582748,445
1738582751,618
1738582754,747
1738582758,762
1738582760,744
1738582763,491
1738582766,494
1738582769,460
1738582772,351
1738582776,357
1738582779,352
1738582782,350
1738582785,351
1738582788,433
1738582791,511
1738582794,495
1738582797,490
1738582800,466
1738582800,None
1738582806,348
1738582809,349
1738582812,353
1738582815,349
1738582818,493
1738582822,495
1738582824,499
1738582827,488
1738582830,373
1738582834,348
1738582836,343
1738582840,354
1738582843,442
1738582846,509
1738582849,501
1738582852,495
1738582855,424
1738582858,354
1738582861,356
1738582864,359
1738582867,356
1738582871,359
1738582873,442
1738582876,515
1738582879,498
1738582882,503
1738582886,498
1738582886,None
1738582891,357
1738582895,353
1738582897,358
1738582900,492
1738582904,476
1738582907,368
1738582910,361
1738582913,372
1738582916,395
1738582919,524
1738582922,510
1738582925,512
1738582928,474
1738582931,368
1738582934,358
1738582937,362
1738582940,359
1738582943,361
1738582946,360
1738582949,490
1738582952,510
1738582952,None
1738582952,None
1738582962,363
1738582964,355
1738582967,339
1738582971,340
1738582974,346
1738582976,342
1738582980,346
1738582983,381
1738582983,None
1738582989,511
1738582992,750
1738582995,735
1738582998,745
1738582998,None
1738583004,347
1738583008,343
1738583010,350
1738583013,342
1738583017,436
1738583019,506
1738583023,496
1738583023,None
1738583029,462
1738583032,361
1738583035,351
1738583038,345
1738583041,350
1738583044,348
1738583047,355
1738583050,378
1738583053,504
1738583056,496
1738583059,483
1738583062,489
1738583066,366
1738583069,355
1738583071,358
1738583074,356
1738583078,348
1738583081,361
1738583084,351
1738583087,386
1738583090,514
1738583092,507
1738583096,487
1738583099,498
1738583102,417
1738583105,347
1738583108,348
1738583111,353
1738583114,358
1738583117,363
1738583121,509
1738583124,508
1738583127,427
1738583129,361
1738583132,437
1738583135,504
1738583139,428
1738583142,351
1738583145,357
1738583148,398
1738583151,511
1738583154,475
1738583157,367
1738583160,364
1738583163,395
1738583166,515
1738583169,479
1738583172,367
1738583175,362
1738583178,398
1738583181,517
1738583185,511
1738583185,None
1738583191,429
1738583194,365
1738583196,366
1738583200,363
1738583203,362
1738583206,364
1738583209,368
1738583212,504
1738583215,514
1738583218,507
1738583221,505
1738583224,504
1738583227,387
1738583230,356
1738583233,368
1738583236,359
1738583240,363
1738583242,361
1738583245,551
1738583248,625
1738583252,628
1738583255,765
1738583257,693
1738583257,None
1738583264,511
1738583264,None
1738583270,364
1738583273,370
1738583276,354
1738583279,358
1738583281,362
1738583285,356
1738583288,446
1738583291,508
1738583294,501
1738583297,501
1738583300,490
1738583303,463
1738583306,359
1738583309,350
1738583312,361
1738583312,None
1738583318,361
1738583321,364
1738583321,None
1738583328,622
1738583330,764
1738583334,765
1738583336,691
1738583336,None
1738583343,369
1738583343,None
1738583348,470
1738583352,367
1738583355,366
1738583358,357
1738583361,456
1738583364,518
1738583367,517
1738583370,523
1738583373,397
1738583376,407
1738583379,402
1738583383,399
1738583385,394
1738583388,462
1738583392,517
1738583392,None
1738583392,None
1738583401,473
1738583403,404
1738583407,406
1738583410,408
1738583413,409
1738583416,410
1738583419,413
1738583422,406
1738583425,543
1738583428,545
1738583431,542
1738583434,502
1738583437,433
1738583440,364
1738583443,365
1738583446,377
1738583449,370
1738583449,None
1738583456,523
1738583458,523
1738583458,None
1738583465,439
1738583468,367
1738583471,356
1738583474,355
1738583477,356
1738583480,351
1738583483,358
1738583486,367
1738583489,377
1738583492,410
1738583495,533
1738583498,530
1738583498,None
1738583505,505
1738583507,491
1738583511,354
1738583513,360
1738583517,351
1738583520,360
1738583523,359
1738583525,355
1738583529,347
1738583532,441
1738583535,508
1738583538,498
1738583541,495
1738583544,415
1738583547,355
1738583547,None
1738583554,373
1738583556,357
1738583559,351
1738583562,353
1738583565,383
1738583569,515
1738583571,507
1738583571,None
1738583577,424
1738583580,355
1738583584,356
1738583586,354
1738583590,351
1738583593,358
1738583596,352
1738583599,442
1738583602,507
1738583605,504
1738583608,382
1738583608,None
1738583614,350
1738583617,494
1738583620,436
1738583623,360
1738583626,450
1738583629,506
1738583632,480
1738583635,371
1738583638,374
1738583641,372
1738583644,374
1738583648,462
1738583650,528
1738583654,522
1738583657,487
1738583659,401
1738583663,413
1738583666,514
1738583669,692
1738583672,689
1738583675,779
1738583678,850
1738583681,768
1738583684,497
1738583687,425
1738583690,498
1738583693,561
1738583696,705
1738583699,737
1738583702,677
1738583706,697
1738583708,707
1738583711,550
1738583714,445
1738583718,574
1738583721,589
1738583724,578
1738583727,578
1738583730,456
1738583733,421
1738583736,415
1738583739,432
1738583742,432
1738583745,417
1738583748,425
1738583751,493
1738583751,None
1738583757,557
1738583760,554
1738583763,430
1738583766,542
1738583769,526
1738583773,414
1738583775,414
1738583778,407
1738583782,412
1738583784,411
1738583788,417
1738583791,411
1738583794,444
1738583797,569
1738583800,553
1738583803,557
1738583806,551
1738583809,552
1738583812,519
1738583815,407
1738583818,417
1738583821,412
1738583824,416
1738583824,None
1738583830,547
1738583830,None
1738583836,1576
1738583839,1506
1738583843,1467
1738583845,1625
1738583848,1679
1738583851,1675
1738583855,1647
1738583857,1537
1738583860,1535
1738583864,1537
1738583867,1543
1738583869,1544
1738583873,1543
1738583876,1539
1738583879,1682
1738583882,1689
1738583882,None
1738583888,1685
1738583891,1681
1738583894,1691
1738583897,1624
1738583897,None
1738583903,1556
1738583907,1558
1738583909,1552
1738583912,1557
1738583915,1548
1738583919,1545
1738583922,1631
1738583925,1692
1738583927,1689
1738583931,1681
1738583934,1675
1738583937,1563
1738583940,1560
1738583943,1560
1738583946,1569
1738583949,1561
1738583952,1554
1738583955,1561
1738583955,None
1738583961,1694
1738583965,1693
1738583967,1607
1738583970,1553
1738583974,1685
1738583977,1585
1738583979,1563
1738583982,1564
1738583985,1557
1738583989,1551
1738583989,None
1738583989,None
1738583998,1692
1738584001,1685
1738584004,1687
1738584007,1675
1738584010,2523
1738584013,2956
1738584016,2934
1738584020,2936
1738584022,1840
1738584025,1526
1738584028,1517
1738584031,1658
1738584031,None
1738584037,1660
1738584040,1657
1738584044,1655
1738584044,None
1738584049,1519
1738584053,1523
1738584056,1527
1738584058,1527
1738584062,1537
1738584062,None
1738584068,1543
1738584071,1547
1738584074,1679
1738584077,1675
1738584080,1690
1738584083,1681
1738584086,1606
1738584089,1538
1738584092,1550
1738584096,1552
1738584098,1546
1738584102,1552
1738584105,1672
1738584108,1873
1738584110,1939
1738584114,1933
1738584117,1843
1738584120,1698
1738584123,1613
1738584126,1609
1738584129,1616
1738584132,1612
1738584135,1610
1738584138,1635
1738584141,1676
1738584144,1805
1738584147,1806
1738584150,1796
1738584154,1796
1738584157,1722
1738584160,1670
1738584162,1664
1738584166,1662
1738584169,1646
1738584172,1649
1738584175,1822
1738584178,1841
1738584181,1814
1738584184,1745
1738584187,1634
1738584190,1629
1738584193,1641
1738584196,1859
1738584199,1878
1738584202,1986
1738584205,2011
1738584208,1854
1738584212,1739
1738584215,1630
1738584217,1622
1738584220,1623
1738584220,None
1738584227,1623
1738584230,1613
1738584233,1621
1738584236,1624
1738584239,1748
1738584242,1759
1738584245,1756
1738584248,1756
1738584251,1731
1738584254,1613
1738584257,1634
1738584260,1639
1738584263,1632
1738584266,1637
1738584269,1644
1738584272,1755
1738584275,1744
1738584278,1750
1738584281,1726
1738584284,1617
1738584288,1610
1738584288,None
1738584294,1626
1738584297,1625
1738584300,1621
1738584303,1759
1738584306,1759
1738584309,1761
1738584312,1762
1738584315,1754
1738584318,1629
1738584321,1623
1738584324,1622
1738584327,1618
1738584330,1623
1738584333,1624
1738584336,1622
1738584339,1710
1738584343,1764
1738584346,1767
1738584348,1757
1738584352,1738
1738584355,1627
1738584358,1618
1738584361,1625
1738584364,1624
1738584367,1622
1738584370,1616
1738584373,1626
1738584376,1761
1738584379,1768
1738584382,1756
1738584385,1750
1738584388,1641
1738584392,1624
1738584394,1621
1738584397,1624
1738584400,1623
1738584403,1624
1738584407,1707
1738584409,1774
1738584412,1766
1738584415,1769
1738584419,1756
1738584421,1637
1738584425,1624
1738584428,1615
1738584431,1627
1738584434,1621
1738584438,1624
1738584440,1622
1738584443,1630
1738584446,1708
1738584449,1768
1738584452,1766
1738584455,1764
1738584458,1751
1738584461,1643
1738584465,1618
1738584467,1610
1738584471,1623
1738584473,1624
1738584477,1621
1738584479,1792
1738584483,1918
1738584485,2039
1738584489,2024
1738584492,1869
1738584495,1724
1738584498,1621
1738584501,1623
1738584504,1615
1738584507,1630
1738584510,1624
1738584510,None
1738584516,1770
1738584519,1763
1738584522,1686
1738584525,1621
1738584528,1623
1738584531,1703
1738584535,1760
1738584538,1767
1738584540,1691
1738584543,1623
1738584547,1640
1738584550,1625
1738584553,1630
1738584556,1631
1738584559,1630
1738584559,None
1738584565,1636
1738584568,1711
1738584571,1791
1738584571,None
1738584577,1776
1738584580,1651
1738584583,1625
1738584586,1716
1738584589,1645
1738584592,1631
1738584595,1634
1738584598,1644
1738584601,1716
1738584604,1702
1738584608,1710
1738584611,1770
1738584614,1753
1738584617,1762
1738584620,1634
1738584623,1633
1738584626,1633
1738584629,1634
1738584632,1631
1738584635,1631
1738584638,1632
1738584641,1637
1738584644,1626
1738584647,1632
1738584650,1779
1738584654,1780
1738584656,1769
1738584659,1776
1738584663,1726
1738584666,1925
1738584669,1954
1738584672,1952
1738584672,None
1738584678,1888
1738584681,1644
1738584684,1808
1738584687,1828
1738584690,1828
1738584693,1710
1738584693,None
1738584699,1770
1738584702,1833
1738584705,1801
1738584708,1690
1738584711,1692
1738584714,1696
1738584717,1699
1738584720,1695
1738584723,1706
1738584726,1693
1738584730,1840
1738584732,1839
1738584736,1805
1738584738,1779
1738584741,1667
1738584745,1602
1738584747,1602
1738584751,1599
1738584754,1603
1738584757,1730
1738584760,1746
1738584763,1747
1738584766,1735
1738584769,1610
1738584772,1598
1738584775,1617
1738584778,1608
1738584781,1605
1738584784,1594
1738584788,1607
1738584790,1604
1738584793,1737
1738584796,1745
1738584800,1737
1738584803,1738
1738584805,1717
1738584808,1597
1738584811,1595
1738584815,1606
1738584818,1604
1738584821,1598
1738584824,1614
1738584827,1606
1738584830,1603
1738584833,1641
1738584836,1762
1738584839,1751
1738584843,1746
1738584845,1740
1738584848,1630
1738584851,1601
1738584854,1610
1738584857,1600
1738584860,1615
1738584864,1688
1738584867,1756
1738584870,1750
1738584873,1747
1738584876,1741
1738584879,1625
1738584882,1633
1738584885,1646
1738584888,1638
1738584891,1632
1738584894,1622
1738584897,1632
1738584900,1637
1738584903,1633
1738584907,1762
1738584909,1771
1738584913,1762
1738584915,1759
1738584919,1648
1738584922,1620
1738584925,1625
1738584927,1629
1738584931,1623
1738584933,1632
1738584937,1757
1738584940,1766
1738584943,1770
1738584946,1761
1738584949,1644
1738584953,1633
1738584955,1629
1738584958,1631
1738584961,1637
1738584964,1837
1738584967,1873
1738584970,1995
1738584974,2019
1738584977,1753
1738584979,1717
1738584982,1606
1738584986,1607
1738584989,1608
1738584992,1606
1738584995,1608
1738584995,None
1738585001,1610
1738585004,1751
1738585007,1753
1738585010,1747
1738585013,1716
1738585013,None
1738585019,1632
1738585022,1726
1738585025,1603
1738585028,1602
1738585032,1600
1738585034,1601
1738585037,1598
1738585041,1746
1738585044,1755
1738585047,1752
1738585050,1749
1738585053,1719
1738585056,1612
1738585059,1196
1738585062,497
1738585065,499
1738585068,512
1738585071,499
1738585074,506
1738585077,512
1738585080,542
1738585083,667
1738585087,657
1738585090,651
1738585092,577
1738585096,509
1738585099,509
1738585102,595
1738585105,648
1738585108,652
1738585111,623
1738585114,502
1738585117,516
1738585120,507
1738585123,512
1738585126,513
1738585129,510
1738585132,506
1738585135,512
1738585138,647
1738585138,None
1738585145,851
1738585148,907
1738585150,907
1738585154,767
1738585157,619
1738585160,506
1738585163,505
1738585166,504
1738585169,538
1738585172,533
1738585175,529
1738585178,616
1738585181,670
1738585185,670
1738585188,659
1738585190,548
1738585193,531
1738585196,523
1738585199,533
1738585203,526
1738585206,567
1738585208,688
1738585211,676
1738585215,600
1738585218,526
1738585220,557
1738585224,674
1738585227,670
1738585230,670
1738585233,547
1738585236,543
1738585239,540
1738585242,531
1738585245,529
1738585248,519
1738585251,516
1738585254,509
1738585257,497
1738585261,629
1738585263,656
1738585266,647
1738585270,635
1738585272,519
1738585276,502
1738585279,492
1738585281,497
1738585285,489
1738585285,None
1738585291,635
1738585294,644
1738585297,639
1738585300,643
1738585303,604
1738585306,493
1738585310,488
1738585312,490
1738585315,484
1738585318,488
1738585321,487
1738585324,492
1738585327,517
1738585330,646
1738585334,636
1738585336,633
1738585340,628
1738585343,599
1738585346,490
1738585349,491
1738585352,493
1738585355,515
1738585358,518
1738585361,514
1738585364,510
1738585367,520
1738585370,677
1738585373,672
1738585376,676
1738585379,676
1738585382,678
1738585386,536
1738585388,523
1738585392,535
1738585392,None
1738585398,784
1738585401,777
1738585403,716
1738585407,521
1738585410,614
1738585413,685
1738585416,677
1738585419,645
1738585423,527
1738585425,629
1738585428,529
1738585431,522
1738585434,509
1738585437,508
1738585440,511
1738585443,589
1738585447,638
1738585449,645
1738585452,654
1738585455,568
1738585455,None
1738585461,512
1738585465,518
1738585468,504
1738585471,513
1738585474,514
1738585474,None
1738585480,659
1738585483,633
1738585486,628
1738585489,599
1738585492,485
1738585495,486
1738585498,486
1738585501,490
1738585505,485
1738585507,491
1738585510,493
1738585513,573
1738585516,639
1738585519,641
1738585523,631
1738585526,625
1738585529,693
1738585532,737
1738585532,None
1738585538,740
1738585541,771
1738585544,753
1738585547,1798
1738585550,1908
1738585553,1913
1738585553,None
1738585559,2056
1738585562,2043
1738585566,2040
1738585568,1962
1738585571,1896
1738585574,1890
1738585578,1890
1738585580,1888
1738585584,1893
1738585586,915
1738585589,627
1738585593,619
1738585596,886
1738585599,1530
1738585602,1898
1738585605,1861
1738585609,1900
1738585611,1883
1738585614,1899
1738585617,1837
1738585620,1806
1738585623,1812
1738585626,1819
1738585629,876
1738585633,568
1738585636,553
1738585639,542
1738585642,552
1738585645,529
1738585648,415
1738585648,None
1738585654,414
1738585657,411
1738585660,417
1738585663,415
1738585666,417
1738585669,413
1738585672,437
1738585675,562
1738585678,561
1738585681,553
1738585685,523
1738585687,405
1738585690,410
1738585693,415
1738585696,417
1738585700,408
1738585702,410
1738585705,421
1738585709,497
1738585711,572
1738585715,560
1738585718,552
1738585721,523
1738585724,412
1738585727,419
1738585730,412
1738585730,None
1738585736,411
1738585739,555
1738585742,566
1738585745,561
1738585748,525
1738585751,420
1738585754,417
1738585757,413
1738585760,422
1738585763,405
1738585767,418
1738585769,413
1738585772,410
1738585776,506
1738585776,None
1738585782,559
1738585785,561
1738585785,None
1738585790,425
1738585794,577
1738585797,683
1738585800,682
1738585803,681
1738585806,595
1738585809,574
1738585812,565
1738585815,567
1738585815,None
1738585821,450
1738585821,None
1738585821,None
1738585830,428
1738585833,420
1738585837,419
1738585839,423
1738585842,420
1738585846,418
1738585849,550
1738585852,583
1738585855,591
1738585855,None
1738585861,503
1738585864,417
1738585867,432
1738585870,421
1738585873,473
1738585876,474
1738585879,499
1738585882,632
1738585885,619
1738585889,611
1738585891,610
1738585894,535
1738585898,462
1738585900,467
1738585903,475
1738585907,470
1738585910,490
1738585913,524
1738585916,517
1738585919,511
1738585922,657
1738585925,664
1738585929,663
1738585931,666
1738585934,633
1738585938,509
1738585940,522
1738585943,519
1738585946,513
1738585949,516
1738585952,513
1738585956,521
1738585959,522
1738585962,654
1738585965,657
1738585968,668
1738585971,658
1738585974,573
1738585977,510
1738585980,508
1738585983,513
1738585986,498
1738585989,506
1738585993,497
1738585995,543
1738585999,658
1738586001,649
1738586004,651
1738586008,643
1738586010,522
1738586013,506
1738586017,498
1738586020,717
1738586023,757
1738586026,754
1738586029,757
1738586032,555
1738586035,590
1738586038,672
1738586041,667
1738586045,638
1738586047,537
1738586050,514
1738586053,593
1738586056,661
1738586060,651
1738586062,632
1738586062,None
1738586069,509
1738586072,511
1738586075,511
1738586078,516
1738586081,517
1738586084,511
1738586087,511
1738586089,515
1738586093,656
1738586093,None
1738586100,610
1738586102,606
1738586105,480
1738586108,461
1738586111,471
1738586114,466
1738586114,None
1738586120,497
1738586123,611
1738586126,611
1738586129,606
1738586133,583
1738586136,466
1738586138,456
1738586142,473
1738586144,485
1738586148,478
1738586151,464
1738586154,602
1738586157,616
1738586160,618
1738586163,615
1738586163,None
1738586169,494
1738586172,470
1738586175,473
1738586178,479
1738586181,449
1738586185,444
1738586188,454
1738586188,None
1738586194,517
1738586196,510
1738586199,510
1738586203,510
1738586205,424
1738586208,370
1738586211,359
1738586215,358
1738586218,371
1738586221,388
1738586224,531
1738586227,548
1738586227,None
1738586233,451
1738586237,389
1738586239,385
1738586242,390
1738586245,375
1738586248,376
1738586252,378
1738586255,404
1738586258,537
1738586261,519
1738586263,513
1738586267,444
1738586271,447
1738586273,757
1738586276,653
1738586279,646
1738586282,635
1738586285,538
1738586288,376
1738586291,372
1738586294,408
1738586297,539
1738586300,520
1738586303,517
1738586306,519
1738586309,393
1738586313,382
1738586315,379
1738586318,373
1738586321,374
1738586324,381
1738586328,411
1738586331,527
1738586334,517
1738586337,517
1738586340,513
1738586343,374
1738586346,374
1738586349,372
1738586352,378
1738586352,None
1738586358,381
1738586361,373
1738586364,452
1738586367,531
1738586370,521
1738586374,512
1738586376,423
1738586380,514
1738586382,485
1738586385,378
1738586389,376
1738586391,387
1738586394,376
1738586398,374
1738586401,383
1738586404,385
1738586407,384
1738586410,373
1738586413,524
1738586416,542
1738586419,533
1738586422,443
1738586425,493
1738586428,629
1738586431,759
1738586435,777
1738586437,487
1738586441,377
1738586444,383
1738586446,388
1738586450,386
1738586453,378
1738586456,516
1738586459,522
1738586462,495
1738586464,475
1738586468,350
1738586471,355
1738586474,363
1738586477,356
1738586480,352
1738586483,357
1738586486,497
1738586489,506
1738586492,503
1738586495,488
1738586498,474
1738586501,352
1738586504,362
1738586508,355
1738586510,359
1738586514,355
1738586517,355
1738586520,350
1738586523,362
1738586526,396
1738586529,523
1738586532,514
1738586535,507
1738586538,475
1738586541,362
1738586544,364
1738586547,372
1738586550,362
1738586553,492
1738586556,496
1738586560,501
1738586562,434
1738586565,360
1738586568,350
1738586571,357
1738586575,354
1738586578,345
1738586581,351
1738586584,442
1738586587,501
1738586590,482
1738586593,485
1738586596,367
1738586599,347
1738586602,338
1738586602,None
1738586608,348
1738586611,337
1738586614,451
1738586617,537
1738586621,542
1738586623,525
1738586626,401
1738586629,373
1738586629,None
1738586636,380
1738586638,379
1738586641,375
1738586645,374
1738586648,473
1738586651,532
1738586654,520
1738586657,518
1738586660,493
1738586663,376
1738586666,371
1738586669,380
1738586672,375
1738586676,374
1738586678,453
1738586682,527
1738586684,518
1738586687,511
1738586690,487
1738586693,372
1738586696,368
1738586699,377
1738586702,363
1738586706,360
1738586709,348
1738586712,344
1738586715,347
1738586718,379
1738586721,518
1738586724,500
1738586727,499
1738586730,420
1738586733,356
1738586736,357
1738586739,354
1738586742,482
1738586742,None
1738586748,488
1738586751,466
1738586754,352
1738586757,359
1738586760,353
1738586763,364
1738586766,623
1738586770,613
1738586772,625
1738586775,597
1738586779,353
1738586782,442
1738586785,508
1738586788,514
1738586791,749
1738586794,741
1738586797,676
1738586800,475
1738586803,355
1738586806,348
1738586809,352
1738586809,None
1738586815,362
1738586818,466
1738586821,606
1738586824,616
1738586827,615
1738586830,588
1738586833,521
1738586837,448
1738586840,450
1738586843,445
1738586846,444
1738586846,None
1738586852,443
1738586855,427
1738586858,575
1738586861,581
1738586864,576
1738586867,567
1738586870,446
1738586873,429
1738586877,419
1738586879,427
1738586882,415
1738586885,427
1738586889,418
1738586891,510
1738586895,573
1738586895,None
1738586901,527
1738586904,434
1738586907,415
1738586910,419
1738586913,417
1738586916,420
1738586920,416
1738586922,508
1738586925,577
1738586928,576
1738586931,560
1738586934,538
1738586937,428
1738586941,424
1738586943,429
1738586946,430
1738586949,427
1738586952,422
1738586956,565
1738586958,580
1738586962,569
1738586965,447
1738586968,514
1738586970,569
1738586974,492
1738586977,430
1738586980,427
1738586983,419
1738586986,424
1738586986,None
1738586992,452
1738586995,519
1738586998,638
1738587001,609
1738587004,597
1738587007,478
1738587010,443
1738587013,445
1738587016,466
1738587020,582
1738587022,587
1738587026,589
1738587028,552
1738587032,436
1738587034,441
1738587038,446
1738587041,431
1738587044,442
1738587047,434
1738587050,437
1738587053,443
1738587056,472
1738587056,None
1738587062,584
1738587065,578
1738587065,None
1738587071,505
1738587074,432
1738587077,466
1738587077,None
1738587077,None
1738587086,473
1738587090,461
1738587093,464
1738587096,461
1738587098,604
1738587102,614
1738587105,609
1738587108,605
1738587111,535
1738587114,582
1738587117,493
1738587120,464
1738587123,469
1738587126,466
1738587129,454
1738587132,443
1738587135,444
1738587138,533
1738587141,599
1738587144,593
1738587147,616
1738587151,606
1738587154,526
1738587157,467
1738587159,462
1738587159,None
1738587166,450
1738587169,440
1738587172,431
1738587175,682
1738587178,696
1738587181,769
1738587184,845
1738587187,623
1738587190,570
1738587193,449
1738587196,436
1738587199,436
1738587202,435
1738587205,438
1738587208,433
1738587212,593
1738587215,822
1738587218,848
1738587223,828
1738587224,683
1738587227,434
1738587231,439
1738587233,443
1738587236,446
1738587239,439
1738587243,480
1738587245,596
1738587248,593
1738587248,None
1738587255,512
1738587258,440
1738587261,448
1738587264,448
1738587267,444
1738587267,None
1738587273,444
1738587276,602
1738587279,595
1738587282,579
1738587285,585
1738587288,454
1738587291,435
1738587294,434
1738587297,431
1738587300,436
1738587303,438
1738587306,429
1738587306,None
1738587313,444
1738587316,470
1738587319,594
1738587322,591
1738587325,505
1738587328,444
1738587331,525
1738587331,None
1738587337,438
1738587340,445
1738587343,442
1738587346,433
1738587350,523
1738587352,582
1738587352,None
1738587358,577
1738587362,550
1738587364,434
1738587368,429
1738587370,430
1738587373,442
1738587373,None
1738587380,584
1738587383,574
1738587386,577
1738587389,496
1738587391,432
1738587391,None
1738587398,436
1738587401,433
1738587404,424
1738587407,437
1738587407,None
1738587413,591
1738587416,597
1738587419,580
1738587422,568
1738587425,499
1738587428,427
1738587431,433
1738587434,424
1738587437,438
1738587440,424
1738587444,437
1738587447,443
1738587449,436
1738587453,480
1738587455,592
1738587459,598
1738587461,582
1738587464,585
1738587468,513
1738587471,443
1738587474,444
1738587477,444
1738587480,444
1738587483,537
1738587486,605
1738587489,583
1738587492,590
1738587495,581
1738587498,466
1738587501,440
1738587504,448
1738587507,454
1738587510,452
1738587513,442
1738587517,451
1738587519,447
1738587522,445
1738587526,441
1738587528,436
1738587532,581
1738587535,582
1738587538,576
1738587541,574
1738587544,496
1738587547,427
1738587550,439
1738587553,423
1738587556,435
1738587559,427
1738587559,None
1738587565,457
1738587568,566
1738587572,560
1738587575,617
1738587577,795
1738587581,682
1738587584,655
1738587587,511
1738587590,420
1738587590,None
1738587596,417
1738587599,413
1738587602,460
1738587605,560
1738587608,560
1738587611,550
1738587614,554
1738587617,473
1738587620,412
1738587623,411
1738587626,413
1738587629,419
1738587633,423
1738587635,413
1738587638,416
1738587642,556
1738587644,771
1738587647,815
1738587651,802
1738587653,686
1738587653,None
1738587660,417
1738587663,419
1738587666,419
1738587669,504
1738587672,565
1738587675,559
1738587678,556
1738587681,552
1738587684,543
1738587688,427
1738587690,407
1738587693,406
1738587697,410
1738587699,415
1738587702,407
1738587705,403
1738587708,413
1738587712,410
1738587715,404
1738587715,None
1738587721,493
1738587724,564
1738587727,547
1738587730,536
1738587733,475
1738587736,409
1738587739,405
1738587742,404
1738587745,405
1738587748,467
1738587751,511
1738587754,556
1738587757,476
1738587760,396
1738587763,439
1738587766,557
1738587769,468
1738587772,409
1738587772,None
1738587772,None
1738587782,440
1738587784,553
1738587787,551
1738587791,538
1738587794,545
1738587797,468
1738587797,None
1738587803,409
1738587806,413
1738587809,415
1738587812,417
1738587815,420
1738587818,403
1738587821,415
1738587824,415
1738587827,538
1738587830,566
1738587833,551
1738587836,549
1738587839,546
1738587842,431
1738587846,416
1738587848,408
1738587851,409
1738587854,413
1738587857,417
1738587860,406
1738587864,409
1738587867,416
1738587870,553
1738587870,None
1738587876,550
1738587879,525
1738587882,408
1738587885,459
1738587888,404
1738587891,398
1738587894,409
1738587897,412
1738587897,None
1738587904,551
1738587906,550
1738587909,537
1738587913,509
1738587916,412
1738587919,407
1738587922,396
1738587924,405
1738587928,406
1738587931,565
1738587933,651
1738587933,None
1738587940,758
1738587943,793
1738587946,795
1738587949,506
1738587952,410
1738587955,404
1738587958,408
1738587961,407
1738587964,409
1738587967,546
1738587970,552
1738587974,542
1738587976,544
1738587980,469
1738587980,None
1738587985,411
1738587988,402
1738587991,411
1738587995,405
1738587998,427
1738588001,452
1738588004,532
1738588007,597
1738588010,601
1738588013,600
1738588016,603
1738588019,485
1738588022,468
1738588025,468
1738588028,464
1738588031,466
1738588034,470
1738588037,458
1738588041,438
1738588043,436
1738588047,517
1738588050,571
1738588053,570
1738588053,None
1738588059,440
1738588062,443
1738588065,519
1738588068,429
1738588072,412
1738588074,409
1738588077,391
1738588080,504
1738588083,572
1738588086,529
1738588089,406
1738588092,408
1738588095,439
1738588099,552
1738588101,682
1738588101,None
1738588108,667
1738588111,647
1738588111,None
1738588117,489
1738588120,558
1738588123,544
1738588126,546
1738588129,534
1738588132,426
1738588135,402
1738588138,409
1738588141,408
1738588144,408
1738588147,406
1738588150,408
1738588153,415
1738588157,407
1738588160,398
1738588163,550
1738588166,549
1738588166,None
1738588172,541
1738588175,475
1738588178,406
1738588181,412
1738588184,407
1738588187,403
1738588190,416
1738588193,446
1738588196,612
1738588200,919
1738588202,1772
1738588205,1895
1738588208,1822
1738588211,1823
1738588214,1818
1738588217,1901
1738588221,1973
1738588223,1958
1738588226,1539
1738588230,485
1738588233,414
1738588236,415
1738588239,415
1738588242,413
1738588245,415
1738588248,420
1738588251,424
1738588254,415
1738588257,453
1738588257,None
1738588263,564
1738588266,562
1738588269,552
1738588272,438
1738588275,427
1738588278,426
1738588282,412
1738588285,432
1738588288,428
1738588290,420
1738588293,454
1738588297,576
1738588300,568
1738588303,567
1738588306,552
1738588309,439
1738588312,414
1738588316,412
1738588318,411
1738588321,410
1738588324,415
1738588327,410
1738588330,447
1738588333,557
1738588336,548
1738588339,554
1738588342,554
1738588345,471
1738588348,407
1738588352,404
1738588354,405
1738588357,404
1738588360,412
1738588360,None
1738588367,398
1738588370,416
1738588373,496
1738588376,551
1738588379,546
1738588382,542
1738588385,537
1738588388,419
1738588392,407
1738588394,406
1738588397,447
1738588401,670
1738588403,1831
1738588406,1822
1738588409,1941
1738588412,1958
1738588415,1960
1738588419,1832
1738588421,1847
1738588425,1958
1738588428,1918
1738588431,1813
1738588434,1820
1738588437,1818
1738588440,1806
1738588443,1060
1738588446,415
1738588449,790
1738588452,805
1738588455,787
1738588458,745
1738588461,476
1738588464,408
1738588464,None
1738588471,406
1738588473,411
1738588476,422
1738588479,424
1738588482,425
1738588485,574
1738588489,569
1738588492,541
1738588495,667
1738588498,765
1738588501,814
1738588504,800
1738588507,493
1738588510,429
1738588513,421
1738588516,422
1738588519,427
1738588522,408
1738588525,410
1738588528,586
1738588531,590
1738588534,587
1738588537,586
1738588540,508
1738588543,442
1738588547,440
1738588549,435
1738588552,435
1738588556,458
1738588558,568
1738588562,560
1738588565,543
1738588568,485
1738588571,410
1738588571,None
1738588577,413
1738588581,409
1738588583,415
1738588586,405
1738588589,443
1738588592,570
1738588596,558
1738588599,540
1738588601,471
1738588605,423
1738588607,423
1738588611,451
1738588611,None
1738588617,518
1738588620,572
1738588623,446
1738588626,417
1738588629,430
1738588632,427
1738588635,419
1738588638,426
1738588641,423
1738588644,453
1738588647,581
1738588651,568
1738588653,560
1738588656,442
1738588660,423
1738588663,423
1738588666,429
1738588668,417
1738588668,None
1738588675,556
1738588678,556
1738588681,557
1738588684,565
1738588687,488
1738588690,414
1738588693,416
1738588696,417
1738588699,408
1738588702,413
1738588705,413
1738588708,409
1738588711,563
1738588714,552
1738588717,548
1738588721,551
1738588724,426
1738588727,1423
1738588727,None
1738588733,1545
1738588736,1538
1738588739,1542
1738588742,1663
1738588746,1668
1738588748,1662
1738588752,1655
1738588754,1625
1738588757,1527
1738588760,1527
1738588764,1528
1738588766,1528
1738588770,1532
1738588773,1533
1738588775,1527
1738588779,1533
1738588782,1601
1738588785,1670
1738588788,1661
1738588791,1659
1738588794,1695
1738588797,1853
1738588800,1785
1738588803,1769
1738588806,1762
1738588809,1767
1738588812,1590
1738588815,1047
1738588818,585
1738588821,577
1738588824,512
1738588828,435
1738588831,439
1738588833,432
1738588837,430
1738588840,449
1738588843,540
1738588846,592
1738588849,600
1738588852,588
1738588855,587
1738588858,502
1738588861,531
1738588864,543
1738588867,537
1738588870,534
1738588873,537
1738588876,533
1738588879,575
1738588883,682
1738588885,682
1738588888,676
1738588891,657
1738588894,466
1738588897,406
1738588900,410
1738588903,453
1738588906,446
1738588906,None
1738588912,466
1738588916,540
1738588919,632
1738588921,646
1738588925,673
1738588928,684
1738588931,606
1738588934,545
1738588937,540
1738588940,547
1738588943,550
1738588946,551
1738588950,533
1738588952,543
1738588955,636
1738588959,700
1738588961,683
1738588964,664
1738588967,779
1738588970,664
1738588974,660
1738588974,None
1738588980,812
1738588983,1616
1738588985,1668
1738588988,1663
1738588992,1667
1738588994,1570
1738588998,1574
1738589001,1598
1738589004,1604
1738589007,1602
1738589010,1601
1738589013,1637
1738589016,1749
1738589019,1739
1738589022,1731
1738589025,1733
1738589028,1716
1738589031,1606
1738589034,1600
1738589037,1612
1738589041,1613
1738589044,1617
1738589046,1614
1738589050,1609
1738589053,1640
1738589056,1751
1738589059,1743
1738589062,1749
1738589065,1738
1738589068,1748
1738589071,1628
1738589074,1611
1738589077,1604
1738589080,1604
1738589083,1606
1738589087,1610
1738589089,1604
1738589092,1613
1738589095,1675
1738589098,1747
1738589101,1740
1738589104,1736
1738589107,1610
1738589110,1597
1738589113,1588
1738589113,None
1738589120,1630
1738589120,None
1738589126,1687
1738589129,1735
1738589132,1728
1738589135,1748
1738589138,1628
1738589141,1632
1738589144,1737
1738589147,1618
1738589150,1605
1738589154,1590
1738589156,1601
1738589159,1611
1738589162,1642
1738589165,1747
1738589168,1738
1738589172,1734
1738589174,1730
1738589177,1664
1738589181,1603
1738589183,1609
1738589187,1610
1738589190,1608
1738589193,1597
1738589195,1608
1738589199,1739
1738589202,1734
1738589205,1738
1738589208,1735
1738589211,1666
1738589214,1620
1738589217,1613
1738589220,1618
1738589223,1621
1738589226,1605
1738589229,1607
1738589229,None
1738589235,1743
1738589238,1739
1738589242,1740
1738589245,1723
1738589248,1680
1738589251,1594
1738589254,1601
1738589256,1596
1738589260,1588
1738589263,1596
1738589266,1600
1738589269,1600
1738589272,1630
1738589272,None
1738589278,1733
1738589281,1647
1738589284,1653
1738589287,1575
1738589290,1517
1738589294,1532
1738589296,1536
1738589299,1553
1738589303,1607
1738589306,1732
1738589309,1914
1738589312,1884
1738589314,1826
1738589318,1948
1738589321,1859
1738589324,1590
1738589327,1583
1738589330,1571
1738589333,1584
1738589336,1584
1738589339,1711
1738589342,1737
1738589345,1718
1738589345,None
1738589351,1710
1738589354,1637
1738589357,1586
1738589360,1587
1738589363,1587
1738589367,1593
1738589370,1615
1738589372,1628
1738589375,1638
1738589378,1664
1738589382,1770
1738589385,1766
1738589388,1768
1738589388,None
1738589394,1696
1738589397,1628
1738589397,None
1738589403,1807
1738589406,1889
1738589409,1888
1738589412,1884
1738589415,1892
1738589418,1778
1738589421,1788
1738589424,1788
1738589427,1655
1738589430,1645
1738589433,1635
1738589437,1640
1738589439,1677
1738589443,1704
1738589445,1773
1738589449,1826
1738589452,1808
1738589455,1755
1738589458,1639
1738589461,1680
1738589464,1687
1738589467,1698
1738589470,1695
1738589473,1810
1738589476,1814
1738589479,1804
1738589482,1806
1738589485,1776
1738589488,1678
1738589488,None
1738589495,1682
1738589498,1682
1738589501,1679
1738589503,1684
1738589506,1685
1738589510,1681
1738589513,1672
1738589516,1790
1738589519,1799
1738589522,1802
1738589525,1784
1738589528,1757
1738589531,1641
1738589534,1643
1738589537,1711
1738589540,1765
1738589543,1657
1738589546,1628
1738589549,1634
1738589552,1636
1738589555,1673
1738589558,1766
1738589561,1761
1738589564,1769
1738589568,1768
1738589571,1696
1738589574,1641
1738589577,1635
1738589580,1655
1738589583,1624
1738589587,1544
1738589589,1490
1738589592,1482
1738589595,1566
1738589599,1636
1738589601,1649
1738589604,1668
1738589607,1701
1738589611,1676
1738589613,1594
1738589616,1584
1738589620,1582
1738589623,1581
1738589625,1579
1738589629,1586
1738589632,1590
1738589635,1588
1738589638,1712
1738589641,1729
1738589641,None
1738589647,1716
1738589650,1710
1738589653,1602
1738589656,1583
1738589659,1588
1738589662,1587
1738589665,1588
1738589668,1619
1738589671,1725
1738589674,1726
1738589677,1711
1738589680,1645
1738589683,1582
1738589686,1588
1738589689,1580
1738589693,1581
1738589696,1578
1738589699,1614
1738589702,1726
1738589705,1724
1738589708,1713
1738589711,1715
1738589714,1680
1738589717,1582
1738589720,1685
1738589723,1816
1738589726,1821
1738589726,None
1738589732,1731
1738589735,1591
1738589738,1613
1738589741,1731
1738589744,1722
1738589748,1717
1738589750,1718
1738589753,1644
1738589757,1590
1738589760,1598
1738589762,1627
1738589762,None
1738589769,1604
1738589772,1592
1738589775,1669
1738589778,1728
1738589781,1729
1738589784,1657
1738589787,1589
1738589790,1752
1738589793,1837
1738589796,1830
1738589799,1903
1738589802,1955
1738589805,1952
1738589808,1950
1738589811,1921
1738589815,1813
1738589817,1818
1738589821,1829
1738589824,1832
1738589827,1828
1738589830,1701
1738589833,681
1738589835,850
1738589839,833
1738589842,833
1738589845,836
1738589848,812
1738589851,700
1738589854,686
1738589858,660
1738589860,656
1738589863,504
1738589866,396
1738589869,396
1738589872,401
1738589875,531
1738589879,539
1738589879,None
1738589884,523
1738589887,513
1738589891,395
1738589891,None
1738589897,420
1738589900,432
1738589903,421
1738589906,501
1738589909,558
1738589912,559
1738589915,567
1738589918,438
1738589921,454
1738589924,447
1738589927,432
1738589930,439
1738589930,None
1738589936,503
1738589939,590
1738589943,557
1738589946,569
1738589948,575
1738589952,460
1738589955,473
1738589957,444
1738589961,428
1738589964,443
1738589967,424
1738589970,424
1738589973,424
1738589976,534
1738589979,572
1738589982,565
1738589985,466
1738589988,401
1738589991,390
1738589994,395
1738589997,395
1738590000,384
1738590003,506
1738590006,526
1738590009,537
1738590012,514
1738590015,385
1738590018,411
1738590018,None
1738590024,412
1738590024,None
1738590031,442
1738590033,563
1738590036,555
1738590036,None
1738590043,542
1738590045,526
1738590049,420
1738590052,408
1738590055,424
1738590058,424
1738590061,599
1738590064,1520
1738590067,1526
1738590070,1540
1738590073,1629
1738590077,1688
1738590079,1702
1738590082,1685
1738590086,1730
1738590088,1714
1738590091,1740
1738590095,1847
1738590099,1845
1738590100,1842
1738590104,1837
1738590107,1705
1738590110,1601
1738590113,1596
1738590116,1599
1738590119,1740
1738590122,1728
1738590125,1738
1738590128,1724
1738590131,1719
1738590134,1585
1738590137,1592
1738590140,1593
1738590143,1585
1738590146,1816
1738590149,1946
1738590152,1947
1738590155,1943
1738590159,1944
1738590161,1851
1738590165,1605
1738590168,1586
1738590170,1584
1738590174,1597
1738590177,1593
1738590180,1598
1738590182,1593
1738590186,1596
1738590186,None
1738590192,1728
1738590195,1735
1738590198,2585
1738590201,2851
1738590205,2822
1738590207,2725
1738590211,2719
1738590213,2714
1738590216,2715
1738590220,2714
1738590222,2720
1738590225,2719
1738590229,2720
1738590231,2847
1738590234,2860
1738590237,2854
1738590241,2860
1738590243,2735
1738590247,2730
1738590250,2720
1738590253,2723
1738590256,2718
1738590259,2723
1738590262,2800
1738590266,2862
1738590268,2861
1738590268,None
1738590274,2857
1738590277,2784
1738590277,None
1738590283,2725
1738590287,2733
1738590289,2720
1738590292,2731
1738590296,2728
1738590299,2814
1738590302,2878
1738590305,2863
1738590308,2859
1738590311,2830
1738590314,2727
1738590317,2723
1738590320,2727
1738590323,2726
1738590327,2718
1738590330,2731
1738590332,2807
1738590335,2859
1738590339,2864
1738590341,2065
1738590344,1777
1738590348,1717
1738590351,1636
1738590354,1605
1738590357,1598
1738590357,None
1738590363,1511
1738590366,1503
1738590369,1502
1738590372,1596
1738590375,1660
1738590378,1668
1738590381,1689
1738590384,1699
1738590387,1620
1738590390,1615
1738590393,1612
1738590397,1731
1738590399,1743
1738590402,1746
1738590405,1669
1738590408,1621
1738590412,1617
1738590414,1618
1738590417,1619
1738590421,1621
1738590424,1620
1738590426,1621
1738590426,None
1738590432,1756
1738590436,1746
1738590439,1759
1738590442,1747
1738590445,1744
1738590447,1632
1738590451,1626
1738590454,1617
1738590454,None
1738590460,1620
1738590463,1621
1738590466,1620
1738590469,1623
1738590472,1771
1738590472,None
1738590478,1748
1738590481,1755
1738590484,1724
1738590487,1615
1738590490,1624
1738590490,None
1738590496,1616
1738590500,1616
1738590503,1621
1738590506,1617
1738590509,1698
1738590512,1759
1738590515,1755
1738590518,1754
1738590521,1726
1738590524,1643
1738590527,1617
1738590530,1613
1738590530,None
1738590530,None
1738590530,None
1738590542,1643
1738590545,1753
1738590548,1743
1738590551,1748
1738590554,1936
1738590557,2020
1738590560,2091
1738590564,2089
1738590567,2072
1738590570,1860
1738590573,1819
1738590576,1627
1738590578,1703
1738590582,1758
1738590584,1748
1738590588,1751
1738590591,1753
1738590594,1637
1738590597,1623
1738590600,1621
1738590603,1628
1738590606,1556
1738590609,1631
1738590612,1669
1738590615,1669
1738590618,1662
1738590622,1543
1738590624,1534
1738590628,1529
1738590631,1535
1738590634,1530
1738590637,1535
1738590640,1649
1738590643,1662
1738590646,1653
1738590649,1645
1738590652,1550
1738590655,1548
1738590658,1551
1738590661,1557
1738590665,1498
1738590667,1450
1738590667,None
1738590673,1577
1738590676,1605
1738590679,1603
1738590682,1572
1738590686,1473
1738590688,1463
1738590691,1469
1738590694,1476
1738590697,1503
1738590700,1532
1738590704,1547
1738590707,1576
1738590710,1653
1738590713,1711
1738590713,None
1738590719,1638
1738590722,1603
1738590725,1707
1738590728,1707
1738590731,1589
1738590734,1570
1738590737,1567
1738590741,1571
1738590744,1576
1738590746,1570
1738590750,1576
1738590753,1707
1738590755,1726
1738590758,1717
1738590761,1713
1738590765,1711
1738590767,1600
1738590771,1591
1738590773,1590
1738590777,1583
1738590780,1605
1738590782,1621
1738590786,1754
1738590789,1764
1738590792,1753
1738590795,1739
1738590798,1738
1738590801,1733
1738590804,1671
1738590804,None
1738590811,1608
1738590813,1610
1738590816,1614
1738590819,1618
1738590823,1613
1738590825,1598
1738590828,1592
1738590831,1588
1738590835,1620
1738590838,1732
1738590841,1732
1738590843,1736
1738590847,1704
1738590850,1591
1738590852,1589
1738590857,1722
1738590859,1696
1738590862,1584
1738590865,1586
1738590868,1585
1738590868,None
1738590874,1555
1738590878,1636
1738590880,1686
1738590883,1691
1738590886,1686
1738590889,1671
1738590892,1554
1738590895,1556
1738590898,1558
1738590902,1558
1738590902,None
1738590908,1587
1738590911,1695
1738590914,1697
1738590917,1681
1738590920,1573
1738590923,1551
1738590926,1566
1738590929,1793
1738590932,1795
1738590935,1922
1738590938,1923
1738590941,1737
1738590944,1684
1738590947,1675
1738590950,1571
1738590953,1550
1738590956,1551
1738590959,1545
1738590962,1542
1738590966,1538
1738590968,1538
1738590971,1533
1738590971,None
1738590978,1660
1738590980,1667
1738590984,1009
1738590987,500
1738590989,437
1738590989,None
1738590996,372
1738590999,374
1738591002,372
1738591005,381
1738591005,None
1738591011,475
1738591014,475
1738591017,391
1738591020,330
1738591023,333
1738591026,346
1738591026,None
1738591032,342
1738591036,492
1738591038,493
1738591041,501
1738591045,487
1738591047,480
1738591051,393
1738591051,None
1738591057,583
1738591057,None
1738591063,568
1738591066,559
1738591069,323
1738591072,326
1738591075,330
1738591079,317
1738591081,397
1738591084,464
1738591087,456
1738591090,447
1738591093,405
1738591096,293
1738591100,298
1738591103,375
1738591106,317
1738591109,293
1738591112,298
1738591115,293
1738591118,386
1738591121,450
1738591125,439
1738591127,367
1738591130,292
1738591133,427
1738591136,434
1738591139,358
1738591142,298
1738591145,297
1738591148,293
1738591152,290
1738591154,295
1738591154,None
1738591160,293
1738591164,290
1738591167,380
1738591170,454
1738591173,438
1738591176,435
1738591179,310
1738591182,289
1738591185,293
1738591188,371
1738591191,431
1738591194,430
1738591197,360
1738591200,291
1738591203,301
1738591206,297
1738591209,291
1738591212,284
1738591216,279
1738591219,277
1738591221,290
1738591224,437
1738591227,454
1738591230,458
1738591233,458
1738591237,473
1738591239,343
1738591243,319
1738591246,320
1738591249,327
1738591252,324
1738591255,318
1738591258,325
1738591258,None
1738591264,459
1738591267,464
1738591270,469
1738591273,462
1738591276,429
1738591279,324
1738591282,320
1738591285,322
1738591288,323
1738591291,327
1738591294,322
1738591297,324
1738591300,457
1738591303,608
1738591307,626
1738591310,614
1738591313,611
1738591315,608
1738591319,481
1738591322,452
1738591325,444
1738591327,449
1738591331,448
1738591334,451
1738591337,443
1738591340,476
1738591343,850
1738591346,842
1738591349,835
1738591352,832
1738591355,702
1738591358,443
1738591361,447
1738591364,446
1738591368,443
1738591368,None
1738591373,447
1738591377,446
1738591377,None
1738591383,601
1738591386,584
1738591389,589
1738591392,585
1738591395,551
1738591395,None
1738591401,443
1738591404,447
1738591407,440
1738591410,452
1738591413,444
1738591416,439
1738591416,None
1738591422,591
1738591425,589
1738591428,592
1738591431,578
1738591435,460
1738591438,437
1738591441,443
1738591443,438
1738591447,450
1738591450,1286
1738591453,1594
1738591456,1584
1738591459,1591
1738591462,1728
1738591465,1732
1738591468,1723
1738591471,1718
1738591474,1640
1738591478,1584
1738591480,1589
1738591480,None
1738591487,1590
1738591490,1648
1738591492,1968
1738591496,1981
1738591499,1961
1738591502,1851
1738591505,1828
1738591508,1724
1738591511,1662
1738591514,1444
1738591517,1446
1738591520,1445
1738591523,1451
1738591526,1440
1738591529,1447
1738591533,1453
1738591533,None
1738591539,1597
1738591541,1597
1738591544,1580
1738591547,1563
1738591551,1448
1738591554,1450
1738591557,1451
1738591560,1449
1738591562,1452
1738591566,1456
1738591566,None
1738591572,1449
1738591572,None
1738591572,None
1738591572,None
1738591584,1588
1738591587,1550
1738591590,1445
1738591593,1443
1738591597,1442
1738591599,1445
1738591602,1439
1738591606,1440
1738591609,1444
1738591611,1434
1738591614,1533
1738591617,1593
1738591621,1596
1738591624,1589
1738591627,1507
1738591627,None
1738591633,1446
1738591636,1443
1738591639,1445
1738591642,1443
1738591645,1479
1738591648,1606
1738591652,1593
1738591654,1597
1738591657,1517
1738591657,None
1738591663,1458
1738591666,1451
1738591670,1457
1738591673,1450
1738591675,1480
1738591675,None
1738591682,1589
1738591685,1154
1738591688,631
1738591691,637
1738591694,576
1738591697,495
1738591700,489
1738591703,417
1738591706,398
1738591709,401
1738591712,389
1738591715,400
1738591718,390
1738591721,384
1738591724,420
1738591727,539
1738591730,518
1738591733,519
1738591736,509
1738591739,509
1738591742,432
1738591746,369
1738591748,370
1738591752,362
1738591755,368
1738591758,366
1738591760,368
1738591764,365
1738591767,367
1738591770,492
1738591773,506
1738591776,498
1738591779,462
1738591782,363
1738591785,356
1738591788,363
1738591791,360
1738591794,360
1738591797,388
1738591800,517
1738591804,515
1738591807,506
1738591810,533
1738591813,643
1738591816,632
1738591819,632
1738591822,629
1738591825,390
1738591828,361
1738591831,360
1738591834,360
1738591837,359
1738591840,366
1738591843,360
1738591846,356
1738591849,351
1738591852,363
1738591855,368
1738591858,366
1738591861,359
1738591864,352
1738591867,358
1738591870,356
1738591873,358
1738591876,350
1738591879,353
1738591882,355
1738591886,356
1738591889,349
1738591891,357
1738591895,358
1738591898,350
1738591900,357
1738591904,350
1738591907,354
1738591910,355
1738591913,353
1738591916,356
1738591919,355
1738591922,357
1738591925,351
1738591928,357
1738591931,374
1738591934,397
1738591937,394
1738591940,394
1738591943,397
1738591946,396
1738591949,406
1738591952,410
1738591955,417
1738591958,375
1738591962,359
1738591964,365
1738591968,373
1738591971,381
1738591973,377
1738591977,369
1738591980,429
1738591983,438
1738591986,632
1738591989,611
1738591992,614
1738591996,433
1738591998,345
1738592001,350
1738592004,351
1738592007,347
1738592011,364
1738592013,348
1738592016,350
1738592020,360
1738592020,None
1738592026,353
1738592029,346
1738592032,356
1738592035,354
1738592038,344
1738592041,358
1738592044,353
1738592047,350
1738592050,356
1738592053,354
1738592056,345
1738592059,353
1738592062,355
1738592062,None
1738592068,344
1738592071,347
1738592074,366
1738592077,358
1738592080,358
1738592084,371
1738592086,375
1738592089,379
1738592093,376
1738592095,374
1738592098,377
1738592102,375
1738592105,388
1738592108,388
1738592111,373
1738592114,373
1738592117,387
1738592120,384
1738592123,389
1738592126,391
1738592129,388
1738592129,None
1738592135,379
1738592138,378
1738592141,385
1738592145,384
1738592147,377
1738592151,388
1738592154,379
1738592157,390
1738592159,391
1738592163,389
1738592166,391
1738592168,385
1738592172,388
1738592176,382
1738592178,382
1738592181,375
1738592184,378
1738592187,372
1738592191,376
1738592193,370
1738592196,374
1738592199,371
1738592202,374
1738592205,371
1738592209,376
1738592212,381
1738592214,372
1738592217,388
1738592220,376
1738592224,386
1738592227,374
1738592230,383
1738592233,380
1738592236,381
1738592239,372
1738592242,382
1738592245,377
1738592248,371
1738592251,378
1738592254,380
1738592257,379
1738592260,580
1738592263,634
1738592266,639
1738592269,637
1738592273,518
1738592275,375
1738592278,382
1738592281,379
1738592284,377
1738592288,383
1738592291,380
1738592294,374
1738592297,377
1738592300,374
1738592303,379
1738592305,378
1738592309,382
1738592312,630
1738592315,626
1738592318,635
1738592321,629
1738592324,459
1738592327,374
1738592330,369
1738592330,None
1738592336,374
1738592339,385
1738592339,None
1738592345,370
1738592348,362
1738592351,368
1738592355,363
1738592357,368
1738592361,366
1738592364,360
1738592367,368
1738592370,363
1738592373,363
1738592376,368
1738592379,366
1738592382,370
1738592385,370
1738592385,None
1738592391,366
1738592394,373
1738592397,371
1738592401,370
1738592403,370
1738592407,360
1738592409,344
1738592412,345
1738592415,346
1738592419,340
1738592422,345
1738592422,None
1738592428,343
1738592431,351
1738592434,358
1738592437,300
1738592440,293
1738592443,301
1738592446,285
1738592449,302
1738592452,295
1738592455,292
1738592459,298
1738592461,295
1738592464,293
1738592467,299
1738592471,297
1738592473,295
1738592476,302
1738592480,298
1738592482,288
1738592486,305
1738592488,301
1738592492,292
1738592494,293
1738592497,293
1738592501,298
1738592504,289
1738592507,300
1738592510,290
1738592513,291
1738592516,283
1738592519,294
1738592522,301
1738592525,291
1738592528,291
1738592531,291
1738592531,None
1738592537,285
1738592541,293
1738592543,286
1738592547,293
1738592550,292
1738592553,280
1738592556,283
1738592559,293
1738592562,288
1738592565,282
1738592568,292
1738592571,287
1738592574,285
1738592577,288
1738592581,287
1738592583,282
1738592586,287
1738592589,282
1738592592,293
1738592595,287
1738592599,289
1738592601,340
1738592605,548
1738592607,549
1738592611,540
1738592613,549
1738592617,313
1738592620,288
1738592623,286
1738592626,289
1738592629,289
1738592632,291
1738592635,283
1738592638,286
1738592641,293
1738592644,286
1738592647,295
1738592650,300
1738592653,286
1738592656,300
1738592659,296
1738592662,292
1738592665,293
1738592668,299
1738592671,293
1738592675,293
1738592677,294
1738592681,297
1738592684,295
1738592687,290
1738592690,291
1738592693,293
1738592696,299
1738592699,290
1738592702,292
1738592705,296
1738592708,287
1738592711,279
1738592711,None
1738592717,285
1738592720,285
1738592723,281
1738592726,286
1738592729,281
1738592732,286
1738592735,279
1738592738,280
1738592741,419
1738592744,542
1738592747,533
1738592750,538
1738592754,543
1738592756,410
1738592760,284
1738592763,286
1738592763,None
1738592769,284
1738592771,286
1738592775,287
1738592778,279
1738592781,285
1738592784,287
1738592787,278
1738592790,284
1738592793,289
1738592796,280
1738592800,285
1738592803,291
1738592805,286
1738592808,285
1738592812,431
1738592814,447
1738592817,445
1738592821,440
1738592821,None
1738592827,447
1738592830,444
1738592833,437
1738592836,438
1738592839,434
1738592842,442
1738592845,450
1738592848,441
1738592851,441
1738592854,442
1738592858,435
1738592861,436
1738592863,441
1738592866,444
1738592869,441
1738592872,445
1738592876,437
1738592878,441
1738592882,328
1738592885,283
1738592888,298
1738592891,292
1738592894,290
1738592897,293
1738592900,292
1738592903,289
1738592906,291
1738592909,290
1738592912,296
1738592915,297
1738592918,289
1738592922,295
1738592924,284
1738592928,300
1738592930,293
1738592934,295
1738592934,None
1738592940,292
1738592942,290
1738592946,296
1738592949,293
1738592952,297
1738592955,297
1738592958,288
1738592961,302
1738592964,295
1738592967,293
1738592970,293
1738592973,296
1738592976,294
1738592979,299
1738592982,346
1738592985,550
1738592989,555
1738592991,559
1738592995,521
1738592997,296
1738593000,290
1738593004,290
1738593007,293
1738593010,296
1738593013,297
1738593016,291
1738593019,299
1738593022,289
1738593025,291
1738593029,300
1738593031,292
1738593034,288
1738593037,300
1738593040,291
1738593043,299
1738593047,293
1738593050,295
1738593053,296
1738593056,290
1738593059,298
1738593062,291
1738593065,299
1738593068,291
1738593071,293
1738593074,295
1738593077,297
1738593080,294
1738593083,289
1738593086,293
1738593089,290
1738593092,295
1738593092,None
1738593098,295
1738593102,290
1738593104,291
1738593108,295
1738593111,290
1738593114,299
1738593114,None
1738593120,296
1738593123,293
1738593126,291
1738593129,291
1738593133,299
1738593135,292
1738593138,283
1738593141,290
1738593145,284
1738593148,285
1738593151,291
1738593153,286
1738593157,288
1738593159,285
1738593163,287
1738593166,295
1738593169,290
1738593172,281
1738593175,286
1738593178,295
1738593181,289
1738593184,285
1738593187,286
1738593190,284
1738593193,284
1738593196,293
1738593199,284
1738593202,289
1738593205,294
1738593208,289
1738593212,287
1738593214,272
1738593218,291
1738593221,295
1738593223,288
1738593227,349
1738593230,545
1738593233,549
1738593236,545
1738593239,488
1738593242,282
1738593245,294
1738593248,285
1738593251,292
1738593254,282
1738593254,None
1738593260,291
1738593263,290
1738593266,292
1738593269,293
1738593273,295
1738593275,291
1738593278,296
1738593281,288
1738593285,298
1738593288,289
1738593291,296
1738593294,292
1738593296,299
1738593300,291
1738593303,297
1738593306,296
1738593309,296
1738593312,296
1738593315,295
1738593318,288
1738593321,285
1738593324,295
1738593327,288
1738593331,283
1738593333,281
1738593336,295
1738593339,288
1738593342,290
1738593345,301
1738593348,331
1738593351,333
1738593354,335
1738593358,331
1738593361,335
1738593364,328
1738593367,324
1738593370,331
1738593373,338
1738593376,335
1738593379,332
1738593382,330
1738593385,335
1738593388,828
1738593391,997
1738593394,998
1738593397,983
1738593401,1054
1738593403,1258
1738593406,1242
1738593409,1208
1738593412,1158
1738593415,942
1738593415,None
1738593422,934
1738593425,933
1738593427,925
1738593431,929
1738593434,919
1738593437,914
1738593437,None
1738593443,912
1738593446,909
1738593449,913
1738593452,906
1738593455,898
1738593458,901
1738593461,895
1738593464,891
1738593468,893
1738593470,898
1738593474,895
1738593477,894
1738593480,890
1738593483,893
1738593486,897
1738593489,891
1738593492,891
1738593495,890
1738593498,893
1738593501,888
1738593504,887
1738593507,893
1738593507,None
1738593513,882
1738593517,886
1738593519,881
1738593523,879
1738593525,881
1738593528,870
1738593531,874
1738593534,871
1738593534,None
1738593541,872
1738593544,868
1738593546,868
1738593549,871
1738593553,867
1738593556,865
1738593559,869
1738593562,864
1738593562,None
1738593568,856
1738593571,862
1738593571,None
1738593577,865
1738593580,861
1738593583,858
1738593586,851
1738593589,858
1738593592,864
1738593595,867
1738593598,863
1738593601,864
1738593605,865
1738593608,863
1738593611,874
1738593614,863
1738593617,868
1738593621,870
1738593623,872
1738593626,860
1738593629,899
1738593632,1132
1738593635,1129
1738593638,1112
1738593641,1128
1738593644,947
1738593647,867
1738593650,870
1738593653,868
1738593656,869
1738593660,868
1738593662,868
1738593665,476
1738593668,298
1738593672,300
1738593675,292
1738593678,298
1738593678,None
1738593683,298
1738593687,295
1738593687,None
1738593693,293
1738593696,294
1738593699,294
1738593702,296
1738593705,298
1738593708,296
1738593712,290
1738593714,293
1738593717,295
1738593720,284
1738593723,292
1738593726,299
1738593729,296
1738593732,287
1738593732,None
1738593732,None
1738593741,289
1738593741,None
1738593748,293
1738593751,292
1738593754,295
1738593757,290
1738593760,291
1738593763,295
1738593766,291
1738593769,296
1738593769,None
1738593775,287
1738593778,297
1738593781,289
1738593784,294
1738593787,295
1738593787,None
1738593794,294
1738593797,293
1738593799,300
1738593803,286
1738593806,297
1738593809,294
1738593812,285
1738593815,295
1738593818,295
1738593821,287
1738593824,286
1738593827,287
1738593830,292
1738593834,532
1738593836,547
1738593839,550
1738593842,542
1738593845,317
1738593848,290
1738593848,None
1738593855,292
1738593858,282
1738593861,295
1738593864,289
1738593867,287
1738593870,285
1738593873,292
1738593876,288
1738593879,284
1738593882,288
1738593885,294
1738593888,287
1738593891,296
1738593894,291
1738593897,304
1738593900,295
1738593900,None
1738593906,295
1738593910,298
1738593912,302
1738593916,301
1738593918,293
1738593922,301
1738593925,299
1738593928,301
1738593930,293
1738593934,301
1738593937,291
1738593940,303
1738593943,293
1738593943,None
1738593949,296
1738593952,298
1738593955,294
1738593958,293
1738593961,291
1738593964,287
1738593964,None
1738593964,None
1738593973,290
1738593973,None
1738593980,284
1738593982,293
1738593985,287
1738593989,288
1738593992,295
1738593992,None
1738593998,290
1738594001,293
1738594004,290
1738594007,291
1738594010,284
1738594013,291
1738594016,295
1738594019,286
1738594022,286
1738594025,295
1738594028,290
1738594031,287
1738594034,282
1738594037,296
1738594040,295
1738594043,291
1738594046,284
1738594049,290
1738594053,284
1738594053,None
1738594059,289
1738594062,287
1738594065,288
1738594068,290
1738594071,288
1738594074,279
1738594077,290
1738594080,297
1738594083,292
1738594087,284
1738594089,291
1738594092,314
1738594095,543
1738594098,546
1738594101,545
1738594104,449
1738594108,295
1738594110,281
1738594113,298
1738594117,290
1738594120,295
1738594123,287
1738594126,290
1738594129,289
1738594132,292
1738594135,293
1738594138,290
1738594141,299
1738594145,286
1738594147,294
1738594150,290
1738594154,290
1738594156,289
1738594159,286
1738594163,290
1738594165,282
1738594169,284
1738594172,286
1738594175,284
1738594178,284
1738594181,289
1738594184,291
1738594187,288
1738594190,291
1738594193,282
1738594196,290
1738594199,285
1738594202,290
1738594206,283
1738594209,291
1738594212,285
1738594215,287
1738594217,288
1738594220,290
1738594224,283
1738594227,294
1738594230,290
1738594233,282
1738594236,295
1738594239,287
1738594242,286
1738594245,285
1738594248,284
1738594251,287
1738594254,292
1738594257,284
1738594261,291
1738594264,284
1738594266,281
1738594270,277
1738594273,276
1738594276,498
1738594279,552
1738594282,546
1738594285,544
1738594288,338
1738594291,287
1738594294,284
1738594297,289
1738594300,287
1738594303,289
1738594306,287
1738594309,287
1738594312,295
1738594315,291
1738594318,280
1738594322,291
1738594324,281
1738594327,287
1738594330,288
1738594334,281
1738594336,285
1738594340,288
1738594342,287
1738594346,286
1738594349,282
1738594352,290
1738594355,288
1738594358,279
1738594361,290
1738594363,285
1738594367,290
1738594370,290
1738594373,286
1738594376,292
1738594379,284
1738594382,287
1738594385,287
1738594388,287
1738594391,291
1738594394,287
1738594398,288
1738594400,290
1738594404,290
1738594406,284
1738594410,287
1738594413,291
1738594416,278
1738594419,289
1738594423,288
1738594425,281
1738594428,293
1738594431,289
1738594434,285
1738594437,300
1738594440,299
1738594443,293
1738594446,293
1738594449,296
1738594452,294
1738594455,290
1738594458,293
1738594458,None
1738594464,291
1738594468,295
1738594471,296
1738594474,290
1738594476,302
1738594480,288
1738594482,295
1738594485,297
1738594489,393
1738594492,550
1738594495,552
1738594498,553
1738594501,392
1738594504,292
1738594507,297
1738594510,288
1738594513,296
1738594516,297
1738594519,284
1738594522,296
1738594525,293
1738594528,281
1738594531,282
1738594534,281
1738594537,274
1738594540,247
1738594544,233
1738594546,247
1738594549,237
1738594552,232
1738594552,None
1738594559,236
1738594562,239
1738594565,243
1738594568,241
1738594571,244
1738594574,235
1738594577,242
1738594581,241
1738594583,232
1738594587,246
1738594589,239
1738594592,241
1738594595,231
1738594599,242
1738594601,241
1738594604,243
1738594604,None
1738594611,243
1738594613,237
1738594613,None
1738594620,236
1738594623,231
1738594626,245
1738594629,239
1738594632,234
1738594635,243
1738594638,241
1738594641,243
1738594644,243
1738594647,232
1738594650,235
1738594653,243
1738594656,235
1738594659,243
1738594663,237
1738594663,None
1738594663,None
1738594671,237
1738594675,239
1738594678,245
1738594681,242
1738594684,242
1738594687,236
1738594690,248
1738594693,240
1738594696,238
1738594696,None
1738594702,502
1738594705,503
1738594705,None
1738594711,406
1738594714,241
1738594718,231
1738594718,None
1738594723,241
1738594723,None
1738594730,241
1738594733,245
1738594735,237
1738594739,236
1738594742,242
1738594745,242
1738594748,245
1738594751,237
1738594754,242
1738594757,244
1738594760,244
1738594763,234
1738594767,259
1738594769,250
1738594772,248
1738594775,249
1738594779,257
1738594781,241
1738594784,240
1738594788,247
1738594790,253
1738594794,251
1738594797,249
1738594800,248
